customer_id,tenure_months,monthly_value_eur,plan_tier,logins_last_90d,days_since_last_login,email_opens_last_180d,support_tickets_last_180d,payment_failures_last_365d,discount_active,nps_score,behavioural_events,true_p0,true_p1,true_tau,true_y0,true_y1,true_class,churn_risk_score,contacted,retained_180d,history_days,outcome_window_complete
HELIOS-000000,8.5,24.86,basic,9,50,1,2,0,1,3.0,46,0.8322965527329401,0.7918660780979981,-0.04043047463494198,1,1,lost_cause,0.1588,1,1,259,1
HELIOS-000001,31.2,19.61,basic,4,14,3,1,0,0,7.0,266,0.9428918157418235,0.9429522819345706,6.046619274713283e-05,1,1,sure_thing,0.0663,0,1,950,1
HELIOS-000002,28.1,19.13,basic,24,8,16,0,0,0,,533,0.99,0.99,0.0,1,1,sure_thing,0.0022,0,1,855,1
HELIOS-000003,10.3,138.13,enterprise,14,8,4,0,0,1,,100,0.9728237699549221,0.92749929255134,-0.04532447740358214,1,1,sure_thing,0.0669,0,1,314,1
HELIOS-000004,12.0,59.26,pro,1,5,5,1,1,0,,58,0.8353646977494666,0.99,0.15463530225053335,1,1,persuadable,0.888,1,1,365,1
HELIOS-000005,27.1,102.79,enterprise,6,34,3,0,0,0,6.0,171,0.9594363467547917,0.9052616455955304,-0.054174701159261374,1,1,sleeping_dog,0.1006,1,1,825,1
HELIOS-000006,20.1,16.5,basic,3,68,5,0,1,0,5.0,134,0.8352740165111608,0.8419813154509646,0.0067072989398037075,1,1,lost_cause,0.7489,1,1,612,1
HELIOS-000007,17.8,24.81,basic,22,11,9,2,0,0,10.0,384,0.9614630871498923,0.9857556546636702,0.024292567513777952,1,1,sure_thing,0.1926,1,1,542,1
HELIOS-000008,5.3,16.93,basic,15,3,8,1,0,0,10.0,100,0.9362705398122757,0.9411269851840155,0.004856445371739793,1,1,sure_thing,0.5045,1,1,161,1
HELIOS-000009,31.2,41.75,pro,3,273,0,0,0,0,7.0,203,0.813063222815998,0.5198577326779781,-0.2932054901380199,1,1,sleeping_dog,0.2634,0,1,950,1
HELIOS-000010,31.2,17.14,basic,9,55,4,1,1,0,,339,0.8425214048831599,0.9359576577959927,0.09343625291283286,1,1,persuadable,0.7288,1,1,950,1
HELIOS-000011,31.2,31.89,pro,7,23,6,0,0,0,,260,0.9656365558108432,0.946367953356864,-0.01926860245397921,1,1,sure_thing,0.6668,1,1,950,1
HELIOS-000012,4.1,33.21,pro,6,3,5,0,0,1,7.0,27,0.9174021051350431,0.8803446999695629,-0.03705740516548017,1,1,lost_cause,0.692,1,1,125,1
HELIOS-000013,28.1,13.8,basic,7,66,2,1,0,0,,225,0.933677037739682,0.8421553242617231,-0.0915217134779589,1,1,sleeping_dog,0.3106,0,1,855,1
HELIOS-000014,10.2,18.86,basic,0,21,3,0,0,0,,51,0.8421237491659758,0.797916249270184,-0.04420749989579176,0,0,lost_cause,0.2682,1,0,310,1
HELIOS-000015,31.2,22.66,basic,2,78,1,1,0,0,9.0,228,0.8742236588930309,0.7415045357369268,-0.13271912315610412,1,1,sleeping_dog,0.5806,1,1,950,1
HELIOS-000016,3.8,14.85,basic,12,27,7,0,0,0,8.0,52,0.955367130235452,0.9375433427462712,-0.017823787489180787,1,1,sure_thing,0.2954,0,1,116,1
HELIOS-000017,11.5,14.15,basic,36,8,9,0,0,0,,296,0.99,0.9855892612318446,-0.004410738768155342,1,1,sure_thing,0.5762,1,1,350,1
HELIOS-000018,31.2,93.08,enterprise,5,7,4,0,0,0,6.0,261,0.9748815845321385,0.9642240815179788,-0.010657503014159686,1,1,sure_thing,0.0735,0,1,950,1
HELIOS-000019,7.6,61.38,pro,5,30,2,2,1,0,7.0,43,0.7833555303087496,0.99,0.2066444696912504,1,1,persuadable,0.8766,1,1,231,1
HELIOS-000020,31.2,21.59,basic,9,8,6,0,0,0,,388,0.9592897481066462,0.9474791816915152,-0.011810566415131007,1,1,sure_thing,0.5378,1,1,950,1
HELIOS-000021,8.4,15.13,basic,4,71,5,0,0,0,,53,0.8942660137007261,0.7902212869614939,-0.10404472673923226,1,1,sleeping_dog,0.4958,1,1,256,1
HELIOS-000022,5.2,23.52,basic,6,46,4,0,0,0,,32,0.9002446160062472,0.8288641860993848,-0.07138042990686233,1,1,sleeping_dog,0.6294,1,1,158,1
HELIOS-000023,29.0,46.7,pro,20,24,10,0,0,0,,490,0.9894583474732415,0.9838856599225728,-0.005572687550668642,1,1,sure_thing,0.1605,0,1,883,0
HELIOS-000024,31.2,20.26,basic,14,13,5,0,0,0,,313,0.9548312902761895,0.9338414936066856,-0.020989796669503957,1,1,sure_thing,0.0155,0,1,950,1
HELIOS-000025,23.6,123.71,enterprise,5,28,1,1,0,0,,158,0.95170762333743,0.99,0.038292376662570016,1,1,sure_thing,0.3012,1,1,718,1
HELIOS-000026,16.1,19.6,basic,2,61,0,0,0,0,,34,0.8923647727190638,0.7010381249787276,-0.19132664774033614,1,0,sleeping_dog,0.6722,1,0,490,0
HELIOS-000027,31.2,19.16,basic,37,13,11,0,0,0,,764,0.99,0.99,0.0,1,1,sure_thing,0.0825,0,1,950,1
HELIOS-000028,20.2,54.47,pro,7,92,1,0,1,0,7.0,111,0.8768702782838725,0.7800210060320047,-0.09684927225186779,1,1,sleeping_dog,0.2442,1,1,615,0
HELIOS-000029,29.1,52.32,pro,8,9,2,0,0,0,9.0,211,0.9616173818981865,0.9208224281331249,-0.04079495376506159,1,1,sure_thing,0.5111,0,1,886,1
HELIOS-000030,19.4,63.12,pro,1,1,3,1,0,0,,73,0.8640893796433087,0.9030024023196966,0.038913022676387965,1,1,lost_cause,0.8986,1,1,591,1
HELIOS-000031,31.2,39.7,pro,6,40,5,1,1,0,7.0,268,0.8255824732927205,0.9781358653145867,0.15255339202186624,1,1,persuadable,0.834,1,1,950,1
HELIOS-000032,28.4,42.83,pro,10,108,0,0,0,0,,199,0.9486389860405167,0.6826537239125525,-0.26598526212796414,1,1,sleeping_dog,0.3917,0,1,864,1
HELIOS-000033,31.2,20.92,basic,7,86,5,2,1,0,,285,0.7726203642678526,0.99,0.21737963573214736,1,1,persuadable,0.8877,1,1,950,1
HELIOS-000034,19.0,16.43,basic,26,0,18,0,0,0,,499,0.99,0.99,0.0,1,1,sure_thing,0.1092,0,1,578,1
HELIOS-000035,31.2,25.02,basic,10,8,3,0,0,0,10.0,300,0.9741939702623775,0.9425947862285587,-0.031599184033818783,1,1,sure_thing,0.2738,0,1,950,1
HELIOS-000036,8.7,21.37,basic,2,79,2,2,0,0,7.0,35,0.7714819258016118,0.7832884758945277,0.011806550092915868,1,1,lost_cause,0.7145,0,1,265,1
HELIOS-000037,31.2,44.08,pro,17,6,6,0,1,0,,483,0.9765753613791824,0.99,0.013424638620817553,1,1,sure_thing,0.2637,0,1,950,1
HELIOS-000038,12.6,21.02,basic,0,42,0,2,1,1,4.0,37,0.57415282986306,0.7934804614606128,0.21932763159755275,1,1,persuadable,0.9857,1,1,384,1
HELIOS-000039,26.1,86.26,pro,19,17,12,0,0,0,8.0,412,0.99,0.99,0.0,1,1,sure_thing,0.0052,0,1,794,1
HELIOS-000040,5.7,14.5,basic,1,219,2,0,0,0,5.0,26,0.7564355150500942,0.46271131047764585,-0.29372420457244836,1,1,sleeping_dog,0.7948,0,1,174,1
HELIOS-000041,11.6,15.97,basic,11,17,3,0,0,0,6.0,134,0.9350479925572243,0.8926862540846443,-0.04236173847257996,1,1,sure_thing,0.0012,1,1,353,1
HELIOS-000042,31.2,17.2,basic,9,11,2,2,1,0,,287,0.8979312859902729,0.99,0.09206871400972705,1,1,persuadable,0.5978,1,1,950,1
HELIOS-000043,31.2,22.0,basic,7,6,6,1,0,0,,332,0.9406671254538433,0.9508957893574106,0.010228663903567248,1,1,sure_thing,0.8588,0,1,950,1
HELIOS-000044,4.1,17.36,basic,4,33,1,0,0,0,8.0,47,0.8694760784920128,0.7670913483972968,-0.10238473009471605,1,1,sleeping_dog,0.904,1,1,125,1
HELIOS-000045,18.1,23.91,basic,9,0,9,0,0,0,,272,0.9677466525697098,0.9660726959103528,-0.00167395665935699,1,1,sure_thing,0.2789,1,1,551,1
HELIOS-000046,9.7,12.19,basic,2,63,1,1,0,0,,44,0.8194056363125303,0.7193637801653507,-0.10004185614717953,1,1,sleeping_dog,0.7729,0,1,295,1
HELIOS-000047,31.2,63.35,pro,25,1,10,2,0,0,,832,0.9759208043518685,0.99,0.014079195648131537,1,1,sure_thing,0.8722,1,1,950,1
HELIOS-000048,27.7,40.48,pro,21,8,7,0,0,0,,307,0.9759167339019228,0.9665408025878234,-0.009375931314099417,1,1,sure_thing,0.074,0,1,843,1
HELIOS-000049,31.2,45.33,pro,7,40,8,0,0,0,,284,0.9715039058489731,0.9545391001742067,-0.016964805674766326,1,1,sure_thing,0.4942,1,1,950,1
HELIOS-000050,21.4,20.44,basic,11,11,5,1,0,0,,328,0.9394852865540987,0.9411276153495701,0.0016423287954714372,1,1,sure_thing,0.7931,0,1,651,1
HELIOS-000051,26.2,47.95,pro,6,15,1,2,1,0,6.0,137,0.8359344850795964,0.99,0.15406551492040355,1,1,persuadable,0.8017,1,1,798,1
HELIOS-000052,31.2,29.56,basic,21,16,14,0,0,1,8.0,654,0.99,0.9877664500052606,-0.002233549994739348,1,1,sure_thing,0.8266,1,1,950,1
HELIOS-000053,31.2,77.47,pro,7,80,6,0,0,0,10.0,257,0.9582928671089481,0.8606282954903242,-0.09766457161862396,1,0,sleeping_dog,0.398,0,1,950,0
HELIOS-000054,31.2,12.38,basic,14,3,5,1,0,1,10.0,330,0.9583440093047526,0.9459364365442093,-0.012407572760543273,1,1,sure_thing,0.1871,0,1,950,1
HELIOS-000055,27.1,138.69,enterprise,5,45,1,2,0,1,,288,0.908113981404452,0.99,0.081886018595548,0,0,persuadable,0.5451,1,0,825,1
HELIOS-000056,15.4,15.07,basic,16,3,9,2,0,1,2.0,224,0.9285773924973564,0.959720844060879,0.031143451563522606,1,1,sure_thing,0.6589,1,1,469,0
HELIOS-000057,16.4,39.8,pro,19,0,10,1,0,1,8.0,313,0.9753662552852517,0.9800578145581211,0.004691559272869461,1,1,sure_thing,0.2422,1,1,499,1
HELIOS-000058,31.2,17.09,basic,9,26,4,1,0,0,8.0,404,0.9460685480149146,0.937291603069361,-0.008776944945553589,1,1,sure_thing,0.5948,0,1,950,1
HELIOS-000059,16.0,22.29,basic,25,2,11,1,0,0,,327,0.9860371545445612,0.9887474446766545,0.0027102901320933404,1,1,sure_thing,0.2583,0,1,487,1
HELIOS-000060,14.6,16.36,basic,19,6,6,0,0,0,,218,0.9768536483167084,0.9642530960038768,-0.012600552312831637,1,1,sure_thing,0.7795,1,1,444,1
HELIOS-000061,8.0,33.38,pro,18,5,6,0,1,0,6.0,121,0.9607229205078058,0.9767715559192909,0.016048635411485046,1,1,sure_thing,0.0466,0,1,244,1
HELIOS-000062,3.4,39.03,pro,1,53,4,0,0,1,,23,0.8657706240563318,0.7131309946031129,-0.15263962945321885,1,1,sleeping_dog,0.7998,1,1,103,0
HELIOS-000063,31.2,19.69,basic,7,25,5,0,0,0,,264,0.9611671596069824,0.9316445501793333,-0.02952260942764906,1,1,sure_thing,0.2229,0,1,950,1
HELIOS-000064,6.9,18.52,basic,8,17,6,1,0,0,7.0,84,0.9333483166015392,0.9386661527601485,0.005317836158609368,1,1,sure_thing,0.4682,0,1,210,1
HELIOS-000065,26.5,37.64,pro,9,17,4,0,0,0,,322,0.9516864834537583,0.9214570435059938,-0.030229439947764503,1,1,sure_thing,0.6411,1,1,807,1
HELIOS-000066,14.7,52.49,pro,2,259,3,2,1,1,3.0,66,0.2786789505886283,0.2564963391937938,-0.022182611394834517,1,1,lost_cause,0.9974,1,1,447,1
HELIOS-000067,9.6,19.79,basic,5,15,5,1,0,0,,143,0.8899885012386293,0.8971443012044027,0.007155799965773424,1,1,lost_cause,0.4602,1,1,292,0
HELIOS-000068,31.2,17.49,basic,5,21,5,0,1,0,,328,0.9403315685263813,0.9715837204269431,0.03125215190056174,1,1,sure_thing,0.4222,0,1,950,1
HELIOS-000069,31.2,44.05,pro,9,6,2,0,0,0,,262,0.9619909031139797,0.9238073256330052,-0.03818357748097456,1,1,sure_thing,0.4012,0,1,950,1
HELIOS-000070,26.0,44.4,pro,9,17,3,0,0,0,,238,0.9654912974408151,0.9252883380651752,-0.04020295937563989,1,1,sure_thing,0.4263,1,1,791,1
HELIOS-000071,31.2,75.95,pro,6,74,3,0,0,1,,227,0.9544367905641881,0.7370554802618773,-0.21738131030231078,1,1,sleeping_dog,0.1778,1,1,950,1
HELIOS-000072,20.9,17.57,basic,11,26,5,0,0,0,9.0,219,0.969531875363687,0.938053765907892,-0.03147810945579499,1,1,sure_thing,0.8885,1,1,636,1
HELIOS-000073,31.2,34.46,basic,7,5,1,0,1,0,,238,0.9265634332817005,0.9547508425543705,0.02818740927266994,1,1,sure_thing,0.7832,1,1,950,1
HELIOS-000074,17.9,41.44,pro,7,12,5,0,0,1,,157,0.9544610200560112,0.9058992749486094,-0.048561745107401744,1,1,sure_thing,0.5331,0,1,545,1
HELIOS-000075,8.8,143.81,enterprise,6,115,7,1,0,1,6.0,82,0.8926800343502553,0.825990773545198,-0.06668926080505733,1,1,sleeping_dog,0.1835,0,1,268,1
HELIOS-000076,31.2,22.25,basic,10,14,3,2,1,1,,370,0.8355989378430546,0.99,0.15440106215694538,1,1,persuadable,0.9614,1,1,950,1
HELIOS-000077,16.1,24.52,basic,0,277,2,2,0,0,,57,0.40246127685466343,0.21329601426918843,-0.189165262585475,1,0,sleeping_dog,0.9785,1,0,490,1
HELIOS-000078,23.3,41.83,pro,7,80,8,0,0,0,,265,0.9584820296977692,0.8942625298293513,-0.0642194998684179,1,1,sleeping_dog,0.8022,1,1,709,1
HELIOS-000079,26.6,49.2,pro,11,1,8,0,0,0,8.0,346,0.9781558974873377,0.9757184002382184,-0.002437497249119236,1,1,sure_thing,0.3908,0,1,810,1
HELIOS-000080,31.2,39.13,pro,9,27,7,0,0,0,,256,0.9744870288864012,0.9586273062845355,-0.015859722601865633,1,1,sure_thing,0.4225,0,1,950,1
HELIOS-000081,14.5,43.36,pro,13,9,4,0,0,0,,152,0.9664232989678487,0.9426511168671661,-0.02377218210068266,1,1,sure_thing,0.1568,1,1,441,1
HELIOS-000082,28.8,16.99,basic,4,18,5,1,1,0,,293,0.7938191789028363,0.9304334380159608,0.13661425911312453,1,1,persuadable,0.9811,1,1,877,1
HELIOS-000083,25.7,137.89,enterprise,2,51,2,0,0,0,,93,0.9536008433752686,0.8669046876536788,-0.08669615572158984,1,1,sleeping_dog,0.6851,0,1,782,1
HELIOS-000084,23.3,58.06,pro,7,4,2,0,0,0,3.0,114,0.9581389665548141,0.9245665451471996,-0.03357242140761452,1,1,sure_thing,0.5974,1,1,709,1
HELIOS-000085,9.9,40.68,pro,6,4,5,2,0,0,,62,0.8155282754452415,0.9086773249099109,0.0931490494646694,1,1,persuadable,0.0909,0,1,301,1
HELIOS-000086,27.1,51.7,pro,7,32,2,2,0,0,,372,0.863580281852011,0.946650860169078,0.08307057831706699,0,1,persuadable,0.7652,1,1,825,1
HELIOS-000087,31.2,17.85,basic,27,3,12,0,0,0,,750,0.99,0.99,0.0,1,1,sure_thing,0.1486,0,1,950,1
HELIOS-000088,31.2,50.76,pro,2,36,2,1,0,0,,151,0.9005174314832622,0.8900132124323177,-0.010504219050944563,1,1,lost_cause,0.6585,1,1,950,1
HELIOS-000089,10.8,58.24,pro,1,11,0,2,0,0,3.0,29,0.7610490955104005,0.8909178376686618,0.12986874215826139,0,1,persuadable,0.8955,1,1,329,1
HELIOS-000090,15.7,21.91,basic,11,4,5,0,0,0,,162,0.9498352859468591,0.9349580311841397,-0.014877254762719394,1,1,sure_thing,0.7317,1,1,478,1
HELIOS-000091,21.2,48.94,pro,7,29,2,1,0,0,,116,0.8607461640462024,0.8460740473176891,-0.014672116728513318,1,1,lost_cause,0.1702,0,1,645,1
HELIOS-000092,31.2,17.42,basic,7,17,4,0,0,0,,281,0.9612775609175578,0.9303120816616053,-0.0309654792559525,0,0,sure_thing,0.2526,0,0,950,1
HELIOS-000093,22.7,116.32,enterprise,0,2,0,2,1,0,,76,0.72478783302635,0.99,0.26521216697365,1,1,persuadable,0.8423,1,1,691,1
HELIOS-000094,31.2,63.3,pro,11,1,5,0,0,0,,551,0.9808705699579345,0.9703477581778496,-0.010522811780084962,1,1,sure_thing,0.2377,0,1,950,1
HELIOS-000095,6.1,20.85,basic,17,10,8,1,0,0,,54,0.9607438725626877,0.964108959057459,0.0033650864947712966,1,1,sure_thing,0.1169,0,1,186,1
HELIOS-000096,14.3,21.67,basic,9,13,4,1,2,0,,127,0.7374209906917177,0.99,0.25257900930828225,0,1,persuadable,0.2148,1,1,435,1
HELIOS-000097,21.4,56.19,pro,7,45,5,1,1,1,,188,0.8816285059244663,0.99,0.1083714940755337,0,1,persuadable,0.9608,1,1,651,1
HELIOS-000098,31.2,16.11,basic,4,27,3,0,0,0,7.0,256,0.9483324305444222,0.8935866579530165,-0.05474577259140567,1,1,sleeping_dog,0.9222,1,1,950,0
HELIOS-000099,4.2,20.43,basic,7,1,3,0,0,0,6.0,67,0.8397466891377227,0.8150639356124255,-0.02468275352529714,1,1,lost_cause,0.7831,1,1,128,1
HELIOS-000100,31.2,158.15,enterprise,6,97,6,0,0,1,,245,0.9680918544379568,0.7922662741665581,-0.1758255802713986,1,1,sleeping_dog,0.4849,1,1,950,1
HELIOS-000101,11.6,49.3,pro,15,9,4,0,0,1,7.0,112,0.9571908078262087,0.8969059482249745,-0.0602848596012342,1,1,sleeping_dog,0.0662,1,1,353,1
HELIOS-000102,31.2,88.56,enterprise,6,3,8,0,1,1,,297,0.9401989407295017,0.99,0.04980105927049827,1,1,sure_thing,0.2418,0,1,950,1
HELIOS-000103,31.2,50.31,pro,26,4,12,0,0,0,8.0,697,0.99,0.99,0.0,1,1,sure_thing,0.1652,1,1,950,1
HELIOS-000104,31.2,21.47,basic,10,13,9,0,0,0,,412,0.9824239097676177,0.9779885845895524,-0.00443532517806533,1,1,sure_thing,0.1098,0,1,950,1
HELIOS-000105,22.2,26.35,basic,13,1,7,0,0,0,,289,0.9681827727017195,0.9617005381473611,-0.006482234554358368,1,1,sure_thing,0.106,0,1,676,1
HELIOS-000106,16.8,28.82,basic,20,7,8,0,1,0,10.0,239,0.9516408215056834,0.9651453617839078,0.013504540278224342,1,1,sure_thing,0.8018,0,1,511,1
HELIOS-000107,31.2,68.53,pro,10,24,12,2,0,0,,422,0.9458755916140599,0.99,0.04412440838594012,1,1,sure_thing,0.4965,1,1,950,1
HELIOS-000108,31.2,17.18,basic,4,19,8,1,1,0,,308,0.9195796999787498,0.99,0.07042030002125022,1,1,persuadable,0.4651,1,1,950,1
HELIOS-000109,5.1,46.36,pro,2,29,0,1,0,1,3.0,15,0.768539285652095,0.6715727904799695,-0.09696649517212541,1,1,sleeping_dog,0.3231,0,1,155,1
HELIOS-000110,22.2,13.1,basic,7,37,3,1,0,0,,160,0.8879316089255334,0.862201414541848,-0.0257301943836854,1,1,lost_cause,0.3326,1,1,676,1
HELIOS-000111,31.2,142.37,enterprise,0,92,2,1,2,0,5.0,67,0.7083161689125325,0.9761289376540655,0.26781276874153304,0,1,persuadable,0.9465,1,1,950,1
HELIOS-000112,10.6,16.91,basic,6,20,2,0,1,0,8.0,131,0.8471043847445724,0.862813362901867,0.015708978157294662,1,1,lost_cause,0.5882,1,1,323,1
HELIOS-000113,25.1,15.21,basic,4,3,1,0,0,0,8.0,162,0.9271554029205163,0.8802129258159932,-0.04694247710452315,1,1,sure_thing,0.1642,0,1,764,1
HELIOS-000114,9.8,24.74,basic,9,24,4,0,0,0,,86,0.9480615247570306,0.9093824403761135,-0.03867908438091716,1,1,sure_thing,0.8012,1,1,298,1
HELIOS-000115,29.1,55.41,pro,3,72,1,0,0,0,,112,0.9321445349554139,0.7409098164459879,-0.19123471850942608,1,1,sleeping_dog,0.0802,0,1,886,1
HELIOS-000116,31.2,21.29,basic,10,5,8,0,0,0,8.0,343,0.9837964064822706,0.9790437369405943,-0.004752669541676302,1,1,sure_thing,0.298,0,1,950,1
HELIOS-000117,31.2,37.51,pro,11,47,4,0,0,0,9.0,286,0.9431892413505337,0.8694261132695845,-0.0737631280809492,1,1,sleeping_dog,0.0418,0,1,950,1
HELIOS-000118,4.7,17.32,basic,8,58,5,1,1,0,,31,0.7532315488608996,0.855843992889119,0.10261244402821945,1,1,persuadable,0.5428,1,1,143,1
HELIOS-000119,31.2,65.86,pro,17,11,4,1,2,0,,366,0.8963886723545299,0.99,0.09361132764547009,0,1,persuadable,0.4926,0,0,950,1
HELIOS-000120,12.4,17.57,basic,12,13,6,1,0,1,,137,0.9471325581755193,0.9366371244237528,-0.010495433751766536,1,1,sure_thing,0.8749,1,1,377,1
HELIOS-000121,7.1,20.04,basic,3,17,3,1,1,0,8.0,43,0.7214156131455802,0.8655909735712108,0.14417536042563062,1,1,persuadable,0.2689,0,1,216,1
HELIOS-000122,31.2,42.6,pro,22,1,5,1,0,0,9.0,384,0.9849293022189947,0.9849071231971592,-2.217902183543341e-05,1,1,sure_thing,0.0205,0,1,950,1
HELIOS-000123,21.3,14.81,basic,5,42,6,1,1,0,,200,0.8564431343567294,0.9814487705154671,0.12500563615873772,1,1,persuadable,0.2966,0,1,648,1
HELIOS-000124,17.2,19.62,basic,23,3,7,1,0,0,9.0,366,0.9555669595523991,0.9556871772638714,0.00012021771147230353,1,1,sure_thing,0.3434,1,1,524,1
HELIOS-000125,7.1,18.19,basic,6,67,4,0,1,1,8.0,57,0.8554601670455448,0.7885805404738797,-0.06687962657166513,0,0,sleeping_dog,0.8442,0,0,216,1
HELIOS-000126,9.1,15.08,basic,40,6,22,1,0,0,,248,0.99,0.99,0.0,1,1,sure_thing,0.0966,0,1,277,1
HELIOS-000127,11.0,16.25,basic,10,23,4,0,0,1,,150,0.9459585890684613,0.8589775967463249,-0.08698099232213641,1,1,sleeping_dog,0.4748,1,1,335,1
HELIOS-000128,31.2,31.64,pro,1,51,0,0,1,0,,134,0.8682957940228465,0.8488242723771132,-0.019471521645733292,1,1,lost_cause,0.3395,1,1,950,1
HELIOS-000129,13.4,20.69,basic,17,9,6,0,0,1,,207,0.9635646323024064,0.9272776921392116,-0.03628694016319478,1,1,sure_thing,0.4677,0,1,408,1
HELIOS-000130,12.6,126.54,enterprise,11,2,3,1,0,0,,133,0.9400944089616039,0.99,0.04990559103839609,1,1,sure_thing,0.4112,1,1,384,1
HELIOS-000131,5.1,15.34,basic,2,105,1,2,0,0,,19,0.4880677892784551,0.4100952893797517,-0.07797249989870342,1,0,sleeping_dog,0.9018,1,0,155,1
HELIOS-000132,31.2,56.26,pro,28,4,7,3,0,1,,528,0.9727159527652851,0.99,0.017284047234714883,1,1,sure_thing,0.4555,1,1,950,1
HELIOS-000133,15.8,26.09,basic,0,199,4,1,1,0,7.0,82,0.5706297129061914,0.4856696047937467,-0.08496010811244464,1,1,sleeping_dog,0.9675,1,1,481,1
HELIOS-000134,31.2,18.55,basic,5,135,1,1,0,0,,156,0.8929226100009069,0.6473854332573079,-0.24553717674359898,0,0,sleeping_dog,0.3148,0,0,950,1
HELIOS-000135,31.2,17.11,basic,8,1,1,0,0,1,,251,0.9580951938328958,0.858629096446662,-0.0994660973862338,1,1,sleeping_dog,0.8805,0,1,950,1
HELIOS-000136,17.9,18.92,basic,19,13,12,1,0,0,,279,0.9713093379725085,0.9760367688552978,0.004727430882789263,1,1,sure_thing,0.6515,1,1,545,1
HELIOS-000137,31.2,27.4,basic,6,2,7,2,1,0,6.0,276,0.8712055124052313,0.99,0.11879448759476874,1,1,persuadable,0.4988,1,1,950,1
HELIOS-000138,31.2,54.05,pro,6,44,1,0,1,1,,249,0.935498475544746,0.8860277585852678,-0.049470716959478134,1,1,sure_thing,0.6542,0,1,950,0
HELIOS-000139,15.5,55.7,pro,10,1,7,0,0,1,,158,0.9644497375995668,0.9468564857423672,-0.01759325185719951,1,1,sure_thing,0.0177,1,1,472,1
HELIOS-000140,31.2,21.03,basic,0,22,2,1,0,0,,152,0.8869538537951049,0.8810979171570908,-0.005855936638014092,1,1,lost_cause,0.4458,0,1,950,1
HELIOS-000141,5.8,18.13,basic,44,1,16,0,0,0,10.0,163,0.99,0.99,0.0,1,1,sure_thing,0.4151,1,1,177,1
HELIOS-000142,13.6,61.28,pro,6,52,1,0,0,1,9.0,77,0.9082190019519003,0.6947437868694993,-0.21347521508240097,1,0,sleeping_dog,0.806,1,0,414,1
HELIOS-000143,31.2,16.06,basic,19,0,8,0,1,1,,469,0.9717275133594102,0.9803200618347515,0.0085925484753413,0,1,sure_thing,0.5532,1,1,950,1
HELIOS-000144,31.2,18.04,basic,25,1,17,1,0,0,,833,0.99,0.99,0.0,1,1,sure_thing,0.0885,0,1,950,1
HELIOS-000145,16.1,39.82,pro,1,93,1,0,1,0,4.0,67,0.6894631031284291,0.6017372560731682,-0.08772584705526087,1,1,sleeping_dog,0.9025,1,1,490,0
HELIOS-000146,15.7,164.89,enterprise,1,234,1,0,0,0,7.0,83,0.8790075301298005,0.645193782748879,-0.23381374738092153,1,1,sleeping_dog,0.3754,1,1,478,1
HELIOS-000147,31.2,16.45,basic,21,2,4,0,0,0,,469,0.980164072480679,0.9594455486755934,-0.020718523805085653,1,1,sure_thing,0.426,0,1,950,1
HELIOS-000148,28.6,20.23,basic,5,50,0,2,1,0,,94,0.7226420534600284,0.9460851731284459,0.22344311966841746,1,1,persuadable,0.9215,0,1,871,1
HELIOS-000149,21.2,41.44,pro,6,3,4,0,0,0,10.0,188,0.9592521951589736,0.9420997073209728,-0.01715248783800083,1,1,sure_thing,0.1105,1,1,645,1
HELIOS-000150,22.9,41.34,pro,30,5,6,0,0,0,8.0,436,0.9899128332910234,0.9773475893952814,-0.012565243895741984,1,1,sure_thing,0.2094,0,1,697,1
HELIOS-000151,31.2,13.82,basic,28,4,14,0,0,0,,682,0.99,0.99,0.0,1,1,sure_thing,0.6145,1,1,950,1
HELIOS-000152,31.2,114.81,enterprise,10,13,4,0,1,0,5.0,295,0.9770939225773737,0.99,0.012906077422626283,1,1,sure_thing,0.0095,0,1,950,1
HELIOS-000153,8.7,170.87,enterprise,39,14,11,0,0,1,,291,0.99,0.9897096941013852,-0.0002903058986147844,1,1,sure_thing,0.5808,1,1,265,1
HELIOS-000154,8.9,51.58,pro,24,5,6,0,0,0,10.0,219,0.9818444164314675,0.9699927062504832,-0.011851710180984298,1,1,sure_thing,0.5466,0,1,271,1
HELIOS-000155,21.2,61.84,pro,14,38,11,0,0,0,,233,0.9669121767586161,0.9622801969918572,-0.004631979766758887,1,1,sure_thing,0.3583,1,1,645,1
HELIOS-000156,14.5,15.44,basic,8,1,3,3,0,1,,73,0.7729688935646457,0.9355244189029028,0.16255552533825712,1,1,persuadable,0.4295,1,1,441,1
HELIOS-000157,12.3,18.2,basic,21,2,4,0,0,1,8.0,207,0.9821776469579127,0.9307706990945667,-0.051406947863345986,1,1,sleeping_dog,0.1503,0,1,374,1
HELIOS-000158,9.4,47.74,pro,6,1,2,0,1,0,,61,0.8358883662297146,0.8850053039087892,0.049116937679074546,1,1,lost_cause,0.9211,0,1,286,1
HELIOS-000159,26.0,22.04,basic,14,6,4,0,0,0,,285,0.9562947196223693,0.933684540567374,-0.022610179054995294,1,1,sure_thing,0.0777,1,1,791,1
HELIOS-000160,14.7,117.16,enterprise,2,26,4,1,1,0,3.0,96,0.8398779115221399,0.99,0.15012208847786013,1,1,persuadable,0.754,0,1,447,1
HELIOS-000161,31.2,19.2,basic,5,100,3,0,2,0,,139,0.7796119099161499,0.9244105234411273,0.14479861352497736,1,1,persuadable,0.8054,1,1,950,1
HELIOS-000162,20.6,15.9,basic,10,14,6,0,0,0,,247,0.9612747828403531,0.9459627812389102,-0.01531200160144286,1,1,sure_thing,0.7806,1,1,627,1
HELIOS-000163,11.4,13.72,basic,16,3,8,1,1,0,,153,0.9192572009957586,0.9886034184188939,0.06934621742313529,0,1,persuadable,0.0266,0,0,347,0
HELIOS-000164,31.2,18.37,basic,4,3,3,2,1,1,,264,0.7919121075205413,0.99,0.19808789247945868,0,1,persuadable,0.876,1,1,950,1
HELIOS-000165,24.4,19.48,basic,35,0,15,0,0,0,,834,0.99,0.99,0.0,1,1,sure_thing,0.1008,0,1,743,1
HELIOS-000166,12.9,52.31,pro,3,39,2,0,1,0,4.0,71,0.8169174118102874,0.8577966876127211,0.04087927580243367,1,1,lost_cause,0.2885,1,1,393,1
HELIOS-000167,31.2,60.18,pro,7,0,3,0,2,0,,214,0.8958704977737316,0.99,0.09412950222626837,1,1,persuadable,0.4572,0,1,950,1
HELIOS-000168,13.0,22.33,basic,7,21,4,0,0,0,,131,0.9152383022755307,0.880367091952637,-0.03487121032289375,1,0,lost_cause,0.8357,1,0,396,1
HELIOS-000169,31.2,54.66,pro,14,6,6,1,0,0,,387,0.9701054819818258,0.9809990887933601,0.010893606811534284,1,1,sure_thing,0.4212,0,1,950,1
HELIOS-000170,18.5,23.1,basic,5,21,3,2,0,0,,219,0.8968646671289009,0.9661933780189722,0.06932871089007131,1,1,persuadable,0.3277,1,1,563,0
HELIOS-000171,31.2,57.45,pro,13,26,6,0,0,1,,272,0.9839126100712803,0.9274152638899735,-0.05649734618130675,1,1,sleeping_dog,0.0431,0,1,950,1
HELIOS-000172,28.9,14.23,basic,15,20,9,0,0,0,,520,0.9801396795777577,0.9728489414231514,-0.0072907381546063466,1,1,sure_thing,0.0817,0,1,880,1
HELIOS-000173,4.1,19.51,basic,36,26,10,0,0,0,9.0,66,0.9899963639397465,0.9824048021831757,-0.00759156175657083,1,1,sure_thing,0.9069,1,1,125,1
HELIOS-000174,25.4,13.79,basic,6,110,3,1,0,0,5.0,146,0.8679132282307471,0.6938240551762715,-0.17408917305447558,1,1,sleeping_dog,0.9457,1,1,773,1
HELIOS-000175,31.2,37.07,pro,9,3,5,1,0,0,,232,0.9464779240319686,0.9572630553521125,0.010785131320143915,1,1,sure_thing,0.8934,1,1,950,1
HELIOS-000176,31.2,46.42,pro,7,6,3,0,0,0,,270,0.9474620172027521,0.9203251360844896,-0.027136881118262512,1,1,sure_thing,0.3978,0,1,950,1
HELIOS-000177,28.5,15.66,basic,6,2,3,0,1,0,,254,0.9158596167912882,0.9432598851370657,0.027400268345777468,1,1,lost_cause,0.5668,1,1,868,1
HELIOS-000178,9.1,17.62,basic,2,89,1,1,0,0,,41,0.7735464584901085,0.6120336723143316,-0.1615127861757769,1,1,sleeping_dog,0.9685,1,1,277,1
HELIOS-000179,31.2,46.49,pro,5,3,3,2,0,0,,320,0.9106775159605512,0.99,0.07932248403944875,1,1,persuadable,0.8332,1,1,950,1
HELIOS-000180,7.7,34.74,pro,10,1,9,0,0,0,8.0,102,0.9678034640899432,0.9663560824096985,-0.0014473816802447192,1,1,sure_thing,0.3322,0,1,234,1
HELIOS-000181,13.1,89.52,enterprise,16,10,4,0,1,0,,160,0.9638412505957809,0.99,0.02615874940421914,1,1,sure_thing,0.7808,1,1,399,1
HELIOS-000182,17.8,17.07,basic,4,123,3,1,0,0,,152,0.8357332549268082,0.637363127933593,-0.1983701269932152,1,1,sleeping_dog,0.2485,0,1,542,1
HELIOS-000183,16.8,45.42,pro,9,62,1,0,0,1,,152,0.9270803795801263,0.6927588426917084,-0.23432153688841795,1,1,sleeping_dog,0.566,1,1,511,1
HELIOS-000184,14.3,64.91,pro,2,48,1,1,0,0,,73,0.868390308023954,0.8314556400853117,-0.03693466793864231,1,1,lost_cause,0.5678,1,1,435,1
HELIOS-000185,19.8,14.63,basic,12,10,4,0,0,0,9.0,249,0.9496544032754134,0.9239450718705786,-0.02570933140483478,1,1,sure_thing,0.1958,0,1,603,1
HELIOS-000186,13.4,17.83,basic,7,55,8,0,0,1,6.0,132,0.9450825676686687,0.8695194808171431,-0.07556308685152557,1,1,sleeping_dog,0.7403,1,1,408,1
HELIOS-000187,8.7,53.09,pro,11,37,6,0,0,1,,103,0.9580200838185841,0.8823848392913392,-0.0756352445272449,1,1,sleeping_dog,0.0928,0,1,265,1
HELIOS-000188,24.6,125.75,enterprise,10,54,5,2,1,0,,225,0.797021885515082,0.99,0.19297811448491797,1,1,persuadable,0.6706,1,1,749,1
HELIOS-000189,16.2,29.3,basic,19,36,8,0,0,0,7.0,228,0.9708090640813211,0.9526863251170692,-0.018122738964251872,1,1,sure_thing,0.0105,0,1,493,1
HELIOS-000190,8.3,16.96,basic,10,8,3,0,0,0,,89,0.9207328083865283,0.8887463342090166,-0.03198647417751166,1,1,sure_thing,0.8928,1,1,253,1
HELIOS-000191,19.9,21.41,basic,3,26,2,0,0,0,,149,0.882593037371438,0.8145073396706577,-0.06808569770078032,1,1,sleeping_dog,0.7689,1,1,606,1
HELIOS-000192,31.2,49.14,pro,12,7,6,0,0,0,,357,0.9822769744884675,0.9717955038594798,-0.010481470628987744,1,1,sure_thing,0.2735,0,1,950,1
HELIOS-000193,27.6,25.21,basic,3,6,5,1,0,0,,171,0.923937347060904,0.9392744598965445,0.015337112835640432,1,1,sure_thing,0.8262,1,1,840,1
HELIOS-000194,13.7,18.4,basic,7,14,3,0,0,0,,100,0.9379882634306937,0.9002269831730008,-0.037761280257692986,0,0,sure_thing,0.3742,0,0,417,1
HELIOS-000195,31.2,98.09,enterprise,2,76,2,0,1,1,,191,0.8411611149523114,0.8134950244783303,-0.027666090473981053,1,1,lost_cause,0.8029,1,1,950,1
HELIOS-000196,31.2,34.55,pro,4,29,4,0,1,0,7.0,169,0.9166917252984963,0.9576845217359742,0.040992796437477885,1,1,lost_cause,0.5125,1,1,950,1
HELIOS-000197,8.7,155.26,enterprise,11,2,2,0,0,1,6.0,120,0.9816845385063606,0.9247691822538849,-0.05691535625247568,1,1,sleeping_dog,0.3922,0,1,265,1
HELIOS-000198,31.2,46.37,pro,7,73,4,1,0,0,,198,0.9338280992328483,0.8783133876095203,-0.055514711623327995,1,1,sleeping_dog,0.7431,1,1,950,1
HELIOS-000199,28.3,14.17,basic,6,62,2,0,0,0,,232,0.9306206483451873,0.7799522159920391,-0.1506684323531482,1,1,sleeping_dog,0.1397,0,1,861,1
HELIOS-000200,31.2,37.59,pro,26,40,10,1,0,0,8.0,622,0.9882549375315653,0.9873448681312098,-0.0009100694003555398,1,1,sure_thing,0.7866,1,1,950,1
HELIOS-000201,29.0,18.8,basic,6,4,6,0,0,0,8.0,338,0.9758946899881917,0.9664133368728025,-0.009481353115389224,1,1,sure_thing,0.4371,0,1,883,1
HELIOS-000202,24.7,18.77,basic,6,36,2,2,0,0,7.0,188,0.8893408430933939,0.9358661623083938,0.046525319214999916,1,1,lost_cause,0.5663,0,1,752,1
HELIOS-000203,17.0,19.61,basic,6,15,2,0,0,0,10.0,142,0.9450574701819635,0.8940014681663752,-0.05105600201558835,1,1,sleeping_dog,0.6882,0,1,517,0
HELIOS-000204,9.3,51.32,pro,6,13,2,0,0,1,6.0,71,0.9355062809105297,0.8334635070433135,-0.10204277386721616,1,1,sleeping_dog,0.0631,0,1,283,1
HELIOS-000205,31.2,19.79,basic,21,0,6,2,0,0,7.0,509,0.9659354996386487,0.9888993292250229,0.022963829586374218,1,1,sure_thing,0.7434,1,1,950,1
HELIOS-000206,13.0,27.0,pro,7,3,5,1,1,1,,89,0.8367761146078835,0.966584190448174,0.12980807584029053,1,1,persuadable,0.7714,0,1,396,0
HELIOS-000207,18.6,49.01,pro,30,3,10,0,0,0,,478,0.99,0.99,0.0,1,1,sure_thing,0.2437,0,1,566,1
HELIOS-000208,31.2,15.02,basic,8,13,5,2,0,0,,395,0.9076978381724609,0.9622890332829722,0.05459119511051136,1,1,persuadable,0.1757,0,1,950,1
HELIOS-000209,18.3,18.8,basic,46,3,15,0,0,0,,576,0.99,0.99,0.0,1,1,sure_thing,0.6012,1,1,557,1
HELIOS-000210,21.2,60.87,pro,8,2,2,0,0,1,,237,0.9556820595251992,0.8774665390455932,-0.078215520479606,1,1,sleeping_dog,0.7166,1,1,645,1
HELIOS-000211,14.8,16.43,basic,0,0,5,1,0,1,,42,0.8880966204868297,0.8953463020536541,0.007249681566824373,1,1,lost_cause,0.8135,1,1,451,1
HELIOS-000212,16.6,62.46,pro,1,32,4,0,0,0,,67,0.8877733908591641,0.8471566747689083,-0.040616716090255744,1,1,lost_cause,0.8615,1,1,505,1
HELIOS-000213,17.0,47.92,pro,2,10,3,0,0,1,,105,0.9407791261648385,0.8669774877541049,-0.07380163841073362,1,1,sleeping_dog,0.2051,1,1,517,1
HELIOS-000214,8.2,18.58,basic,6,31,8,1,0,0,6.0,62,0.8958728994039,0.904933656475736,0.009060757071835956,1,1,lost_cause,0.6617,1,1,250,1
HELIOS-000215,12.7,19.36,basic,2,85,5,1,0,1,3.0,80,0.8462794590872508,0.712483512109995,-0.13379594697725572,1,1,sleeping_dog,0.7809,1,1,387,0
HELIOS-000216,9.0,18.83,basic,30,7,17,2,1,0,,191,0.9541511552504265,0.99,0.035848844749573505,1,1,sure_thing,0.6962,0,1,274,1
HELIOS-000217,31.2,18.85,basic,16,21,8,0,0,0,,397,0.9802022140537984,0.9694865940404359,-0.010715620013362459,1,1,sure_thing,0.1309,0,1,950,1
HELIOS-000218,25.0,16.03,basic,21,2,7,0,2,0,,382,0.9284575843072396,0.99,0.06154241569276042,1,1,persuadable,0.2882,0,1,761,1
HELIOS-000219,19.1,27.02,basic,4,90,2,0,0,0,,92,0.868920157591651,0.6556224748709372,-0.2132976827207138,1,1,sleeping_dog,0.8232,1,1,581,1
HELIOS-000220,12.3,61.2,pro,3,13,1,1,0,0,,81,0.8584291708292558,0.8683609485081039,0.009931777678848008,1,1,lost_cause,0.5172,1,1,374,1
HELIOS-000221,19.9,18.98,basic,6,19,4,0,0,1,5.0,124,0.9232892625216288,0.845458089575116,-0.07783117294651276,1,1,sleeping_dog,0.7206,1,1,606,1
HELIOS-000222,31.2,63.89,pro,15,8,4,1,1,0,,511,0.9405794552341993,0.99,0.04942054476580071,1,1,sure_thing,0.1668,0,1,950,1
HELIOS-000223,4.6,22.98,basic,7,8,3,0,1,1,,28,0.8467103908393432,0.8568193934049131,0.010109002565569902,1,1,lost_cause,0.83,1,1,140,1
HELIOS-000224,9.6,41.39,pro,4,127,2,1,0,1,,52,0.7529077168232795,0.507008920763309,-0.24589879605997056,1,1,sleeping_dog,0.6191,0,1,292,1
HELIOS-000225,31.2,17.64,basic,19,1,4,0,1,0,8.0,514,0.9611170769504063,0.9685894803044721,0.0074724033540658485,1,1,sure_thing,0.1295,0,1,950,1
HELIOS-000226,7.0,25.13,basic,5,26,5,1,1,0,7.0,47,0.7596205580065348,0.9004790645572348,0.14085850655069998,1,1,persuadable,0.3906,0,1,213,1
HELIOS-000227,15.3,48.99,pro,7,12,6,0,0,0,,254,0.9167361966499467,0.9056828471032926,-0.011053349546654045,1,1,lost_cause,0.7014,1,1,466,1
HELIOS-000228,31.2,34.75,pro,8,17,5,1,0,0,,305,0.9281918203458015,0.9352352312795782,0.007043410933776695,1,1,sure_thing,0.7498,1,1,950,1
HELIOS-000229,6.7,12.39,basic,7,12,6,1,0,1,,60,0.8486615270259404,0.8424504429328697,-0.006211084093070696,0,0,lost_cause,0.7335,1,0,204,1
HELIOS-000230,31.2,23.97,basic,13,15,4,0,0,0,,392,0.9760342152514806,0.9460744889271999,-0.029959726324280678,1,1,sure_thing,0.4715,0,1,950,1
HELIOS-000231,15.8,22.9,basic,1,217,2,0,0,0,,45,0.7268289499710024,0.4340126937296733,-0.2928162562413291,1,0,sleeping_dog,0.9518,1,0,481,1
HELIOS-000232,31.2,15.8,basic,6,15,6,0,0,1,,322,0.9661555835803691,0.924602930228642,-0.04155265335172709,1,1,sure_thing,0.1594,1,1,950,1
HELIOS-000233,24.5,22.03,basic,3,0,5,1,0,1,7.0,114,0.920383204795034,0.9244705113873636,0.004087306592329587,1,1,sure_thing,0.8709,0,1,746,1
HELIOS-000234,4.5,76.04,pro,6,23,3,0,0,0,8.0,31,0.9363134408396383,0.8936176018065742,-0.042695839033064065,1,1,sure_thing,0.1703,1,1,137,1
HELIOS-000235,15.0,12.93,basic,15,10,8,0,0,0,8.0,219,0.9753777565706858,0.968236360356918,-0.007141396213767859,1,1,sure_thing,0.1886,0,1,457,1
HELIOS-000236,5.4,25.14,basic,10,0,5,0,0,0,,37,0.9365571483379299,0.9240782463703189,-0.012478901967611034,1,1,sure_thing,0.556,1,1,164,1
HELIOS-000237,31.2,19.68,basic,7,2,7,0,0,0,,283,0.9563540524538772,0.9505635982271825,-0.0057904542266946635,0,0,sure_thing,0.3575,0,0,950,1
HELIOS-000238,19.9,58.68,pro,17,1,12,0,0,0,9.0,329,0.9855167190029809,0.9865349138049219,0.0010181948019409859,1,1,sure_thing,0.0758,1,1,606,1
HELIOS-000239,27.6,20.49,basic,4,30,7,2,1,1,7.0,307,0.8163408595783522,0.99,0.17365914042164776,1,1,persuadable,0.7178,0,1,840,1
HELIOS-000240,31.2,12.15,basic,15,6,9,0,0,1,8.0,453,0.9732221335404564,0.9599482169261121,-0.013273916614344294,1,1,sure_thing,0.2497,0,1,950,1
HELIOS-000241,17.1,99.72,enterprise,12,8,10,0,0,1,,225,0.9658511819365968,0.9636207618446281,-0.002230420091968721,1,1,sure_thing,0.458,1,1,521,1
HELIOS-000242,14.0,39.06,pro,10,96,2,1,0,0,,77,0.8786247018424137,0.7178612732496916,-0.16076342859272208,1,1,sleeping_dog,0.8971,1,1,426,1
HELIOS-000243,31.2,18.84,basic,6,49,6,1,0,0,,219,0.9504939100578924,0.9426332149569423,-0.00786069510095011,1,1,sure_thing,0.4082,0,1,950,1
HELIOS-000244,6.7,187.28,enterprise,2,1,5,0,0,0,6.0,33,0.945148038105616,0.99,0.04485196189438401,1,1,sure_thing,0.5826,1,1,204,1
HELIOS-000245,31.2,165.08,enterprise,14,21,8,0,0,0,6.0,352,0.9883871448454921,0.99,0.0016128551545079306,1,1,sure_thing,0.2883,0,1,950,1
HELIOS-000246,31.2,38.13,pro,57,0,24,0,0,0,,1212,0.99,0.99,0.0,1,1,sure_thing,0.6677,0,1,950,1
HELIOS-000247,26.2,52.85,pro,6,21,2,1,0,0,,171,0.9263690203389309,0.9243698916526191,-0.001999128686311802,1,1,sure_thing,0.4874,1,1,798,1
HELIOS-000248,6.0,64.55,pro,5,64,1,1,0,0,,39,0.8439277416687683,0.7613136102252552,-0.08261413144351304,1,1,sleeping_dog,0.7355,1,1,183,1
HELIOS-000249,31.2,12.92,basic,4,157,4,0,1,0,,199,0.7562422651281382,0.5578801564186763,-0.19836210870946192,0,0,sleeping_dog,0.694,1,0,950,1
HELIOS-000250,12.8,24.65,basic,8,21,3,0,0,0,,114,0.9039743583478975,0.857439886907843,-0.046534471440054515,1,1,lost_cause,0.5382,1,1,390,1
HELIOS-000251,23.2,19.55,basic,11,10,7,0,0,0,10.0,368,0.9732121237853779,0.9639148568535171,-0.009297266931860837,1,1,sure_thing,0.4638,0,1,706,1
HELIOS-000252,23.1,83.39,enterprise,6,33,1,0,0,0,,152,0.9471788332536214,0.8521918176332112,-0.09498701562041023,1,1,sleeping_dog,0.5606,1,1,703,1
HELIOS-000253,18.2,158.75,enterprise,15,44,11,1,1,0,,272,0.9548605766309665,0.99,0.03513942336903353,1,1,sure_thing,0.8617,1,1,554,1
HELIOS-000254,31.2,20.42,basic,1,162,2,0,2,0,,106,0.5987298609395425,0.6081333905611431,0.009403529621600626,1,1,lost_cause,0.9532,1,1,950,1
HELIOS-000255,25.5,46.81,pro,6,60,1,1,0,1,,88,0.8924541998589657,0.7332588707330276,-0.15919532912593803,1,0,sleeping_dog,0.7928,1,0,776,0
HELIOS-000256,14.1,95.84,enterprise,2,14,2,0,0,0,,105,0.956839877510315,0.9231701126004294,-0.0336697649098856,1,1,sure_thing,0.3578,1,1,429,1
HELIOS-000257,19.4,47.11,pro,3,100,1,1,1,0,,111,0.7243774926734845,0.7920305479669619,0.06765305529347743,1,1,persuadable,0.374,1,1,591,1
HELIOS-000258,18.5,20.79,basic,7,23,1,1,1,0,,108,0.7869048356782445,0.8992238887170872,0.11231905303884271,0,0,persuadable,0.9317,1,0,563,0
HELIOS-000259,13.1,17.93,basic,7,23,2,0,0,0,7.0,96,0.9188230551167994,0.8545845350352659,-0.06423852008153352,1,0,sleeping_dog,0.8526,0,1,399,1
HELIOS-000260,9.1,15.1,basic,13,243,2,0,0,0,6.0,68,0.8031815925272117,0.5056707789493584,-0.29751081357785325,1,1,sleeping_dog,0.5294,0,1,277,1
HELIOS-000261,23.3,43.55,pro,17,1,13,0,0,1,,459,0.9840467705085362,0.9824774956612893,-0.0015692748472468931,1,1,sure_thing,0.3363,0,1,709,1
HELIOS-000262,31.2,15.59,basic,7,10,4,0,1,0,,229,0.9283638139971071,0.9535297716379076,0.02516595764080054,1,1,sure_thing,0.7015,1,1,950,1
HELIOS-000263,19.6,23.29,basic,3,12,5,0,1,0,5.0,113,0.9034584162493288,0.9477148411721354,0.04425642492280668,1,1,lost_cause,0.442,1,1,597,1
HELIOS-000264,31.2,128.27,enterprise,33,9,13,0,1,0,,728,0.99,0.99,0.0,1,1,sure_thing,0.2734,0,1,950,1
HELIOS-000265,20.2,17.17,basic,12,3,5,0,0,0,,221,0.9624338114129563,0.9477107613065753,-0.014723050106380975,1,1,sure_thing,0.8522,1,1,615,1
HELIOS-000266,31.2,18.52,basic,2,234,3,1,0,0,2.0,84,0.7493099267922215,0.4751715375510961,-0.27413838924112544,1,0,sleeping_dog,0.852,0,1,950,0
HELIOS-000267,19.5,125.06,enterprise,10,6,4,0,0,0,,223,0.9789998418549631,0.9720420639411024,-0.006957777913860763,1,1,sure_thing,0.7945,1,1,594,1
HELIOS-000268,23.7,37.76,pro,6,44,6,0,0,0,,163,0.9372805037157284,0.8988733330240717,-0.03840717069165667,1,0,sure_thing,0.5965,0,1,721,1
HELIOS-000269,10.5,191.28,enterprise,1,255,0,2,0,0,,25,0.6015785518259575,0.5809373744022894,-0.02064117742366811,1,1,lost_cause,0.9945,1,1,320,1
HELIOS-000270,16.4,19.85,basic,12,7,6,0,0,1,,167,0.9418294728008297,0.9083617608061878,-0.033467711994641935,1,1,sure_thing,0.0062,0,1,499,1
HELIOS-000271,9.9,72.48,pro,3,131,0,2,0,1,4.0,57,0.7061100908277829,0.5902171345090235,-0.1158929563187594,1,1,sleeping_dog,0.9554,1,1,301,1
HELIOS-000272,29.4,44.9,pro,6,12,3,0,1,0,,377,0.925088621912714,0.9709721896416458,0.04588356772893176,0,1,sure_thing,0.9028,1,1,895,1
HELIOS-000273,24.9,21.09,basic,11,12,5,1,1,0,10.0,333,0.8751143813131379,0.9762338216379233,0.10111944032478537,1,1,persuadable,0.5222,1,1,758,1
HELIOS-000274,23.0,35.7,pro,5,228,5,1,0,0,,135,0.7897801870161039,0.5208941612491425,-0.2688860257669614,1,1,sleeping_dog,0.8812,1,1,700,1
HELIOS-000275,18.8,54.16,pro,20,1,8,0,0,0,10.0,367,0.9841000631916687,0.9797675936045658,-0.004332469587102872,1,1,sure_thing,0.3262,1,1,572,1
HELIOS-000276,31.2,138.95,enterprise,5,94,5,0,1,1,,214,0.9353242802425181,0.971456734530249,0.03613245428773093,1,1,sure_thing,0.584,1,1,950,1
HELIOS-000277,30.0,14.34,basic,5,7,0,0,0,1,,186,0.9066261358789512,0.7713875276310622,-0.13523860824788903,1,1,sleeping_dog,0.3986,1,1,913,1
HELIOS-000278,23.1,24.72,basic,12,16,8,0,0,0,10.0,260,0.9665400923713728,0.9584461361491127,-0.008093956222260168,1,1,sure_thing,0.1294,0,1,703,0
HELIOS-000279,3.7,21.55,basic,9,47,6,2,0,0,,35,0.8372001740575307,0.8877141684319184,0.05051399437438775,1,1,persuadable,0.6405,0,1,113,1
HELIOS-000280,30.9,20.89,basic,17,0,6,1,0,0,,514,0.9579993921635882,0.9600761549637005,0.002076762800112264,1,1,sure_thing,0.6429,0,1,941,1
HELIOS-000281,31.2,85.97,enterprise,6,11,3,0,0,0,,443,0.975347369813324,0.949695495464106,-0.025651874349218007,1,1,sure_thing,0.1968,1,1,950,1
HELIOS-000282,10.1,22.29,basic,8,26,2,0,0,0,,71,0.9083733536093682,0.8388102945037686,-0.06956305910559957,1,0,sleeping_dog,0.3308,0,1,307,0
HELIOS-000283,31.2,54.27,pro,7,136,1,0,1,1,,222,0.8557976582628192,0.6397782683973858,-0.21601938986543334,1,1,sleeping_dog,0.3603,0,1,950,1
HELIOS-000284,31.2,121.92,enterprise,4,59,2,2,1,0,,194,0.8185117907246813,0.99,0.17148820927531871,0,1,persuadable,0.4789,0,0,950,1
HELIOS-000285,9.4,17.23,basic,2,14,5,0,0,0,7.0,45,0.9459164289256522,0.926978545027044,-0.018937883898608177,1,1,sure_thing,0.438,0,1,286,1
HELIOS-000286,17.9,38.1,pro,8,117,5,0,0,1,,125,0.9144125790972023,0.6561195002443125,-0.25829307885288977,1,0,sleeping_dog,0.4566,0,1,545,1
HELIOS-000287,25.4,28.27,basic,12,3,8,0,1,0,,293,0.9501922894272664,0.977173647770879,0.026981358343612594,1,1,sure_thing,0.8906,1,1,773,1
HELIOS-000288,6.3,40.43,pro,2,167,4,0,1,0,,35,0.7973070350798751,0.614945689970025,-0.18236134510985014,1,1,sleeping_dog,0.4172,1,1,192,1
HELIOS-000289,31.2,24.49,basic,2,74,5,3,2,0,7.0,225,0.41853806882225847,0.7163170586042281,0.29777898978196965,0,0,persuadable,0.9928,1,0,950,1
HELIOS-000290,31.2,26.27,basic,2,73,2,1,0,1,,47,0.8674327660176875,0.6983651598268003,-0.16906760619088723,1,1,sleeping_dog,0.4642,1,1,950,1
HELIOS-000291,31.2,171.3,enterprise,11,54,7,1,1,0,,295,0.9487273977212495,0.99,0.041272602278750514,1,1,sure_thing,0.2118,1,1,950,1
HELIOS-000292,8.8,55.58,pro,6,26,2,1,0,1,,84,0.8724679835177337,0.8199359147374669,-0.05253206878026684,1,1,sleeping_dog,0.8238,1,1,268,1
HELIOS-000293,31.2,20.14,basic,17,19,8,0,0,1,8.0,487,0.9829680013503528,0.9551567669134672,-0.0278112344368856,1,1,sure_thing,0.0143,0,1,950,1
HELIOS-000294,2.9,55.28,pro,1,80,0,0,1,0,7.0,13,0.7505392324984671,0.6895971018142958,-0.060942130684171314,0,0,sleeping_dog,0.1994,0,0,88,1
HELIOS-000295,31.2,17.91,basic,3,79,7,0,0,0,7.0,258,0.9627174497195072,0.8822120913693503,-0.08050535835015693,1,1,sleeping_dog,0.4838,0,1,950,1
HELIOS-000296,8.4,27.09,basic,0,138,1,0,0,0,,13,0.794875976587357,0.5173602030197569,-0.27751577356760004,1,0,sleeping_dog,0.9303,1,0,256,1
HELIOS-000297,3.5,19.44,basic,8,120,3,0,1,0,,26,0.8096547156823966,0.6605332348893616,-0.149121480793035,1,1,sleeping_dog,0.9506,1,1,107,1
HELIOS-000298,3.7,41.15,pro,6,12,3,2,0,0,,34,0.8511296263384114,0.9397355774053604,0.08860595106694902,1,1,persuadable,0.7918,1,1,113,1
HELIOS-000299,18.5,18.81,basic,9,8,3,0,0,0,,108,0.9591802201927149,0.9274865925194599,-0.03169362767325501,1,1,sure_thing,0.5012,1,1,563,1
HELIOS-000300,31.2,20.82,basic,3,18,3,1,1,0,4.0,232,0.821890506178157,0.9669542287836651,0.14506372260550815,1,1,persuadable,0.4558,1,1,950,1
HELIOS-000301,29.1,143.6,enterprise,6,11,3,2,0,1,,192,0.9033169537564776,0.99,0.08668304624352241,1,1,persuadable,0.0158,1,1,886,0
HELIOS-000302,25.7,17.59,basic,5,2,2,0,1,0,,142,0.8903653595814449,0.9186123349358141,0.028246975354369153,1,1,lost_cause,0.6597,1,1,782,1
HELIOS-000303,13.2,170.87,enterprise,8,2,5,0,0,0,,115,0.9751378580877891,0.99,0.014862141912210913,1,1,sure_thing,0.2063,0,1,402,1
HELIOS-000304,13.8,14.43,basic,15,12,7,0,0,0,,205,0.9704130786025428,0.9595649711417849,-0.010848107460757928,1,1,sure_thing,0.0872,0,1,420,1
HELIOS-000305,24.1,109.97,enterprise,7,82,4,1,0,0,,148,0.9112157010254254,0.8828644293598453,-0.028351271665580047,1,1,lost_cause,0.8448,1,1,734,1
HELIOS-000306,20.9,34.48,pro,22,4,14,1,0,0,10.0,476,0.9839141457109207,0.9896965437946815,0.005782398083760798,1,1,sure_thing,0.0958,0,1,636,1
HELIOS-000307,23.8,18.23,basic,18,18,6,0,0,1,,463,0.9844235532278907,0.9370034402243639,-0.047420113003526776,1,1,sure_thing,0.2951,0,1,724,1
HELIOS-000308,30.2,17.67,basic,4,65,0,1,1,0,6.0,141,0.741929832478407,0.8159913893439654,0.07406155686555838,1,1,persuadable,0.8475,0,1,919,1
HELIOS-000309,8.3,104.34,enterprise,3,2,4,0,0,1,,81,0.9408883309484224,0.9093540041790213,-0.031534326769401044,1,1,sure_thing,0.1717,1,1,253,1
HELIOS-000310,31.2,18.17,basic,4,162,3,0,0,0,,186,0.8396511824924846,0.5571480213134288,-0.28250316117905583,1,0,sleeping_dog,0.3532,1,0,950,1
HELIOS-000311,4.9,14.07,basic,1,5,3,0,1,0,,22,0.7671330206206172,0.8078310985530851,0.040698077932467935,1,1,lost_cause,0.6002,1,1,149,1
HELIOS-000312,31.2,48.24,pro,13,40,6,1,0,0,8.0,412,0.9621439101017494,0.959953849441465,-0.0021900606602843764,1,1,sure_thing,0.1428,0,1,950,1
HELIOS-000313,4.8,46.52,pro,17,2,9,0,0,0,8.0,107,0.9820039593662983,0.9794201777096792,-0.0025837816566190996,1,1,sure_thing,0.5054,0,1,146,1
HELIOS-000314,27.3,63.67,pro,10,24,4,0,0,1,,241,0.9459364545336243,0.8602118335405048,-0.0857246209931195,1,1,sleeping_dog,0.4577,1,1,831,1
HELIOS-000315,23.2,35.19,pro,9,86,3,0,0,1,,155,0.948517475423337,0.7052745026273528,-0.24324297279598417,1,1,sleeping_dog,0.4709,1,1,706,1
HELIOS-000316,17.4,37.19,pro,57,0,21,0,0,0,,627,0.99,0.99,0.0,1,1,sure_thing,0.2457,0,1,530,0
HELIOS-000317,19.8,50.27,pro,2,82,2,0,0,0,,159,0.9024334556428221,0.7096124442799516,-0.19282101136287044,1,1,sleeping_dog,0.4903,1,1,603,0
HELIOS-000318,27.7,19.57,basic,2,4,3,1,0,0,,174,0.9160076291545745,0.9247665039646156,0.008758874810041117,1,1,lost_cause,0.3691,0,1,843,1
HELIOS-000319,8.4,62.87,pro,7,77,7,1,0,0,9.0,65,0.877421368481981,0.8683683834589134,-0.009052985023067617,1,1,lost_cause,0.5843,0,1,256,1
HELIOS-000320,12.6,23.26,basic,22,3,9,0,1,0,9.0,286,0.9703334187708329,0.9810544249444764,0.010721006173643466,1,1,sure_thing,0.5262,1,1,384,1
HELIOS-000321,5.4,21.21,basic,6,15,2,1,1,0,,30,0.7249823256367957,0.8504037605613706,0.12542143492457491,1,1,persuadable,0.9489,1,1,164,1
HELIOS-000322,31.2,50.5,pro,2,113,3,0,0,0,7.0,129,0.9302120982902243,0.6966605462724478,-0.23355155201777655,1,0,sleeping_dog,0.9275,1,0,950,1
HELIOS-000323,31.2,47.54,pro,13,12,6,1,0,0,,461,0.9649742978741862,0.9736634079369363,0.008689110062750083,1,1,sure_thing,0.0588,1,1,950,0
HELIOS-000324,31.2,62.18,pro,14,81,8,0,0,1,,432,0.9706525814869297,0.8376955164481213,-0.13295706503880833,1,1,sleeping_dog,0.0112,1,1,950,1
HELIOS-000325,6.9,58.12,pro,17,8,6,0,0,1,,122,0.9722719413956896,0.93852505324572,-0.03374688814996962,1,1,sure_thing,0.5183,1,1,210,1
HELIOS-000326,20.3,20.2,basic,9,35,1,0,0,0,7.0,260,0.9367875282511834,0.8286529194637375,-0.10813460878744585,1,1,sleeping_dog,0.0472,0,1,618,1
HELIOS-000327,25.1,19.51,basic,3,22,2,1,0,0,,104,0.9342450636060886,0.9220975160060462,-0.012147547600042441,1,1,sure_thing,0.5652,1,1,764,1
HELIOS-000328,31.2,139.43,enterprise,3,41,2,3,0,0,4.0,103,0.8093636205889579,0.99,0.18063637941104205,1,1,persuadable,0.4645,0,1,950,1
HELIOS-000329,31.2,18.82,basic,3,108,0,1,1,0,,95,0.8392630196955977,0.8247878721476148,-0.014475147547982847,1,1,lost_cause,0.7263,0,1,950,1
HELIOS-000330,13.0,22.46,basic,10,14,2,0,0,1,,100,0.9299797069993764,0.8220175008137312,-0.10796220618564523,1,1,sleeping_dog,0.1509,0,1,396,1
HELIOS-000331,28.2,15.3,basic,38,2,12,0,0,0,,617,0.99,0.99,0.0,1,1,sure_thing,0.4323,1,1,858,1
HELIOS-000332,21.4,21.84,basic,8,79,4,1,0,1,7.0,197,0.9119710908666027,0.7619137065979169,-0.15005738426868576,1,1,sleeping_dog,0.2165,1,1,651,1
HELIOS-000333,21.0,57.78,pro,9,29,1,1,1,1,,152,0.885008187770511,0.99,0.10499181222948895,0,1,persuadable,0.6552,1,1,639,1
HELIOS-000334,31.2,20.47,basic,10,58,3,1,0,0,,261,0.9263606027121681,0.8686192741961261,-0.05774132851604208,1,1,sleeping_dog,0.3935,0,1,950,1
HELIOS-000335,13.3,16.44,basic,38,5,15,1,0,0,,342,0.99,0.99,0.0,1,1,sure_thing,0.0946,0,1,405,1
HELIOS-000336,29.7,43.07,pro,16,15,13,0,0,0,,502,0.98785955309569,0.9880060484958415,0.00014649540015154727,1,1,sure_thing,0.594,0,1,904,1
HELIOS-000337,15.0,19.23,basic,2,103,1,1,1,1,,67,0.7087258226477813,0.6637219227696385,-0.045003899878142795,1,1,lost_cause,0.948,1,1,457,1
HELIOS-000338,31.2,18.01,basic,1,18,0,1,1,1,9.0,180,0.8047227303072436,0.9225235386403559,0.11780080833311224,0,1,persuadable,0.3588,0,0,950,1
HELIOS-000339,27.1,47.67,pro,5,19,3,0,0,0,8.0,313,0.9530051752808191,0.9122618607081782,-0.04074331457264091,1,1,sure_thing,0.3105,1,1,825,1
HELIOS-000340,22.0,19.31,basic,5,80,0,2,1,0,,140,0.6966276701046263,0.8882138314726558,0.19158616136802942,1,1,persuadable,0.5825,1,1,670,0
HELIOS-000341,12.2,16.27,basic,14,3,8,1,0,0,,226,0.9470900622795099,0.9525133407106049,0.005423278431095024,1,1,sure_thing,0.6531,1,1,371,1
HELIOS-000342,31.2,44.19,pro,5,117,3,1,0,0,5.0,253,0.8954870097742752,0.7189329836903333,-0.17655402608394188,0,0,sleeping_dog,0.3314,1,0,950,0
HELIOS-000343,7.6,61.83,pro,26,12,8,1,0,0,,186,0.9857534992396161,0.9890998789509435,0.003346379711327452,1,1,sure_thing,0.1278,0,1,231,1
HELIOS-000344,19.1,52.3,pro,51,5,17,0,0,0,10.0,752,0.99,0.99,0.0,1,1,sure_thing,0.7511,1,1,581,1
HELIOS-000345,7.8,18.45,basic,16,25,2,0,0,0,6.0,80,0.9289463380959179,0.8595970872526173,-0.06934925084330057,1,0,sleeping_dog,0.1932,1,0,237,1
HELIOS-000346,31.2,18.68,basic,4,19,3,0,0,0,6.0,160,0.963110086256771,0.9200333416622299,-0.04307674459454103,1,1,sure_thing,0.5218,0,1,950,1
HELIOS-000347,25.5,19.68,basic,3,30,5,0,0,0,,221,0.9197922236757832,0.8863566619528418,-0.033435561722941376,1,1,lost_cause,0.6958,0,1,776,1
HELIOS-000348,31.2,21.74,basic,2,29,4,0,0,0,6.0,217,0.9535253504952408,0.9105528078306372,-0.0429725426646036,1,1,sure_thing,0.0618,0,1,950,1
HELIOS-000349,31.2,49.07,pro,3,344,2,1,0,0,,105,0.7422879561096346,0.4784378523687653,-0.2638501037408693,1,0,sleeping_dog,0.6931,1,0,950,1
HELIOS-000350,31.2,16.21,basic,14,6,3,1,0,0,,429,0.9819257170235792,0.9748645151979911,-0.007061201825588115,1,1,sure_thing,0.3234,0,1,950,0
HELIOS-000351,9.5,17.32,basic,7,10,7,0,0,0,,110,0.9480959633605014,0.9395551049355727,-0.008540858424928688,1,1,sure_thing,0.4315,1,1,289,1
HELIOS-000352,28.6,52.55,pro,7,4,6,1,0,0,,235,0.9125467594905543,0.935042739761796,0.022495980271241667,1,1,lost_cause,0.1658,1,1,871,1
HELIOS-000353,9.8,47.63,pro,17,3,11,0,0,1,10.0,187,0.9761887968037977,0.971194471671293,-0.00499432513250464,1,1,sure_thing,0.6791,1,1,298,1
HELIOS-000354,23.5,24.5,basic,8,20,6,0,0,0,,271,0.9609853752244815,0.9429682887092135,-0.01801708651526801,1,1,sure_thing,0.0848,0,1,715,1
HELIOS-000355,12.9,18.29,basic,13,22,11,0,0,0,10.0,251,0.9693488942764215,0.9661201905870284,-0.0032287036893930976,1,1,sure_thing,0.2037,1,1,393,1
HELIOS-000356,14.8,21.28,basic,1,105,0,1,2,0,6.0,43,0.5473541547349352,0.7563676006789266,0.2090134459439914,1,1,persuadable,0.9494,1,1,451,1
HELIOS-000357,31.2,133.58,enterprise,6,62,5,0,1,0,8.0,298,0.9398816233549561,0.99,0.05011837664504393,1,1,persuadable,0.5622,1,1,950,1
HELIOS-000358,29.6,15.19,basic,5,54,5,2,1,0,,237,0.7806922579249689,0.99,0.2093077420750311,1,1,persuadable,0.9029,1,1,901,1
HELIOS-000359,26.4,21.41,basic,17,3,8,0,0,0,,463,0.9790916787144757,0.9736793338734813,-0.005412344840994399,1,1,sure_thing,0.1709,1,1,804,1
HELIOS-000360,31.2,50.93,pro,2,365,2,0,0,0,3.0,51,0.7784124187375197,0.4869767134109417,-0.291435705326578,1,1,sleeping_dog,0.3328,1,1,950,1
HELIOS-000361,22.2,22.54,basic,6,1,2,1,0,1,,147,0.9092527806792587,0.883274007462311,-0.025978773216947748,1,1,lost_cause,0.6718,1,1,676,1
HELIOS-000362,22.6,19.85,basic,15,4,3,1,0,0,,346,0.9617148851499645,0.9554932075164999,-0.006221677633464595,1,1,sure_thing,0.3125,0,1,688,0
HELIOS-000363,16.4,64.17,pro,17,22,10,0,0,0,,269,0.969667175623726,0.9659725707575662,-0.0036946048661598008,1,1,sure_thing,0.2008,0,1,499,1
HELIOS-000364,31.2,40.5,pro,5,139,1,1,0,0,,138,0.8797258083783811,0.638805711737316,-0.24092009664106506,1,1,sleeping_dog,0.7731,1,1,950,1
HELIOS-000365,11.3,21.51,basic,4,89,5,2,1,1,,66,0.6070677701796441,0.814028481811126,0.2069607116314819,1,1,persuadable,0.9595,1,1,344,1
HELIOS-000366,2.5,14.0,basic,7,118,7,2,1,0,,25,0.6096744584091919,0.817428346905152,0.2077538884959601,0,1,persuadable,0.7835,1,1,76,1
HELIOS-000367,31.2,51.48,pro,32,18,11,0,0,0,10.0,791,0.99,0.99,0.0,1,1,sure_thing,0.5315,1,1,950,1
HELIOS-000368,10.0,20.52,basic,2,15,2,2,1,1,,50,0.5571626073888865,0.802595894931267,0.24543328754238058,0,1,persuadable,0.9428,1,1,304,1
HELIOS-000369,12.0,39.82,pro,6,27,5,1,0,1,,91,0.8696760545607944,0.8526251223585313,-0.01705093220226317,1,1,lost_cause,0.7665,1,1,365,0
HELIOS-000370,24.1,178.09,enterprise,18,5,14,0,0,0,9.0,519,0.99,0.99,0.0,1,1,sure_thing,0.1235,0,1,734,0
HELIOS-000371,21.9,55.56,pro,6,17,6,1,0,0,,186,0.9283794155875451,0.9515809396197832,0.023201524032238074,1,1,sure_thing,0.6478,0,1,667,1
HELIOS-000372,15.5,14.5,basic,5,30,4,0,0,1,7.0,107,0.9054251289796453,0.8043367477725609,-0.10108838120708441,1,1,sleeping_dog,0.4768,0,1,472,1
HELIOS-000373,31.2,15.8,basic,8,18,5,0,0,0,5.0,243,0.9639470766592831,0.9401309624635856,-0.023816114195697513,1,1,sure_thing,0.7818,0,1,950,1
HELIOS-000374,2.8,13.97,basic,12,8,7,1,0,1,,26,0.8900559043522316,0.8864114241080144,-0.003644480244217152,1,1,lost_cause,0.1175,0,1,85,1
HELIOS-000375,17.0,111.5,enterprise,39,3,17,0,0,1,,490,0.99,0.99,0.0,1,1,sure_thing,0.5569,0,1,517,1
HELIOS-000376,16.9,122.04,enterprise,15,141,3,3,0,0,,152,0.8704571807685338,0.9758162864052238,0.10535910563668993,1,1,persuadable,0.1645,0,1,514,1
HELIOS-000377,31.2,14.38,basic,2,41,1,1,3,0,5.0,241,0.4519828282148531,0.7476608330900871,0.29567800487523405,1,1,persuadable,0.9723,1,1,950,1
HELIOS-000378,31.2,17.61,basic,1,81,3,0,0,0,3.0,216,0.8959348692161837,0.7234701716451609,-0.17246469757102278,0,0,sleeping_dog,0.5938,1,0,950,1
HELIOS-000379,31.2,16.41,basic,4,17,3,3,0,0,,122,0.727990130374241,0.9183036635967404,0.19031353322249944,1,1,persuadable,0.9874,1,1,950,1
HELIOS-000380,21.6,21.2,basic,12,5,6,0,0,1,,250,0.9637659996112601,0.9323767446221398,-0.03138925498912026,1,1,sure_thing,0.1525,0,1,658,1
HELIOS-000381,29.4,22.38,basic,4,69,0,0,2,0,8.0,177,0.7528541081143103,0.911324982257759,0.15847087414344874,1,1,persuadable,0.9605,1,1,895,1
HELIOS-000382,10.1,40.96,pro,2,45,3,1,0,0,,47,0.8830388152442716,0.8669714591845883,-0.016067356059683346,1,1,lost_cause,0.7034,1,1,307,1
HELIOS-000383,31.2,16.98,basic,25,0,12,0,1,0,,742,0.98725771249437,0.99,0.0027422875056299922,1,1,sure_thing,0.0583,0,1,950,1
HELIOS-000384,26.3,110.95,enterprise,12,19,4,0,1,0,,225,0.9564011447434009,0.99,0.033598855256599114,1,1,sure_thing,0.3442,1,1,801,1
HELIOS-000385,9.6,117.18,enterprise,7,102,1,0,0,0,6.0,75,0.8986063988388309,0.664829715423281,-0.2337766834155499,1,1,sleeping_dog,0.2362,0,1,292,0
HELIOS-000386,12.7,15.62,basic,14,6,2,2,1,0,,180,0.79445464935974,0.99,0.19554535064026002,1,1,persuadable,0.4262,1,1,387,1
HELIOS-000387,30.9,22.87,basic,7,17,5,2,1,0,,247,0.8066699562765869,0.99,0.1833300437234131,1,1,persuadable,0.9757,1,1,941,1
HELIOS-000388,30.5,12.67,basic,14,32,4,1,0,0,,361,0.9632109213616662,0.945108245638638,-0.01810267572302815,1,1,sure_thing,0.2522,0,1,928,1
HELIOS-000389,31.2,13.78,basic,14,18,12,0,2,0,,442,0.9074765194422328,0.99,0.08252348055776715,1,1,persuadable,0.4286,0,1,950,1
HELIOS-000390,28.2,120.62,enterprise,16,3,10,1,0,0,,319,0.9806099071529153,0.99,0.009390092847084697,1,1,sure_thing,0.2429,0,1,858,1
HELIOS-000391,8.8,64.47,pro,6,14,4,0,0,0,7.0,73,0.9267810754685465,0.9036147851456993,-0.023166290322847227,1,1,sure_thing,0.5651,1,1,268,1
HELIOS-000392,31.2,94.0,pro,4,36,5,1,0,0,,172,0.9550920079312978,0.99,0.03490799206870221,1,1,sure_thing,0.3149,0,1,950,0
HELIOS-000393,23.7,16.67,basic,12,6,7,0,0,0,,266,0.9648017146585748,0.9565997751021668,-0.008201939556408022,1,1,sure_thing,0.1,1,1,721,1
HELIOS-000394,10.7,22.37,basic,4,103,2,1,0,0,,70,0.8373407707511608,0.6635324587562581,-0.17380831199490265,0,0,sleeping_dog,0.7975,1,0,326,1
HELIOS-000395,30.4,31.03,basic,23,18,13,0,0,0,10.0,629,0.9898900855238968,0.9885051190003264,-0.0013849665235703412,1,1,sure_thing,0.2935,0,1,925,1
HELIOS-000396,25.3,17.12,basic,23,11,9,0,0,0,,457,0.9818664645599166,0.9761126115413339,-0.005753853018582666,1,1,sure_thing,0.1566,0,1,770,1
HELIOS-000397,9.2,49.85,pro,2,44,0,1,0,0,,62,0.7905401507167573,0.7314268355797804,-0.05911331513697693,1,1,sleeping_dog,0.9335,1,1,280,0
HELIOS-000398,31.2,23.78,basic,11,11,10,0,0,0,,472,0.968660001435814,0.966282212081768,-0.0023777893540459782,1,1,sure_thing,0.3789,0,1,950,1
HELIOS-000399,28.1,49.63,pro,6,51,3,0,0,0,,251,0.9664129388992115,0.8677018086280637,-0.09871113027114786,1,1,sleeping_dog,0.3586,1,1,855,1
HELIOS-000400,4.4,27.55,basic,14,4,3,0,0,0,,43,0.9486623370582414,0.9202158435408663,-0.02844649351737516,1,0,sure_thing,0.7245,0,1,134,1
HELIOS-000401,16.0,62.45,pro,22,0,2,0,0,0,,310,0.97674921277409,0.9431132430292443,-0.03363596974484573,1,1,sure_thing,0.3052,1,1,487,1
HELIOS-000402,9.2,12.91,basic,18,7,6,0,0,0,,178,0.9671478906534091,0.9541269477105074,-0.013020942942901681,1,1,sure_thing,0.6543,1,1,280,1
HELIOS-000403,11.2,21.89,basic,2,18,1,1,0,0,6.0,34,0.819122691797461,0.804027012443376,-0.015095679354084957,1,1,lost_cause,0.6729,0,1,341,1
HELIOS-000404,31.2,21.05,basic,2,365,1,2,1,0,,69,0.31113726313169854,0.267759446573619,-0.04337781655807954,0,0,lost_cause,0.796,1,0,950,1
HELIOS-000405,12.4,42.56,pro,3,1,3,0,0,0,,59,0.8990911886855291,0.877942873882938,-0.02114831480259105,1,1,lost_cause,0.6192,0,1,377,1
HELIOS-000406,31.2,162.39,enterprise,18,4,5,0,0,0,8.0,459,0.99,0.99,0.0,1,1,sure_thing,0.51,1,1,950,0
HELIOS-000407,12.2,22.53,basic,5,9,0,3,0,0,,69,0.7068410457697812,0.8950552671441288,0.1882142213743475,0,1,persuadable,0.9909,1,1,371,1
HELIOS-000408,3.2,15.34,basic,18,8,4,0,0,0,9.0,36,0.9559790453252002,0.9311547179216645,-0.024824327403535684,1,1,sure_thing,0.6792,1,1,97,1
HELIOS-000409,31.2,18.83,basic,22,7,8,1,0,0,,673,0.9835068253558602,0.9846146828448616,0.0011078574890014403,1,1,sure_thing,0.5351,0,1,950,1
HELIOS-000410,10.9,25.61,basic,5,65,3,0,0,0,,67,0.9290159388811922,0.7951213510004522,-0.13389458788073993,1,1,sleeping_dog,0.6158,0,1,332,1
HELIOS-000411,31.2,15.21,basic,4,64,2,0,0,0,,174,0.9278918750635711,0.7728935523978882,-0.15499832266568292,1,1,sleeping_dog,0.2402,0,1,950,1
HELIOS-000412,17.9,38.69,pro,12,2,4,0,0,1,,207,0.9560098595302605,0.9066418928752972,-0.04936796665496335,1,1,sure_thing,0.6398,1,1,545,1
HELIOS-000413,31.2,20.04,basic,9,19,3,1,0,0,,286,0.9584888459953976,0.9488155118258428,-0.009673334169554848,1,1,sure_thing,0.6766,1,1,950,1
HELIOS-000414,15.2,31.59,pro,12,0,6,0,0,1,,225,0.9662040992621423,0.9399084529964838,-0.0262956462656585,1,1,sure_thing,0.178,0,1,463,1
HELIOS-000415,17.1,19.09,basic,10,0,8,0,0,0,8.0,193,0.9673106076384401,0.9635456009062872,-0.0037650067321529646,1,1,sure_thing,0.4578,1,1,521,1
HELIOS-000416,31.2,38.97,pro,6,24,9,0,0,0,,267,0.9693481126075585,0.9643231000370002,-0.005025012570558318,1,1,sure_thing,0.066,0,1,950,1
HELIOS-000417,31.2,43.49,pro,13,7,2,0,0,0,,396,0.9747082245242096,0.9340818631114682,-0.04062636141274134,1,1,sure_thing,0.0329,0,1,950,1
HELIOS-000418,7.5,42.44,pro,0,297,1,1,1,0,,27,0.25334928500723,0.15373124740738797,-0.099618037599842,0,0,sleeping_dog,0.9988,1,0,228,0
HELIOS-000419,17.0,22.35,basic,6,30,5,0,0,0,,150,0.9389000704460071,0.9046836080375029,-0.03421646240850418,1,1,sure_thing,0.8471,1,1,517,1
HELIOS-000420,11.9,20.48,basic,4,82,3,1,1,1,6.0,59,0.7052015232166358,0.7445714429243039,0.03936991970766812,1,1,lost_cause,0.7631,0,1,362,1
HELIOS-000421,27.5,25.75,basic,23,0,7,0,0,0,,565,0.9862078250242294,0.9787545111444284,-0.007453313879801082,1,1,sure_thing,0.3372,1,1,837,1
HELIOS-000422,16.1,20.15,basic,4,5,4,0,0,1,,170,0.9273982346206219,0.8746787393614837,-0.052719495259138216,1,1,sleeping_dog,0.1917,0,1,490,0
HELIOS-000423,31.2,18.78,basic,11,9,4,1,0,0,,369,0.9483900670706131,0.9470148743603855,-0.0013751927102276795,1,1,sure_thing,0.48,1,1,950,1
HELIOS-000424,25.3,53.47,pro,12,4,4,0,1,0,,238,0.9550221734882315,0.99,0.034977826511768506,1,1,sure_thing,0.7974,1,1,770,0
HELIOS-000425,31.2,22.2,basic,7,51,1,1,0,1,6.0,182,0.9388098100729977,0.79009592507481,-0.14871388499818772,1,1,sleeping_dog,0.0986,0,1,950,1
HELIOS-000426,9.2,60.24,pro,6,7,7,0,0,0,,55,0.947054492265996,0.9438927110512713,-0.003161781214724768,1,1,sure_thing,0.6862,1,1,280,1
HELIOS-000427,15.3,65.68,pro,6,30,2,1,0,0,5.0,85,0.9089343778513511,0.9046046242223293,-0.004329753629021771,1,1,lost_cause,0.7111,0,1,466,0
HELIOS-000428,14.7,26.57,basic,65,0,24,0,0,0,10.0,587,0.99,0.99,0.0,1,1,sure_thing,0.7417,1,1,447,1
HELIOS-000429,31.2,58.93,pro,6,154,1,0,0,0,,114,0.9161395982177186,0.6329715084049241,-0.2831680898127945,1,1,sleeping_dog,0.2191,0,1,950,1
HELIOS-000430,25.3,40.05,pro,14,12,4,1,0,0,8.0,284,0.9492222422591426,0.9484209301494352,-0.0008013121097074638,1,1,sure_thing,0.4754,1,1,770,1
HELIOS-000431,26.2,19.72,basic,6,41,1,0,0,1,5.0,206,0.9195331907255482,0.7249146072149251,-0.1946185835106231,1,1,sleeping_dog,0.3548,1,1,798,1
HELIOS-000432,31.2,13.31,basic,3,136,1,1,0,1,6.0,96,0.8482553839263431,0.5816498117584099,-0.26660557216793324,1,1,sleeping_dog,0.5752,0,1,950,0
HELIOS-000433,2.0,17.82,basic,13,41,7,1,1,0,,32,0.8286519332326653,0.9135626054260766,0.08491067219341131,1,1,persuadable,0.7969,1,1,61,0
HELIOS-000434,22.5,121.45,enterprise,0,31,2,0,0,0,5.0,128,0.9451840906484231,0.8981912927895546,-0.04699279785886856,1,1,sure_thing,0.6908,1,1,685,1
HELIOS-000435,19.6,22.31,basic,13,0,5,1,0,1,,193,0.9344844284436115,0.9262919830102861,-0.008192445433325313,1,1,sure_thing,0.6982,1,1,597,1
HELIOS-000436,20.5,139.81,enterprise,9,12,8,0,0,0,,212,0.9787442642297228,0.99,0.011255735770277164,1,1,sure_thing,0.4648,1,1,624,1
HELIOS-000437,2.1,32.75,pro,19,17,7,0,1,1,8.0,19,0.9263045552979714,0.9329649989840003,0.006660443686028916,0,0,sure_thing,0.4388,1,0,64,1
HELIOS-000438,24.2,23.73,basic,6,27,3,1,0,0,,183,0.9311655966513822,0.91993934001971,-0.011226256631672205,1,1,sure_thing,0.4818,0,1,737,1
HELIOS-000439,12.5,15.4,basic,5,33,3,0,0,0,,89,0.856651538091479,0.7916365328352533,-0.06501500525622572,1,1,sleeping_dog,0.5306,0,1,380,1
HELIOS-000440,20.6,45.01,pro,13,36,7,0,0,0,9.0,222,0.9747661768584768,0.9518913941952314,-0.022874782663245385,1,1,sure_thing,0.3811,0,1,627,1
HELIOS-000441,21.6,45.85,pro,4,64,7,2,0,1,7.0,276,0.8299241442888896,0.9093356843364737,0.0794115400475841,1,1,persuadable,0.8505,1,1,658,0
HELIOS-000442,31.2,33.5,pro,5,37,0,1,0,0,5.0,142,0.9376976435885267,0.8777337800549919,-0.05996386353353478,1,1,sleeping_dog,0.1228,1,1,950,1
HELIOS-000443,23.6,53.89,pro,19,1,6,0,1,1,,370,0.9622896348847065,0.9795075903165678,0.01721795543186122,1,1,sure_thing,0.1068,0,1,718,1
HELIOS-000444,19.9,39.85,pro,21,5,3,0,0,0,9.0,371,0.987644329742066,0.957675584690953,-0.02996874505111291,1,1,sure_thing,0.6749,1,1,606,1
HELIOS-000445,6.4,43.53,pro,20,5,10,0,0,0,8.0,159,0.9841285809365797,0.9818528481577714,-0.002275732778808326,1,1,sure_thing,0.2557,1,1,195,1
HELIOS-000446,24.2,14.34,basic,9,28,6,0,0,0,8.0,225,0.9604399903420842,0.9358045667126962,-0.024635423629387976,1,1,sure_thing,0.3046,0,1,737,1
HELIOS-000447,15.1,19.29,basic,6,162,6,0,0,0,,110,0.8952297323408982,0.63068300366168,-0.26454672867921825,1,1,sleeping_dog,0.7742,1,1,460,1
HELIOS-000448,31.2,55.43,pro,6,12,6,2,0,0,8.0,306,0.933167196228318,0.99,0.05683280377168198,1,1,persuadable,0.7789,1,1,950,1
HELIOS-000449,28.6,18.99,basic,1,19,3,0,0,0,5.0,136,0.936065326254028,0.8941235131799173,-0.04194181307411071,1,1,sure_thing,0.02,1,1,871,1
HELIOS-000450,9.9,50.18,pro,7,18,7,1,0,0,,141,0.8704762201165945,0.8908540741058687,0.020377853989274164,1,1,lost_cause,0.894,1,1,301,1
HELIOS-000451,31.2,53.59,pro,6,40,7,1,0,0,,309,0.9651559975867081,0.9823296631852062,0.01717366559849809,0,0,sure_thing,0.5449,0,0,950,1
HELIOS-000452,15.1,16.87,basic,10,10,6,1,0,0,7.0,156,0.9393756702786358,0.9440518693501947,0.0046761990715589175,0,0,sure_thing,0.4923,0,0,460,1
HELIOS-000453,24.6,22.04,basic,2,65,6,0,0,0,,154,0.939754243125463,0.8690494366658388,-0.07070480645962418,1,1,sleeping_dog,0.4683,1,1,749,1
HELIOS-000454,31.2,19.14,basic,1,30,1,0,0,0,,177,0.9141789165995494,0.8197520813370842,-0.0944268352624652,1,1,sleeping_dog,0.5829,1,1,950,1
HELIOS-000455,28.0,55.01,pro,0,81,1,0,0,0,,110,0.9003330834194389,0.6925432638091187,-0.20778981961032017,1,1,sleeping_dog,0.8632,1,1,852,1
HELIOS-000456,16.1,137.21,enterprise,4,2,2,1,1,0,8.0,106,0.8683549193914942,0.99,0.12164508060850576,0,1,persuadable,0.472,1,1,490,1
HELIOS-000457,6.0,19.12,basic,2,40,6,0,1,0,4.0,37,0.8457945740234704,0.8845465485822764,0.03875197455880608,1,1,lost_cause,0.4415,0,1,183,1
HELIOS-000458,31.2,26.7,basic,6,12,2,2,0,0,,191,0.9254883888883074,0.99,0.06451161111169257,1,1,persuadable,0.8094,1,1,950,1
HELIOS-000459,20.4,19.25,basic,1,104,2,0,1,1,4.0,66,0.7803404482740912,0.6035967436226949,-0.17674370465139633,0,0,sleeping_dog,0.9005,1,0,621,1
HELIOS-000460,12.2,229.45,enterprise,5,5,4,2,1,0,,116,0.8650075321727151,0.99,0.1249924678272849,1,1,persuadable,0.8937,1,1,371,1
HELIOS-000461,9.4,45.55,pro,11,14,2,0,0,0,,123,0.92974497904215,0.8804303086806093,-0.04931467036154069,1,1,sure_thing,0.7798,1,1,286,1
HELIOS-000462,31.2,25.77,basic,3,82,3,3,0,0,,264,0.7270390409856313,0.9023264486623057,0.1752874076766744,0,0,persuadable,0.6674,1,0,950,1
HELIOS-000463,20.2,41.47,pro,7,142,2,2,0,0,6.0,123,0.8182601439167614,0.6845833563298513,-0.13367678758691004,1,1,sleeping_dog,0.5448,0,1,615,1
HELIOS-000464,7.7,70.26,pro,7,49,6,1,0,0,8.0,75,0.9210206332983369,0.9346253212319515,0.013604687933614579,1,1,sure_thing,0.1997,0,1,234,1
HELIOS-000465,27.7,32.83,pro,4,6,6,0,0,1,,223,0.9616621373389241,0.93230035643565,-0.029361780903274126,1,1,sure_thing,0.1806,1,1,843,1
HELIOS-000466,9.1,20.77,basic,10,12,8,1,0,0,10.0,149,0.9347063120585147,0.9433022510703919,0.008595939011877163,1,1,sure_thing,0.7443,0,1,277,1
HELIOS-000467,4.4,46.09,pro,4,29,4,2,1,0,4.0,29,0.7047455838341257,0.9681207258561731,0.2633751420220475,0,1,persuadable,0.9286,1,1,134,1
HELIOS-000468,17.1,14.74,basic,19,6,7,0,0,0,,228,0.9768324989441931,0.9677185476023994,-0.009113951341793713,1,1,sure_thing,0.8048,0,1,521,1
HELIOS-000469,31.2,43.96,pro,9,59,6,1,0,0,,259,0.9598872962132635,0.9474456023676149,-0.012441693845648638,1,1,sure_thing,0.4854,1,1,950,1
HELIOS-000470,31.2,66.89,pro,16,10,9,0,0,0,,542,0.9888427201648098,0.9861804833802876,-0.002662236784522154,1,1,sure_thing,0.118,0,1,950,1
HELIOS-000471,14.1,17.44,basic,25,11,8,0,0,0,7.0,228,0.9783480557550915,0.9701696688757563,-0.008178386879335253,1,1,sure_thing,0.3715,0,1,429,1
HELIOS-000472,10.3,15.31,basic,15,12,7,0,1,0,9.0,193,0.9414424251077059,0.9560720422924202,0.014629617184714228,1,1,sure_thing,0.8034,1,1,314,1
HELIOS-000473,14.5,45.14,pro,7,18,7,1,0,1,,125,0.9424183181386678,0.949268364469291,0.0068500463306231385,1,1,sure_thing,0.1992,1,1,441,1
HELIOS-000474,3.3,17.91,basic,8,30,2,0,0,0,10.0,22,0.9105320879688794,0.8331919105423862,-0.07734017742649324,1,1,sleeping_dog,0.2715,0,1,100,1
HELIOS-000475,31.2,126.18,enterprise,8,7,4,1,0,0,10.0,274,0.9673927235626385,0.99,0.02260727643736149,1,1,sure_thing,0.4377,1,1,950,1
HELIOS-000476,16.2,16.04,basic,7,6,6,0,0,1,8.0,128,0.9393256203961579,0.9077348873763385,-0.031590733019819406,1,1,sure_thing,0.6811,1,1,493,1
HELIOS-000477,7.9,22.94,basic,22,7,6,0,0,0,8.0,125,0.9730528625074454,0.9598843734523972,-0.013168489055048194,1,1,sure_thing,0.1477,0,1,240,1
HELIOS-000478,22.4,24.95,basic,6,0,2,0,0,0,,107,0.9550539305999187,0.9231477591448631,-0.03190617145505559,1,1,sure_thing,0.9563,1,1,682,1
HELIOS-000479,23.0,53.49,pro,7,29,2,0,0,0,,212,0.945082537805401,0.872828311409796,-0.07225422639560497,1,1,sleeping_dog,0.4658,0,1,700,1
HELIOS-000480,21.6,49.17,pro,23,11,17,0,0,0,8.0,503,0.99,0.99,0.0,1,1,sure_thing,0.7295,1,1,658,0
HELIOS-000481,17.2,153.28,enterprise,4,91,2,1,0,0,,112,0.918557708471224,0.8954742919872279,-0.023083416483996033,1,1,lost_cause,0.0337,0,1,524,1
HELIOS-000482,13.7,26.36,basic,3,0,0,0,0,1,,87,0.8633664605714716,0.7467862621694973,-0.11658019840197431,1,1,sleeping_dog,0.4438,0,1,417,1
HELIOS-000483,6.4,66.49,pro,4,3,2,0,0,1,5.0,37,0.9344003957019238,0.857534278534847,-0.07686611716707681,1,1,sleeping_dog,0.8772,1,1,195,1
HELIOS-000484,31.2,15.75,basic,5,55,4,0,1,0,,274,0.8884835713091249,0.8925684555703295,0.004084884261204569,1,1,lost_cause,0.0148,0,1,950,1
HELIOS-000485,2.7,65.98,pro,69,6,15,0,0,0,,88,0.99,0.99,0.0,1,1,sure_thing,0.6172,1,1,82,1
HELIOS-000486,19.0,19.95,basic,15,1,14,0,0,0,,298,0.9847434452053585,0.985370612214137,0.0006271670087785175,1,1,sure_thing,0.5749,1,1,578,1
HELIOS-000487,23.8,130.22,enterprise,13,41,5,0,0,1,,229,0.9746411688573354,0.8815745903439938,-0.09306657851334166,1,1,sleeping_dog,0.0974,0,1,724,1
HELIOS-000488,13.6,17.03,basic,4,26,1,0,0,0,6.0,73,0.9135123819401936,0.8264166078114138,-0.08709577412877978,1,1,sleeping_dog,0.5309,1,1,414,1
HELIOS-000489,19.4,19.05,basic,9,17,2,0,0,0,,212,0.9453528062284453,0.890503476171497,-0.05484933005694825,0,0,sleeping_dog,0.6372,1,0,591,1
HELIOS-000490,15.1,24.46,basic,19,7,13,0,0,0,,245,0.9850030945256839,0.984598324245743,-0.00040477027994090253,1,1,sure_thing,0.1418,0,1,460,1
HELIOS-000491,7.7,28.0,basic,6,161,11,1,0,0,,82,0.8274595218611862,0.7156018710090116,-0.11185765085217458,1,1,sleeping_dog,0.7506,1,1,234,1
HELIOS-000492,9.3,17.7,basic,10,72,10,1,1,0,,117,0.8414145682888708,0.9420553587789892,0.10064079049011831,1,1,persuadable,0.87,0,1,283,1
HELIOS-000493,8.8,45.72,pro,44,1,21,0,0,0,10.0,241,0.99,0.99,0.0,1,1,sure_thing,0.63,0,1,268,1
HELIOS-000494,31.2,186.12,enterprise,12,25,11,1,0,0,,396,0.9897592031788082,0.99,0.00024079682119182433,1,1,sure_thing,0.0228,0,1,950,1
HELIOS-000495,31.2,15.26,basic,3,52,0,0,0,0,,182,0.9356370043918868,0.7646298563701214,-0.17100714802176542,1,0,sleeping_dog,0.1426,0,1,950,1
HELIOS-000496,17.9,20.94,basic,6,1,7,0,0,0,9.0,243,0.9374975021125935,0.9323442384119349,-0.005153263700658606,1,1,sure_thing,0.5252,0,1,545,1
HELIOS-000497,6.1,42.16,pro,1,1,2,0,1,0,7.0,56,0.7791568044610474,0.8446253811685768,0.06546857670752937,0,1,persuadable,0.9388,1,1,186,1
HELIOS-000498,8.4,19.45,basic,3,238,4,0,0,0,,31,0.7074710912110257,0.4134098682417461,-0.2940612229692796,0,0,sleeping_dog,0.9883,1,0,256,1
HELIOS-000499,11.4,16.76,basic,4,145,1,0,1,0,6.0,85,0.8007655430306464,0.5831254988979859,-0.21764004413266047,1,1,sleeping_dog,0.732,1,1,347,1
HELIOS-000500,27.7,22.78,basic,3,191,3,0,1,0,3.0,168,0.8012101333572278,0.5692609694158268,-0.23194916394140097,1,1,sleeping_dog,0.748,0,1,843,1
HELIOS-000501,4.3,21.97,basic,1,146,0,0,1,0,,21,0.5773031855280614,0.36380871647528445,-0.21349446905277691,1,1,sleeping_dog,0.8874,1,1,131,1
HELIOS-000502,28.1,14.94,basic,7,26,4,0,0,0,,205,0.9410262257544406,0.8998557504393135,-0.041170475315127075,1,1,sure_thing,0.1878,0,1,855,1
HELIOS-000503,8.8,43.65,pro,14,12,6,0,1,0,,94,0.9075481262022167,0.9349999141424156,0.02745178794019887,1,1,lost_cause,0.8148,1,1,268,1
HELIOS-000504,19.0,28.27,basic,5,43,6,0,0,0,,196,0.9491476003210072,0.9115068381603769,-0.03764076216063028,1,1,sure_thing,0.8718,1,1,578,1
HELIOS-000505,9.1,48.43,pro,10,73,2,0,0,0,8.0,60,0.892478039677132,0.7160995030590862,-0.1763785366180458,1,1,sleeping_dog,0.7002,1,1,277,1
HELIOS-000506,31.2,52.44,pro,4,71,5,0,0,1,,207,0.9533753737524393,0.779720767908352,-0.17365460584408732,1,1,sleeping_dog,0.6309,1,1,950,0
HELIOS-000507,18.3,107.08,enterprise,8,43,2,1,0,0,,142,0.9228135479808884,0.9262057315341674,0.0033921835532789713,1,1,sure_thing,0.6652,1,1,557,1
HELIOS-000508,31.2,15.94,basic,5,113,1,1,0,0,,120,0.8583008066612292,0.6421277397860434,-0.21617306687518578,1,1,sleeping_dog,0.6969,0,1,950,1
HELIOS-000509,5.8,74.66,enterprise,15,1,6,0,0,0,,97,0.9653479357630792,0.9582823294233541,-0.0070656063397250835,1,1,sure_thing,0.1085,0,1,177,1
HELIOS-000510,31.2,95.69,enterprise,7,54,3,1,1,0,8.0,257,0.9035293187360762,0.99,0.08647068126392377,1,1,persuadable,0.4635,1,1,950,1
HELIOS-000511,13.8,48.98,pro,2,250,1,2,1,1,8.0,58,0.3224305080754133,0.29771274616850163,-0.02471776190691166,0,0,lost_cause,0.9972,1,0,420,1
HELIOS-000512,2.6,35.49,pro,11,12,11,0,0,0,6.0,39,0.974721550677131,0.9741081044757448,-0.0006134462013861475,1,1,sure_thing,0.1188,0,1,79,1
HELIOS-000513,31.2,105.02,enterprise,15,44,3,1,0,0,,355,0.9721807878691369,0.9619876574740653,-0.010193130395071526,1,1,sure_thing,0.1655,1,1,950,1
HELIOS-000514,25.8,45.72,pro,11,64,9,0,0,0,,413,0.9547051878511622,0.9241075549960506,-0.030597632855111634,1,1,sure_thing,0.2374,0,1,785,1
HELIOS-000515,10.1,46.37,pro,13,24,12,0,0,0,,149,0.9757945710305209,0.9749739414468043,-0.0008206295837166477,1,1,sure_thing,0.4255,1,1,307,1
HELIOS-000516,18.1,47.93,pro,20,30,12,0,0,0,,364,0.9878550450433514,0.984814295144024,-0.003040749899327455,1,1,sure_thing,0.4542,1,1,551,1
HELIOS-000517,10.9,24.39,basic,7,7,6,0,1,0,9.0,97,0.8684190240785095,0.9033727196773942,0.034953695598884726,1,1,lost_cause,0.7375,1,1,332,1
HELIOS-000518,14.0,67.24,pro,5,41,5,0,0,0,,87,0.9280632952716091,0.8855467312269448,-0.04251656404466431,1,1,sure_thing,0.8551,1,1,426,1
HELIOS-000519,28.9,181.41,enterprise,3,13,2,0,1,0,5.0,143,0.9555651780760345,0.99,0.03443482192396552,1,1,sure_thing,0.6043,1,1,880,1
HELIOS-000520,16.3,64.31,pro,5,29,0,1,0,0,6.0,107,0.8878752229311765,0.859371651935407,-0.0285035709957695,1,1,lost_cause,0.8788,1,1,496,0
HELIOS-000521,4.6,33.87,pro,11,15,5,1,0,0,10.0,49,0.8892933587228707,0.8928157678176126,0.003522409094741885,1,1,lost_cause,0.9049,1,1,140,0
HELIOS-000522,31.2,59.64,pro,6,9,3,0,0,0,5.0,252,0.972028466443127,0.9439434833520978,-0.028084983091029248,1,1,sure_thing,0.9154,1,1,950,1
HELIOS-000523,14.4,15.81,basic,6,9,3,0,0,0,9.0,127,0.9363340881580302,0.9041744885451802,-0.032159599612849976,1,1,sure_thing,0.8538,1,1,438,1
HELIOS-000524,12.5,25.48,basic,8,2,8,0,1,0,,118,0.8942545383145539,0.9294723861386057,0.035217847824051796,0,0,lost_cause,0.014,0,0,380,1
HELIOS-000525,11.3,33.6,pro,5,2,4,0,0,0,6.0,71,0.935902995216434,0.9190976129052351,-0.01680538231119899,1,1,sure_thing,0.082,0,1,344,1
HELIOS-000526,24.2,21.1,basic,5,19,2,1,1,1,,145,0.8287973439206174,0.9434994238889176,0.11470207996830017,1,1,persuadable,0.8131,1,1,737,1
HELIOS-000527,17.2,14.88,basic,6,49,1,0,1,0,,105,0.7879568234240114,0.7591611370168648,-0.02879568640714658,1,1,lost_cause,0.8125,1,1,524,1
HELIOS-000528,19.5,69.8,pro,68,0,23,1,0,1,,794,0.99,0.99,0.0,1,1,sure_thing,0.0206,0,1,594,1
HELIOS-000529,31.2,65.47,pro,8,4,3,0,0,0,10.0,366,0.969354178255618,0.9457346670985466,-0.023619511157071393,1,1,sure_thing,0.2825,0,1,950,1
HELIOS-000530,18.6,16.84,basic,16,5,14,0,0,0,,384,0.9756192622608878,0.9758841759443024,0.00026491368341463595,1,1,sure_thing,0.3062,0,1,566,1
HELIOS-000531,31.2,58.35,pro,2,154,3,0,0,1,,177,0.9052244243906196,0.6216852022697474,-0.2835392221208721,0,0,sleeping_dog,0.2297,0,0,950,1
HELIOS-000532,31.2,19.71,basic,10,36,10,0,0,0,10.0,290,0.9665831227598015,0.9582054097579621,-0.008377713001839426,1,1,sure_thing,0.4128,0,1,950,1
HELIOS-000533,19.5,18.27,basic,5,27,1,1,0,0,,92,0.867146415786032,0.8344298296223295,-0.03271658616370254,1,1,lost_cause,0.2603,1,1,594,1
HELIOS-000534,31.2,35.82,pro,8,43,6,1,0,0,,365,0.9541007211259673,0.9531108644129863,-0.0009898567129810187,1,1,sure_thing,0.1411,0,1,950,1
HELIOS-000535,13.5,24.41,basic,8,15,1,0,0,0,7.0,114,0.9285372471050438,0.8620888936473489,-0.06644835345769495,1,1,sleeping_dog,0.8637,1,1,411,1
HELIOS-000536,31.2,15.63,basic,6,34,3,0,1,0,6.0,193,0.8802194703482116,0.8918346623445162,0.011615191996304675,1,1,lost_cause,0.9109,1,1,950,1
HELIOS-000537,14.2,16.13,basic,18,1,12,0,0,1,,219,0.9830433684460542,0.9791466269866602,-0.003896741459394004,0,0,sure_thing,0.7137,1,0,432,0
HELIOS-000538,20.6,19.14,basic,1,69,1,0,1,0,5.0,81,0.7619271800885026,0.7123657150393754,-0.049561465049127174,0,0,lost_cause,0.982,1,0,627,1
HELIOS-000539,25.7,121.45,enterprise,5,28,1,0,0,0,,184,0.9608709699825696,0.8898379414862794,-0.07103302849629023,1,0,sleeping_dog,0.1009,1,0,782,0
HELIOS-000540,31.2,14.09,basic,1,20,1,1,0,0,,121,0.8373796383382571,0.8185262183282449,-0.018853420010012223,1,1,lost_cause,0.826,1,1,950,1
HELIOS-000541,31.2,25.34,basic,5,4,3,0,0,0,,214,0.9393633660875405,0.9130040292987979,-0.026359336788742582,1,0,sure_thing,0.0525,0,1,950,1
HELIOS-000542,25.6,55.97,pro,2,27,1,1,1,0,5.0,209,0.7545768264550751,0.943235056624518,0.18865823016944294,0,1,persuadable,0.0806,0,0,779,1
HELIOS-000543,3.4,15.76,basic,7,2,2,1,0,0,,44,0.8736843729264776,0.8700709732174742,-0.0036133997090034287,1,1,lost_cause,0.3892,0,1,103,0
HELIOS-000544,31.2,17.9,basic,15,14,7,0,0,0,,591,0.9809054737979302,0.9693512745491365,-0.01155419924879375,1,1,sure_thing,0.4291,0,1,950,1
HELIOS-000545,21.4,23.57,basic,4,100,5,1,0,0,,106,0.8624371595286167,0.764206147116154,-0.09823101241246268,1,1,sleeping_dog,0.8669,1,1,651,1
HELIOS-000546,31.2,45.57,pro,4,7,2,0,0,0,,165,0.9601256635949347,0.9230473529679579,-0.03707831062697675,1,1,sure_thing,0.9463,1,1,950,1
HELIOS-000547,30.8,23.14,basic,42,3,9,0,0,1,,832,0.99,0.984499496852143,-0.005500503147856994,1,1,sure_thing,0.0998,1,1,938,1
HELIOS-000548,31.2,42.33,pro,45,7,14,0,0,0,10.0,849,0.99,0.99,0.0,1,1,sure_thing,0.4972,0,1,950,1
HELIOS-000549,24.4,19.45,basic,12,3,8,2,0,0,,264,0.9123740919810198,0.9595914041448161,0.04721731216379632,1,1,lost_cause,0.7915,0,1,743,1
HELIOS-000550,17.3,51.52,pro,23,8,6,0,0,0,,242,0.9747167525873041,0.9616673054749167,-0.013049447112387313,1,1,sure_thing,0.7488,1,1,527,1
HELIOS-000551,27.3,30.25,basic,4,48,1,0,1,0,,86,0.8447846607924575,0.8349014948294007,-0.009883165963056828,1,1,lost_cause,0.5715,1,1,831,1
HELIOS-000552,31.2,64.73,pro,18,3,7,0,1,0,7.0,395,0.9641617010800689,0.99,0.025838298919931058,1,1,sure_thing,0.3812,1,1,950,1
HELIOS-000553,31.2,211.42,enterprise,2,20,3,0,1,0,,192,0.9186683278350067,0.99,0.07133167216499325,1,1,persuadable,0.2238,1,1,950,1
HELIOS-000554,24.9,140.55,enterprise,16,18,10,1,0,1,10.0,475,0.9733794025506526,0.99,0.016620597449347407,1,1,sure_thing,0.2977,0,1,758,1
HELIOS-000555,31.2,35.1,pro,6,145,1,1,0,0,6.0,218,0.8753867583205811,0.6249757859354816,-0.25041097238509946,1,1,sleeping_dog,0.7105,1,1,950,1
HELIOS-000556,22.8,17.95,basic,6,10,2,0,0,1,8.0,162,0.9536946310093126,0.8555243894967212,-0.09817024151259146,1,1,sleeping_dog,0.7814,1,1,694,1
HELIOS-000557,24.1,24.87,basic,12,22,5,1,0,0,,319,0.9448239676425672,0.9422465844808985,-0.002577383161668667,1,1,sure_thing,0.4202,0,1,734,1
HELIOS-000558,8.3,14.21,basic,13,7,9,1,0,0,,169,0.9408425744786588,0.9471428228309318,0.006300248352272941,1,1,sure_thing,0.5989,0,1,253,1
HELIOS-000559,7.9,65.76,pro,6,24,5,0,0,0,,63,0.9421462516861241,0.9185535156317568,-0.02359273605436729,1,1,sure_thing,0.5566,1,1,240,1
HELIOS-000560,31.2,169.39,enterprise,0,44,0,0,0,1,3.0,81,0.9367087559241265,0.7877058295244115,-0.14900292639971502,1,1,sleeping_dog,0.1646,1,1,950,1
HELIOS-000561,8.3,29.78,basic,15,7,4,1,0,0,,95,0.9201643133423945,0.9183070570109574,-0.0018572563314370738,1,1,sure_thing,0.1828,0,1,253,0
HELIOS-000562,25.0,21.74,basic,3,170,1,0,0,0,,119,0.8508933233437377,0.5612287348321787,-0.28966458851155896,1,1,sleeping_dog,0.1254,0,1,761,1
HELIOS-000563,14.0,14.97,basic,9,53,10,1,0,0,,164,0.9454567436796063,0.9492271497904399,0.0037704061108335685,1,1,sure_thing,0.2646,0,1,426,1
HELIOS-000564,16.3,20.51,basic,15,17,2,0,1,1,10.0,211,0.9200859092727445,0.8921795865917933,-0.027906322680951168,1,1,sure_thing,0.8769,1,1,496,1
HELIOS-000565,7.4,16.13,basic,5,19,2,0,0,1,7.0,43,0.9148903443794176,0.796028115186385,-0.11886222919303258,1,0,sleeping_dog,0.8871,0,1,225,0
HELIOS-000566,23.4,23.34,basic,9,16,6,1,0,0,,212,0.9452315935290827,0.9509595147755396,0.005727921246456935,1,1,sure_thing,0.2185,0,1,712,1
HELIOS-000567,25.7,126.02,enterprise,2,37,2,0,0,0,6.0,103,0.9271895671740552,0.8654671579961742,-0.061722409177880966,1,1,sleeping_dog,0.9083,1,1,782,1
HELIOS-000568,20.3,21.18,basic,15,31,3,1,0,0,,275,0.9499712536264313,0.9251378669254703,-0.024833386700961024,1,1,sure_thing,0.3091,1,1,618,1
HELIOS-000569,31.2,45.91,pro,53,1,18,0,0,0,7.0,949,0.99,0.99,0.0,1,1,sure_thing,0.0125,0,1,950,1
HELIOS-000570,15.2,68.7,pro,27,7,16,1,0,0,,345,0.9841122378000758,0.99,0.005887762199924151,1,1,sure_thing,0.5785,0,1,463,1
HELIOS-000571,23.1,18.98,basic,4,10,4,0,0,1,,204,0.954465604789326,0.8936424568376145,-0.06082314795171151,1,1,sleeping_dog,0.8217,0,1,703,1
HELIOS-000572,31.2,44.44,pro,7,0,5,0,0,0,,250,0.9614117423826218,0.9512359776105359,-0.010175764772085927,1,1,sure_thing,0.8114,1,1,950,0
HELIOS-000573,31.2,41.21,pro,19,14,8,1,1,1,10.0,613,0.9594779846691398,0.99,0.030522015330860186,1,1,sure_thing,0.4575,1,1,950,0
HELIOS-000574,28.0,13.38,basic,5,16,3,1,0,0,,202,0.8788137899109374,0.8741334543585595,-0.004680335552377901,1,1,lost_cause,0.6049,1,1,852,1
HELIOS-000575,4.3,16.16,basic,10,17,3,0,0,0,8.0,32,0.9271160881961379,0.8849453502171875,-0.042170737978950434,1,1,sure_thing,0.6671,0,1,131,1
HELIOS-000576,23.8,22.17,basic,12,20,6,0,0,0,,359,0.9755790197025166,0.956566010361673,-0.0190130093408436,1,1,sure_thing,0.182,0,1,724,1
HELIOS-000577,8.9,19.99,basic,14,1,6,0,0,1,,112,0.9642905450695849,0.9362780969362464,-0.028012448133338474,1,1,sure_thing,0.6034,1,1,271,1
HELIOS-000578,20.0,19.08,basic,8,2,11,0,0,1,,310,0.9590529064393665,0.9548181189169697,-0.00423478752239681,1,1,sure_thing,0.5817,0,1,609,1
HELIOS-000579,17.0,25.17,basic,3,94,2,2,0,0,,69,0.6337842692496947,0.6121938641677516,-0.021590405081943098,1,1,lost_cause,0.9462,1,1,517,1
HELIOS-000580,29.6,46.2,pro,3,21,2,0,0,0,,174,0.9440136197833875,0.8873232167458156,-0.05669040303757189,1,0,sleeping_dog,0.94,1,0,901,1
HELIOS-000581,10.3,44.41,pro,5,7,5,0,0,0,,81,0.9023650594069537,0.8893597485956217,-0.013005310811331938,1,1,lost_cause,0.3109,1,1,314,1
HELIOS-000582,24.9,21.49,basic,18,2,5,1,0,1,,309,0.9763618466430962,0.9634337661093699,-0.012928080533726294,1,1,sure_thing,0.6818,0,1,758,1
HELIOS-000583,9.5,18.59,basic,8,15,1,0,0,1,,59,0.9203309073632173,0.7878644836036288,-0.1324664237595885,1,0,sleeping_dog,0.0168,0,1,289,1
HELIOS-000584,5.2,166.45,enterprise,19,7,7,0,0,0,,78,0.9813915386240781,0.9890956953432248,0.007704156719146704,1,1,sure_thing,0.3528,1,1,158,1
HELIOS-000585,15.7,53.27,pro,3,14,4,2,0,1,8.0,113,0.8540042267838623,0.9669286278056608,0.11292440102179846,0,0,persuadable,0.42,0,0,478,1
HELIOS-000586,28.2,17.09,basic,10,137,4,1,0,0,,232,0.9020019251879501,0.6875048470029521,-0.21449707818499797,1,1,sleeping_dog,0.2206,0,1,858,1
HELIOS-000587,16.2,17.66,basic,11,3,3,0,1,1,,169,0.8588602324650371,0.8606171314723152,0.0017568990072781565,1,1,lost_cause,0.7211,1,1,493,1
HELIOS-000588,13.2,21.81,basic,4,37,7,0,0,0,7.0,165,0.9067109037867489,0.8841359302832081,-0.022574973503540763,1,1,lost_cause,0.7425,1,1,402,1
HELIOS-000589,31.2,21.52,basic,12,28,5,2,0,0,,327,0.9274852468458217,0.9696382215402297,0.04215297469440804,1,1,sure_thing,0.6248,1,1,950,1
HELIOS-000590,31.2,17.96,basic,3,73,3,0,0,0,,123,0.9205151887747788,0.7668793867129671,-0.1536358020618117,1,1,sleeping_dog,0.1975,0,1,950,1
HELIOS-000591,31.2,114.09,enterprise,4,119,1,1,2,0,,163,0.5896049080708282,0.8035117743924598,0.21390686632163158,1,1,persuadable,0.9568,1,1,950,1
HELIOS-000592,9.2,10.93,basic,3,325,1,1,1,0,,44,0.4017856784309881,0.2400970203331221,-0.161688658097866,1,0,sleeping_dog,0.996,0,1,280,1
HELIOS-000593,25.8,11.2,basic,6,56,4,2,1,1,5.0,151,0.7929261968832825,0.99,0.19707380311671752,0,1,persuadable,0.338,1,1,785,1
HELIOS-000594,25.9,24.3,basic,12,80,7,0,0,0,,241,0.9764306846285359,0.8919351960916715,-0.0844954885368644,1,1,sleeping_dog,0.1211,0,1,788,1
HELIOS-000595,30.2,19.06,basic,2,24,0,1,1,0,,82,0.8225675349028984,0.9576008659142248,0.13503333101132642,1,1,persuadable,0.9491,1,1,919,1
HELIOS-000596,25.2,137.84,enterprise,5,34,5,1,2,0,5.0,183,0.8155605521251463,0.99,0.17443944787485366,0,1,persuadable,0.6858,1,1,767,1
HELIOS-000597,31.1,23.33,basic,44,3,13,1,0,0,,770,0.99,0.99,0.0,1,1,sure_thing,0.2675,0,1,947,1
HELIOS-000598,14.8,20.3,basic,8,42,6,0,1,0,,175,0.8596845108562312,0.880422589877455,0.02073807902122382,1,1,lost_cause,0.7008,1,1,451,1
HELIOS-000599,10.3,27.66,basic,8,40,3,0,0,0,9.0,145,0.9356606508951775,0.857591972331272,-0.07806867856390542,1,1,sleeping_dog,0.4103,1,1,314,1
HELIOS-000600,3.5,14.63,basic,5,100,4,2,0,0,,19,0.7388070984297794,0.7233448656125333,-0.015462232817246124,0,0,lost_cause,0.3925,0,0,107,1
HELIOS-000601,31.2,19.26,basic,11,9,5,1,1,0,,286,0.9356925592660834,0.99,0.05430744073391658,1,1,persuadable,0.9654,1,1,950,1
HELIOS-000602,2.2,44.62,pro,14,5,9,1,0,0,,41,0.9409507909599438,0.952889954790425,0.011939163830481214,1,1,sure_thing,0.7183,1,1,67,1
HELIOS-000603,22.6,15.49,basic,0,5,4,0,0,0,,87,0.9265559907465444,0.9080127641604208,-0.018543226586123618,1,1,sure_thing,0.6643,1,1,688,1
HELIOS-000604,2.9,18.73,basic,5,12,1,0,0,0,,23,0.8527832756808484,0.7919792187944046,-0.06080405688644386,1,1,sleeping_dog,0.4265,1,1,88,1
HELIOS-000605,31.2,40.7,pro,0,50,1,0,0,0,,109,0.939224083410356,0.8003777180692726,-0.1388463653410834,1,1,sleeping_dog,0.8712,1,1,950,1
HELIOS-000606,9.8,129.03,enterprise,5,25,6,0,0,0,7.0,75,0.9381075865577909,0.940965662541905,0.002858075984114028,0,0,sure_thing,0.8745,1,0,298,1
HELIOS-000607,7.7,51.96,pro,9,13,6,0,0,0,,87,0.931543366250763,0.91940461975754,-0.012138746493222996,1,1,sure_thing,0.3177,1,1,234,1
HELIOS-000608,7.2,20.95,basic,8,20,7,1,0,0,,92,0.8546457973466127,0.8622919152329023,0.00764611788628955,1,1,lost_cause,0.9414,1,1,219,1
HELIOS-000609,31.2,47.34,pro,7,46,2,1,0,1,5.0,162,0.9441291876243834,0.8401739406908806,-0.10395524693350278,1,0,sleeping_dog,0.3743,1,0,950,1
HELIOS-000610,17.2,49.39,pro,6,9,2,0,0,1,,98,0.9582591899846279,0.8649780643903057,-0.09328112559432222,1,1,sleeping_dog,0.5755,1,1,524,1
HELIOS-000611,31.2,138.23,enterprise,11,147,5,1,0,0,,257,0.9400550230082425,0.7957237828871961,-0.14433124012104637,1,1,sleeping_dog,0.112,1,1,950,1
HELIOS-000612,13.8,155.98,enterprise,7,40,5,0,0,0,10.0,186,0.9682364418461478,0.9556379178754456,-0.012598523970702158,1,1,sure_thing,0.7018,1,1,420,1
HELIOS-000613,26.4,42.84,pro,3,68,5,0,0,1,,192,0.9163282478412952,0.749172145171705,-0.16715610266959013,1,0,sleeping_dog,0.5688,1,0,804,1
HELIOS-000614,31.2,20.12,basic,6,11,6,2,1,0,8.0,304,0.8422256404577968,0.99,0.1477743595422032,1,1,persuadable,0.7445,1,1,950,1
HELIOS-000615,31.2,20.36,basic,16,0,11,0,0,0,,609,0.9797846321767503,0.978825314922617,-0.0009593172541332295,1,1,sure_thing,0.3191,0,1,950,0
HELIOS-000616,20.6,63.79,pro,2,21,3,1,0,0,,87,0.8986714681497369,0.9231351442303395,0.024463676080602625,1,1,lost_cause,0.2931,0,1,627,1
HELIOS-000617,31.2,20.47,basic,16,51,11,1,0,0,10.0,398,0.973098905865829,0.9749388684372949,0.001839962571465903,1,1,sure_thing,0.0292,0,1,950,1
HELIOS-000618,31.2,54.24,pro,29,9,12,0,0,0,10.0,567,0.99,0.99,0.0,1,1,sure_thing,0.0711,0,1,950,1
HELIOS-000619,20.1,21.68,basic,18,2,8,2,0,0,,384,0.9369691206854007,0.9683932077898862,0.03142408710448552,1,1,sure_thing,0.5023,1,1,612,1
HELIOS-000620,25.5,17.14,basic,7,12,5,2,0,0,,237,0.9063106011727291,0.9671682294385612,0.060857628265832076,1,1,persuadable,0.7192,1,1,776,1
HELIOS-000621,13.8,16.94,basic,3,9,3,0,1,0,,106,0.8401308639955957,0.8749447999476216,0.034813935952025976,1,1,lost_cause,0.8346,1,1,420,1
HELIOS-000622,31.2,41.16,pro,15,5,7,0,0,0,8.0,405,0.9818959631957273,0.9744941194259995,-0.007401843769727745,1,1,sure_thing,0.4934,1,1,950,1
HELIOS-000623,31.2,53.48,pro,25,9,13,0,0,0,,587,0.99,0.99,0.0,1,1,sure_thing,0.344,1,1,950,1
HELIOS-000624,20.4,18.93,basic,3,36,2,1,0,1,,124,0.9265369869133075,0.8416593737877202,-0.08487761312558739,1,1,sleeping_dog,0.8571,1,1,621,1
HELIOS-000625,2.2,16.86,basic,23,1,10,1,0,0,,41,0.9319146582999073,0.9344904317449874,0.0025757734450800873,1,1,sure_thing,0.4531,0,1,67,1
HELIOS-000626,9.8,14.9,basic,0,64,0,0,1,0,,33,0.692129577502241,0.6326940566067043,-0.05943552089553672,1,1,sleeping_dog,0.9408,1,1,298,1
HELIOS-000627,18.4,20.61,basic,30,2,10,0,0,0,,401,0.99,0.9869376637225019,-0.003062336277498079,1,1,sure_thing,0.3792,1,1,560,1
HELIOS-000628,25.2,107.15,enterprise,2,16,3,0,0,0,,217,0.940466156681766,0.9208670353244953,-0.01959912135727071,1,1,sure_thing,0.1849,1,1,767,1
HELIOS-000629,10.9,14.98,basic,8,3,4,1,1,0,9.0,105,0.9106806112902841,0.99,0.07931938870971589,1,1,persuadable,0.3343,0,1,332,1
HELIOS-000630,16.7,49.54,pro,8,0,0,0,1,0,5.0,120,0.930591944123399,0.9647508286264564,0.034158884503057485,1,1,sure_thing,0.198,0,1,508,1
HELIOS-000631,31.2,17.06,basic,6,119,0,0,0,0,,135,0.9302858370782214,0.6551977465204113,-0.27508809055781014,1,0,sleeping_dog,0.2762,1,0,950,1
HELIOS-000632,27.9,19.11,basic,15,23,7,0,0,0,,478,0.9775964292254024,0.9617838018454457,-0.0158126273799567,1,1,sure_thing,0.2842,0,1,849,1
HELIOS-000633,8.6,18.5,basic,11,38,9,0,0,0,,62,0.9295939020841624,0.9162812983122229,-0.013312603771939435,1,1,sure_thing,0.334,0,1,262,1
HELIOS-000634,17.6,22.41,basic,4,81,5,2,1,0,,138,0.5960411110424871,0.8333943421524663,0.2373532311099792,0,1,persuadable,0.9818,1,1,536,1
HELIOS-000635,17.9,23.58,basic,3,97,2,0,1,0,,103,0.8143158320214188,0.71634828698381,-0.09796754503760874,1,1,sleeping_dog,0.9592,1,1,545,1
HELIOS-000636,4.6,46.21,pro,4,114,0,0,1,1,3.0,10,0.6546037496256055,0.45323319397175155,-0.20137055565385398,0,0,sleeping_dog,0.9486,1,0,140,1
HELIOS-000637,4.1,76.93,pro,1,16,5,0,0,0,,22,0.8685327498144922,0.8584681281413863,-0.010064621673105956,1,1,lost_cause,0.9472,1,1,125,1
HELIOS-000638,31.2,21.78,basic,9,76,2,0,0,0,,197,0.9413155771299688,0.7564176610645899,-0.18489791606537898,1,0,sleeping_dog,0.214,0,1,950,1
HELIOS-000639,19.1,24.55,basic,6,11,5,0,0,0,,168,0.9383604409754488,0.9206971286920993,-0.017663312283349497,0,0,sure_thing,0.4614,1,0,581,1
HELIOS-000640,31.2,24.73,basic,6,0,1,0,1,0,,209,0.8984982690137531,0.9254377659340413,0.026939496920288186,1,1,lost_cause,0.6603,1,1,950,1
HELIOS-000641,14.8,79.29,pro,5,53,5,1,0,1,,106,0.863837273361906,0.8322463615320135,-0.03159091182989249,0,0,lost_cause,0.7842,1,0,451,1
HELIOS-000642,29.3,20.79,basic,8,56,4,0,0,0,,299,0.9555882502501057,0.8633814276270338,-0.0922068226230719,0,0,sleeping_dog,0.6709,1,0,892,1
HELIOS-000643,19.9,18.06,basic,9,9,2,1,0,0,9.0,190,0.9375110678279885,0.927822853730511,-0.009688214097477554,1,1,sure_thing,0.7886,1,1,606,1
HELIOS-000644,31.2,50.35,pro,5,7,1,0,0,1,,206,0.9510372592846775,0.8416506191096009,-0.1093866401750766,1,1,sleeping_dog,0.2042,0,1,950,0
HELIOS-000645,31.2,18.5,basic,14,6,5,1,1,0,,396,0.9315100711858825,0.99,0.05848992881411752,1,1,persuadable,0.6282,1,1,950,1
HELIOS-000646,27.3,140.19,enterprise,2,127,2,1,0,0,,86,0.8817698113439405,0.7777103565918517,-0.10405945475208878,1,1,sleeping_dog,0.9174,1,1,831,1
HELIOS-000647,27.3,19.32,basic,0,55,1,0,0,1,5.0,61,0.8962812393256459,0.6752470215130617,-0.22103421781258414,1,1,sleeping_dog,0.8762,1,1,831,0
HELIOS-000648,22.8,44.91,pro,6,80,1,2,0,0,,188,0.8537559418827338,0.8513070776452362,-0.0024488642374976832,1,1,lost_cause,0.2092,0,1,694,0
HELIOS-000649,31.2,19.49,basic,9,5,9,1,0,0,,415,0.9400015270690382,0.9510871822654348,0.011085655196396593,1,1,sure_thing,0.3852,0,1,950,0
HELIOS-000650,5.1,18.8,basic,20,7,4,1,0,0,8.0,99,0.9477958386683907,0.9413147163500255,-0.006481122318365173,1,1,sure_thing,0.1252,0,1,155,1
HELIOS-000651,27.9,17.75,basic,9,23,2,0,1,0,,208,0.9107752932834688,0.9174475706159062,0.00667227733243736,1,1,lost_cause,0.1377,1,1,849,1
HELIOS-000652,29.5,72.18,pro,2,140,1,0,0,1,7.0,176,0.9181727845456527,0.6365290617731713,-0.2816437227724814,0,0,sleeping_dog,0.508,1,0,898,1
HELIOS-000653,24.5,22.17,basic,6,84,4,0,0,0,6.0,206,0.9008846591145078,0.742482058894953,-0.15840260021955477,1,1,sleeping_dog,0.2168,1,1,746,0
HELIOS-000654,31.2,25.29,basic,2,185,2,2,0,1,,156,0.825231270234073,0.6330951418667722,-0.19213612836730087,1,1,sleeping_dog,0.7746,1,1,950,1
HELIOS-000655,18.5,42.66,pro,7,1,4,1,0,0,7.0,198,0.942145060757737,0.9562093981800925,0.014064337422355577,1,1,sure_thing,0.8309,1,1,563,1
HELIOS-000656,13.4,49.66,pro,10,9,2,2,0,0,,75,0.8682664261047172,0.9440691829370754,0.07580275683235826,0,1,persuadable,0.2394,0,0,408,1
HELIOS-000657,23.0,22.8,basic,7,46,7,0,1,0,7.0,312,0.9090515957601419,0.9360228097980705,0.02697121403792857,1,1,lost_cause,0.3772,0,1,700,1
HELIOS-000658,19.1,46.31,pro,3,68,0,2,1,0,6.0,74,0.5888754844415022,0.8201217172211949,0.2312462327796927,1,1,persuadable,0.7966,1,1,581,1
HELIOS-000659,18.6,21.5,basic,2,43,0,0,1,0,,96,0.7547337022208913,0.7373619377514817,-0.01737176446940958,1,1,lost_cause,0.8032,1,1,566,0
HELIOS-000660,28.0,40.35,pro,13,8,8,1,0,0,10.0,284,0.9728875496267351,0.9836149053473437,0.010727355720608678,1,1,sure_thing,0.5074,1,1,852,1
HELIOS-000661,25.6,18.69,basic,2,10,2,0,0,0,6.0,103,0.9289397739621801,0.8861287684270879,-0.042811005535092206,1,1,sure_thing,0.6071,1,1,779,1
HELIOS-000662,8.3,43.23,pro,4,20,3,0,0,0,,50,0.9553071441702148,0.913225570827935,-0.0420815733422798,1,1,sure_thing,0.5758,1,1,253,1
HELIOS-000663,14.2,56.21,pro,7,28,8,0,0,0,,108,0.9518729644229557,0.9429428994501151,-0.008930064972840546,1,1,sure_thing,0.1895,1,1,432,1
HELIOS-000664,8.3,24.16,basic,5,35,5,4,1,0,,66,0.5447817428130687,0.8419206387962741,0.2971388959832054,1,1,persuadable,0.9565,0,1,253,1
HELIOS-000665,31.2,105.23,enterprise,9,4,6,0,0,0,,258,0.9790166712471546,0.9793915960345334,0.000374924787378772,0,0,sure_thing,0.1726,1,0,950,1
HELIOS-000666,31.2,20.16,basic,1,1,1,0,1,0,,102,0.9073043869422699,0.9471351795074008,0.03983079256513089,1,1,lost_cause,0.6111,1,1,950,1
HELIOS-000667,31.2,24.72,basic,6,4,6,1,0,1,,298,0.9545378447152999,0.9576681060618042,0.0031302613465042928,1,1,sure_thing,0.0271,0,1,950,1
HELIOS-000668,7.0,46.22,pro,9,7,6,0,0,0,9.0,69,0.9300421875623933,0.920330479895847,-0.009711707666546276,0,0,sure_thing,0.7562,1,0,213,1
HELIOS-000669,24.3,34.69,pro,6,14,4,1,0,0,,139,0.955698094856936,0.9632201426333155,0.007522047776379437,1,1,sure_thing,0.6249,0,1,740,1
HELIOS-000670,16.2,14.67,basic,3,37,5,0,1,0,9.0,168,0.7734168890592202,0.8026468495897445,0.02922996053052429,0,0,lost_cause,0.8742,0,0,493,1
HELIOS-000671,24.3,15.86,basic,13,0,14,0,0,0,9.0,451,0.9803414118994934,0.9811527191722273,0.0008113072727339299,1,1,sure_thing,0.1129,0,1,740,1
HELIOS-000672,22.1,56.27,pro,8,19,9,0,0,0,,290,0.9625015285986535,0.9598171411032874,-0.0026843874953660363,1,1,sure_thing,0.0592,0,1,673,1
HELIOS-000673,24.6,40.79,pro,4,4,1,1,0,0,4.0,106,0.9029376414429333,0.9059344092376124,0.002996767794679056,1,1,lost_cause,0.6334,1,1,749,1
HELIOS-000674,17.4,38.58,pro,22,0,15,1,0,0,,390,0.9854373349607659,0.99,0.004562665039234082,1,1,sure_thing,0.4937,0,1,530,1
HELIOS-000675,2.7,20.33,basic,8,94,6,0,0,0,,27,0.9219201975595912,0.7843511922579764,-0.13756900530161476,0,0,sleeping_dog,0.2703,0,0,82,1
HELIOS-000676,23.2,41.55,pro,14,0,3,0,0,0,,268,0.9723449567512963,0.9479680178227422,-0.02437693892855408,1,1,sure_thing,0.2054,0,1,706,1
HELIOS-000677,8.0,11.3,basic,16,0,11,0,1,0,,172,0.9276871067775316,0.9427707733449504,0.015083666567418774,1,1,sure_thing,0.4326,1,1,244,1
HELIOS-000678,20.1,12.69,basic,9,18,6,0,0,0,,208,0.9539058458350508,0.9363159038505733,-0.017589941984477497,1,1,sure_thing,0.2465,0,1,612,1
HELIOS-000679,16.6,15.72,basic,14,7,9,1,0,0,,246,0.9664089845886964,0.9722510322377335,0.005842047649037063,1,1,sure_thing,0.2078,0,1,505,1
HELIOS-000680,31.2,29.97,basic,20,10,16,0,0,0,,559,0.99,0.99,0.0,1,1,sure_thing,0.1289,0,1,950,0
HELIOS-000681,28.4,17.95,basic,7,11,4,0,1,0,6.0,247,0.939989141141703,0.9662450692267429,0.02625592808503996,1,1,sure_thing,0.0906,0,1,864,1
HELIOS-000682,16.2,61.62,pro,6,66,4,0,1,0,9.0,133,0.8366122550879235,0.8632605305057438,0.026648275417820333,1,1,lost_cause,0.7268,1,1,493,1
HELIOS-000683,11.6,22.67,basic,5,78,4,0,0,0,,70,0.9241864688775789,0.7809958475191633,-0.14319062135841565,1,1,sleeping_dog,0.0514,1,1,353,1
HELIOS-000684,26.8,136.02,enterprise,6,16,4,0,1,0,,290,0.9262970374552085,0.99,0.06370296254479146,1,1,persuadable,0.358,1,1,816,1
HELIOS-000685,13.3,46.97,pro,6,47,3,0,0,0,,66,0.9203656693946858,0.8301978758343485,-0.09016779356033733,1,1,sleeping_dog,0.2818,0,1,405,1
HELIOS-000686,31.2,19.06,basic,4,64,3,1,0,0,,135,0.8924528152268699,0.8306024446623622,-0.061850370564507706,1,1,sleeping_dog,0.4386,1,1,950,1
HELIOS-000687,18.3,17.03,basic,6,138,9,0,1,0,,143,0.7700419432670036,0.7153232857437155,-0.05471865752328808,1,1,sleeping_dog,0.4595,0,1,557,1
HELIOS-000688,6.7,38.01,pro,8,79,3,2,0,1,7.0,59,0.7437813929203901,0.697498015235072,-0.046283377685318094,1,1,lost_cause,0.8014,1,1,204,1
HELIOS-000689,31.2,17.86,basic,5,43,3,0,0,0,,233,0.9518086501706924,0.8679312363003562,-0.0838774138703362,1,1,sleeping_dog,0.3189,0,1,950,1
HELIOS-000690,31.2,21.22,basic,9,5,5,1,0,0,10.0,400,0.948371248610567,0.9540099875652263,0.0056387389546592726,1,1,sure_thing,0.2412,0,1,950,1
HELIOS-000691,23.1,52.56,pro,7,40,5,0,0,0,5.0,148,0.9518023954539928,0.9074847629810129,-0.04431763247297993,1,1,sure_thing,0.4258,0,1,703,1
HELIOS-000692,9.7,167.46,enterprise,13,16,7,0,0,0,7.0,132,0.9619905873272762,0.9773363355384045,0.01534574821112833,1,1,sure_thing,0.4251,1,1,295,1
HELIOS-000693,31.2,108.37,enterprise,8,6,3,0,0,0,,352,0.9748891875608998,0.9576816504072447,-0.017207537153655084,1,1,sure_thing,0.0458,1,1,950,0
HELIOS-000694,31.2,24.85,basic,26,1,13,0,0,0,,677,0.99,0.99,0.0,1,1,sure_thing,0.6752,0,1,950,1
HELIOS-000695,19.3,17.15,basic,22,38,9,0,1,0,,311,0.965534555790088,0.9716999756865398,0.006165419896451807,1,1,sure_thing,0.0918,0,1,587,1
HELIOS-000696,31.2,16.34,basic,4,3,8,2,2,1,,309,0.8010815350839645,0.99,0.18891846491603548,0,1,persuadable,0.1483,1,1,950,1
HELIOS-000697,15.5,69.25,enterprise,8,68,1,1,1,0,7.0,120,0.7466377882787373,0.8788678192143177,0.1322300309355804,1,1,persuadable,0.9425,1,1,472,1
HELIOS-000698,11.2,18.91,basic,5,22,3,0,0,0,8.0,78,0.9209746796413302,0.8735259945429839,-0.04744868509834632,1,1,sure_thing,0.3875,1,1,341,0
HELIOS-000699,21.1,57.86,pro,21,2,8,0,0,0,,336,0.9850860138985551,0.980516521290144,-0.004569492608411108,1,1,sure_thing,0.6378,0,1,642,0
HELIOS-000700,3.1,39.91,pro,18,1,10,0,0,0,,52,0.9740514260703408,0.9724368653597518,-0.0016145607105889637,1,1,sure_thing,0.6245,1,1,94,0
HELIOS-000701,6.2,22.14,basic,27,0,11,0,1,0,8.0,145,0.9520953427943396,0.9593831082099026,0.0072877654155629745,1,1,sure_thing,0.7482,1,1,189,1
HELIOS-000702,10.5,26.77,pro,9,7,10,1,1,0,7.0,119,0.8472117913409926,0.9702529097949435,0.12304111845395094,0,1,persuadable,0.8857,1,1,320,1
HELIOS-000703,24.6,15.48,basic,24,11,7,1,0,0,,472,0.978045976191978,0.9762458022961399,-0.0018001738958380864,1,1,sure_thing,0.5038,1,1,749,1
HELIOS-000704,11.1,19.55,basic,8,27,8,0,0,0,,114,0.9484060888473761,0.9365679076826386,-0.011838181164737449,1,1,sure_thing,0.6509,1,1,338,1
HELIOS-000705,31.2,113.42,enterprise,9,7,8,0,1,0,,282,0.9655108105245748,0.99,0.02448918947542522,1,1,sure_thing,0.3272,0,1,950,0
HELIOS-000706,1.4,16.63,basic,6,19,5,1,1,0,7.0,7,0.795713063350403,0.9194033205251237,0.12369025717472071,1,1,persuadable,0.6966,0,1,43,1
HELIOS-000707,9.3,35.1,pro,4,28,3,0,0,0,,71,0.9075617192836186,0.8528638756202712,-0.0546978436633474,1,1,sleeping_dog,0.7302,1,1,283,1
HELIOS-000708,8.7,25.61,basic,2,65,1,4,0,0,7.0,32,0.388405668465141,0.649123820814502,0.260718152349361,1,1,persuadable,0.9782,1,1,265,1
HELIOS-000709,10.6,13.6,basic,24,21,8,1,0,0,10.0,194,0.959102068579409,0.9570506360763381,-0.002051432503070938,1,1,sure_thing,0.1862,0,1,323,1
HELIOS-000710,31.2,14.53,basic,7,180,3,1,0,0,,162,0.8365168434701232,0.5673255911052411,-0.26919125236488217,1,0,sleeping_dog,0.7368,1,0,950,1
HELIOS-000711,18.5,51.09,pro,16,12,14,0,0,0,8.0,379,0.9757301395483002,0.9769986246286039,0.0012684850803036385,1,1,sure_thing,0.838,0,1,563,0
HELIOS-000712,19.4,48.57,pro,63,6,33,1,0,1,,743,0.99,0.99,0.0,1,1,sure_thing,0.0151,0,1,591,1
HELIOS-000713,25.3,62.85,pro,4,100,1,0,1,0,9.0,164,0.7507223452530336,0.6571454966650182,-0.0935768485880154,1,1,sleeping_dog,0.9283,0,1,770,1
HELIOS-000714,17.1,19.95,basic,7,4,7,2,0,1,8.0,169,0.875875896853123,0.9389285736145558,0.06305267676143289,1,1,persuadable,0.2358,1,1,521,1
HELIOS-000715,24.3,21.48,basic,3,10,2,1,0,1,7.0,151,0.849049269680973,0.8149563791905745,-0.03409289049039854,0,0,lost_cause,0.9726,1,0,740,0
HELIOS-000716,26.0,187.93,enterprise,4,8,6,0,0,1,,199,0.9802526020968636,0.99,0.00974739790313639,1,1,sure_thing,0.8622,1,1,791,1
HELIOS-000717,7.2,14.0,basic,6,47,2,0,0,0,,46,0.9258730931424979,0.8118827563653318,-0.11399033677716608,1,1,sleeping_dog,0.0754,1,1,219,1
HELIOS-000718,16.8,24.99,basic,1,41,3,1,0,0,,99,0.7800314846141413,0.7631339851561306,-0.016897499458010667,0,0,lost_cause,0.9746,1,0,511,0
HELIOS-000719,19.1,145.94,enterprise,24,6,8,1,1,0,6.0,361,0.9685070710246748,0.99,0.021492928975325176,1,1,sure_thing,0.7558,1,1,581,1
HELIOS-000720,13.3,16.64,basic,44,7,14,0,0,0,,402,0.99,0.99,0.0,1,1,sure_thing,0.0515,0,1,405,1
HELIOS-000721,2.4,139.81,enterprise,4,44,2,0,0,1,,23,0.9376742094851446,0.7898508398282014,-0.1478233696569432,1,1,sleeping_dog,0.6062,0,1,73,1
HELIOS-000722,20.8,14.35,basic,2,56,2,0,0,0,4.0,110,0.913119689553102,0.7785413193428273,-0.13457837021027463,1,1,sleeping_dog,0.678,1,1,633,1
HELIOS-000723,14.1,125.04,enterprise,15,31,7,1,0,0,,179,0.9521006836634042,0.99,0.03789931633659582,1,1,sure_thing,0.5565,1,1,429,1
HELIOS-000724,31.2,18.68,basic,7,41,2,0,1,1,8.0,202,0.9003462769122637,0.8469832816598534,-0.053362995252410284,1,1,sleeping_dog,0.0343,0,1,950,1
HELIOS-000725,28.8,65.48,pro,3,58,3,0,0,0,,176,0.939560588736582,0.8288404172402483,-0.11072017149633373,1,1,sleeping_dog,0.0503,0,1,877,1
HELIOS-000726,31.2,15.35,basic,2,35,0,0,0,0,,196,0.9257720180475917,0.7970064628147598,-0.12876555523283184,1,1,sleeping_dog,0.7118,1,1,950,1
HELIOS-000727,31.2,26.27,basic,5,39,1,0,0,0,6.0,196,0.9465653925265605,0.8305415316313214,-0.11602386089523908,1,1,sleeping_dog,0.7391,1,1,950,1
HELIOS-000728,10.5,19.32,basic,7,29,3,2,0,0,,121,0.8052093240485577,0.8578498638413542,0.05264053979279648,1,1,persuadable,0.7277,0,1,320,1
HELIOS-000729,23.9,168.25,enterprise,12,17,13,0,1,1,9.0,312,0.9629897878934753,0.99,0.027010212106524656,1,1,sure_thing,0.1715,1,1,728,1
HELIOS-000730,31.2,44.32,pro,5,5,3,0,2,0,6.0,332,0.8094654655909527,0.99,0.18053453440904732,0,1,persuadable,0.9146,1,1,950,1
HELIOS-000731,3.3,18.3,basic,5,42,2,2,1,1,,37,0.5714404673121107,0.7906899159239429,0.21924944861183215,1,1,persuadable,0.9957,1,1,100,1
HELIOS-000732,21.6,19.53,basic,15,1,5,0,0,0,,300,0.9694578395695008,0.9553822773396524,-0.014075562229848404,1,1,sure_thing,0.3989,0,1,658,1
HELIOS-000733,14.5,12.38,basic,13,3,10,2,0,0,10.0,192,0.9340192297041977,0.9736677371773127,0.03964850747311499,1,1,sure_thing,0.5511,0,1,441,1
HELIOS-000734,26.3,18.45,basic,9,6,5,0,0,0,,304,0.9634960953071934,0.9477582330748306,-0.01573786223236273,1,1,sure_thing,0.6786,1,1,801,1
HELIOS-000735,22.1,51.62,pro,71,3,32,0,1,0,,974,0.99,0.99,0.0,1,1,sure_thing,0.2563,0,1,673,1
HELIOS-000736,27.3,58.62,pro,3,51,3,0,0,0,,106,0.9535529306665513,0.8578978148385997,-0.09565511582795161,0,0,sleeping_dog,0.672,1,0,831,1
HELIOS-000737,15.7,22.0,basic,21,2,10,0,0,1,7.0,294,0.9876843771893429,0.9791088656285465,-0.00857551156079639,1,1,sure_thing,0.3423,0,1,478,1
HELIOS-000738,31.2,25.05,basic,16,0,10,0,0,0,,415,0.99,0.9893089114497269,-0.0006910885502731112,1,1,sure_thing,0.0378,0,1,950,0
HELIOS-000739,16.2,40.83,pro,7,9,5,0,1,0,6.0,142,0.8943680026865536,0.9393645364763858,0.04499653378983226,0,0,lost_cause,0.57,1,0,493,0
HELIOS-000740,8.2,11.88,basic,4,140,2,0,0,0,5.0,22,0.7942360522806765,0.5178757930795467,-0.27636025920112983,1,0,sleeping_dog,0.7685,1,0,250,1
HELIOS-000741,14.9,12.1,basic,13,6,3,1,0,0,,219,0.9290423642382868,0.9220198576415783,-0.007022506596708444,1,1,sure_thing,0.1985,1,1,454,1
HELIOS-000742,23.3,20.02,basic,6,26,3,0,0,0,,173,0.9075567805020376,0.8540272471278535,-0.05352953337418409,1,1,sleeping_dog,0.2574,0,1,709,1
HELIOS-000743,16.9,49.46,pro,14,10,7,0,0,0,,261,0.9755911616247435,0.9671470136726433,-0.008444147952100134,1,1,sure_thing,0.0923,1,1,514,1
HELIOS-000744,27.4,17.57,basic,19,15,4,0,0,1,10.0,572,0.9826313842168334,0.9101358311864253,-0.07249555303040811,1,1,sleeping_dog,0.0809,0,1,834,1
HELIOS-000745,18.9,19.91,basic,11,60,3,1,0,0,7.0,150,0.8871691704673429,0.8247006248882255,-0.06246854557911741,1,1,sleeping_dog,0.8075,1,1,575,1
HELIOS-000746,31.2,17.66,basic,7,11,3,0,0,1,8.0,329,0.956246007151054,0.8754259654247007,-0.08082004172635326,1,1,sleeping_dog,0.088,0,1,950,1
HELIOS-000747,10.8,35.23,pro,8,60,4,1,0,1,7.0,78,0.8921123260546113,0.7928567290748156,-0.09925559697979569,0,0,sleeping_dog,0.6957,0,0,329,1
HELIOS-000748,15.7,24.06,basic,32,0,13,0,0,0,,382,0.99,0.99,0.0,1,1,sure_thing,0.3214,0,1,478,1
HELIOS-000749,13.7,62.22,pro,9,13,6,0,1,1,,129,0.8864829198730464,0.9349354426990869,0.04845252282604051,1,1,lost_cause,0.9248,0,1,417,1
HELIOS-000750,31.2,38.21,pro,11,1,4,1,1,0,,221,0.9419594391567259,0.99,0.04804056084327413,1,1,sure_thing,0.4583,1,1,950,1
HELIOS-000751,2.0,34.15,pro,35,4,10,0,0,0,9.0,40,0.9840211257781531,0.9805781345198753,-0.00344299125827785,1,1,sure_thing,0.7249,0,1,61,1
HELIOS-000752,21.1,91.41,enterprise,5,52,3,1,0,0,6.0,99,0.8993944879071057,0.9008498825304927,0.001455394623386952,1,1,lost_cause,0.8438,1,1,642,1
HELIOS-000753,31.2,26.82,basic,11,4,2,0,0,0,10.0,368,0.9663438571868629,0.9288693568637268,-0.03747450032313604,1,1,sure_thing,0.1378,0,1,950,1
HELIOS-000754,10.7,49.96,pro,8,57,4,0,0,1,,110,0.9269961651985356,0.762259566799387,-0.16473659839914856,1,0,sleeping_dog,0.9483,0,1,326,1
HELIOS-000755,12.4,153.39,enterprise,4,49,1,1,0,0,,93,0.9096121245098615,0.9639931323613294,0.05438100785146793,1,1,persuadable,0.468,1,1,377,1
HELIOS-000756,16.5,36.75,pro,15,37,4,0,0,0,8.0,182,0.9706227999147546,0.9133092592761985,-0.05731354063855609,1,1,sleeping_dog,0.282,1,1,502,1
HELIOS-000757,31.2,20.83,basic,14,17,7,1,0,0,7.0,648,0.9752490638184579,0.9778380818210337,0.002589018002575827,1,1,sure_thing,0.5362,0,1,950,0
HELIOS-000758,31.2,118.73,enterprise,13,30,1,0,0,1,,342,0.9781203713474651,0.8181037276179696,-0.16001664372949553,1,0,sleeping_dog,0.7586,1,0,950,1
HELIOS-000759,31.2,23.47,basic,11,19,3,1,0,0,4.0,228,0.9339737620398847,0.9230449587541586,-0.010928803285726096,1,1,sure_thing,0.1362,0,1,950,1
HELIOS-000760,17.7,15.89,basic,4,70,4,1,0,0,,96,0.8657123694781446,0.8091672553615734,-0.05654511411657115,1,1,sleeping_dog,0.2489,1,1,539,1
HELIOS-000761,14.9,168.49,enterprise,16,22,6,0,0,0,9.0,198,0.974698717944802,0.9759518940328136,0.001253176088011565,1,1,sure_thing,0.5126,0,1,454,1
HELIOS-000762,2.3,43.23,pro,10,101,4,0,1,0,8.0,14,0.757928145868352,0.6874448822960028,-0.07048326357234924,1,1,sleeping_dog,0.8251,0,1,70,1
HELIOS-000763,31.2,30.07,basic,6,134,3,0,0,0,,258,0.9191457258771533,0.6553615471592524,-0.26378417871790083,1,1,sleeping_dog,0.1258,0,1,950,1
HELIOS-000764,12.2,40.33,pro,5,113,3,0,1,1,6.0,69,0.726264566908603,0.5533139167639978,-0.1729506501446052,1,1,sleeping_dog,0.908,1,1,371,0
HELIOS-000765,31.2,15.29,basic,16,33,3,0,1,0,,356,0.9550185054058302,0.9478736778010242,-0.007144827604806059,1,1,sure_thing,0.1731,0,1,950,1
HELIOS-000766,6.2,19.56,basic,17,5,4,0,0,1,,86,0.965034425486863,0.9096117615611936,-0.05542266392566941,1,1,sleeping_dog,0.6638,0,1,189,1
HELIOS-000767,6.9,17.54,basic,11,22,11,0,0,1,9.0,98,0.9552721944242886,0.9439549164905564,-0.011317277933732162,1,1,sure_thing,0.7388,0,1,210,1
HELIOS-000768,5.4,52.16,pro,13,0,10,0,1,0,,77,0.9580558702650589,0.99,0.031944129734941096,1,1,sure_thing,0.1998,1,1,164,1
HELIOS-000769,31.2,153.0,enterprise,2,43,4,2,1,0,,170,0.8260990519450631,0.99,0.16390094805493693,1,1,persuadable,0.8994,1,1,950,1
HELIOS-000770,25.1,138.43,enterprise,5,0,6,0,1,0,,142,0.9481480293152593,0.99,0.04185197068474067,1,1,sure_thing,0.3506,0,1,764,1
HELIOS-000771,29.9,21.26,basic,6,11,7,0,0,0,,265,0.9558832705691764,0.9474815635370933,-0.008401707032083094,1,1,sure_thing,0.664,1,1,910,1
HELIOS-000772,13.4,26.41,basic,14,0,16,0,0,1,,225,0.979373134606053,0.9799496077283671,0.0005764731223141251,1,1,sure_thing,0.7958,1,1,408,1
HELIOS-000773,31.2,39.31,pro,30,29,5,0,0,0,9.0,492,0.9886790580819609,0.9526122070676278,-0.036066851014333046,1,1,sure_thing,0.3194,0,1,950,1
HELIOS-000774,24.8,21.17,basic,13,5,5,1,0,1,,295,0.9516120432909574,0.9401023580408632,-0.011509685250094215,1,1,sure_thing,0.0929,0,1,755,1
HELIOS-000775,22.3,12.39,basic,23,6,2,1,0,0,,416,0.9726273555847396,0.9555759947615112,-0.017051360823228334,1,1,sure_thing,0.3415,1,1,679,1
HELIOS-000776,20.7,18.53,basic,2,48,1,0,0,0,,58,0.9064048808565008,0.7688777790651904,-0.13752710179131045,0,0,sleeping_dog,0.0718,0,0,630,1
HELIOS-000777,31.2,14.72,basic,11,55,4,0,0,0,,310,0.9469451232477827,0.8559708516516924,-0.09097427159609028,1,1,sleeping_dog,0.7097,1,1,950,1
HELIOS-000778,31.2,17.55,basic,19,17,5,2,0,0,,544,0.9547222606881947,0.9774090900698097,0.022686829381615037,1,1,sure_thing,0.8265,0,1,950,1
HELIOS-000779,21.0,21.02,basic,2,22,0,1,0,1,,104,0.9007937107819466,0.8076597227694686,-0.09313398801247796,1,1,sleeping_dog,0.6622,1,1,639,1
HELIOS-000780,10.6,107.88,enterprise,19,12,8,1,0,1,9.0,188,0.9701373748877018,0.9889449706656707,0.018807595777968866,1,1,sure_thing,0.0983,0,1,323,1
HELIOS-000781,20.7,16.42,basic,5,125,1,0,0,0,,100,0.9162276106227337,0.6437001448152602,-0.27252746580747356,1,1,sleeping_dog,0.812,1,1,630,1
HELIOS-000782,3.2,17.16,basic,3,58,2,1,0,0,5.0,11,0.7935321752154498,0.7258404792214327,-0.06769169599401714,1,1,sleeping_dog,0.8235,1,1,97,1
HELIOS-000783,25.9,46.81,pro,7,101,2,3,0,0,,248,0.7882750741541471,0.9255718443279857,0.13729677017383857,1,1,persuadable,0.6635,1,1,788,1
HELIOS-000784,18.5,63.48,pro,9,51,2,1,0,0,,132,0.9078887868652021,0.8627295027327448,-0.04515928413245729,1,1,lost_cause,0.0349,0,1,563,1
HELIOS-000785,18.9,20.57,basic,24,16,8,0,0,0,8.0,350,0.9793573433639169,0.9697437939988983,-0.00961354936501857,1,1,sure_thing,0.3455,0,1,575,1
HELIOS-000786,31.2,22.06,basic,19,33,5,1,0,0,,443,0.9757752530575714,0.9618969011281131,-0.013878351929458299,1,1,sure_thing,0.8482,1,1,950,1
HELIOS-000787,17.0,48.55,pro,3,6,8,2,0,0,,92,0.8858872688548468,0.99,0.10411273114515318,1,1,persuadable,0.1951,0,1,517,1
HELIOS-000788,9.7,23.54,basic,18,39,3,1,0,0,7.0,88,0.9577022682031266,0.9225849016437445,-0.035117366559382135,1,1,sure_thing,0.4625,1,1,295,1
HELIOS-000789,20.5,25.16,basic,10,2,6,0,1,1,,167,0.9180450084558937,0.9402094718250817,0.022164463369188092,1,1,lost_cause,0.8102,1,1,624,1
HELIOS-000790,31.2,129.95,enterprise,11,0,3,0,0,0,8.0,393,0.9763706126896237,0.9669832552451259,-0.009387357444497813,1,1,sure_thing,0.5298,1,1,950,1
HELIOS-000791,8.5,43.73,pro,8,6,3,1,1,0,8.0,84,0.8405097730788806,0.98948938385488,0.1489796107759993,1,1,persuadable,0.9838,1,1,259,1
HELIOS-000792,14.0,12.53,basic,5,45,0,0,0,0,,76,0.9182374122695923,0.763591402368315,-0.1546460099012773,1,0,sleeping_dog,0.2902,0,1,426,1
HELIOS-000793,17.2,41.75,pro,4,47,4,1,0,1,,79,0.8918127803320199,0.8318050996045144,-0.06000768072750551,1,1,sleeping_dog,0.2382,0,1,524,1
HELIOS-000794,6.4,15.39,basic,4,38,1,1,0,1,,28,0.8382349284015301,0.7236417406540381,-0.11459318774749205,1,1,sleeping_dog,0.5905,0,1,195,1
HELIOS-000795,31.2,154.13,enterprise,8,22,7,1,0,1,8.0,353,0.9807611577666587,0.99,0.00923884223334126,1,1,sure_thing,0.702,1,1,950,1
HELIOS-000796,31.2,31.74,pro,11,27,5,1,0,0,,331,0.9437607906599722,0.9414166455187756,-0.0023441451411966296,1,1,sure_thing,0.9003,0,1,950,1
HELIOS-000797,31.2,15.2,basic,11,15,7,0,0,0,9.0,324,0.9685867374120258,0.9571205153967346,-0.011466222015291239,1,1,sure_thing,0.7542,1,1,950,1
HELIOS-000798,31.2,65.82,pro,15,2,10,0,0,0,8.0,451,0.9868651187384468,0.9871782645235452,0.00031314578509833435,1,1,sure_thing,0.7745,1,1,950,1
HELIOS-000799,20.1,35.01,pro,6,30,4,2,0,1,,190,0.8474859895134199,0.907640893373568,0.0601549038601481,1,1,persuadable,0.1063,0,1,612,1
HELIOS-000800,31.2,53.25,pro,3,224,2,1,0,0,3.0,112,0.8328248250208169,0.5744435317656338,-0.2583812932551831,1,0,sleeping_dog,0.1935,1,0,950,1
HELIOS-000801,25.5,23.7,basic,5,4,6,0,0,0,7.0,212,0.9750074966627347,0.966170208706652,-0.008837287956082629,1,0,sure_thing,0.5075,1,0,776,1
HELIOS-000802,12.4,21.01,basic,15,13,11,0,0,0,,174,0.9827122728878496,0.9805824829972148,-0.0021297898906347257,1,1,sure_thing,0.0789,0,1,377,1
HELIOS-000803,22.8,85.64,enterprise,3,11,1,1,1,1,,151,0.8913482892417673,0.99,0.09865171075823265,1,1,persuadable,0.2237,0,1,694,1
HELIOS-000804,31.2,61.13,pro,22,0,11,1,0,0,,623,0.99,0.99,0.0,1,1,sure_thing,0.0188,1,1,950,1
HELIOS-000805,9.8,21.42,basic,4,51,2,1,0,0,,49,0.8690174026651839,0.8150307105735897,-0.053986692091594235,1,0,sleeping_dog,0.6602,0,1,298,1
HELIOS-000806,15.6,50.43,pro,4,4,3,0,0,0,,100,0.9155487863683368,0.8922407044958471,-0.023308081872489672,1,0,lost_cause,0.4477,0,1,475,1
HELIOS-000807,31.2,60.46,pro,1,6,3,0,0,0,3.0,100,0.9484854813466759,0.9271493266033699,-0.02133615474330597,1,1,sure_thing,0.8882,1,1,950,1
HELIOS-000808,31.2,22.98,basic,0,0,6,1,1,0,,175,0.861223348928658,0.99,0.12877665107134195,1,1,persuadable,0.5212,1,1,950,1
HELIOS-000809,28.2,17.96,basic,3,8,1,0,1,0,,183,0.8888518545619453,0.9159593242441262,0.027107469682180918,1,1,lost_cause,0.2782,0,1,858,1
HELIOS-000810,28.4,14.33,basic,12,2,8,0,0,0,8.0,351,0.9825752616004294,0.9778427996351612,-0.00473246196526822,1,1,sure_thing,0.2428,0,1,864,1
HELIOS-000811,22.1,56.26,pro,5,41,6,0,0,0,7.0,203,0.9496183313130022,0.9173301676788124,-0.03228816363418985,1,1,sure_thing,0.0294,0,1,673,1
HELIOS-000812,30.2,50.38,pro,8,43,3,1,0,0,,292,0.9336393849631963,0.9118189276218837,-0.02182045734131266,1,1,sure_thing,0.8557,1,1,919,1
HELIOS-000813,31.2,45.2,pro,15,0,7,0,0,1,,332,0.99,0.9721617842632595,-0.017838215736740493,1,1,sure_thing,0.8026,1,1,950,1
HELIOS-000814,25.4,16.71,basic,4,95,6,1,0,0,6.0,105,0.8887524119114967,0.8200617230904683,-0.06869068882102836,1,1,sleeping_dog,0.5802,1,1,773,0
HELIOS-000815,12.2,48.66,pro,6,8,3,0,0,0,,66,0.93295643672247,0.9045450011474897,-0.02841143557498027,1,1,sure_thing,0.55,0,1,371,0
HELIOS-000816,31.2,21.9,basic,3,103,3,0,0,0,,172,0.9094157000303891,0.689023806274048,-0.22039189375634105,1,1,sleeping_dog,0.5438,0,1,950,1
HELIOS-000817,13.0,18.71,basic,5,37,1,3,0,0,,67,0.7164971059032739,0.8923211283948618,0.1758240224915879,1,1,persuadable,0.8585,1,1,396,1
HELIOS-000818,26.7,24.05,basic,9,18,11,1,0,0,,239,0.957769682836704,0.9704463468453782,0.012676664008674177,1,1,sure_thing,0.238,1,1,813,1
HELIOS-000819,31.2,15.91,basic,9,0,5,1,0,0,,286,0.9665927271815509,0.9721868576234232,0.0055941304418722915,1,1,sure_thing,0.8429,0,1,950,1
HELIOS-000820,21.3,49.04,pro,7,6,3,1,0,0,,166,0.9473995473506993,0.9585772221941152,0.011177674843415919,1,1,sure_thing,0.2369,1,1,648,1
HELIOS-000821,4.9,54.89,pro,1,32,6,0,0,0,,33,0.8860755447404444,0.8655333364780278,-0.020542208262416595,1,1,lost_cause,0.8105,1,1,149,1
HELIOS-000822,21.3,12.34,basic,9,1,8,2,0,0,,219,0.9269056723122112,0.9790129090260778,0.052107236713866634,1,1,persuadable,0.5058,0,1,648,1
HELIOS-000823,16.0,37.45,pro,7,119,1,2,1,0,6.0,66,0.7011218542625176,0.843896794004334,0.14277493974181643,0,0,persuadable,0.6946,1,0,487,0
HELIOS-000824,11.0,31.59,pro,10,11,3,0,0,0,,99,0.9526578299773473,0.9182835236964613,-0.034374306280886,1,1,sure_thing,0.1409,0,1,335,1
HELIOS-000825,17.3,123.15,enterprise,4,20,6,2,1,1,,145,0.7704634762980344,0.99,0.21953652370196564,1,1,persuadable,0.6774,1,1,527,1
HELIOS-000826,21.3,16.5,basic,4,72,1,0,1,1,9.0,110,0.7927805182307619,0.6507210385816843,-0.1420594796490776,1,1,sleeping_dog,0.6789,1,1,648,1
HELIOS-000827,31.2,34.29,pro,4,13,2,1,0,0,,195,0.9398959929278577,0.9400596256628317,0.00016363273497399522,1,1,sure_thing,0.5874,1,1,950,1
HELIOS-000828,12.1,15.04,basic,14,4,6,0,0,0,,155,0.9665212321204693,0.955286310116135,-0.011234922004334291,1,1,sure_thing,0.2952,1,1,368,1
HELIOS-000829,19.8,16.14,basic,7,13,3,0,0,0,,134,0.926098636290557,0.8893622514966354,-0.036736384793921606,1,1,sure_thing,0.8883,1,1,603,1
HELIOS-000830,5.6,17.99,basic,13,32,3,0,0,0,6.0,71,0.8840293893487402,0.8191748327188928,-0.0648545566298474,1,1,sleeping_dog,0.7115,1,1,170,1
HELIOS-000831,29.9,160.18,enterprise,8,32,11,0,1,0,7.0,317,0.9777678842803844,0.99,0.012232115719615577,1,1,sure_thing,0.5526,1,1,910,1
HELIOS-000832,24.4,157.28,enterprise,14,20,3,3,2,0,4.0,236,0.8478433903331402,0.99,0.14215660966685983,1,1,persuadable,0.9078,1,1,743,1
HELIOS-000833,2.7,46.19,pro,5,97,2,1,0,0,,19,0.7742336036368687,0.6228894533183587,-0.15134415031851,1,1,sleeping_dog,0.5158,0,1,82,1
HELIOS-000834,11.6,58.5,pro,6,134,1,0,0,1,5.0,65,0.9079414181090412,0.6220119697265563,-0.2859294483824849,1,1,sleeping_dog,0.144,0,1,353,1
HELIOS-000835,31.2,45.05,pro,4,247,2,3,1,0,3.0,145,0.3678255980052379,0.3817208012339812,0.013895203228743325,0,0,lost_cause,0.9917,1,0,950,1
HELIOS-000836,21.7,51.84,pro,8,16,5,0,0,0,10.0,300,0.9578261273125726,0.9382001167091567,-0.019626010603415844,1,0,sure_thing,0.6162,1,0,661,1
HELIOS-000837,2.9,15.92,basic,7,16,3,0,0,0,,33,0.8799380083712213,0.839642303013596,-0.04029570535762528,1,1,lost_cause,0.5854,0,1,88,1
HELIOS-000838,8.8,20.25,basic,2,3,1,1,0,1,,60,0.872974174941541,0.8365162001846558,-0.03645797475688517,1,1,lost_cause,0.4098,1,1,268,1
HELIOS-000839,4.5,187.15,enterprise,8,14,9,0,0,0,10.0,47,0.9679222240228188,0.99,0.02207777597718119,1,1,sure_thing,0.1869,1,1,137,1
HELIOS-000840,24.3,22.74,basic,13,1,7,0,0,0,8.0,308,0.9651020033896289,0.9584747279492599,-0.006627275440369007,1,1,sure_thing,0.2525,1,1,740,1
HELIOS-000841,10.6,23.93,basic,2,165,0,0,1,0,4.0,27,0.6701540932590305,0.4417270000946939,-0.22842709316433663,1,1,sleeping_dog,0.8806,1,1,323,1
HELIOS-000842,10.6,70.35,pro,6,41,7,0,0,0,8.0,94,0.9467704917674036,0.925436013935113,-0.021334477832290588,1,1,sure_thing,0.3178,1,1,323,1
HELIOS-000843,25.8,21.28,basic,4,13,5,0,0,0,8.0,203,0.9601622496566594,0.9415494287250963,-0.018612820931563134,1,1,sure_thing,0.3688,1,1,785,1
HELIOS-000844,31.2,55.06,pro,28,3,11,1,0,0,10.0,798,0.9894390801419622,0.99,0.000560919858037745,1,1,sure_thing,0.7326,1,1,950,0
HELIOS-000845,18.1,69.45,pro,15,0,14,0,0,1,10.0,353,0.9862530113285399,0.9877766756948435,0.0015236643663035787,1,1,sure_thing,0.3606,0,1,551,1
HELIOS-000846,4.8,32.67,basic,6,13,1,1,2,1,,45,0.5340594347008152,0.8036540648842556,0.26959463018344043,0,1,persuadable,0.9732,1,1,146,1
HELIOS-000847,9.0,21.67,basic,4,128,3,1,1,1,,78,0.6038752982437238,0.5365624790164762,-0.06731281922724752,1,1,sleeping_dog,0.8371,0,1,274,1
HELIOS-000848,31.2,21.66,basic,19,8,6,0,0,0,9.0,430,0.9852620491612349,0.9718862905597985,-0.013375758601436472,1,1,sure_thing,0.1003,0,1,950,1
HELIOS-000849,31.2,58.41,pro,17,4,8,0,0,1,,489,0.9846711043868919,0.9690809319698668,-0.015590172417025094,0,0,sure_thing,0.0643,1,0,950,1
HELIOS-000850,13.3,21.48,basic,2,5,2,0,0,0,8.0,83,0.8829615469594281,0.8466505138863988,-0.0363110330730293,1,1,lost_cause,0.4775,1,1,405,1
HELIOS-000851,31.2,24.14,basic,18,2,2,0,0,0,,402,0.9735578613439165,0.93710888626523,-0.036448975078686496,1,1,sure_thing,0.4078,0,1,950,1
HELIOS-000852,31.2,140.23,enterprise,13,129,4,0,1,1,,258,0.9449754115847233,0.8390134549105672,-0.10596195667415609,1,1,sleeping_dog,0.022,0,1,950,1
HELIOS-000853,24.9,34.16,pro,96,1,29,0,0,0,,1268,0.99,0.99,0.0,1,1,sure_thing,0.8752,1,1,758,1
HELIOS-000854,8.4,17.12,basic,10,115,4,0,1,0,9.0,52,0.8360022979571381,0.7161509560042804,-0.11985134195285774,1,1,sleeping_dog,0.518,0,1,256,1
HELIOS-000855,7.4,46.64,pro,1,116,2,0,2,0,,39,0.5654493205066149,0.7078919694550526,0.14244264894843772,0,0,persuadable,0.9191,1,0,225,1
HELIOS-000856,5.6,18.91,basic,12,4,5,0,0,0,,72,0.9400438092513923,0.9248573328481486,-0.015186476403243665,1,1,sure_thing,0.9262,1,1,170,0
HELIOS-000857,23.4,20.64,basic,11,4,14,0,0,0,,330,0.9849549234525163,0.9861502107415271,0.001195287289010749,1,1,sure_thing,0.0782,0,1,712,1
HELIOS-000858,11.5,11.24,basic,7,8,3,1,0,0,,82,0.8676131297995789,0.8646534030340619,-0.0029597267655170345,0,0,lost_cause,0.4834,0,0,350,1
HELIOS-000859,17.0,22.79,basic,4,1,2,0,0,0,,113,0.8913261225025207,0.8588633982508623,-0.032462724251658415,0,0,lost_cause,0.7674,1,0,517,1
HELIOS-000860,4.8,15.06,basic,2,235,4,2,0,1,,12,0.5425156721589838,0.3324890044126658,-0.21002666774631795,1,1,sleeping_dog,0.9806,1,1,146,1
HELIOS-000861,22.0,17.53,basic,9,3,4,1,0,0,9.0,290,0.9141936571569129,0.91670860155337,0.002514944396457053,1,1,lost_cause,0.8051,0,1,670,0
HELIOS-000862,6.0,27.37,basic,7,10,1,2,0,0,,50,0.8276975175557303,0.8888791302615058,0.06118161270577549,1,1,persuadable,0.4809,1,1,183,1
HELIOS-000863,17.5,16.47,basic,9,7,5,1,0,1,,238,0.92699386984579,0.916781541725188,-0.010212328120602021,1,1,sure_thing,0.2658,0,1,533,1
HELIOS-000864,8.1,19.0,basic,6,8,1,2,1,1,,85,0.6762351612467986,0.905545150304256,0.22930998905745736,1,1,persuadable,0.9798,1,1,247,1
HELIOS-000865,19.6,66.68,pro,6,6,8,2,1,1,,163,0.817996338634215,0.99,0.17200366136578504,0,1,persuadable,0.0149,1,1,597,1
HELIOS-000866,29.4,44.96,pro,3,46,2,2,0,0,,92,0.900135171420688,0.9858225767309193,0.08568740531023133,1,1,persuadable,0.606,0,1,895,1
HELIOS-000867,31.2,20.68,basic,4,72,2,2,0,0,3.0,230,0.8576957243071027,0.8714551450471728,0.013759420740070083,1,1,lost_cause,0.7555,1,1,950,1
HELIOS-000868,23.1,47.39,pro,13,17,8,1,0,0,6.0,182,0.964999943118654,0.9764190825575507,0.01141913943889672,1,1,sure_thing,0.6929,0,1,703,1
HELIOS-000869,6.8,57.19,pro,9,11,8,1,0,0,,69,0.9093029020220121,0.931755416443053,0.022452514421040903,1,1,lost_cause,0.5412,1,1,207,0
HELIOS-000870,9.5,15.87,basic,16,26,7,0,0,0,9.0,118,0.9614968055890615,0.9437622014202002,-0.0177346041688613,1,1,sure_thing,0.0045,0,1,289,1
HELIOS-000871,31.2,59.19,pro,8,124,3,0,0,0,7.0,260,0.9241522209052898,0.6730889388602483,-0.25106328204504147,1,1,sleeping_dog,0.4269,1,1,950,1
HELIOS-000872,31.2,48.15,pro,3,66,5,1,1,0,,161,0.7803353882810354,0.952501223846712,0.17216583556567655,1,1,persuadable,0.3458,0,1,950,1
HELIOS-000873,7.8,19.72,basic,6,3,0,1,1,1,,31,0.7767575678994424,0.8812095190276286,0.10445195112818617,0,0,persuadable,0.9522,1,0,237,1
HELIOS-000874,9.6,17.2,basic,19,2,8,1,0,0,8.0,150,0.9508970046027526,0.9536678268102702,0.002770822207517565,1,1,sure_thing,0.622,1,1,292,1
HELIOS-000875,4.5,149.85,enterprise,6,1,6,0,1,1,8.0,32,0.9141752112622004,0.99,0.07582478873779963,1,1,persuadable,0.1122,1,1,137,0
HELIOS-000876,3.9,104.59,enterprise,67,9,11,1,0,0,,137,0.99,0.99,0.0,1,1,sure_thing,0.1025,0,1,119,1
HELIOS-000877,6.1,58.1,pro,6,10,3,0,0,0,7.0,50,0.9387370468148228,0.9094012009592478,-0.029335845855575027,1,1,sure_thing,0.6963,1,1,186,1
HELIOS-000878,31.2,21.93,basic,15,15,10,0,0,0,10.0,520,0.9856366337594475,0.9818317486313499,-0.0038048851280976237,1,1,sure_thing,0.4215,0,1,950,1
HELIOS-000879,10.7,70.69,pro,5,2,3,0,0,0,,116,0.9351875492944701,0.9161149777972587,-0.01907257149721142,1,1,sure_thing,0.5729,0,1,326,1
HELIOS-000880,31.2,26.75,basic,14,17,7,0,0,0,,400,0.9831790346643854,0.9707700908398245,-0.012408943824560925,1,1,sure_thing,0.5898,0,1,950,1
HELIOS-000881,6.2,18.67,basic,11,6,6,0,1,1,9.0,77,0.9000002803630822,0.9153937224775327,0.015393442114450484,0,0,lost_cause,0.3002,1,0,189,1
HELIOS-000882,12.3,20.15,basic,4,29,2,1,1,0,6.0,79,0.7951563915651264,0.9265495920697833,0.13139320050465686,1,1,persuadable,0.6883,0,1,374,1
HELIOS-000883,20.9,39.83,pro,1,0,2,2,0,0,3.0,98,0.882611924888462,0.99,0.10738807511153803,1,1,persuadable,0.5049,1,1,636,1
HELIOS-000884,31.2,20.83,basic,11,27,4,0,0,0,,292,0.9629671369750437,0.9199703042892541,-0.04299683268578958,1,1,sure_thing,0.4991,1,1,950,1
HELIOS-000885,19.1,30.57,basic,12,30,4,1,2,0,6.0,247,0.8720660654973728,0.99,0.11793393450262724,1,1,persuadable,0.7409,0,1,581,0
HELIOS-000886,17.7,12.51,basic,3,55,3,1,0,0,9.0,101,0.8581223615200718,0.8119868073897917,-0.04613555413028014,1,1,lost_cause,0.5594,1,1,539,1
HELIOS-000887,10.6,16.62,basic,0,129,1,0,0,0,,25,0.7443487080074981,0.47085474251690945,-0.27349396549058863,1,1,sleeping_dog,0.3422,1,1,323,1
HELIOS-000888,29.8,29.23,basic,8,24,6,0,0,0,7.0,333,0.9593392631751894,0.9388570845525694,-0.020482178622619918,1,1,sure_thing,0.4771,0,1,907,1
HELIOS-000889,14.3,28.03,basic,2,4,1,2,1,0,,46,0.7863810570117553,0.99,0.20361894298824468,1,1,persuadable,0.9597,1,1,435,0
HELIOS-000890,8.8,21.39,basic,18,3,6,0,0,1,6.0,129,0.9718766538255791,0.9415697718829946,-0.030306881942584463,1,1,sure_thing,0.2246,1,1,268,1
HELIOS-000891,26.0,50.4,pro,24,7,9,0,1,0,,575,0.9786382465499543,0.99,0.011361753450045642,1,1,sure_thing,0.9194,1,1,791,1
HELIOS-000892,31.2,40.08,pro,21,1,8,0,0,1,10.0,542,0.9882279931317274,0.9728632094000896,-0.015364783731637743,1,1,sure_thing,0.3689,0,1,950,1
HELIOS-000893,20.4,26.21,basic,20,3,11,0,0,0,,477,0.99,0.99,0.0,1,1,sure_thing,0.2443,0,1,621,1
HELIOS-000894,16.3,15.25,basic,14,9,6,1,0,1,,255,0.9273820161750107,0.9174100682319539,-0.00997194794305678,1,1,sure_thing,0.7597,1,1,496,1
HELIOS-000895,8.5,48.69,pro,31,11,18,0,1,0,10.0,263,0.99,0.99,0.0,1,1,sure_thing,0.026,0,1,259,1
HELIOS-000896,9.9,15.41,basic,5,58,3,2,0,0,3.0,43,0.7868937602122125,0.8229386489432069,0.03604488873099443,0,0,lost_cause,0.5792,1,0,301,1
HELIOS-000897,31.2,48.56,pro,24,4,14,0,0,0,,783,0.99,0.99,0.0,1,1,sure_thing,0.1012,0,1,950,1
HELIOS-000898,31.2,23.15,basic,3,365,1,1,0,0,5.0,88,0.6063798847240683,0.3295171010429484,-0.27686278368111994,0,0,sleeping_dog,0.9878,1,0,950,1
HELIOS-000899,27.0,16.96,basic,23,3,12,0,0,0,,516,0.99,0.9897511688910882,-0.0002488311089118289,1,1,sure_thing,0.4392,1,1,822,1
HELIOS-000900,14.0,19.35,basic,6,114,6,0,0,0,,120,0.8705180875643692,0.6847144402066365,-0.1858036473577327,1,1,sleeping_dog,0.4974,0,1,426,1
HELIOS-000901,14.9,14.94,basic,9,11,4,0,0,1,,176,0.9473738335736737,0.8833109813803317,-0.06406285219334196,1,1,sleeping_dog,0.2011,0,1,454,1
HELIOS-000902,20.4,20.83,basic,2,6,2,2,0,0,9.0,151,0.8449593473968776,0.9289606482119996,0.08400130081512203,1,1,persuadable,0.194,0,1,621,1
HELIOS-000903,31.2,59.43,pro,4,29,5,0,0,0,,114,0.9598571890425631,0.9316184579632593,-0.028238731079303858,1,1,sure_thing,0.1754,1,1,950,1
HELIOS-000904,16.0,46.75,pro,24,7,11,0,0,0,,282,0.9892977662128191,0.9874689352219295,-0.0018288309908895961,1,1,sure_thing,0.304,0,1,487,1
HELIOS-000905,7.0,44.59,pro,6,12,1,0,1,0,7.0,50,0.8443796457256477,0.8800526170957829,0.03567297137013514,1,1,lost_cause,0.6242,1,1,213,1
HELIOS-000906,11.4,16.43,basic,6,157,0,3,0,0,,63,0.48802316479635666,0.4288675277235542,-0.05915563707280247,0,0,sleeping_dog,0.9835,1,0,347,1
HELIOS-000907,29.1,17.32,basic,16,10,6,0,0,0,6.0,387,0.9841786003369792,0.9700758901398213,-0.01410271019715792,1,1,sure_thing,0.3657,0,1,886,1
HELIOS-000908,29.1,71.71,pro,6,55,2,0,2,0,6.0,154,0.8349634463909189,0.99,0.15503655360908108,1,1,persuadable,0.7723,1,1,886,0
HELIOS-000909,11.9,70.19,pro,17,9,9,0,0,0,9.0,182,0.9795098916499526,0.9769778037594535,-0.0025320878904990796,1,1,sure_thing,0.1286,1,1,362,0
HELIOS-000910,31.2,16.74,basic,14,12,11,1,0,0,,377,0.9627812305761105,0.9697423464285012,0.006961115852390676,1,1,sure_thing,0.8206,1,1,950,1
HELIOS-000911,9.5,62.23,pro,10,2,4,0,1,0,,109,0.917702291301853,0.9693122135446334,0.05160992224278038,1,1,persuadable,0.8822,1,1,289,0
HELIOS-000912,11.1,17.64,basic,3,41,5,1,0,0,,63,0.8406612087541058,0.8357757245166261,-0.004885484237479698,1,1,lost_cause,0.5465,1,1,338,1
HELIOS-000913,31.2,23.07,basic,4,44,5,1,0,0,4.0,239,0.9140301117728126,0.9071032576783433,-0.006926854094469248,1,1,lost_cause,0.5568,1,1,950,1
HELIOS-000914,18.4,17.35,basic,9,13,5,0,0,1,,220,0.9515246734199321,0.8992962792700172,-0.05222839414991487,1,1,sleeping_dog,0.7072,0,1,560,0
HELIOS-000915,23.7,19.97,basic,4,25,4,0,0,1,,168,0.9499219668021145,0.8604893497199844,-0.08943261708213013,1,1,sleeping_dog,0.8785,1,1,721,1
HELIOS-000916,31.2,34.11,pro,23,15,4,0,0,0,,565,0.9824840845502284,0.9515390969204744,-0.03094498762975395,1,1,sure_thing,0.0766,0,1,950,1
HELIOS-000917,22.0,106.29,enterprise,10,0,10,0,0,0,,307,0.9811959990041584,0.99,0.008804000995841554,1,1,sure_thing,0.5925,1,1,670,1
HELIOS-000918,31.2,14.37,basic,3,7,1,0,1,0,9.0,274,0.8823283242902501,0.9073953358134008,0.025067011523150717,0,0,lost_cause,0.204,0,0,950,1
HELIOS-000919,13.7,20.02,basic,7,68,6,0,0,0,,135,0.9169342223314898,0.838673523919687,-0.07826069841180283,1,1,sleeping_dog,0.8406,0,1,417,1
HELIOS-000920,31.2,48.92,pro,3,221,1,0,0,1,,116,0.8938990034063464,0.6018983504950066,-0.2920006529113398,1,1,sleeping_dog,0.9591,1,1,950,1
HELIOS-000921,31.2,55.89,pro,4,22,2,0,0,0,,154,0.9640683842133555,0.9064498238144221,-0.05761856039893343,1,1,sleeping_dog,0.0302,0,1,950,1
HELIOS-000922,31.2,23.47,basic,11,24,3,1,0,1,,237,0.9511689934869431,0.8996466411661619,-0.05152235232078117,1,1,sleeping_dog,0.0315,0,1,950,1
HELIOS-000923,13.7,19.24,basic,29,10,13,0,0,0,6.0,244,0.9862697042843647,0.9849078008238982,-0.001361903460466496,1,1,sure_thing,0.21,0,1,417,1
HELIOS-000924,26.8,16.56,basic,5,11,4,0,0,0,6.0,166,0.9644744226261132,0.9395369127209356,-0.024937509905177513,1,1,sure_thing,0.5702,0,1,816,1
HELIOS-000925,18.1,13.83,basic,5,92,4,0,1,0,5.0,107,0.7835327644242767,0.7281031782293034,-0.05542958619497329,0,0,sleeping_dog,0.8418,1,0,551,1
HELIOS-000926,16.3,17.91,basic,6,32,4,0,0,0,,116,0.9528814428121577,0.9041397242181137,-0.04874171859404397,1,0,sure_thing,0.1518,0,1,496,1
HELIOS-000927,18.7,17.65,basic,6,19,5,0,1,1,,139,0.9000846448664523,0.9154406539638922,0.015356009097439838,1,1,lost_cause,0.8926,1,1,569,1
HELIOS-000928,31.2,22.27,basic,3,11,3,0,1,0,,176,0.905530070181009,0.9437043182235737,0.03817424804256475,1,1,lost_cause,0.1248,0,1,950,0
HELIOS-000929,9.1,20.95,basic,18,13,13,0,0,1,8.0,179,0.9849174658942289,0.9806743834630598,-0.0042430824311691095,0,0,sure_thing,0.8555,0,0,277,1
HELIOS-000930,24.2,22.51,basic,8,7,5,0,0,0,,373,0.9754359316509401,0.9595714975987152,-0.01586443405222493,1,1,sure_thing,0.3726,1,1,737,1
HELIOS-000931,15.6,78.44,pro,22,3,12,0,0,0,10.0,342,0.9846989806913429,0.9854800651331864,0.0007810844418435492,1,1,sure_thing,0.1038,0,1,475,1
HELIOS-000932,15.2,15.32,basic,19,0,15,0,0,1,10.0,322,0.9800210490331005,0.9791365970027933,-0.0008844520303071812,1,1,sure_thing,0.3974,1,1,463,1
HELIOS-000933,15.8,130.05,enterprise,9,10,6,0,0,0,,255,0.9715651244752405,0.9767099524099813,0.005144827934740803,1,1,sure_thing,0.5229,0,1,481,1
HELIOS-000934,6.5,15.66,basic,10,5,4,1,0,0,,86,0.9014937891309969,0.9019066182037528,0.00041282907275597136,1,1,lost_cause,0.1251,1,1,198,1
HELIOS-000935,28.9,21.4,basic,9,9,11,0,0,0,,361,0.9691491005916971,0.9685835886197103,-0.0005655119719868429,1,1,sure_thing,0.3048,1,1,880,1
HELIOS-000936,31.2,156.29,enterprise,6,103,1,0,0,1,,136,0.9432531276709726,0.7024795630620204,-0.24077356460895216,1,1,sleeping_dog,0.7272,1,1,950,1
HELIOS-000937,5.3,18.53,basic,45,2,8,1,0,0,,117,0.9880614794605265,0.9857154114112902,-0.002346068049236316,1,1,sure_thing,0.278,0,1,161,0
HELIOS-000938,7.6,20.17,basic,13,34,3,0,0,1,,92,0.9383035395370152,0.8041190237041136,-0.13418451583290159,1,0,sleeping_dog,0.3865,1,0,231,1
HELIOS-000939,31.2,50.72,pro,7,65,1,0,1,0,,169,0.8538070528884648,0.8178902724985678,-0.035916780389896985,1,1,lost_cause,0.8349,1,1,950,1
HELIOS-000940,15.7,27.42,basic,3,20,2,0,1,0,,47,0.7841692245087276,0.8171635339895231,0.032994309480795514,0,0,lost_cause,0.3549,0,0,478,1
HELIOS-000941,21.0,25.0,basic,5,26,6,2,0,0,7.0,86,0.8558542102834356,0.9335213116638812,0.07766710138044564,1,1,persuadable,0.5549,1,1,639,0
HELIOS-000942,16.4,32.39,basic,8,38,8,0,0,1,7.0,155,0.9643241818499273,0.9175493482214954,-0.04677483362843193,1,1,sure_thing,0.6838,0,1,499,1
HELIOS-000943,31.2,64.7,pro,12,18,3,0,0,0,10.0,295,0.9764580608306085,0.935609817107045,-0.04084824372356344,1,1,sure_thing,0.5746,1,1,950,1
HELIOS-000944,14.3,14.64,basic,15,1,8,0,0,1,7.0,183,0.9732429448750607,0.9578973435976127,-0.015345601277447996,1,1,sure_thing,0.2714,0,1,435,1
HELIOS-000945,31.2,21.61,basic,5,124,5,0,0,0,,153,0.91865703764623,0.6932987613995767,-0.22535827624665328,1,0,sleeping_dog,0.8098,0,1,950,1
HELIOS-000946,31.2,45.48,pro,3,1,2,0,0,0,,289,0.9613765142191364,0.9317423603829189,-0.02963415383621748,1,0,sure_thing,0.76,1,0,950,1
HELIOS-000947,8.9,15.94,basic,42,1,11,0,0,0,9.0,273,0.99,0.99,0.0,1,1,sure_thing,0.4198,1,1,271,1
HELIOS-000948,13.2,41.52,pro,5,140,1,2,0,0,9.0,92,0.7460882739838761,0.6107347351871689,-0.1353535387967072,1,0,sleeping_dog,0.8748,1,0,402,0
HELIOS-000949,31.2,17.27,basic,11,4,6,0,1,0,,313,0.9351448125878221,0.9571045323905147,0.021959719802692623,1,1,sure_thing,0.5782,0,1,950,1
HELIOS-000950,9.9,38.79,pro,3,120,3,0,0,0,6.0,51,0.8308474340593547,0.5850338569175977,-0.245813577141757,1,1,sleeping_dog,0.5445,0,1,301,1
HELIOS-000951,18.8,19.61,basic,11,13,7,0,1,0,8.0,279,0.9116544348818961,0.9347305907948711,0.02307615591297496,1,1,lost_cause,0.1611,0,1,572,1
HELIOS-000952,31.2,22.01,basic,9,9,6,0,1,1,10.0,461,0.9528809909447957,0.973255990574374,0.020374999629578228,1,1,sure_thing,0.5415,0,1,950,1
HELIOS-000953,18.0,50.65,pro,28,0,12,0,0,1,,382,0.99,0.9873578489422418,-0.002642151057758224,1,1,sure_thing,0.1663,0,1,548,1
HELIOS-000954,16.3,45.14,pro,1,151,3,0,0,0,,45,0.8989221513005639,0.6263748032694163,-0.27254734803114755,0,0,sleeping_dog,0.4245,1,0,496,1
HELIOS-000955,10.4,23.95,basic,12,64,13,0,0,0,,102,0.9606069907426457,0.9520305163105472,-0.008576474432098413,1,1,sure_thing,0.1746,0,1,317,1
HELIOS-000956,10.7,18.72,basic,19,8,3,0,0,1,,106,0.9581335937490565,0.881284917273539,-0.07684867647551752,1,1,sleeping_dog,0.0846,0,1,326,1
HELIOS-000957,28.4,64.2,pro,7,13,5,1,0,0,8.0,216,0.9030573531388258,0.9269931700135673,0.023935816874741445,1,1,lost_cause,0.3069,0,1,864,1
HELIOS-000958,31.2,45.5,pro,13,32,7,0,0,0,,341,0.9750718544541416,0.9552026571829184,-0.01986919727122316,1,1,sure_thing,0.0485,0,1,950,1
HELIOS-000959,31.2,135.01,enterprise,15,30,12,0,0,0,,488,0.9860550754979409,0.99,0.003944924502059077,1,1,sure_thing,0.7971,1,1,950,1
HELIOS-000960,31.2,115.88,enterprise,10,57,4,1,0,0,7.0,318,0.9630722050150434,0.9737126884592842,0.010640483444240734,0,0,sure_thing,0.4031,1,0,950,1
HELIOS-000961,31.2,27.99,basic,1,168,2,1,1,0,4.0,117,0.5821717889183642,0.5092164193562803,-0.07295536956208393,1,1,sleeping_dog,0.7645,1,1,950,1
HELIOS-000962,12.9,18.85,basic,1,365,0,0,0,1,,45,0.479097872672329,0.18420382639573496,-0.29489404627659405,1,0,sleeping_dog,0.9942,1,0,393,1
HELIOS-000963,31.2,11.14,basic,20,1,8,2,0,0,7.0,495,0.959574407989844,0.9817636943524228,0.022189286362578886,1,1,sure_thing,0.6388,1,1,950,1
HELIOS-000964,20.5,16.78,basic,43,0,14,0,1,0,10.0,730,0.99,0.99,0.0,1,1,sure_thing,0.8694,0,1,624,1
HELIOS-000965,31.2,55.1,pro,10,153,4,1,0,0,8.0,188,0.9223177680417964,0.6941793025234926,-0.22813846551830386,1,1,sleeping_dog,0.5765,1,1,950,1
HELIOS-000966,18.6,52.89,pro,3,4,5,0,0,0,,91,0.9424709812011524,0.9333918537276249,-0.00907912747352746,1,1,sure_thing,0.7098,1,1,566,0
HELIOS-000967,28.2,16.12,basic,8,45,4,0,0,0,,253,0.9575216552063214,0.8870196685025422,-0.07050198670377916,1,1,sleeping_dog,0.6462,1,1,858,1
HELIOS-000968,7.6,165.98,enterprise,2,365,2,1,1,1,5.0,27,0.4156771013315497,0.3997025706564178,-0.015974530675131937,1,1,lost_cause,0.9766,1,1,231,1
HELIOS-000969,13.2,30.83,basic,4,12,1,0,0,1,,95,0.8855169093519847,0.7625214718314164,-0.1229954375205683,1,1,sleeping_dog,0.6518,0,1,402,1
HELIOS-000970,15.4,24.33,basic,7,38,6,3,0,1,5.0,91,0.7402960429971222,0.9184621308698304,0.17816608787270827,0,1,persuadable,0.8254,1,1,469,1
HELIOS-000971,23.6,17.85,basic,8,22,0,0,1,0,,179,0.879868017822598,0.8726315579337324,-0.007236459888865676,1,1,lost_cause,0.5502,1,1,718,1
HELIOS-000972,25.7,18.16,basic,16,0,3,2,0,0,,395,0.9341930872498055,0.9639951452950372,0.029802058045231616,1,1,sure_thing,0.9151,1,1,782,1
HELIOS-000973,22.0,16.44,basic,17,11,11,0,0,0,6.0,326,0.97223058800654,0.9699673927000916,-0.0022631953064484733,1,1,sure_thing,0.2729,0,1,670,1
HELIOS-000974,31.2,11.83,basic,3,141,6,0,0,0,9.0,226,0.9082396262022167,0.670012917218895,-0.23822670898332166,1,1,sleeping_dog,0.2348,1,1,950,1
HELIOS-000975,5.6,21.86,basic,5,20,1,0,0,1,6.0,23,0.9028173510659697,0.7590179197804531,-0.14379943128551664,1,1,sleeping_dog,0.7769,0,1,170,1
HELIOS-000976,31.2,53.52,pro,22,7,6,4,1,0,,550,0.9067279979535793,0.99,0.08327200204642071,1,1,persuadable,0.1628,0,1,950,1
HELIOS-000977,31.2,147.16,enterprise,13,58,3,2,1,1,,330,0.8848643000954636,0.99,0.10513569990453642,1,1,persuadable,0.6528,1,1,950,1
HELIOS-000978,31.2,17.79,basic,6,117,0,1,0,0,,263,0.8277533882046892,0.5907819338416973,-0.23697145436299194,1,0,sleeping_dog,0.56,1,0,950,1
HELIOS-000979,14.8,27.97,basic,10,7,8,0,0,0,,208,0.9757842896094139,0.9708879053722428,-0.004896384237171092,1,1,sure_thing,0.1162,1,1,451,1
HELIOS-000980,31.2,15.7,basic,1,31,1,1,0,0,,121,0.8558821221597293,0.8227920330715364,-0.03309008908819289,1,1,lost_cause,0.7358,1,1,950,1
HELIOS-000981,29.4,53.07,pro,11,6,5,0,0,0,,301,0.9563727025293871,0.9422893565341828,-0.014083345995204333,1,1,sure_thing,0.4669,1,1,895,0
HELIOS-000982,9.7,13.41,basic,9,106,3,0,0,0,9.0,61,0.9068232963311448,0.6787872597212792,-0.2280360366098656,1,1,sleeping_dog,0.5152,1,1,295,1
HELIOS-000983,18.2,40.66,pro,14,1,12,0,0,1,,236,0.9748685651766344,0.9724254825045747,-0.0024430826720597265,1,1,sure_thing,0.0429,0,1,554,1
HELIOS-000984,4.7,136.28,enterprise,7,69,2,1,0,0,,37,0.899241571833729,0.8886918805828694,-0.010549691250859583,1,1,lost_cause,0.8171,1,1,143,1
HELIOS-000985,5.7,16.95,basic,14,4,8,0,1,0,7.0,85,0.8935753263234585,0.9119070841055603,0.018331757782101832,1,1,lost_cause,0.6685,1,1,174,1
HELIOS-000986,3.7,51.27,pro,1,57,5,1,2,0,,21,0.5458062416393782,0.8312898365016339,0.2854835948622557,1,1,persuadable,0.9905,1,1,113,1
HELIOS-000987,28.8,18.48,basic,5,56,3,0,0,0,4.0,146,0.9287315300242158,0.8160926391471187,-0.11263889087709711,1,1,sleeping_dog,0.6554,1,1,877,1
HELIOS-000988,3.1,46.71,pro,5,30,2,0,0,0,,23,0.8876450053112273,0.8136806911171613,-0.0739643141940659,1,1,sleeping_dog,0.9509,1,1,94,1
HELIOS-000989,8.3,48.63,pro,11,27,5,1,0,0,3.0,64,0.9295998310165671,0.9323845429024475,0.0027847118858804754,1,1,sure_thing,0.5849,1,1,253,1
HELIOS-000990,30.5,38.7,pro,15,15,4,0,1,1,,516,0.9488309301332778,0.950234173771026,0.0014032436377482416,1,1,sure_thing,0.3472,0,1,928,1
HELIOS-000991,13.5,41.76,pro,7,1,11,0,0,0,8.0,131,0.9452698428997982,0.9475000182982893,0.00223017539849113,1,1,sure_thing,0.0245,0,1,411,1
HELIOS-000992,27.1,177.01,enterprise,0,136,2,0,0,0,,124,0.9400718824900614,0.7457811188867685,-0.1942907636032929,1,1,sleeping_dog,0.5402,1,1,825,1
HELIOS-000993,28.1,53.24,pro,16,104,6,0,0,0,,318,0.9808025170109067,0.8183722127087354,-0.1624303043021713,1,1,sleeping_dog,0.8218,1,1,855,1
HELIOS-000994,16.2,40.19,pro,17,38,9,0,0,0,,257,0.9751429563490033,0.9616507644766104,-0.013492191872392922,1,1,sure_thing,0.4574,1,1,493,1
HELIOS-000995,31.2,13.75,basic,9,1,7,0,0,0,10.0,342,0.9801817758193196,0.9739089257292981,-0.006272850090021542,1,1,sure_thing,0.4788,1,1,950,1
HELIOS-000996,12.6,20.43,basic,9,3,5,2,0,0,,115,0.8909762037613173,0.9479265227759912,0.056950319014673956,1,1,persuadable,0.8432,0,1,384,1
HELIOS-000997,24.5,64.53,pro,13,12,8,0,0,0,6.0,305,0.9812565082421958,0.9766121313849793,-0.004644376857216526,1,1,sure_thing,0.5289,0,1,746,1
HELIOS-000998,30.3,55.46,pro,9,4,6,0,0,1,,352,0.980816697986184,0.9535120590604305,-0.02730463892575352,1,1,sure_thing,0.5348,1,1,922,1
HELIOS-000999,14.9,44.35,pro,8,26,4,1,0,1,,110,0.9274061053203655,0.8976972466993551,-0.02970885862101036,1,1,sure_thing,0.5422,0,1,454,1
HELIOS-001000,11.8,16.14,basic,8,4,8,0,0,0,7.0,90,0.9668900475991692,0.9625473075964015,-0.004342740002767687,1,1,sure_thing,0.1683,0,1,359,1
HELIOS-001001,2.1,25.55,basic,6,23,5,1,0,0,9.0,15,0.8286371989361164,0.8329506106510002,0.0043134117148837525,1,1,lost_cause,0.8728,1,1,64,1
HELIOS-001002,15.6,12.87,basic,9,5,13,2,0,1,8.0,227,0.9191509536825907,0.9721570645757872,0.05300611089319651,0,1,persuadable,0.6678,0,0,475,1
HELIOS-001003,25.5,17.96,basic,5,27,3,0,0,0,,190,0.944125688921137,0.8892054017509905,-0.05492028717014652,1,1,sleeping_dog,0.2854,0,1,776,1
HELIOS-001004,5.7,17.36,basic,7,42,4,0,0,0,,35,0.9027939632203014,0.8379519512336181,-0.06484201198668327,1,1,sleeping_dog,0.0388,0,1,174,0
HELIOS-001005,31.2,125.16,enterprise,4,200,3,0,1,1,,160,0.8328931888178853,0.70832692207752,-0.1245662667403653,1,1,sleeping_dog,0.6045,1,1,950,1
HELIOS-001006,18.0,19.27,basic,3,40,4,0,0,0,,98,0.9008900918777363,0.8407930046525125,-0.06009708722522378,1,1,sleeping_dog,0.2706,0,1,548,1
HELIOS-001007,31.2,17.69,basic,7,86,3,0,1,0,7.0,210,0.9032510265784803,0.8376068215972838,-0.0656442049811965,1,1,sleeping_dog,0.8225,1,1,950,0
HELIOS-001008,2.8,115.94,enterprise,3,250,2,1,0,0,,12,0.6902268233646528,0.48994485480538474,-0.20028196855926805,0,0,sleeping_dog,0.9265,1,0,85,1
HELIOS-001009,31.2,18.05,basic,8,1,2,1,0,0,7.0,344,0.925489484811334,0.9218963545929308,-0.003593130218403129,1,1,sure_thing,0.6594,0,1,950,1
HELIOS-001010,28.0,18.75,basic,10,13,5,0,0,0,,256,0.9637328185221863,0.943376048589007,-0.020356769933179253,1,1,sure_thing,0.0348,0,1,852,1
HELIOS-001011,16.4,14.93,basic,2,202,2,1,1,0,,56,0.6030497949627852,0.47230730876556204,-0.13074248619722317,1,1,sleeping_dog,0.686,0,1,499,0
HELIOS-001012,7.0,19.42,basic,17,21,3,0,1,1,,92,0.9093918645057497,0.884955122698631,-0.024436741807118745,0,0,lost_cause,0.0386,1,0,213,1
HELIOS-001013,12.3,157.64,enterprise,25,1,12,0,1,0,,295,0.9864024618042776,0.99,0.003597538195722394,1,1,sure_thing,0.6072,1,1,374,1
HELIOS-001014,31.2,16.63,basic,14,0,13,0,0,0,,523,0.9870983537610034,0.9874341526120416,0.00033579885103818263,1,1,sure_thing,0.6734,1,1,950,1
HELIOS-001015,11.6,11.35,basic,8,39,1,1,1,0,7.0,85,0.8373348813033723,0.9212129819116952,0.0838781006083229,1,1,persuadable,0.7752,0,1,353,1
HELIOS-001016,22.0,90.03,enterprise,4,11,5,1,0,0,7.0,148,0.9532441341216571,0.99,0.0367558658783429,1,1,sure_thing,0.7209,0,1,670,1
HELIOS-001017,14.5,41.45,pro,3,5,3,2,0,0,6.0,119,0.8982273761666213,0.99,0.0917726238333787,1,1,persuadable,0.9482,1,1,441,1
HELIOS-001018,24.3,49.18,pro,26,0,18,0,0,0,10.0,533,0.99,0.99,0.0,1,1,sure_thing,0.8868,1,1,740,1
HELIOS-001019,31.2,15.51,basic,48,2,18,0,0,0,,1161,0.99,0.99,0.0,1,1,sure_thing,0.2351,0,1,950,1
HELIOS-001020,31.2,14.62,basic,58,2,13,0,0,0,8.0,1031,0.99,0.99,0.0,1,1,sure_thing,0.5586,0,1,950,1
HELIOS-001021,17.4,22.12,basic,0,11,1,0,0,0,,62,0.9258622942461137,0.8689304532960644,-0.05693184095004922,1,1,sleeping_dog,0.2283,0,1,530,1
HELIOS-001022,28.1,68.69,pro,7,33,5,0,0,0,4.0,198,0.9536840837776249,0.9203786758603997,-0.03330540791722525,1,1,sure_thing,0.19,0,1,855,1
HELIOS-001023,10.5,17.47,basic,5,6,3,0,0,1,6.0,85,0.940921396917804,0.8702588809518934,-0.07066251596591056,1,1,sleeping_dog,0.8366,1,1,320,1
HELIOS-001024,31.2,41.01,pro,14,0,6,1,0,0,9.0,377,0.9729087254000125,0.9811551630879393,0.008246437687926766,1,1,sure_thing,0.6386,1,1,950,1
HELIOS-001025,31.2,59.88,pro,6,17,2,0,0,1,6.0,197,0.95778216971033,0.8474974869636956,-0.11028468274663439,1,1,sleeping_dog,0.3983,1,1,950,1
HELIOS-001026,17.1,46.46,pro,5,9,1,0,0,1,5.0,105,0.9272652443499709,0.8126708376354685,-0.11459440671450238,1,1,sleeping_dog,0.3537,0,1,521,1
HELIOS-001027,19.4,152.78,enterprise,1,59,0,0,0,0,6.0,88,0.9267042826394983,0.7895908224502783,-0.13711346018922,1,1,sleeping_dog,0.7623,1,1,591,1
HELIOS-001028,2.1,80.27,enterprise,24,16,13,1,1,0,9.0,40,0.9106488272418622,0.99,0.07935117275813774,1,1,persuadable,0.6915,0,1,64,1
HELIOS-001029,15.6,23.0,basic,3,75,4,2,0,1,,104,0.7746500132430081,0.76737108117647,-0.007278932066538069,1,1,lost_cause,0.5946,0,1,475,1
HELIOS-001030,21.7,135.87,enterprise,5,71,2,2,0,0,,120,0.8925251973848763,0.99,0.09747480261512365,0,1,persuadable,0.4402,0,0,661,1
HELIOS-001031,13.5,17.97,basic,5,29,0,2,0,1,,67,0.8173542973999204,0.8123163676315229,-0.005037929768397453,1,1,lost_cause,0.78,1,1,411,1
HELIOS-001032,31.2,58.29,pro,13,2,8,0,0,0,,440,0.9865902007100497,0.9839701124385598,-0.002620088271489851,1,1,sure_thing,0.3822,0,1,950,1
HELIOS-001033,6.7,46.23,pro,9,51,0,0,1,0,,66,0.8469863978391167,0.809709518388348,-0.03727687945076863,1,1,lost_cause,0.3117,0,1,204,1
HELIOS-001034,9.1,55.83,pro,10,16,5,0,0,0,,82,0.9268307939339424,0.9067527110196644,-0.02007808291427804,1,1,sure_thing,0.4152,0,1,277,1
HELIOS-001035,31.2,24.68,basic,13,3,4,0,0,0,,476,0.9764076356582678,0.956202595606343,-0.020205040051924805,1,1,sure_thing,0.6885,0,1,950,1
HELIOS-001036,31.2,16.82,basic,7,40,2,1,0,0,,172,0.9122100948075264,0.8711282112622609,-0.04108188354526543,1,1,lost_cause,0.8575,1,1,950,1
HELIOS-001037,17.5,51.73,pro,3,235,0,4,0,0,4.0,68,0.3871596320869238,0.38473004003470257,-0.0024295920522212078,1,1,lost_cause,0.9666,1,1,533,1
HELIOS-001038,31.2,24.17,basic,15,3,10,0,0,1,9.0,416,0.9834620339533601,0.9753160844561891,-0.008145949497170957,1,1,sure_thing,0.092,0,1,950,1
HELIOS-001039,31.2,31.64,basic,16,2,6,1,0,0,,486,0.9777313911341935,0.9818196781083643,0.004088286974170852,1,1,sure_thing,0.0182,0,1,950,1
HELIOS-001040,31.2,171.82,enterprise,7,39,0,0,0,0,,246,0.9647697421657352,0.8704261470389503,-0.09434359512678492,1,1,sleeping_dog,0.3891,1,1,950,1
HELIOS-001041,25.2,37.34,pro,8,26,6,0,0,1,,262,0.9698972995528643,0.9135250021407291,-0.05637229741213523,1,1,sleeping_dog,0.4397,1,1,767,1
HELIOS-001042,31.2,42.19,pro,3,38,5,0,0,0,,170,0.9630197884668864,0.9222337915688824,-0.040785996898003996,1,1,sure_thing,0.3022,1,1,950,1
HELIOS-001043,11.5,20.99,basic,17,1,5,0,1,1,9.0,118,0.9526480973569028,0.9572912591083453,0.004643161751442526,1,1,sure_thing,0.1066,1,1,350,1
HELIOS-001044,31.2,44.56,pro,1,28,4,3,0,1,,80,0.8567786571686028,0.99,0.1332213428313972,1,1,persuadable,0.3697,0,1,950,1
HELIOS-001045,31.2,177.04,enterprise,13,6,7,0,0,0,,392,0.9841932323599906,0.99,0.005806767640009425,1,1,sure_thing,0.4289,1,1,950,1
HELIOS-001046,31.2,37.72,pro,3,14,2,0,1,1,7.0,157,0.8889656394919981,0.9086506364767009,0.01968499698470272,1,1,lost_cause,0.7766,1,1,950,1
HELIOS-001047,27.8,63.54,pro,32,7,10,0,0,0,9.0,706,0.99,0.99,0.0,1,1,sure_thing,0.1865,0,1,846,1
HELIOS-001048,19.1,14.49,basic,5,104,1,0,0,1,7.0,154,0.8867715335492533,0.6081999506865127,-0.27857158286274064,1,1,sleeping_dog,0.6928,1,1,581,1
HELIOS-001049,28.0,17.06,basic,8,21,6,1,0,1,7.0,394,0.9436082153801107,0.9310965751359448,-0.012511640244165956,1,1,sure_thing,0.3171,1,1,852,1
HELIOS-001050,17.5,22.01,basic,2,178,7,0,1,0,4.0,95,0.738977904061196,0.5660588416137831,-0.17291906244741295,1,1,sleeping_dog,0.2038,1,1,533,1
HELIOS-001051,18.2,14.27,basic,5,31,6,0,1,0,,156,0.8320985475416913,0.8610526131652729,0.028954065623581604,1,1,lost_cause,0.7066,1,1,554,1
HELIOS-001052,10.7,63.77,pro,4,25,1,3,0,0,7.0,69,0.6972491893785185,0.9321527879056714,0.2349035985271528,0,0,persuadable,0.9274,1,0,326,1
HELIOS-001053,11.4,22.87,basic,4,9,3,0,0,0,,60,0.857687009432813,0.8266328014837827,-0.031054207949030244,1,1,lost_cause,0.914,1,1,347,1
HELIOS-001054,23.1,46.69,pro,15,0,4,0,1,0,,186,0.9517978555549058,0.9772976102840096,0.02549975472910382,1,1,sure_thing,0.5389,1,1,703,1
HELIOS-001055,31.2,62.83,pro,15,10,4,2,1,0,,453,0.9136097033175528,0.99,0.07639029668244723,1,1,persuadable,0.746,1,1,950,1
HELIOS-001056,31.2,43.88,pro,12,0,4,0,1,1,7.0,310,0.9431462930778788,0.9643638990219292,0.02121760594405042,1,1,sure_thing,0.1086,0,1,950,1
HELIOS-001057,31.2,53.75,pro,7,101,6,0,1,0,,176,0.9279293701609089,0.916255088940527,-0.011674281220381943,1,1,sure_thing,0.0295,0,1,950,1
HELIOS-001058,31.2,16.52,basic,2,10,2,0,0,0,9.0,173,0.9313551895935542,0.8883571951794766,-0.04299799441407759,1,1,sure_thing,0.5434,0,1,950,1
HELIOS-001059,19.1,60.11,pro,8,119,5,0,2,0,,104,0.7493935619413054,0.924957230284891,0.1755636683435856,0,1,persuadable,0.9686,1,1,581,1
HELIOS-001060,31.2,55.12,pro,27,2,11,0,0,0,,626,0.99,0.99,0.0,1,1,sure_thing,0.6438,0,1,950,0
HELIOS-001061,31.2,57.47,pro,9,6,9,1,0,0,,337,0.9603579022063936,0.9844728632774411,0.02411496107104749,1,1,sure_thing,0.2346,0,1,950,1
HELIOS-001062,13.0,60.87,pro,15,22,9,0,0,0,,204,0.965093895302981,0.9593165852510156,-0.005777310051965356,0,0,sure_thing,0.9468,1,0,396,1
HELIOS-001063,14.5,37.3,pro,22,4,16,0,0,0,10.0,302,0.99,0.99,0.0,1,1,sure_thing,0.5345,0,1,441,1
HELIOS-001064,11.5,76.49,pro,3,23,4,2,0,0,,44,0.8729016606236322,0.99,0.11709833937636782,1,1,persuadable,0.574,0,1,350,1
HELIOS-001065,18.8,40.86,pro,4,38,2,1,0,0,,69,0.8904599623175083,0.866367917656367,-0.024092044661141343,1,1,lost_cause,0.5918,0,1,572,1
HELIOS-001066,19.7,109.48,enterprise,30,7,11,0,0,0,9.0,442,0.99,0.99,0.0,1,1,sure_thing,0.0311,1,1,600,0
HELIOS-001067,17.9,48.67,pro,3,98,3,0,1,0,,126,0.7729361039508381,0.7191240878189595,-0.05381201613187858,1,1,sleeping_dog,0.2628,0,1,545,1
HELIOS-001068,26.1,18.88,basic,3,107,3,2,1,1,,119,0.6711413199894849,0.8140776588458498,0.14293633885636492,1,1,persuadable,0.9529,1,1,794,1
HELIOS-001069,16.9,128.86,enterprise,16,29,5,0,0,1,,224,0.9793176488747073,0.9084660158611748,-0.07085163301353248,1,1,sleeping_dog,0.0655,1,1,514,1
HELIOS-001070,17.8,16.8,basic,10,16,2,1,0,0,,90,0.9227328985241602,0.9063506934142835,-0.016382205109876646,1,1,sure_thing,0.8808,1,1,542,1
HELIOS-001071,11.7,21.61,basic,31,4,13,0,0,0,,310,0.99,0.9895101784038265,-0.0004898215961735009,1,1,sure_thing,0.6028,0,1,356,1
HELIOS-001072,12.9,23.6,basic,2,36,2,0,1,0,6.0,77,0.8490636971939649,0.8691946492816008,0.020130952087635934,0,0,lost_cause,0.6809,0,0,393,1
HELIOS-001073,5.9,10.56,basic,27,3,10,0,0,0,,141,0.9883432929042166,0.9851229553481967,-0.0032203375560199143,1,1,sure_thing,0.2354,0,1,180,1
HELIOS-001074,26.0,106.9,enterprise,7,9,3,0,0,1,,324,0.972155872008351,0.9082054349823261,-0.06395043702602488,1,1,sleeping_dog,0.2157,0,1,791,1
HELIOS-001075,8.2,29.05,basic,10,0,6,0,0,1,5.0,71,0.9427822389599044,0.9168117219194494,-0.025970517040455054,1,1,sure_thing,0.4806,0,1,250,1
HELIOS-001076,29.8,65.41,pro,5,113,3,0,0,0,,254,0.9418039785920194,0.7085475520056519,-0.23325642658636747,1,1,sleeping_dog,0.0242,1,1,907,1
HELIOS-001077,31.2,19.49,basic,2,17,5,0,0,0,10.0,248,0.9443449733236831,0.9233619499208793,-0.02098302340280378,1,1,sure_thing,0.6311,1,1,950,1
HELIOS-001078,13.9,50.12,pro,3,30,6,1,1,1,,133,0.8405454299335137,0.99,0.14945457006648633,1,1,persuadable,0.9478,1,1,423,0
HELIOS-001079,7.2,15.62,basic,15,0,11,0,0,0,,76,0.9703711537810641,0.96940065878134,-0.0009704949997241252,1,1,sure_thing,0.1866,0,1,219,1
HELIOS-001080,10.8,52.8,pro,18,11,11,1,0,0,,179,0.9609271562634452,0.9714799568951521,0.010552800631706938,1,1,sure_thing,0.8177,0,1,329,1
HELIOS-001081,12.5,116.64,enterprise,15,1,8,0,0,0,,188,0.9781202471004513,0.9818149398877989,0.0036946927873475754,1,1,sure_thing,0.5665,1,1,380,0
HELIOS-001082,31.2,23.39,basic,14,63,10,1,1,1,,442,0.928324575778964,0.99,0.061675424221036,1,1,persuadable,0.4249,1,1,950,1
HELIOS-001083,23.5,23.62,basic,5,4,2,2,0,1,7.0,195,0.8820930772213198,0.9399466824844068,0.05785360526308703,1,1,persuadable,0.5312,0,1,715,1
HELIOS-001084,11.3,18.99,basic,4,7,5,0,0,0,,42,0.9116253008334038,0.8966824144497231,-0.014942886383680687,1,1,lost_cause,0.2032,1,1,344,1
HELIOS-001085,20.5,21.55,basic,10,3,5,1,0,0,9.0,232,0.9106883219677739,0.9158607849210426,0.005172462953268675,0,0,lost_cause,0.0288,0,0,624,1
HELIOS-001086,31.1,134.5,enterprise,8,36,6,1,1,0,,303,0.9268997952670179,0.99,0.06310020473298206,0,1,persuadable,0.4746,1,1,947,1
HELIOS-001087,29.9,16.28,basic,17,20,4,2,0,0,,502,0.9551298777678878,0.9788797871770016,0.023749909409113812,1,1,sure_thing,0.818,1,1,910,1
HELIOS-001088,3.5,62.62,pro,8,70,2,2,0,0,,17,0.7749274214206966,0.8229041413108672,0.047976719890170605,1,1,lost_cause,0.7292,1,1,107,1
HELIOS-001089,5.6,57.21,pro,17,22,6,0,0,0,7.0,97,0.9670809995275963,0.9473533229687219,-0.01972767655887442,1,1,sure_thing,0.1308,1,1,170,1
HELIOS-001090,22.1,42.09,pro,13,17,8,0,0,0,,319,0.9773431140883746,0.9695560491772909,-0.007787064911083719,1,1,sure_thing,0.3432,0,1,673,1
HELIOS-001091,2.7,96.37,enterprise,30,1,8,0,0,0,10.0,70,0.9861795355283258,0.9817952664445855,-0.004384269083740344,1,1,sure_thing,0.0442,1,1,82,1
HELIOS-001092,9.0,23.56,basic,8,8,4,2,0,0,,81,0.8949692710997533,0.9569508819036812,0.061981610803927834,1,1,persuadable,0.3702,0,1,274,1
HELIOS-001093,5.2,17.97,basic,13,28,7,2,0,1,,70,0.8734787420284115,0.9060074143835779,0.03252867235516643,1,1,lost_cause,0.6917,1,1,158,1
HELIOS-001094,13.9,34.77,pro,25,0,7,0,1,0,,294,0.9609105030572977,0.9702673217267384,0.009356818669440603,1,1,sure_thing,0.8738,1,1,423,1
HELIOS-001095,9.2,14.03,basic,9,45,4,0,0,1,8.0,83,0.8912263407250963,0.7534003304552876,-0.13782601026980867,0,0,sleeping_dog,0.2788,0,0,280,1
HELIOS-001096,31.2,20.79,basic,10,19,1,0,1,0,7.0,169,0.9143728467894403,0.9162230252505639,0.0018501784611235639,1,1,lost_cause,0.1829,0,1,950,1
HELIOS-001097,25.6,50.79,pro,4,12,2,1,1,0,8.0,152,0.8453041224622732,0.99,0.14469587753772684,1,1,persuadable,0.9645,0,1,779,1
HELIOS-001098,5.5,19.22,basic,17,22,4,0,0,0,9.0,74,0.9493403411365755,0.9113974393638472,-0.0379429017727283,1,1,sure_thing,0.2592,0,1,167,1
HELIOS-001099,20.5,65.5,pro,3,222,3,2,1,0,,140,0.414234322714687,0.421087686983562,0.006853364268875006,1,1,lost_cause,0.9748,1,1,624,1
HELIOS-001100,10.7,14.75,basic,17,9,6,1,0,0,,130,0.9558295511033961,0.9553340484236721,-0.0004955026797239803,1,1,sure_thing,0.2448,1,1,326,1
HELIOS-001101,3.5,59.9,pro,16,5,6,0,0,0,,74,0.9772402881371953,0.9671930892306789,-0.010047198906516397,0,0,sure_thing,0.5395,1,0,107,1
HELIOS-001102,27.8,51.2,pro,5,28,1,0,1,1,,196,0.9262509479243556,0.9131533797624035,-0.013097568161952067,1,1,sure_thing,0.1589,0,1,846,1
HELIOS-001103,12.6,32.56,pro,15,40,3,0,0,0,,183,0.9571840974403568,0.877814575747169,-0.07936952169318778,1,0,sleeping_dog,0.9417,1,0,384,1
HELIOS-001104,31.2,47.43,pro,29,5,6,0,0,0,,555,0.99,0.9795096606812045,-0.010490339318795505,1,1,sure_thing,0.1132,0,1,950,1
HELIOS-001105,31.2,40.41,pro,14,4,9,0,0,0,10.0,462,0.98557423704975,0.982985871178184,-0.0025883658715659674,1,1,sure_thing,0.6322,1,1,950,1
HELIOS-001106,31.2,57.98,pro,10,37,5,1,0,0,,329,0.9560973498298191,0.9581475186955365,0.0020501688657174055,1,1,sure_thing,0.5377,1,1,950,1
HELIOS-001107,6.4,44.8,pro,10,2,6,0,1,0,8.0,48,0.8773782275895319,0.9180140139532574,0.04063578636372556,1,1,lost_cause,0.8688,1,1,195,1
HELIOS-001108,12.2,39.68,pro,7,20,5,0,1,0,,85,0.8926738194401018,0.9340773044349963,0.041403484994894435,1,1,lost_cause,0.8614,1,1,371,0
HELIOS-001109,7.6,16.64,basic,6,24,3,0,1,0,7.0,41,0.8501198864776264,0.8689426043326599,0.018822717855033533,1,1,lost_cause,0.6986,0,1,231,1
HELIOS-001110,16.8,19.91,basic,35,13,24,0,0,0,,405,0.99,0.99,0.0,1,1,sure_thing,0.4065,1,1,511,1
HELIOS-001111,17.8,28.21,basic,9,4,3,0,1,1,,132,0.8962499902141594,0.9074093646943777,0.01115937448021831,0,0,lost_cause,0.506,1,0,542,1
HELIOS-001112,8.1,17.11,basic,6,25,0,0,0,0,,45,0.9012958035744024,0.7952565656013755,-0.10603923797302695,1,1,sleeping_dog,0.056,0,1,247,1
HELIOS-001113,15.7,69.17,pro,3,152,1,0,0,0,4.0,49,0.8738922384353093,0.595225029987197,-0.2786672084481123,0,0,sleeping_dog,0.4422,1,0,478,1
HELIOS-001114,27.3,12.6,basic,20,1,7,0,0,0,9.0,394,0.9758764737806124,0.9681468831713256,-0.007729590609286796,1,1,sure_thing,0.7266,1,1,831,1
HELIOS-001115,31.2,19.3,basic,11,6,7,1,0,0,,499,0.9671329760470924,0.973948591894395,0.006815615847302614,1,1,sure_thing,0.1192,0,1,950,1
HELIOS-001116,31.2,18.13,basic,9,18,3,0,1,1,,307,0.9377527926809409,0.9303309911619269,-0.00742180151901406,1,1,sure_thing,0.5508,0,1,950,1
HELIOS-001117,31.2,16.09,basic,2,116,4,1,0,0,3.0,102,0.7497102544629403,0.5899715803402614,-0.15973867412267884,1,1,sleeping_dog,0.3128,0,1,950,1
HELIOS-001118,12.3,13.85,basic,2,141,1,1,0,0,4.0,54,0.6679250833666327,0.41945522483090786,-0.24846985853572484,0,0,sleeping_dog,0.8503,1,0,374,1
HELIOS-001119,5.2,16.93,basic,28,16,15,0,0,1,,124,0.9855207954879734,0.9827200851124134,-0.002800710375560067,1,1,sure_thing,0.3654,1,1,158,0
HELIOS-001120,31.2,54.18,pro,3,71,5,2,0,0,10.0,272,0.9024016323206315,0.99,0.08759836767936846,1,1,persuadable,0.5131,1,1,950,1
HELIOS-001121,22.7,15.99,basic,11,6,2,0,0,0,6.0,201,0.9537871082320529,0.9134736407113745,-0.040313467520678437,1,1,sure_thing,0.3009,0,1,691,1
HELIOS-001122,7.7,19.26,basic,10,43,4,0,0,0,,78,0.9392693892196096,0.8720965760200167,-0.0671728131995929,1,1,sleeping_dog,0.5425,1,1,234,1
HELIOS-001123,13.5,15.87,basic,17,7,3,0,0,0,8.0,198,0.9789290729467188,0.9468764118538666,-0.03205266109285221,1,1,sure_thing,0.6205,1,1,411,1
HELIOS-001124,31.2,43.35,pro,5,4,5,0,0,1,,218,0.9688807738383431,0.9320100736185212,-0.03687070021982197,1,1,sure_thing,0.0871,1,1,950,0
HELIOS-001125,15.5,19.11,basic,5,77,4,2,0,1,,113,0.8296319377392151,0.8034486547603812,-0.026183282978833877,0,0,lost_cause,0.6422,1,0,472,1
HELIOS-001126,31.2,126.93,enterprise,4,20,5,3,1,0,,126,0.7579678283685324,0.99,0.2320321716314676,1,1,persuadable,0.9702,1,1,950,1
HELIOS-001127,31.2,21.12,basic,14,30,9,0,0,0,,507,0.9777636985342731,0.9675215760826765,-0.010242122451596614,1,1,sure_thing,0.7186,0,1,950,1
HELIOS-001128,17.1,17.31,basic,24,9,6,1,0,0,,389,0.9791797998232747,0.9760221548162931,-0.0031576450069816797,1,1,sure_thing,0.7089,1,1,521,1
HELIOS-001129,20.3,40.47,pro,11,46,4,1,1,0,,127,0.8725738460526229,0.99,0.1174261539473771,1,1,persuadable,0.26,0,1,618,1
HELIOS-001130,31.2,17.62,basic,11,0,8,0,0,0,,458,0.974379289983934,0.9703586848074192,-0.004020605176514813,1,1,sure_thing,0.9535,1,1,950,1
HELIOS-001131,6.7,20.82,basic,17,42,4,2,1,1,,69,0.837981867349505,0.99,0.15201813265049502,1,1,persuadable,0.3312,0,1,204,1
HELIOS-001132,19.7,39.51,pro,19,24,12,0,0,1,,324,0.9759321665714529,0.966949519096936,-0.008982647474516825,1,1,sure_thing,0.6637,1,1,600,1
HELIOS-001133,31.2,24.43,basic,13,3,3,0,0,0,,371,0.9729170711668673,0.9454148389894597,-0.02750223217740766,1,1,sure_thing,0.2957,0,1,950,1
HELIOS-001134,24.7,17.23,basic,6,25,6,1,0,0,8.0,130,0.9332120322764368,0.9379458571361379,0.004733824859701086,1,1,sure_thing,0.2197,0,1,752,1
HELIOS-001135,23.8,18.66,basic,12,0,7,0,1,0,,378,0.9644136643990879,0.9864592572461593,0.022045592847071416,1,1,sure_thing,0.432,1,1,724,1
HELIOS-001136,23.2,20.97,basic,10,43,8,0,0,1,,263,0.9419732898491491,0.886691369742034,-0.05528192010711508,1,1,sleeping_dog,0.8165,1,1,706,1
HELIOS-001137,25.5,17.05,basic,5,50,4,0,1,1,,277,0.919182400494934,0.8889556584961152,-0.030226741998818807,1,1,lost_cause,0.6112,0,1,776,0
HELIOS-001138,23.3,48.62,pro,7,15,6,0,1,0,,202,0.9184089533146513,0.9706634864387212,0.05225453312406991,1,1,persuadable,0.3538,0,1,709,1
HELIOS-001139,21.4,19.52,basic,4,23,6,0,0,0,,150,0.9275799781494073,0.9083635573289339,-0.019216420820473368,1,0,sure_thing,0.7503,1,0,651,1
HELIOS-001140,31.2,19.46,basic,24,1,7,1,1,0,10.0,632,0.9753262564341616,0.99,0.014673743565838393,1,1,sure_thing,0.5771,1,1,950,1
HELIOS-001141,21.4,18.26,basic,10,12,7,0,0,1,10.0,262,0.9461101305384146,0.9172054415512755,-0.02890468898713916,1,1,sure_thing,0.5226,1,1,651,1
HELIOS-001142,4.8,113.33,enterprise,6,59,4,1,0,0,,34,0.8836977466698797,0.9068135814233701,0.02311583475349044,0,0,lost_cause,0.7594,1,0,146,1
HELIOS-001143,31.2,17.88,basic,11,4,7,1,1,0,,312,0.9511861481251719,0.99,0.03881385187482811,1,1,sure_thing,0.542,1,1,950,1
HELIOS-001144,22.2,67.57,pro,5,8,2,1,0,0,4.0,150,0.9166515307096107,0.9368853553206347,0.020233824611023965,1,1,lost_cause,0.1449,0,1,676,1
HELIOS-001145,23.9,26.73,basic,27,5,11,0,1,0,,488,0.9778309536587353,0.985697613483305,0.007866659824569688,1,1,sure_thing,0.3265,0,1,728,1
HELIOS-001146,31.2,58.92,pro,50,4,23,0,0,0,10.0,1160,0.99,0.99,0.0,1,1,sure_thing,0.4743,0,1,950,1
HELIOS-001147,27.4,21.5,basic,10,153,3,0,0,1,,150,0.9388802979758971,0.6483198961787278,-0.29056040179716935,0,0,sleeping_dog,0.0314,0,0,834,0
HELIOS-001148,24.1,44.1,pro,13,15,8,0,0,0,,265,0.9800076663338362,0.9730000142309675,-0.007007652102868689,1,1,sure_thing,0.096,0,1,734,1
HELIOS-001149,24.6,79.98,enterprise,9,4,7,1,1,1,7.0,200,0.9170794059065063,0.99,0.07292059409349372,0,0,persuadable,0.0602,1,0,749,0
HELIOS-001150,31.2,26.5,basic,5,7,5,0,1,0,,371,0.9237338760217781,0.9647321413196209,0.040998265297842784,1,1,sure_thing,0.268,0,1,950,1
HELIOS-001151,22.7,51.59,pro,4,14,4,0,0,0,,226,0.9402592244448283,0.9164998965740933,-0.023759327870735092,1,1,sure_thing,0.3349,1,1,691,0
HELIOS-001152,31.2,19.19,basic,22,9,11,0,0,0,10.0,597,0.988375384140208,0.9859415969872074,-0.0024337871530005772,1,1,sure_thing,0.1815,1,1,950,1
HELIOS-001153,31.2,28.12,basic,4,0,2,1,0,0,,242,0.9479072497536829,0.9539312977799767,0.006024048026293749,1,1,sure_thing,0.2446,1,1,950,1
HELIOS-001154,3.3,18.63,basic,7,48,4,2,0,0,6.0,23,0.7573117473269064,0.8039228600430125,0.04661111271610607,0,0,lost_cause,0.9634,1,0,100,0
HELIOS-001155,14.4,22.56,basic,8,1,4,0,0,0,6.0,174,0.9311277438072558,0.9132096288072107,-0.017918115000045143,0,0,sure_thing,0.8003,1,0,438,1
HELIOS-001156,7.9,46.5,pro,4,66,1,0,0,1,,40,0.924176988241575,0.6859796134761356,-0.23819737476543945,1,1,sleeping_dog,0.352,0,1,240,1
HELIOS-001157,11.4,52.1,pro,9,12,2,1,0,0,6.0,83,0.8869859769818128,0.88618433351305,-0.0008016434687627694,1,1,lost_cause,0.242,1,1,347,1
HELIOS-001158,31.1,24.68,basic,2,22,2,0,0,0,8.0,172,0.9333357040761945,0.8729851724796628,-0.0603505315965317,1,1,sleeping_dog,0.1554,0,1,947,1
HELIOS-001159,31.2,157.43,enterprise,10,29,6,2,0,0,10.0,389,0.963111425261531,0.99,0.02688857473846895,1,1,sure_thing,0.95,1,1,950,1
HELIOS-001160,27.1,18.32,basic,9,134,4,1,0,0,7.0,186,0.8600924225898454,0.6525297496381851,-0.2075626729516603,1,1,sleeping_dog,0.7352,0,1,825,1
HELIOS-001161,31.2,25.78,basic,3,2,4,0,0,1,,286,0.9593301148568999,0.9118858708081602,-0.0474442440487397,0,0,sure_thing,0.2963,0,0,950,1
HELIOS-001162,17.3,19.0,basic,8,4,10,0,0,0,,284,0.9752473799920839,0.9742764936222714,-0.0009708863698124626,1,1,sure_thing,0.0568,0,1,527,1
HELIOS-001163,31.2,13.08,basic,17,2,6,1,1,0,9.0,513,0.933351129114213,0.99,0.05664887088578696,1,1,persuadable,0.2891,0,1,950,1
HELIOS-001164,6.5,56.35,pro,10,3,5,0,0,0,6.0,40,0.937645243507627,0.9258607546638631,-0.01178448884376393,1,0,sure_thing,0.2198,0,1,198,1
HELIOS-001165,9.1,13.82,basic,6,41,2,0,0,0,,62,0.8911865852506837,0.7910151181374885,-0.10017146711319524,1,1,sleeping_dog,0.8872,1,1,277,0
HELIOS-001166,19.6,23.23,basic,3,33,2,2,0,0,,142,0.8038366923320928,0.8723085256212311,0.0684718332891383,1,1,persuadable,0.9455,1,1,597,1
HELIOS-001167,31.2,15.66,basic,18,13,3,0,0,0,,382,0.9832089362702054,0.9446927713686786,-0.03851616490152687,1,1,sure_thing,0.814,1,1,950,1
HELIOS-001168,7.7,54.41,pro,4,90,2,0,0,0,,36,0.904193264829229,0.6940013529704714,-0.21019191185875763,0,0,sleeping_dog,0.0088,0,0,234,1
HELIOS-001169,31.2,12.27,basic,10,1,1,0,0,0,,287,0.9552112984943799,0.9094215431053031,-0.045789755389076814,1,1,sure_thing,0.8197,1,1,950,1
HELIOS-001170,30.9,26.13,basic,8,46,3,2,0,0,,308,0.9100149764219986,0.9546366855270622,0.04462170910506358,1,1,lost_cause,0.8908,1,1,941,1
HELIOS-001171,11.2,41.0,pro,8,28,7,0,0,1,,93,0.9609922987132421,0.9157865020023319,-0.045205796710910184,1,1,sure_thing,0.0231,0,1,341,1
HELIOS-001172,14.9,19.86,basic,6,22,6,0,1,0,,117,0.909637484320863,0.9417567164341002,0.032119232113237195,1,1,lost_cause,0.6203,1,1,454,1
HELIOS-001173,27.6,15.04,basic,2,85,7,0,0,0,,162,0.9422805239404072,0.8493173533181123,-0.09296317062229487,1,1,sleeping_dog,0.7157,0,1,840,1
HELIOS-001174,31.2,52.72,pro,15,9,8,0,0,0,,362,0.9637039949388334,0.958456555675599,-0.005247439263234455,1,1,sure_thing,0.9234,1,1,950,1
HELIOS-001175,6.4,45.56,pro,10,0,3,2,1,0,,54,0.7498577030226508,0.99,0.24014229697734923,0,1,persuadable,0.8049,1,1,195,1
HELIOS-001176,31.2,46.77,pro,7,65,2,1,0,0,,300,0.9039938784001107,0.82616834830153,-0.07782553009858073,1,1,sleeping_dog,0.162,0,1,950,1
HELIOS-001177,2.6,17.55,basic,1,22,2,1,0,1,7.0,12,0.7588424454380647,0.7062240175493616,-0.05261842788870308,0,0,sleeping_dog,0.9163,1,0,79,1
HELIOS-001178,20.4,31.27,pro,17,31,3,0,0,0,9.0,247,0.9727311067842871,0.9094367567152903,-0.06329435006899675,1,1,sleeping_dog,0.2389,0,1,621,1
HELIOS-001179,31.2,16.23,basic,3,16,1,0,1,0,9.0,178,0.9033235448675226,0.9236220738049371,0.020298528937414462,1,1,lost_cause,0.0665,0,1,950,1
HELIOS-001180,17.4,17.45,basic,1,279,1,0,0,0,4.0,43,0.6158104290510651,0.32094101286306514,-0.29486941618799994,1,0,sleeping_dog,0.9294,1,0,530,1
HELIOS-001181,31.2,25.04,basic,13,0,5,2,0,1,,439,0.9422966235011058,0.9831880234193175,0.04089139991821178,1,1,sure_thing,0.3071,0,1,950,1
HELIOS-001182,1.6,14.81,basic,16,46,1,0,1,1,,16,0.8572851229807298,0.7528433135300687,-0.10444180945066106,1,1,sleeping_dog,0.8903,1,1,49,1
HELIOS-001183,31.2,51.23,pro,37,2,15,0,0,1,,945,0.99,0.99,0.0,1,1,sure_thing,0.7817,1,1,950,0
HELIOS-001184,31.2,20.77,basic,1,23,1,3,0,0,6.0,101,0.7729054316993899,0.9787231189882308,0.20581768728884098,0,1,persuadable,0.8803,1,1,950,1
HELIOS-001185,2.2,25.54,basic,15,15,11,0,1,0,9.0,40,0.8975652946901292,0.9184031139822022,0.020837819292072957,1,1,lost_cause,0.2726,0,1,67,1
HELIOS-001186,9.8,26.49,basic,4,56,1,0,1,0,,49,0.8307485066216451,0.8035876386005897,-0.02716086802105544,1,1,lost_cause,0.6277,1,1,298,0
HELIOS-001187,27.2,21.79,basic,4,237,5,0,1,0,,160,0.6930061363279997,0.4468595227548258,-0.24614661357317386,1,1,sleeping_dog,0.9898,1,1,828,1
HELIOS-001188,1.9,154.07,enterprise,16,1,14,1,0,1,,30,0.9789802636069386,0.99,0.011019736393061419,1,1,sure_thing,0.5975,1,1,58,1
HELIOS-001189,29.9,10.04,basic,19,7,10,0,0,0,10.0,604,0.989107010399482,0.9858369160218216,-0.0032700943776604596,0,0,sure_thing,0.0423,0,0,910,1
HELIOS-001190,8.4,45.93,pro,12,7,4,0,0,0,6.0,87,0.9438761099265134,0.9220984414357976,-0.02177766849071583,1,1,sure_thing,0.6952,1,1,256,1
HELIOS-001191,6.9,18.27,basic,27,7,11,0,0,0,8.0,165,0.9839572874659419,0.9814158174233649,-0.0025414700425769876,1,1,sure_thing,0.0009,0,1,210,1
HELIOS-001192,10.8,61.1,pro,5,64,3,1,1,0,4.0,60,0.7839603332118189,0.949748619697079,0.16578828648526012,1,1,persuadable,0.964,1,1,329,0
HELIOS-001193,10.9,18.78,basic,20,8,14,0,0,0,,225,0.9811234375766049,0.9809021646654085,-0.0002212729111964462,1,1,sure_thing,0.2506,0,1,332,1
HELIOS-001194,27.9,53.29,pro,2,10,0,1,0,0,,82,0.9010979053280079,0.9016637745565897,0.0005658692285818168,0,0,lost_cause,0.0562,0,0,849,1
HELIOS-001195,16.1,14.11,basic,8,9,6,0,0,0,,191,0.9605778594551558,0.9481406781594947,-0.012437181295661182,1,1,sure_thing,0.7412,1,1,490,1
HELIOS-001196,31.2,35.2,pro,6,65,6,0,0,0,,202,0.9438424719620188,0.8727550190614171,-0.0710874529006017,1,1,sleeping_dog,0.4765,0,1,950,1
HELIOS-001197,26.6,49.46,pro,3,38,6,1,0,1,5.0,254,0.9185647728363537,0.9112015343191192,-0.007363238517234527,1,1,lost_cause,0.0078,0,1,810,1
HELIOS-001198,31.2,16.55,basic,40,0,14,0,0,0,10.0,1102,0.99,0.99,0.0,1,1,sure_thing,0.9229,0,1,950,1
HELIOS-001199,11.7,20.94,basic,6,21,3,1,0,1,,87,0.8904988604848505,0.8490135932514178,-0.04148526723343271,1,1,lost_cause,0.5775,0,1,356,1
HELIOS-001200,4.6,14.48,basic,6,60,4,1,0,0,,35,0.8477449471079642,0.8051862641639937,-0.04255868294397047,1,1,lost_cause,0.8435,1,1,140,1
HELIOS-001201,24.9,38.79,pro,13,22,6,0,0,0,8.0,333,0.9692981401049344,0.9495172349083791,-0.019780905196555287,1,1,sure_thing,0.5672,0,1,758,1
HELIOS-001202,15.3,16.41,basic,56,4,14,0,0,0,,583,0.99,0.99,0.0,1,1,sure_thing,0.4823,0,1,466,1
HELIOS-001203,31.2,16.42,basic,31,4,15,0,0,0,,777,0.99,0.99,0.0,1,1,sure_thing,0.0034,0,1,950,1
HELIOS-001204,17.8,16.79,basic,0,103,4,1,0,0,,34,0.8325008261854573,0.7084914763158091,-0.12400934986964818,1,1,sleeping_dog,0.4794,1,1,542,1
HELIOS-001205,25.3,37.61,pro,1,29,2,4,1,0,5.0,155,0.5570573058001905,0.8544933081511604,0.2974360023509699,1,1,persuadable,0.9863,1,1,770,0
HELIOS-001206,31.2,58.77,pro,2,34,2,2,0,1,5.0,159,0.8692865080011919,0.9577015141182748,0.08841500611708286,1,1,persuadable,0.5495,1,1,950,1
HELIOS-001207,13.1,16.2,basic,7,41,2,1,1,0,,101,0.8135863034360472,0.9148626623949043,0.10127635895885712,1,1,persuadable,0.6871,1,1,399,1
HELIOS-001208,31.2,62.08,pro,2,65,0,0,0,1,,188,0.8957679720745766,0.6500264425628279,-0.24574152951174866,1,1,sleeping_dog,0.2492,0,1,950,1
HELIOS-001209,13.8,17.21,basic,10,67,4,2,0,1,,109,0.8426002804502752,0.8146677160518163,-0.027932564398458926,1,1,lost_cause,0.8446,1,1,420,1
HELIOS-001210,15.2,42.54,pro,17,12,4,0,0,0,10.0,212,0.9780338180704043,0.9508546267750977,-0.02717919129530666,1,1,sure_thing,0.2234,1,1,463,1
HELIOS-001211,31.2,15.56,basic,9,2,4,0,1,0,8.0,284,0.947686965087225,0.970149796263428,0.022462831176202958,1,1,sure_thing,0.4029,1,1,950,1
HELIOS-001212,26.2,149.63,enterprise,5,99,4,1,0,0,,100,0.9220516643193104,0.9140249639271972,-0.008026700392113173,1,1,sure_thing,0.6537,1,1,798,1
HELIOS-001213,18.3,26.81,basic,2,43,1,0,0,0,7.0,139,0.8988398078445464,0.7743931846381977,-0.1244466232063487,1,1,sleeping_dog,0.2972,1,1,557,1
HELIOS-001214,25.6,70.94,pro,5,45,7,1,1,0,7.0,202,0.8833215258895251,0.99,0.10667847411047493,1,1,persuadable,0.8609,1,1,779,1
HELIOS-001215,19.9,125.0,enterprise,2,198,2,1,0,0,,117,0.7473795463437763,0.570240609436095,-0.17713893690768134,0,0,sleeping_dog,0.7794,1,0,606,1
HELIOS-001216,12.5,16.65,basic,13,2,7,0,0,0,,193,0.9786964273249343,0.9715623295794561,-0.007134097745478241,1,1,sure_thing,0.688,1,1,380,1
HELIOS-001217,1.3,39.2,pro,35,0,17,1,0,1,,41,0.9898024865442816,0.99,0.00019751345571838996,1,1,sure_thing,0.2918,0,1,40,1
HELIOS-001218,29.4,40.28,pro,30,2,15,0,0,1,,801,0.99,0.99,0.0,1,1,sure_thing,0.2791,0,1,895,1
HELIOS-001219,23.3,17.27,basic,27,20,16,0,1,0,8.0,549,0.9870188248188272,0.99,0.0029811751811728016,1,1,sure_thing,0.0749,0,1,709,1
HELIOS-001220,13.2,61.52,pro,39,3,16,0,0,0,9.0,378,0.99,0.99,0.0,1,1,sure_thing,0.0723,0,1,402,1
HELIOS-001221,18.0,19.81,basic,1,5,4,1,0,0,6.0,125,0.8792932842241619,0.8934178310545882,0.014124546830426299,1,1,lost_cause,0.6263,0,1,548,1
HELIOS-001222,6.9,114.37,enterprise,1,14,2,1,0,0,,60,0.8836838772533121,0.9646926919936829,0.0810088147403708,1,1,persuadable,0.902,1,1,210,1
HELIOS-001223,21.2,51.86,pro,4,59,1,0,1,0,,144,0.8963870431650866,0.8869176351921442,-0.009469407972942379,1,1,lost_cause,0.1355,0,1,645,0
HELIOS-001224,31.2,18.08,basic,4,36,3,2,0,1,8.0,233,0.8732506195032935,0.907219493734283,0.03396887423098949,1,1,lost_cause,0.4346,1,1,950,1
HELIOS-001225,26.9,52.33,pro,26,7,14,0,0,0,,486,0.99,0.99,0.0,1,1,sure_thing,0.2383,0,1,819,0
HELIOS-001226,31.2,63.15,pro,3,103,2,1,0,0,,132,0.8354037201521093,0.6859895484567138,-0.1494141716953955,1,1,sleeping_dog,0.288,1,1,950,1
HELIOS-001227,9.6,159.52,enterprise,4,57,3,1,1,1,,84,0.7614178948561567,0.9825237955578423,0.22110590070168556,1,1,persuadable,0.6103,1,1,292,1
HELIOS-001228,11.0,171.21,enterprise,9,0,7,1,0,1,,87,0.9643697996253233,0.99,0.02563020037467667,1,1,sure_thing,0.6026,1,1,335,1
HELIOS-001229,31.2,61.82,pro,2,326,2,0,0,0,5.0,125,0.8364600197955151,0.5469594768415644,-0.28950054295395067,1,1,sleeping_dog,0.3378,0,1,950,1
HELIOS-001230,25.5,19.86,basic,4,2,5,0,0,0,8.0,226,0.8982913854159011,0.88614813023605,-0.012143255179851153,1,1,lost_cause,0.4554,0,1,776,1
HELIOS-001231,25.2,50.33,pro,5,14,0,1,0,0,,168,0.9265900086649527,0.912457122566275,-0.014132886098677688,1,1,sure_thing,0.8046,1,1,767,1
HELIOS-001232,14.7,75.62,pro,12,0,4,2,0,1,,169,0.9288397373047047,0.99,0.06116026269529529,1,1,persuadable,0.6435,1,1,447,1
HELIOS-001233,13.9,20.47,basic,9,16,3,1,1,0,9.0,126,0.8455295693130863,0.9538871405821341,0.10835757126904777,1,1,persuadable,0.5317,1,1,423,1
HELIOS-001234,17.4,17.52,basic,6,42,4,0,0,0,,133,0.9504719613376973,0.8858995865156468,-0.06457237482205047,0,0,sleeping_dog,0.4463,1,0,530,1
HELIOS-001235,12.5,50.76,pro,4,31,2,0,0,0,,89,0.9298952989712527,0.855022359915931,-0.07487293905532166,1,1,sleeping_dog,0.4869,0,1,380,1
HELIOS-001236,31.2,38.86,pro,5,60,3,1,1,0,,164,0.8068976076906138,0.9457561898103413,0.13885858211972746,1,1,persuadable,0.8388,1,1,950,1
HELIOS-001237,23.0,57.96,pro,6,3,4,0,0,1,,169,0.9391957815009467,0.8924221685880704,-0.046773612912876295,1,1,sure_thing,0.2034,0,1,700,1
HELIOS-001238,12.2,11.3,basic,8,22,5,0,1,0,5.0,126,0.8349385649761983,0.8546795965084133,0.01974103153221496,0,0,lost_cause,0.6906,0,0,371,1
HELIOS-001239,11.9,18.59,basic,14,33,5,1,0,1,,132,0.9494905552038087,0.909113757796644,-0.0403767974071646,1,1,sure_thing,0.2171,0,1,362,1
HELIOS-001240,16.5,43.65,pro,6,26,5,2,1,0,7.0,107,0.7562259668689927,0.99,0.2337740331310073,1,1,persuadable,0.7758,1,1,502,1
HELIOS-001241,31.0,20.04,basic,8,47,1,0,0,1,,218,0.9569684835742894,0.7489352797665404,-0.20803320380774903,1,0,sleeping_dog,0.8155,1,0,944,1
HELIOS-001242,9.7,14.93,basic,9,8,9,1,0,0,,113,0.9240958921210618,0.9338441674633109,0.009748275342249091,1,1,sure_thing,0.2585,0,1,295,1
HELIOS-001243,31.2,23.16,basic,11,34,3,1,0,0,7.0,414,0.9237702441199332,0.8995771999402606,-0.024193044179672607,1,1,sure_thing,0.1469,0,1,950,1
HELIOS-001244,31.2,13.8,basic,7,5,5,1,0,0,,236,0.9558157351011938,0.9617852420474536,0.0059695069462598616,1,1,sure_thing,0.0286,0,1,950,1
HELIOS-001245,11.6,58.71,pro,10,20,11,2,0,0,7.0,140,0.9112847866056253,0.99,0.0787152133943747,1,1,persuadable,0.6038,1,1,353,1
HELIOS-001246,24.7,9.76,basic,8,18,3,0,0,0,,281,0.9415472626678475,0.8982111658026775,-0.04333609686517004,1,1,sure_thing,0.2249,0,1,752,1
HELIOS-001247,14.9,19.42,basic,1,365,0,2,1,0,,52,0.25600315623323894,0.21447990825926577,-0.041523247973973165,0,0,lost_cause,0.9895,1,0,454,1
HELIOS-001248,12.8,21.62,basic,1,365,3,0,0,0,,33,0.5345155230339711,0.23990759779423015,-0.29460792523974094,0,0,sleeping_dog,0.9728,0,0,390,0
HELIOS-001249,1.6,124.33,enterprise,9,19,1,0,0,0,,5,0.887040686640955,0.8287597021271947,-0.05828098451376029,1,1,sleeping_dog,0.4875,1,1,49,1
HELIOS-001250,13.8,20.87,basic,2,365,1,1,1,0,,52,0.34482410587173096,0.20332566942104477,-0.1414984364506862,0,0,sleeping_dog,0.9986,1,0,420,1
HELIOS-001251,24.3,38.1,pro,4,14,3,0,0,0,,110,0.9254756465209192,0.8903461343632874,-0.035129512157631826,1,1,sure_thing,0.7925,1,1,740,1
HELIOS-001252,14.6,21.6,basic,4,16,2,2,0,0,,107,0.7976393934441406,0.8684841714203392,0.07084477797619859,1,1,persuadable,0.7672,1,1,444,1
HELIOS-001253,31.2,53.46,pro,26,5,10,0,0,0,,643,0.99,0.99,0.0,1,1,sure_thing,0.0323,1,1,950,1
HELIOS-001254,28.6,49.09,pro,3,85,3,1,0,0,,122,0.8879110285888412,0.7953787037504336,-0.09253232483840756,1,1,sleeping_dog,0.6198,1,1,871,1
HELIOS-001255,31.2,19.55,basic,9,19,4,1,0,0,,268,0.9567277623795309,0.9527823840958978,-0.003945378283633172,1,1,sure_thing,0.4418,0,1,950,1
HELIOS-001256,18.9,20.72,basic,23,0,17,0,0,1,,318,0.9876170975446175,0.9874166226411568,-0.00020047490346064567,1,1,sure_thing,0.2488,0,1,575,1
HELIOS-001257,19.0,55.53,pro,11,3,2,0,0,1,,191,0.9647423207165119,0.8826591765579139,-0.08208314415859796,1,1,sleeping_dog,0.1977,0,1,578,0
HELIOS-001258,22.9,15.32,basic,3,79,2,0,0,0,,125,0.9056209762606056,0.7150935990436059,-0.19052737721699964,1,1,sleeping_dog,0.8369,1,1,697,1
HELIOS-001259,17.9,163.16,enterprise,3,0,5,2,1,0,7.0,131,0.8715180878125367,0.99,0.11848191218746329,1,1,persuadable,0.9088,1,1,545,1
HELIOS-001260,31.2,21.41,basic,4,26,2,4,0,0,,178,0.7586345285652475,0.99,0.2313654714347525,1,1,persuadable,0.6415,0,1,950,1
HELIOS-001261,10.3,16.18,basic,1,0,4,2,0,0,,21,0.7863873505378203,0.8754466659704906,0.08905931543267032,1,1,persuadable,0.8154,1,1,314,1
HELIOS-001262,31.2,69.79,pro,11,23,5,0,0,0,,262,0.9816340177811991,0.9566774012882361,-0.02495661649296299,0,0,sure_thing,0.682,0,0,950,1
HELIOS-001263,31.2,39.43,pro,2,104,2,1,0,0,5.0,138,0.8797727379948969,0.7156190010863466,-0.16415373690855029,1,1,sleeping_dog,0.0086,0,1,950,1
HELIOS-001264,15.0,19.9,basic,11,2,10,0,0,0,7.0,202,0.973314978235062,0.971996096303717,-0.001318881931344995,1,1,sure_thing,0.3409,0,1,457,1
HELIOS-001265,31.2,15.48,basic,8,56,4,0,0,0,,279,0.9435151120710193,0.8510237794272101,-0.09249133264380927,1,1,sleeping_dog,0.4138,1,1,950,1
HELIOS-001266,15.5,21.47,basic,11,55,7,0,0,0,7.0,159,0.9473529748711322,0.9043922602977421,-0.042960714573390124,1,1,sure_thing,0.5897,0,1,472,1
HELIOS-001267,24.0,21.52,basic,3,12,3,0,0,0,,135,0.9479209753486606,0.9138999360856165,-0.03402103926304412,1,1,sure_thing,0.226,0,1,731,1
HELIOS-001268,16.6,17.3,basic,14,9,8,1,0,0,9.0,232,0.9666486610828284,0.9715534717069624,0.004904810624133948,1,1,sure_thing,0.0111,0,1,505,1
HELIOS-001269,31.2,16.58,basic,1,67,1,1,1,0,,80,0.735327222949133,0.838302155317069,0.10297493236793598,0,0,persuadable,0.2477,1,0,950,0
HELIOS-001270,27.8,55.26,pro,12,11,8,1,0,0,,456,0.9681699989869327,0.9844785402344477,0.016308541247515018,1,1,sure_thing,0.0106,0,1,846,1
HELIOS-001271,7.1,14.13,basic,11,135,6,1,1,0,10.0,74,0.6285394869714244,0.6294559603570563,0.000916473385631944,1,1,lost_cause,0.7618,0,1,216,1
HELIOS-001272,10.0,21.73,basic,7,53,4,1,0,0,7.0,120,0.9079498285019927,0.8763450380456993,-0.031604790456293386,1,1,lost_cause,0.2166,0,1,304,0
HELIOS-001273,9.1,42.81,pro,1,156,0,0,1,0,,49,0.6248842819452168,0.42446361732802185,-0.200420664617195,1,1,sleeping_dog,0.8582,1,1,277,0
HELIOS-001274,19.9,38.4,pro,7,9,8,0,0,1,,212,0.950292447114929,0.9332279591427436,-0.017064487972185405,1,1,sure_thing,0.5011,1,1,606,1
HELIOS-001275,31.2,35.03,basic,13,24,10,1,1,1,5.0,359,0.9486729270337886,0.99,0.04132707296621141,1,1,sure_thing,0.3517,0,1,950,1
HELIOS-001276,31.2,49.37,pro,4,78,3,1,0,0,,120,0.9067806445254717,0.8285296225220584,-0.07825102200341327,1,1,sleeping_dog,0.4897,0,1,950,1
HELIOS-001277,19.0,21.28,basic,9,13,6,1,0,0,,231,0.9322921624256841,0.9382978291020514,0.006005666676367261,1,1,sure_thing,0.6634,1,1,578,1
HELIOS-001278,14.6,18.19,basic,10,8,6,1,0,1,,157,0.9470576091587245,0.9414698144802082,-0.0055877946785163335,1,1,sure_thing,0.4389,0,1,444,1
HELIOS-001279,7.4,15.23,basic,13,19,10,2,0,0,,126,0.9244433233553944,0.965487540170444,0.04104421681504966,1,1,sure_thing,0.4042,0,1,225,1
HELIOS-001280,21.7,20.84,basic,11,3,7,1,0,0,8.0,245,0.9488877051440003,0.9564722006025185,0.007584495458518137,1,1,sure_thing,0.4637,1,1,661,1
HELIOS-001281,29.4,69.4,pro,9,78,3,0,0,0,9.0,184,0.9233705971265221,0.7600205841417428,-0.16335001298477936,1,0,sleeping_dog,0.4994,1,0,895,0
HELIOS-001282,27.5,17.52,basic,12,4,8,0,1,1,,383,0.946206879314525,0.9645836468783322,0.01837676756380724,1,1,sure_thing,0.4034,1,1,837,1
HELIOS-001283,7.7,44.32,pro,4,76,4,0,0,0,7.0,55,0.8481704163104493,0.7124172514154802,-0.13575316489496914,0,0,sleeping_dog,0.4702,0,0,234,1
HELIOS-001284,6.3,24.94,basic,26,4,9,1,0,0,,143,0.9666334453898275,0.9680369426974732,0.0014034973076456625,1,1,sure_thing,0.1026,0,1,192,1
HELIOS-001285,20.9,35.6,pro,17,4,13,0,0,0,,302,0.9822547327903415,0.9825999642633294,0.000345231472987928,1,1,sure_thing,0.1108,0,1,636,1
HELIOS-001286,20.9,16.05,basic,15,6,4,0,0,0,9.0,244,0.9534418440453514,0.9304997529736516,-0.022942091071699755,1,1,sure_thing,0.3425,1,1,636,1
HELIOS-001287,16.2,136.66,enterprise,9,8,7,0,1,0,,209,0.9591354996854237,0.99,0.030864500314576326,1,1,sure_thing,0.7351,1,1,493,1
HELIOS-001288,5.8,58.2,pro,2,24,3,0,0,0,6.0,31,0.9055868541567065,0.8613640541206963,-0.0442228000360102,1,1,lost_cause,0.6605,1,1,177,1
HELIOS-001289,15.4,19.02,basic,33,3,7,0,1,0,,377,0.9778441157413024,0.9796973607028533,0.001853244961550926,1,1,sure_thing,0.35,0,1,469,1
HELIOS-001290,31.2,35.85,pro,10,7,3,1,1,0,,196,0.9313717476345456,0.99,0.058628252365454436,1,1,persuadable,0.5085,1,1,950,1
HELIOS-001291,31.2,40.4,pro,2,121,1,1,0,1,5.0,109,0.8889162030295548,0.6447675992102613,-0.24414860381929349,0,0,sleeping_dog,0.4517,0,0,950,1
HELIOS-001292,9.4,26.14,basic,5,125,2,1,0,0,,48,0.8140701268293424,0.5969243795203398,-0.2171457473090026,1,1,sleeping_dog,0.8682,1,1,286,1
HELIOS-001293,31.2,22.54,basic,3,2,0,0,0,1,,146,0.9386484628844838,0.8169090686757735,-0.12173939420871027,1,1,sleeping_dog,0.244,0,1,950,0
HELIOS-001294,9.8,14.11,basic,3,30,3,1,0,0,7.0,51,0.8727421212685771,0.859919021280117,-0.012823099988460096,1,1,lost_cause,0.2508,1,1,298,1
HELIOS-001295,12.5,21.48,basic,11,16,3,0,0,1,10.0,153,0.9676055692153549,0.8757411450668079,-0.09186442414854701,1,1,sleeping_dog,0.5954,1,1,380,1
HELIOS-001296,21.0,146.16,enterprise,12,0,12,0,0,0,8.0,369,0.9824908280267654,0.99,0.007509171973234641,1,1,sure_thing,0.3663,1,1,639,0
HELIOS-001297,20.8,23.99,basic,11,15,4,0,1,0,,186,0.8900611306778289,0.908876858890719,0.018815728212890126,1,1,lost_cause,0.5397,1,1,633,1
HELIOS-001298,30.5,18.97,basic,5,44,3,0,0,0,,199,0.9557993963523801,0.8699330348150226,-0.0858663615373575,1,1,sleeping_dog,0.0417,0,1,928,1
HELIOS-001299,6.2,24.28,basic,22,15,14,1,1,0,10.0,108,0.9522314019054801,0.99,0.037768598094519934,1,1,sure_thing,0.1448,0,1,189,1
HELIOS-001300,31.2,42.61,pro,6,19,7,0,1,1,,321,0.9111701057210617,0.9550790831142387,0.04390897739317701,1,1,lost_cause,0.5329,1,1,950,1
HELIOS-001301,31.2,18.15,basic,4,18,3,0,0,0,5.0,193,0.924737786794089,0.8829198646243825,-0.04181792216970648,1,1,sure_thing,0.0432,0,1,950,1
HELIOS-001302,20.7,26.61,basic,17,5,8,0,0,0,,287,0.9772188449921085,0.9714980966662156,-0.005720748325892977,1,1,sure_thing,0.1974,1,1,630,0
HELIOS-001303,24.8,67.41,pro,23,31,5,0,0,0,,515,0.9848709958630539,0.9480222029338935,-0.036848792929160434,1,0,sure_thing,0.7208,1,0,755,1
HELIOS-001304,25.5,38.11,pro,4,26,2,0,0,0,,189,0.9588814197694671,0.8919781530046736,-0.06690326676479341,1,1,sleeping_dog,0.1634,0,1,776,1
HELIOS-001305,28.5,106.49,enterprise,28,0,11,0,0,0,,768,0.99,0.99,0.0,1,1,sure_thing,0.1909,0,1,868,1
HELIOS-001306,22.9,15.68,basic,17,8,8,0,0,0,,339,0.9816784187978118,0.9749178603430254,-0.006760558454786403,1,1,sure_thing,0.2906,1,1,697,1
HELIOS-001307,31.2,41.11,pro,19,3,6,0,0,1,8.0,492,0.9870788690011697,0.957219821803175,-0.029859047197994704,1,1,sure_thing,0.4678,1,1,950,1
HELIOS-001308,19.0,19.22,basic,5,255,5,0,0,0,5.0,85,0.84576856460715,0.5506828019733749,-0.29508576263377506,1,0,sleeping_dog,0.4085,1,0,578,0
HELIOS-001309,25.5,72.29,pro,16,28,4,0,0,0,,325,0.9718802641326099,0.9293456949905979,-0.042534569142011924,1,1,sure_thing,0.2908,0,1,776,1
HELIOS-001310,10.5,18.98,basic,4,18,2,0,0,0,,62,0.948525191178189,0.8934649895987016,-0.05506020157948743,1,0,sleeping_dog,0.4777,1,0,320,1
HELIOS-001311,27.4,15.32,basic,5,7,5,0,0,1,,212,0.9641956715949022,0.921176253147962,-0.04301941844694013,1,1,sure_thing,0.2625,1,1,834,1
HELIOS-001312,22.3,22.95,basic,13,12,8,1,0,0,8.0,312,0.9549847143531375,0.9612645874620132,0.006279873108875678,1,1,sure_thing,0.3337,1,1,679,1
HELIOS-001313,31.2,24.48,basic,14,9,10,0,0,0,7.0,385,0.9831289227333863,0.9805424683695148,-0.0025864543638715043,1,1,sure_thing,0.2502,0,1,950,1
HELIOS-001314,31.2,25.1,basic,4,36,6,0,0,0,9.0,293,0.9650261837344439,0.9351815502154134,-0.02984463351903055,1,1,sure_thing,0.0882,1,1,950,1
HELIOS-001315,7.8,185.85,enterprise,12,7,5,0,0,0,9.0,113,0.9604393389431773,0.9844652400543147,0.024025901111137338,1,1,sure_thing,0.0912,1,1,237,1
HELIOS-001316,15.2,15.79,basic,12,19,5,0,0,0,,122,0.9573585128469918,0.9319687015860801,-0.025389811260911666,1,1,sure_thing,0.7895,0,1,463,1
HELIOS-001317,26.2,69.93,pro,7,28,3,0,2,0,6.0,247,0.8302726739787356,0.99,0.15972732602126438,1,1,persuadable,0.3911,1,1,798,1
HELIOS-001318,19.3,55.37,pro,4,71,3,0,0,0,,166,0.9273542587440038,0.7823146118549587,-0.14503964688904514,1,1,sleeping_dog,0.9612,1,1,587,1
HELIOS-001319,22.6,17.95,basic,8,5,8,0,0,0,,222,0.9544849150789207,0.9500048186934823,-0.004480096385438448,1,1,sure_thing,0.2452,1,1,688,1
HELIOS-001320,23.0,46.52,pro,6,0,8,1,0,0,6.0,189,0.9280908720489696,0.9529031437755565,0.024812271726586954,1,1,sure_thing,0.0591,0,1,700,1
HELIOS-001321,14.3,29.96,basic,7,6,5,0,0,0,7.0,119,0.9475367077364706,0.9330185503419385,-0.014518157394532105,1,1,sure_thing,0.9323,1,1,435,1
HELIOS-001322,31.2,66.57,pro,5,6,0,0,0,0,7.0,161,0.960467378195667,0.8991969858438826,-0.06127039235178433,1,1,sleeping_dog,0.0208,0,1,950,1
HELIOS-001323,31.2,100.09,enterprise,7,3,2,1,0,0,,319,0.954722130103717,0.99,0.03527786989628301,1,1,sure_thing,0.3975,0,1,950,1
HELIOS-001324,17.8,16.52,basic,14,8,10,1,0,1,8.0,240,0.9546467643124771,0.957853901628344,0.0032071373158669703,1,1,sure_thing,0.4169,1,1,542,1
HELIOS-001325,7.6,18.18,basic,9,4,3,0,0,1,,104,0.9321217055551614,0.8641267382263954,-0.06799496732876598,1,1,sleeping_dog,0.1031,0,1,231,1
HELIOS-001326,31.2,43.72,pro,13,10,4,2,0,0,6.0,306,0.9487636671902365,0.99,0.041236332809763465,1,1,sure_thing,0.7626,0,1,950,1
HELIOS-001327,23.3,15.85,basic,9,37,8,0,1,1,,178,0.9291923243885696,0.9421224491658085,0.012930124777238872,1,1,sure_thing,0.2337,0,1,709,1
HELIOS-001328,6.5,105.26,enterprise,4,9,5,1,0,0,9.0,44,0.9181571243510409,0.9891967789097869,0.07103965455874595,0,1,persuadable,0.4131,0,0,198,1
HELIOS-001329,14.2,151.99,enterprise,6,35,2,0,0,0,,85,0.9509318324862369,0.8985063245136702,-0.05242550797256673,1,1,sleeping_dog,0.43,0,1,432,1
HELIOS-001330,31.2,16.53,basic,5,58,5,1,0,0,8.0,149,0.9212992695187212,0.8962897413376403,-0.02500952818108093,1,1,sure_thing,0.6246,1,1,950,1
HELIOS-001331,27.9,24.21,basic,7,18,3,0,0,1,,295,0.9667029906259587,0.8716012008373252,-0.09510178978863348,1,1,sleeping_dog,0.2295,0,1,849,1
HELIOS-001332,16.1,11.88,basic,26,6,9,1,1,1,,296,0.9407144813501971,0.9729165848131182,0.03220210346292107,1,1,sure_thing,0.5308,0,1,490,1
HELIOS-001333,15.9,47.09,pro,13,6,5,0,0,0,,209,0.9536695629094043,0.9385519533960649,-0.015117609513339403,0,0,sure_thing,0.5742,1,0,484,1
HELIOS-001334,6.8,17.08,basic,3,47,1,3,0,0,6.0,18,0.514705154116018,0.6936118657375355,0.1789067116215175,0,0,persuadable,0.9858,1,0,207,1
HELIOS-001335,18.1,21.73,basic,3,21,4,0,0,0,8.0,127,0.9341130005830197,0.9004815246617125,-0.03363147592130722,1,1,sure_thing,0.2009,0,1,551,1
HELIOS-001336,31.2,24.68,basic,8,53,5,1,0,0,8.0,339,0.9493521913766184,0.9285550097725528,-0.02079718160406563,1,1,sure_thing,0.5692,1,1,950,1
HELIOS-001337,4.6,238.28,enterprise,5,52,3,0,0,0,,38,0.9258031557862763,0.953102978048024,0.027299822261747764,1,1,sure_thing,0.6711,1,1,140,1
HELIOS-001338,20.1,34.69,pro,2,10,1,1,1,0,7.0,98,0.7537651540923652,0.9216263810994629,0.1678612270070977,1,1,persuadable,0.7932,1,1,612,1
HELIOS-001339,6.5,52.64,pro,7,45,7,0,0,0,,51,0.9361465914163273,0.9080360573591929,-0.028110534057134373,1,1,sure_thing,0.6698,1,1,198,1
HELIOS-001340,13.4,45.5,pro,14,2,10,0,0,0,,207,0.9812659194463265,0.9805597373745163,-0.0007061820718101686,1,1,sure_thing,0.2978,0,1,408,1
HELIOS-001341,16.6,60.15,pro,4,98,4,2,0,0,,149,0.8391941662254978,0.890588730915729,0.05139456469023118,1,1,persuadable,0.6598,1,1,505,1
HELIOS-001342,26.0,48.32,pro,3,3,5,0,0,1,,255,0.9491136988148114,0.9151306662317626,-0.0339830325830488,1,1,sure_thing,0.4094,1,1,791,1
HELIOS-001343,31.2,17.98,basic,19,17,6,1,0,0,8.0,688,0.9794104016919017,0.9762115724582628,-0.0031988292336389,1,1,sure_thing,0.3718,0,1,950,1
HELIOS-001344,17.8,24.09,basic,10,10,4,0,0,0,8.0,190,0.9441366149408729,0.9192106461713335,-0.02492596876953934,1,1,sure_thing,0.9135,0,1,542,1
HELIOS-001345,22.1,37.06,pro,29,26,14,1,1,0,,536,0.9654393838446893,0.99,0.02456061615531069,1,1,sure_thing,0.5563,1,1,673,1
HELIOS-001346,15.9,15.73,basic,4,12,7,0,0,0,5.0,151,0.8974078121061182,0.8888390721720636,-0.008568739934054603,1,1,lost_cause,0.5977,1,1,484,1
HELIOS-001347,31.2,53.95,pro,4,44,1,0,0,0,8.0,167,0.950000974751426,0.8253483235185574,-0.12465265123286862,1,1,sleeping_dog,0.9402,1,1,950,0
HELIOS-001348,11.8,22.94,basic,6,4,7,0,0,0,9.0,92,0.9228358851537639,0.9169406344612369,-0.005895250692527054,1,1,sure_thing,0.5538,1,1,359,1
HELIOS-001349,27.8,14.9,basic,1,31,4,1,1,0,,232,0.8103396711648764,0.9584912609266607,0.14815158976178433,1,1,persuadable,0.9165,1,1,846,1
HELIOS-001350,29.6,14.27,basic,5,17,0,1,1,1,,202,0.8409747523429243,0.9298908273773172,0.08891607503439292,1,1,persuadable,0.4209,1,1,901,1
HELIOS-001351,27.9,28.98,basic,4,7,5,0,0,0,,190,0.9424702948796146,0.928353105691121,-0.014117189188493695,1,1,sure_thing,0.5168,0,1,849,1
HELIOS-001352,27.8,20.25,basic,4,13,4,1,0,0,,224,0.9178572873992003,0.9236738018891727,0.005816514489972446,1,1,lost_cause,0.7188,1,1,846,1
HELIOS-001353,23.6,20.3,basic,18,2,9,0,0,0,,481,0.9888643631505619,0.98526297294113,-0.003601390209431954,1,1,sure_thing,0.7583,0,1,718,0
HELIOS-001354,16.3,50.38,pro,12,6,5,1,0,0,,188,0.9658510456869818,0.9759246915299545,0.010073645842972767,1,1,sure_thing,0.2962,0,1,496,1
HELIOS-001355,15.2,18.2,basic,6,7,3,0,0,0,6.0,70,0.9198646522734968,0.8898656280508617,-0.029999024222635118,1,1,lost_cause,0.2282,0,1,463,1
HELIOS-001356,16.9,24.23,basic,1,156,1,1,0,0,5.0,60,0.7489413223059758,0.49559306926656543,-0.25334825303941033,1,1,sleeping_dog,0.9708,1,1,514,1
HELIOS-001357,10.1,20.66,basic,3,50,1,0,0,0,,79,0.8688631890446179,0.7261874386321081,-0.1426757504125098,1,1,sleeping_dog,0.9409,1,1,307,1
HELIOS-001358,7.8,18.37,basic,24,0,9,2,0,0,,140,0.9543006537646092,0.9730015793627543,0.01870092559814518,1,1,sure_thing,0.7634,1,1,237,1
HELIOS-001359,16.9,40.52,pro,1,3,4,5,0,0,,87,0.5384532839610431,0.8351293954540477,0.29667611149300466,0,1,persuadable,0.9911,1,1,514,1
HELIOS-001360,18.7,49.85,pro,9,38,3,0,0,0,10.0,164,0.954002173991464,0.8811541320610238,-0.07284804193044025,0,0,sleeping_dog,0.7191,1,0,569,1
HELIOS-001361,29.2,26.58,basic,3,54,9,0,1,1,,160,0.9009056192530395,0.9339281820314802,0.033022562778440734,1,1,lost_cause,0.2114,1,1,889,1
HELIOS-001362,31.2,20.23,basic,27,5,8,1,0,1,10.0,636,0.9846943156560651,0.9789267257067358,-0.005767589949329355,1,1,sure_thing,0.2302,0,1,950,1
HELIOS-001363,12.9,24.99,basic,10,0,5,0,1,0,10.0,180,0.8858243211639908,0.9130181034205319,0.02719378225654112,1,1,lost_cause,0.3623,1,1,393,1
HELIOS-001364,3.2,22.9,basic,11,37,4,2,0,1,,33,0.8219271932187081,0.840350691023668,0.018423497804959887,1,1,lost_cause,0.8103,1,1,97,1
HELIOS-001365,22.8,68.72,pro,6,0,6,2,0,0,,220,0.8823479266644828,0.99,0.10765207333551718,1,1,persuadable,0.846,1,1,694,1
HELIOS-001366,9.2,35.91,pro,14,1,7,0,0,0,10.0,121,0.9597189740257381,0.9534639967811182,-0.006254977244619986,1,1,sure_thing,0.5258,1,1,280,1
HELIOS-001367,31.2,26.09,basic,11,21,8,1,0,0,,312,0.9550215442806983,0.9624055968676543,0.007384052586955958,1,1,sure_thing,0.1375,1,1,950,1
HELIOS-001368,5.4,21.6,basic,14,18,5,3,0,0,10.0,77,0.7830874482159317,0.9221962978752328,0.13910884965930115,1,1,persuadable,0.9382,1,1,164,1
HELIOS-001369,17.1,28.48,basic,10,31,5,0,0,0,3.0,169,0.9726771111103665,0.9366591257958257,-0.03601798531454081,1,1,sure_thing,0.8183,0,1,521,1
HELIOS-001370,31.2,18.47,basic,15,26,8,0,0,0,9.0,301,0.9759537515149991,0.9632628289022153,-0.012690922612783817,1,1,sure_thing,0.1158,0,1,950,1
HELIOS-001371,31.2,45.97,pro,12,0,9,0,1,0,7.0,293,0.9591751195877173,0.99,0.030824880412282707,1,1,sure_thing,0.6358,1,1,950,0
HELIOS-001372,21.3,57.97,pro,3,13,5,1,1,0,,163,0.8153314189795263,0.99,0.17466858102047367,1,1,persuadable,0.854,1,1,648,0
HELIOS-001373,31.2,19.48,basic,6,23,2,0,0,1,,330,0.9560910113070867,0.8274675948043901,-0.1286234165026966,1,1,sleeping_dog,0.6451,1,1,950,1
HELIOS-001374,4.9,31.62,pro,10,54,6,0,1,0,,46,0.8712167211090471,0.8873892665368132,0.016172545427766027,1,1,lost_cause,0.8031,0,1,149,1
HELIOS-001375,26.8,49.46,pro,1,49,0,2,1,0,2.0,89,0.7149598616340885,0.9683802632956126,0.253420401661524,0,1,persuadable,0.9877,1,1,816,1
HELIOS-001376,15.0,24.4,basic,11,1,6,0,0,0,,182,0.9635653977797182,0.9543626387837087,-0.00920275899600942,1,1,sure_thing,0.4345,0,1,457,1
HELIOS-001377,17.7,20.68,basic,35,0,9,0,0,1,,479,0.99,0.9817884780916459,-0.008211521908354058,1,1,sure_thing,0.4055,0,1,539,1
HELIOS-001378,15.0,17.79,basic,8,84,5,0,1,0,,193,0.8565022588034306,0.8282012262686259,-0.02830103253480465,1,1,lost_cause,0.7523,0,1,457,0
HELIOS-001379,31.2,16.67,basic,3,11,5,2,0,0,,245,0.876963743825803,0.9560123718968366,0.07904862807103363,0,1,persuadable,0.8288,1,1,950,1
HELIOS-001380,31.2,13.65,basic,13,17,6,0,0,0,9.0,361,0.9775113652822873,0.9598978424856561,-0.017613522796631198,1,1,sure_thing,0.6808,1,1,950,1
HELIOS-001381,27.4,36.8,basic,8,51,7,0,0,1,,260,0.9591260634455991,0.8738678473933768,-0.08525821605222239,1,1,sleeping_dog,0.2858,0,1,834,1
HELIOS-001382,23.9,51.92,pro,8,81,6,0,0,0,8.0,224,0.9649062817292695,0.8609702929002337,-0.10393598882903576,1,1,sleeping_dog,0.7363,1,1,728,1
HELIOS-001383,12.5,24.88,basic,13,32,11,1,0,0,,198,0.917927572274579,0.9255603180931999,0.007632745818620945,1,1,lost_cause,0.7518,1,1,380,1
HELIOS-001384,17.9,115.66,enterprise,8,7,5,0,0,0,8.0,175,0.9534115354114795,0.951765623843769,-0.0016459115677105451,1,1,sure_thing,0.4686,1,1,545,1
HELIOS-001385,12.2,47.79,pro,6,49,3,0,0,0,,56,0.9017310083912686,0.8072823790589111,-0.09444862933235754,1,1,sleeping_dog,0.6208,1,1,371,1
HELIOS-001386,5.8,22.76,basic,19,1,10,0,0,0,,87,0.9592631650014456,0.957018818253711,-0.002244346747734549,1,1,sure_thing,0.0549,0,1,177,1
HELIOS-001387,16.5,20.05,basic,4,10,2,1,0,0,,92,0.904958645248734,0.9016100733977171,-0.0033485718510168905,1,1,lost_cause,0.7085,1,1,502,1
HELIOS-001388,31.2,18.99,basic,3,12,1,0,1,1,4.0,101,0.9200006755658686,0.9136168792308458,-0.00638379633502284,0,0,sure_thing,0.2328,1,0,950,1
HELIOS-001389,31.2,15.26,basic,2,128,4,0,2,1,,110,0.6824726546314379,0.7323797494974879,0.04990709486604994,1,1,lost_cause,0.6768,1,1,950,1
HELIOS-001390,22.3,173.09,enterprise,25,2,13,0,1,0,,491,0.9844475124773148,0.99,0.005552487522685223,1,1,sure_thing,0.5562,1,1,679,1
HELIOS-001391,31.2,37.18,pro,6,18,3,1,0,1,,198,0.9357370793236258,0.9047103367491995,-0.03102674257442628,1,1,sure_thing,0.6529,1,1,950,0
HELIOS-001392,8.4,16.67,basic,5,23,4,1,1,1,5.0,67,0.8393324413365371,0.9570097127434923,0.11767727140695527,1,1,persuadable,0.5591,1,1,256,1
HELIOS-001393,31.2,124.09,enterprise,7,120,6,2,1,1,,180,0.8432768680521515,0.99,0.14672313194784847,1,1,persuadable,0.7982,1,1,950,1
HELIOS-001394,31.2,14.29,basic,20,3,10,1,0,0,8.0,590,0.9781123687762661,0.9814867464087531,0.0033743776324870467,1,1,sure_thing,0.4062,0,1,950,1
HELIOS-001395,30.7,43.85,pro,8,49,6,2,0,0,,395,0.9296095952962535,0.99,0.06039040470374646,1,1,persuadable,0.3943,1,1,935,1
HELIOS-001396,18.2,22.07,basic,3,40,2,0,0,0,,119,0.9166847462905722,0.8202629563913747,-0.09642178989919747,1,1,sleeping_dog,0.0017,0,1,554,1
HELIOS-001397,31.2,19.26,basic,34,7,22,0,0,0,9.0,805,0.99,0.99,0.0,1,1,sure_thing,0.7871,0,1,950,1
HELIOS-001398,31.2,32.67,basic,9,21,7,1,0,0,,250,0.9613538118930278,0.9708957928111794,0.009541980918151616,1,1,sure_thing,0.6803,1,1,950,1
HELIOS-001399,29.9,21.09,basic,3,28,4,0,0,0,5.0,292,0.9617356229846813,0.9196366705300906,-0.04209895245459072,1,1,sure_thing,0.2006,0,1,910,1
HELIOS-001400,22.8,54.75,pro,38,7,16,0,0,0,,592,0.99,0.99,0.0,1,1,sure_thing,0.6645,1,1,694,1
HELIOS-001401,31.2,23.22,basic,9,11,7,0,0,0,,334,0.9814155460384826,0.9723441743444663,-0.009071371694016284,1,1,sure_thing,0.6155,1,1,950,1
HELIOS-001402,29.3,20.21,basic,18,0,20,0,0,0,,681,0.9892752027204773,0.99,0.000724797279522682,1,1,sure_thing,0.2266,1,1,892,1
HELIOS-001403,31.2,42.95,pro,13,24,4,1,0,0,9.0,359,0.9604215441669126,0.9550942319236834,-0.005327312243229243,1,1,sure_thing,0.3331,0,1,950,1
HELIOS-001404,23.4,48.42,pro,2,105,1,0,0,0,,44,0.8833048194926165,0.6346699906011841,-0.2486348288914324,1,1,sleeping_dog,0.7466,0,1,712,1
HELIOS-001405,21.4,16.6,basic,2,6,6,0,1,0,6.0,149,0.8760847740102365,0.9211900293719087,0.0451052553616722,1,1,lost_cause,0.6188,0,1,651,1
HELIOS-001406,10.4,20.75,basic,6,11,8,0,0,0,,115,0.9452007306023911,0.9398475219284561,-0.005353208673934962,1,1,sure_thing,0.2595,1,1,317,1
HELIOS-001407,18.4,15.57,basic,8,80,1,0,0,1,8.0,177,0.9269997325488019,0.6669074233135242,-0.2600923092352777,1,0,sleeping_dog,0.7989,1,0,560,1
HELIOS-001408,31.2,17.79,basic,26,8,7,0,0,0,8.0,471,0.9828812252793515,0.9726585610847315,-0.010222664194620035,1,1,sure_thing,0.6292,1,1,950,1
HELIOS-001409,5.7,14.49,basic,4,85,3,0,0,0,4.0,24,0.8692354278252032,0.6859969537801872,-0.18323847404501603,1,1,sleeping_dog,0.8412,0,1,174,1
HELIOS-001410,31.2,121.79,enterprise,1,22,4,0,1,1,,202,0.9370687536050318,0.99,0.05293124639496816,1,1,persuadable,0.0649,0,1,950,1
HELIOS-001411,15.6,20.88,basic,14,18,15,2,1,0,8.0,199,0.9312863795161058,0.99,0.05871362048389417,1,1,persuadable,0.5691,1,1,475,1
HELIOS-001412,31.2,12.14,basic,22,12,12,0,0,0,,606,0.9870707240107068,0.9851498854763076,-0.0019208385343992829,1,1,sure_thing,0.2775,1,1,950,1
HELIOS-001413,6.2,20.91,basic,4,29,4,0,1,1,7.0,49,0.8130897686704747,0.8192136848748847,0.006123916204409996,1,1,lost_cause,0.8194,1,1,189,1
HELIOS-001414,7.6,17.28,basic,1,53,0,0,1,0,,40,0.7602106412977537,0.7235557881464013,-0.03665485315135242,1,1,lost_cause,0.8145,1,1,231,1
HELIOS-001415,22.8,22.95,basic,7,63,9,0,0,0,10.0,196,0.9457749486601748,0.9158129002505867,-0.02996204840958805,0,0,sure_thing,0.3208,1,0,694,1
HELIOS-001416,9.5,94.73,enterprise,18,26,10,0,0,0,,180,0.9838660106696169,0.9812708542011207,-0.0025951564684961737,1,1,sure_thing,0.7132,1,1,289,1
HELIOS-001417,11.2,63.9,pro,17,18,10,1,0,1,,186,0.9642093882580723,0.9728657009149038,0.008656312656831422,1,1,sure_thing,0.3511,1,1,341,1
HELIOS-001418,31.2,15.94,basic,10,52,5,0,0,0,,275,0.9627127133012436,0.895981998248002,-0.06673071505324168,1,0,sleeping_dog,0.6989,1,0,950,1
HELIOS-001419,12.4,19.86,basic,1,23,3,1,1,0,,55,0.7682159023952663,0.9230700654444031,0.1548541630491368,1,1,persuadable,0.9548,1,1,377,1
HELIOS-001420,31.2,18.53,basic,2,47,2,0,0,1,5.0,184,0.9518165290917301,0.7659812431699928,-0.18583528592173726,1,1,sleeping_dog,0.824,1,1,950,1
HELIOS-001421,31.2,43.16,pro,25,6,7,0,0,0,,672,0.9877164595738959,0.9786504402564477,-0.009066019317448215,1,1,sure_thing,0.122,0,1,950,0
HELIOS-001422,10.3,60.24,pro,13,28,7,1,0,0,,107,0.9347940693035149,0.9458200743792011,0.011026005075686185,1,1,sure_thing,0.4563,1,1,314,1
HELIOS-001423,31.2,49.98,pro,8,14,3,1,1,0,,149,0.9118058722248435,0.99,0.07819412777515644,1,1,persuadable,0.1232,1,1,950,1
HELIOS-001424,31.2,17.88,basic,3,12,2,0,0,1,,219,0.9406861153155556,0.8389464921872885,-0.10173962312826712,1,1,sleeping_dog,0.4532,1,1,950,0
HELIOS-001425,7.8,97.4,enterprise,2,33,3,1,0,0,,28,0.8325957406666966,0.8785753402947444,0.04597959962804776,1,1,lost_cause,0.9469,1,1,237,1
HELIOS-001426,18.3,17.06,basic,20,2,7,1,0,0,9.0,219,0.964376215547188,0.9655894290678927,0.0012132135207046923,1,1,sure_thing,0.0368,0,1,557,1
HELIOS-001427,31.2,39.96,pro,4,72,2,2,0,0,,293,0.837614475235522,0.8751441208831037,0.037529645647581655,1,1,lost_cause,0.5135,1,1,950,1
HELIOS-001428,20.6,11.5,basic,31,4,10,0,0,0,10.0,434,0.99,0.9883192307326171,-0.00168076926738292,1,1,sure_thing,0.9689,1,1,627,1
HELIOS-001429,8.7,20.82,basic,8,35,4,0,0,0,8.0,82,0.9317836077540489,0.8782849405386968,-0.053498667215352125,0,0,sleeping_dog,0.7029,1,0,265,1
HELIOS-001430,22.2,68.34,pro,10,18,5,0,0,0,,222,0.9501653309877621,0.9298194276226533,-0.020345903365108775,1,1,sure_thing,0.1118,0,1,676,1
HELIOS-001431,18.2,18.93,basic,1,40,1,3,0,0,,73,0.7244040133791257,0.9205203968267738,0.19611638344764803,1,1,persuadable,0.7965,0,1,554,0
HELIOS-001432,12.6,19.73,basic,6,29,6,0,0,0,,89,0.9366187616145766,0.9121703246931882,-0.024448436921388428,1,1,sure_thing,0.8495,1,1,384,1
HELIOS-001433,31.2,20.13,basic,3,0,2,1,1,0,,222,0.853768662047766,0.99,0.13623133795223397,1,1,persuadable,0.5892,1,1,950,1
HELIOS-001434,31.2,115.85,enterprise,10,12,5,2,0,0,,344,0.9641519157316882,0.99,0.025848084268311755,1,1,sure_thing,0.816,1,1,950,1
HELIOS-001435,31.2,70.37,pro,1,45,1,1,0,0,5.0,99,0.8769118981946653,0.8542873872283987,-0.02262451096626661,1,1,lost_cause,0.5303,1,1,950,1
HELIOS-001436,29.1,36.95,pro,4,45,8,0,0,0,6.0,257,0.9457903370400242,0.9256592890463238,-0.02013104799370047,1,1,sure_thing,0.7891,1,1,886,1
HELIOS-001437,9.3,16.27,basic,11,28,8,0,0,1,,108,0.9255546332377473,0.8896285836049803,-0.03592604963276702,1,1,sure_thing,0.9178,1,1,283,1
HELIOS-001438,9.4,16.14,basic,6,7,3,0,0,1,,70,0.9299048019901176,0.8570137788399796,-0.07289102315013796,1,1,sleeping_dog,0.2498,1,1,286,1
HELIOS-001439,9.0,16.2,basic,3,9,5,0,0,1,,72,0.906798036167308,0.8618000334042258,-0.04499800276308219,1,1,lost_cause,0.2958,1,1,274,0
HELIOS-001440,31.2,20.84,basic,14,1,2,0,0,0,,314,0.9708845765403228,0.935944569531633,-0.03494000700868982,1,1,sure_thing,0.4092,0,1,950,1
HELIOS-001441,31.2,19.06,basic,25,4,25,0,0,0,7.0,665,0.99,0.99,0.0,1,1,sure_thing,0.0222,0,1,950,1
HELIOS-001442,20.4,131.89,enterprise,11,45,5,1,0,0,9.0,219,0.963800553757932,0.99,0.026199446242067936,1,1,sure_thing,0.3609,1,1,621,1
HELIOS-001443,4.7,58.9,pro,4,51,1,0,0,0,6.0,19,0.8915622460218687,0.75035575573805,-0.1412064902838187,1,1,sleeping_dog,0.5952,1,1,143,1
HELIOS-001444,31.2,81.67,pro,15,35,8,0,1,1,,310,0.9729310652213548,0.99,0.01706893477864524,1,1,sure_thing,0.382,0,1,950,1
HELIOS-001445,20.3,18.73,basic,7,4,3,1,0,1,,195,0.9143608660117729,0.8932282861046159,-0.021132579907157,1,1,lost_cause,0.4097,0,1,618,1
HELIOS-001446,31.2,17.72,basic,4,32,4,0,0,0,,224,0.9458112878124161,0.8976485853781082,-0.04816270243430787,1,1,sure_thing,0.0448,0,1,950,1
HELIOS-001447,10.5,14.02,basic,1,21,0,0,0,0,,32,0.8537944426742514,0.7581586987656738,-0.09563574390857765,0,0,sleeping_dog,0.4452,0,0,320,1
HELIOS-001448,28.2,17.39,basic,12,12,14,0,0,1,7.0,444,0.9845717307145283,0.9826179226734062,-0.001953808041122107,1,1,sure_thing,0.1762,0,1,858,1
HELIOS-001449,23.1,14.81,basic,16,4,5,0,0,0,,274,0.9808566742062763,0.9649763412081723,-0.015880332998103985,1,1,sure_thing,0.3808,1,1,703,1
HELIOS-001450,23.9,114.39,enterprise,0,80,0,2,0,0,4.0,79,0.8700491175759923,0.971896426250154,0.1018473086741617,1,1,persuadable,0.4431,1,1,728,1
HELIOS-001451,11.4,25.13,basic,2,163,2,0,0,0,,57,0.7857093917428634,0.500754541937258,-0.28495484980560537,1,0,sleeping_dog,0.9443,1,0,347,1
HELIOS-001452,31.2,22.51,basic,23,0,13,0,0,0,7.0,633,0.99,0.99,0.0,1,1,sure_thing,0.6237,0,1,950,1
HELIOS-001453,22.0,23.74,basic,3,13,4,1,0,0,9.0,258,0.9370061243860225,0.9458436731374626,0.00883754875144016,1,1,sure_thing,0.1751,0,1,670,1
HELIOS-001454,16.1,18.97,basic,1,62,2,0,0,1,,116,0.8468439480273094,0.6297077611243961,-0.21713618690291336,1,1,sleeping_dog,0.6837,1,1,490,1
HELIOS-001455,22.2,22.27,basic,15,30,6,0,0,0,10.0,236,0.9695801009698599,0.9425609878974662,-0.027019113072393686,1,1,sure_thing,0.4729,0,1,676,0
HELIOS-001456,31.2,49.19,pro,0,10,1,1,0,0,,129,0.8950280331737872,0.908610394125176,0.013582360951388761,1,1,lost_cause,0.616,0,1,950,1
HELIOS-001457,14.1,27.99,basic,2,50,1,1,0,1,6.0,42,0.853468465374662,0.7176801760561226,-0.13578828931853948,1,1,sleeping_dog,0.3035,0,1,429,1
HELIOS-001458,31.2,21.72,basic,2,4,1,0,0,0,,135,0.9417596655770261,0.8946412469378964,-0.04711841863912969,1,1,sure_thing,0.1385,0,1,950,0
HELIOS-001459,31.2,23.07,basic,16,36,11,1,0,1,,329,0.978653742945146,0.97705443737021,-0.0015993055749359275,1,1,sure_thing,0.2582,0,1,950,1
HELIOS-001460,22.5,11.77,basic,5,71,5,0,0,0,,128,0.9487215208067588,0.8441734104714741,-0.10454811033528466,1,1,sleeping_dog,0.568,1,1,685,1
HELIOS-001461,12.8,65.35,pro,0,365,2,0,0,0,4.0,35,0.6284637404049488,0.3415536647470324,-0.2869100756579164,1,1,sleeping_dog,0.9118,1,1,390,1
HELIOS-001462,11.5,45.62,pro,14,7,2,1,1,1,,111,0.8621372120452411,0.9641563159908952,0.10201910394565417,1,1,persuadable,0.4949,0,1,350,1
HELIOS-001463,5.9,46.58,pro,3,12,5,1,2,1,,40,0.6395686580238262,0.9237674283536119,0.2841987703297857,1,1,persuadable,0.9395,1,1,180,1
HELIOS-001464,31.2,36.12,basic,20,57,6,0,0,0,,367,0.9854587656484617,0.9252324358289808,-0.06022632981948084,1,1,sleeping_dog,0.5228,0,1,950,1
HELIOS-001465,17.8,23.7,basic,5,8,9,0,1,0,,165,0.8834803501475796,0.9264914031023622,0.04301105295478258,1,1,lost_cause,0.9055,1,1,542,1
HELIOS-001466,20.5,22.22,basic,10,17,3,0,0,0,,208,0.9450424694060441,0.9031531551058325,-0.04188931430021159,1,1,sure_thing,0.3198,1,1,624,1
HELIOS-001467,31.2,17.83,basic,6,38,3,1,0,1,,260,0.8978464742558002,0.8241988336668987,-0.0736476405889015,0,0,sleeping_dog,0.8597,1,0,950,1
HELIOS-001468,12.1,66.0,pro,19,9,6,0,0,0,10.0,168,0.9737451300159279,0.9615142413538105,-0.012230888662117412,1,1,sure_thing,0.3095,0,1,368,1
HELIOS-001469,26.2,23.91,basic,2,8,6,1,0,1,,247,0.9174066282678266,0.9248654057081701,0.007458777440343511,1,1,lost_cause,0.5137,1,1,798,1
HELIOS-001470,31.2,35.58,pro,20,4,8,1,1,1,,471,0.9669801745942933,0.99,0.023019825405706684,1,1,sure_thing,0.1412,0,1,950,1
HELIOS-001471,4.4,57.53,pro,14,2,4,0,0,1,7.0,63,0.955520132330899,0.9067855363574957,-0.04873459597340335,1,1,sure_thing,0.0425,0,1,134,1
HELIOS-001472,11.9,25.28,basic,11,5,2,1,0,0,,113,0.9086924004777168,0.9012991080504825,-0.007393292427234299,1,1,lost_cause,0.7978,1,1,362,0
HELIOS-001473,31.2,14.12,basic,20,13,11,0,0,1,10.0,525,0.9800633402584669,0.9708935390846263,-0.009169801173840586,1,1,sure_thing,0.2482,1,1,950,1
HELIOS-001474,31.2,61.73,pro,6,42,5,1,0,0,,223,0.9414448925038664,0.950643802241989,0.00919890973812254,1,1,sure_thing,0.1472,0,1,950,1
HELIOS-001475,9.9,51.59,pro,4,31,3,0,0,1,,40,0.9199560163982979,0.7985254939654048,-0.1214305224328931,1,1,sleeping_dog,0.3298,0,1,301,1
HELIOS-001476,31.0,17.31,basic,26,4,11,0,0,0,,733,0.99,0.9890206593232496,-0.0009793406767504287,1,1,sure_thing,0.0935,0,1,944,1
HELIOS-001477,3.6,54.73,pro,2,12,2,2,0,0,,17,0.7946046085276943,0.9220927712922898,0.12748816276459551,0,1,persuadable,0.8368,1,1,110,1
HELIOS-001478,10.5,19.54,basic,24,1,12,0,0,0,,221,0.9769695092696097,0.9758537910237582,-0.001115718245851438,1,1,sure_thing,0.5982,0,1,320,1
HELIOS-001479,4.9,21.34,basic,1,15,3,0,0,0,7.0,20,0.9092534537051832,0.872558980043878,-0.03669447366130518,1,1,lost_cause,0.7678,1,1,149,1
HELIOS-001480,31.2,42.87,pro,8,8,4,0,0,0,,222,0.9609951334684279,0.9395111499402778,-0.021483983528150064,1,1,sure_thing,0.3288,1,1,950,1
HELIOS-001481,19.6,20.29,basic,10,4,5,1,0,0,9.0,141,0.9322999778891395,0.9369205286345866,0.004620550745447094,1,1,sure_thing,0.3003,0,1,597,0
HELIOS-001482,20.4,58.64,pro,10,0,4,1,0,0,,147,0.9552127789421929,0.9708451142199036,0.015632335277710685,1,1,sure_thing,0.0822,0,1,621,1
HELIOS-001483,11.9,18.7,basic,2,1,2,1,0,1,,42,0.9147913510621847,0.8937515626048709,-0.0210397884573138,1,1,lost_cause,0.0257,0,1,362,1
HELIOS-001484,20.2,19.09,basic,4,73,5,2,0,0,,126,0.8020504964096334,0.8505948684802073,0.04854437207057383,0,0,lost_cause,0.7677,0,0,615,1
HELIOS-001485,21.5,59.23,pro,8,35,6,0,0,0,9.0,216,0.9706897150634846,0.9434877074480086,-0.027202007615475976,1,1,sure_thing,0.1771,0,1,654,0
HELIOS-001486,2.5,24.66,basic,10,6,0,1,0,0,6.0,19,0.8914372250199994,0.8686298853833473,-0.022807339636652157,1,1,lost_cause,0.5757,1,1,76,1
HELIOS-001487,31.2,21.16,basic,9,7,2,1,0,0,,372,0.9341556016124052,0.9265951009795232,-0.007560500632881939,1,1,sure_thing,0.8558,1,1,950,1
HELIOS-001488,25.7,43.25,pro,6,9,6,0,0,1,8.0,271,0.9601490717820871,0.9278028169570657,-0.0323462548250214,1,1,sure_thing,0.0449,1,1,782,1
HELIOS-001489,31.2,23.72,basic,13,2,3,0,0,1,8.0,386,0.9698800553593472,0.9048700606102846,-0.06500999474906255,1,1,sleeping_dog,0.7254,1,1,950,1
HELIOS-001490,22.0,44.7,pro,31,0,16,0,0,0,8.0,537,0.99,0.99,0.0,1,1,sure_thing,0.6342,1,1,670,1
HELIOS-001491,18.1,19.86,basic,30,0,9,1,0,0,,335,0.9863673883722766,0.9867527101055693,0.0003853217332927539,1,1,sure_thing,0.0992,0,1,551,1
HELIOS-001492,31.2,21.93,basic,8,2,10,2,0,0,10.0,377,0.9331545370537757,0.99,0.05684546294622428,1,1,persuadable,0.2314,1,1,950,1
HELIOS-001493,31.2,23.24,basic,2,213,4,1,1,1,,167,0.7399725999177321,0.6112466623638202,-0.12872593755391193,1,1,sleeping_dog,0.8358,1,1,950,1
HELIOS-001494,3.8,136.44,enterprise,2,273,2,1,1,0,7.0,25,0.5543309758256912,0.5292769329663325,-0.02505404285935875,1,1,lost_cause,0.9932,1,1,116,1
HELIOS-001495,11.9,15.67,basic,3,31,0,0,0,0,,53,0.8959865368124691,0.7766171700640643,-0.11936936674840481,1,1,sleeping_dog,0.3103,1,1,362,1
HELIOS-001496,9.7,126.24,enterprise,5,16,6,0,0,0,8.0,74,0.9586009673157715,0.9661273269593664,0.007526359643594938,1,1,sure_thing,0.1069,1,1,295,1
HELIOS-001497,16.3,15.57,basic,3,21,2,1,0,0,,130,0.8872368326375283,0.8746084669878099,-0.012628365649718365,1,1,lost_cause,0.3426,0,1,496,1
HELIOS-001498,9.0,43.22,pro,3,7,3,0,1,0,7.0,77,0.84292837077232,0.9015339855115467,0.05860561473922676,1,1,persuadable,0.1329,0,1,274,1
HELIOS-001499,8.7,19.89,basic,10,14,5,0,0,1,,130,0.955082154659668,0.9012689304007071,-0.053813224258960846,1,1,sleeping_dog,0.4605,1,1,265,1
HELIOS-001500,15.6,17.59,basic,9,11,3,1,1,1,,129,0.840410498805163,0.9366714500740652,0.0962609512689021,1,1,persuadable,0.7606,1,1,475,1
HELIOS-001501,11.5,19.25,basic,7,7,4,0,0,0,,96,0.9348879141785936,0.9128051812908488,-0.02208273288774487,1,1,sure_thing,0.5597,0,1,350,1
HELIOS-001502,14.0,27.64,basic,6,160,1,0,0,1,,55,0.8426118924255896,0.5495903662483853,-0.29302152617720434,1,1,sleeping_dog,0.9488,1,1,426,1
HELIOS-001503,9.8,56.72,pro,11,80,10,0,1,0,8.0,123,0.8953638628906502,0.9317439577833052,0.036380094892655035,1,1,lost_cause,0.1934,1,1,298,0
HELIOS-001504,7.1,15.86,basic,7,62,5,0,0,0,,71,0.928907762012365,0.8436935644462508,-0.08521419756611426,1,1,sleeping_dog,0.0849,0,1,216,1
HELIOS-001505,29.9,24.38,basic,10,48,3,0,0,0,,232,0.9477486651884471,0.8523721827388722,-0.09537648244957497,1,1,sleeping_dog,0.416,1,1,910,1
HELIOS-001506,9.1,14.83,basic,27,4,11,0,0,0,,175,0.9798648902385532,0.9775793668847836,-0.002285523353769525,0,0,sure_thing,0.1205,1,0,277,1
HELIOS-001507,10.2,18.7,basic,4,130,4,1,0,0,,62,0.7915570932366571,0.598452242841384,-0.19310485039527314,1,0,sleeping_dog,0.9098,1,0,310,1
HELIOS-001508,22.0,57.77,pro,5,210,3,0,0,0,,74,0.8269974365891829,0.5374888978878225,-0.2895085387013604,1,0,sleeping_dog,0.6945,0,1,670,1
HELIOS-001509,30.2,31.04,basic,4,7,3,0,0,0,5.0,127,0.9721157068313949,0.9437876366904947,-0.02832807014090022,0,0,sure_thing,0.3492,1,0,919,0
HELIOS-001510,31.2,17.25,basic,9,25,6,1,0,0,10.0,301,0.9369622742493442,0.9382272941609116,0.0012650199115673555,1,1,sure_thing,0.7988,1,1,950,1
HELIOS-001511,31.2,64.85,pro,5,61,5,0,0,0,,307,0.946058900821527,0.8686266112016967,-0.07743228961983029,1,1,sleeping_dog,0.6975,1,1,950,1
HELIOS-001512,18.4,18.81,basic,7,99,0,0,0,0,,138,0.8159349394869007,0.5583345653929727,-0.257600374093928,1,1,sleeping_dog,0.9705,1,1,560,1
HELIOS-001513,31.2,22.95,basic,19,4,14,0,0,1,,477,0.99,0.99,0.0,1,1,sure_thing,0.6443,1,1,950,1
HELIOS-001514,25.8,23.21,basic,22,4,6,1,0,0,,413,0.9731196498167297,0.9722365197538382,-0.0008831300628915351,1,1,sure_thing,0.6551,1,1,785,1
HELIOS-001515,31.2,19.2,basic,10,5,5,0,0,0,,274,0.9586080113052923,0.9432595741243565,-0.015348437180935814,1,1,sure_thing,0.71,0,1,950,1
HELIOS-001516,28.1,12.84,basic,5,36,2,1,0,0,6.0,171,0.9152342081620272,0.8812983705635268,-0.033935837598500385,1,1,lost_cause,0.5608,0,1,855,1
HELIOS-001517,15.6,64.68,pro,2,41,2,2,0,0,,74,0.7872847716352149,0.9116048422614863,0.12432007062627137,0,0,persuadable,0.6646,1,0,475,1
HELIOS-001518,8.2,60.35,pro,5,49,1,1,0,0,6.0,53,0.8840042714616432,0.8324999006819488,-0.051504370779694386,1,1,sleeping_dog,0.1357,0,1,250,1
HELIOS-001519,5.6,17.15,basic,4,28,2,0,0,1,,40,0.9030935176477066,0.7625802448862199,-0.14051327276148673,1,1,sleeping_dog,0.8697,1,1,170,1
HELIOS-001520,6.4,23.34,basic,11,1,5,2,0,0,,95,0.8617924182845094,0.9138104461804488,0.052018027895939456,1,1,persuadable,0.8843,1,1,195,1
HELIOS-001521,1.7,45.66,pro,40,12,23,0,0,1,,53,0.99,0.99,0.0,1,1,sure_thing,0.3826,1,1,52,1
HELIOS-001522,30.0,27.2,basic,5,77,3,0,0,0,,153,0.9396913287112387,0.7762458462127326,-0.1634454824985061,1,1,sleeping_dog,0.2131,1,1,913,0
HELIOS-001523,10.0,37.13,pro,4,50,2,3,0,0,,45,0.622753273374722,0.8243490972830496,0.20159582390832764,1,1,persuadable,0.5906,1,1,304,1
HELIOS-001524,22.8,47.54,pro,2,45,2,1,0,0,6.0,103,0.9280286871685537,0.9016987336245146,-0.02632995354403911,0,0,sure_thing,0.0051,0,0,694,1
HELIOS-001525,31.2,49.37,pro,18,12,7,1,1,1,,564,0.9657976556211312,0.99,0.024202344378868812,1,1,sure_thing,0.3031,0,1,950,1
HELIOS-001526,29.1,46.35,pro,15,54,7,1,0,0,,341,0.9635924708166144,0.9555823805202027,-0.008010090296411643,1,1,sure_thing,0.0651,0,1,886,1
HELIOS-001527,29.7,21.31,basic,6,36,5,2,1,0,,170,0.8086476096610306,0.99,0.18135239033896944,1,1,persuadable,0.7162,1,1,904,1
HELIOS-001528,9.6,16.2,basic,4,26,1,1,0,0,6.0,64,0.8301570363407458,0.7995800647646242,-0.030576971576121603,1,1,lost_cause,0.4514,0,1,292,1
HELIOS-001529,21.2,19.54,basic,19,63,4,1,0,0,,239,0.963194169263934,0.9062203438097804,-0.056973825454153526,1,1,sleeping_dog,0.8314,1,1,645,1
HELIOS-001530,29.8,23.64,basic,5,21,3,0,0,0,,278,0.9460333147392507,0.9003158666394355,-0.04571744809981515,1,1,sure_thing,0.7026,1,1,907,1
HELIOS-001531,20.3,20.86,basic,6,33,6,0,0,1,,200,0.9191413934627313,0.8502591067341173,-0.06888228672861396,1,1,sleeping_dog,0.2863,0,1,618,1
HELIOS-001532,31.2,11.66,basic,5,3,5,0,1,0,,199,0.9135311716622656,0.945120277592494,0.031589105930228345,1,1,lost_cause,0.6174,0,1,950,1
HELIOS-001533,29.9,14.23,basic,3,19,3,0,0,0,,263,0.9314675484466092,0.8883836046082153,-0.04308394383839387,1,1,sure_thing,0.9208,1,1,910,0
HELIOS-001534,28.2,25.26,basic,6,12,5,1,0,0,,267,0.9462058003829363,0.9547871922986548,0.008581391915718495,1,1,sure_thing,0.1562,0,1,858,1
HELIOS-001535,31.2,48.97,pro,15,11,6,0,0,0,,458,0.99,0.9774007408336006,-0.012599259166399368,1,1,sure_thing,0.1665,0,1,950,1
HELIOS-001536,31.2,191.25,enterprise,2,69,2,2,1,0,,131,0.8114460556495482,0.99,0.1785539443504518,1,1,persuadable,0.6302,1,1,950,1
HELIOS-001537,31.2,23.8,basic,27,4,9,0,0,0,,628,0.99,0.9879314864057179,-0.002068513594282062,1,1,sure_thing,0.5731,0,1,950,1
HELIOS-001538,24.3,15.07,basic,2,195,2,0,0,1,7.0,128,0.8783945258879587,0.5840571249748825,-0.29433740091307625,0,0,sleeping_dog,0.4868,1,0,740,0
HELIOS-001539,17.3,115.81,enterprise,11,16,8,0,0,1,,267,0.9725847797175465,0.9595867933154386,-0.01299798640210792,1,1,sure_thing,0.4435,1,1,527,1
HELIOS-001540,18.1,25.35,basic,9,28,8,1,0,1,,234,0.9393302329354675,0.935839013261908,-0.003491219673559476,1,1,sure_thing,0.716,1,1,551,1
HELIOS-001541,18.1,47.29,pro,10,34,3,0,1,0,8.0,205,0.8809425319348373,0.902185132957052,0.021242601022214758,1,1,lost_cause,0.7691,1,1,551,1
HELIOS-001542,21.0,44.69,pro,4,2,3,0,0,0,,113,0.9269556841036588,0.9046845367929502,-0.02227114731070856,1,1,sure_thing,0.1966,1,1,639,1
HELIOS-001543,22.6,40.41,pro,9,20,7,0,0,0,,226,0.9754947804059794,0.9635965080544161,-0.011898272351563266,1,1,sure_thing,0.0395,0,1,688,1
HELIOS-001544,31.2,20.25,basic,9,2,5,1,1,1,9.0,310,0.8958761993399921,0.99,0.09412380066000792,1,1,persuadable,0.3729,0,1,950,1
HELIOS-001545,31.2,113.83,enterprise,2,42,1,1,0,0,,171,0.9249433876095067,0.9508918460853579,0.025948458475851255,1,1,sure_thing,0.9114,1,1,950,1
HELIOS-001546,16.7,16.36,basic,12,16,5,0,0,0,7.0,177,0.972994177524615,0.9499949529831498,-0.02299922454146519,1,1,sure_thing,0.9329,1,1,508,1
HELIOS-001547,31.2,23.8,basic,6,20,3,0,0,1,,218,0.9197390614665382,0.8204742965368581,-0.09926476492968006,1,1,sleeping_dog,0.8052,1,1,950,1
HELIOS-001548,19.3,23.4,basic,4,11,1,1,0,0,3.0,90,0.9232637227644844,0.9125578499857107,-0.010705872778773773,1,1,sure_thing,0.5962,1,1,587,1
HELIOS-001549,31.2,50.32,pro,9,14,4,0,0,0,,375,0.9674627562651447,0.9411291404974478,-0.026333615767696883,1,1,sure_thing,0.8651,0,1,950,1
HELIOS-001550,15.5,108.41,enterprise,9,0,8,1,0,1,,168,0.9338013977804083,0.9875853677891232,0.05378397000871493,1,1,persuadable,0.7235,1,1,472,1
HELIOS-001551,15.7,15.11,basic,2,19,2,0,2,0,8.0,94,0.7292635962030555,0.9361146901760267,0.2068510939729712,1,1,persuadable,0.8863,1,1,478,1
HELIOS-001552,15.2,51.83,pro,11,3,2,1,0,0,,159,0.9346188328967351,0.9363177248790954,0.0016988919823602844,1,1,sure_thing,0.5992,1,1,463,0
HELIOS-001553,17.3,16.33,basic,10,21,4,0,1,1,,178,0.905233709682099,0.9011696197797021,-0.004064089902396928,1,1,lost_cause,0.5732,0,1,527,1
HELIOS-001554,18.8,144.75,enterprise,4,3,2,1,1,0,,77,0.8660237940125746,0.99,0.12397620598742543,0,1,persuadable,0.1526,0,0,572,0
HELIOS-001555,24.5,26.7,basic,11,45,9,1,0,0,,215,0.9340208811407068,0.9381166876091354,0.004095806468428553,1,1,sure_thing,0.2163,0,1,746,1
HELIOS-001556,31.2,15.85,basic,32,2,14,0,1,1,8.0,837,0.99,0.99,0.0,1,1,sure_thing,0.1805,0,1,950,1
HELIOS-001557,17.0,53.31,pro,6,3,4,0,2,0,8.0,176,0.8016058101217624,0.99,0.18839418987823764,1,1,persuadable,0.6314,1,1,517,1
HELIOS-001558,15.8,40.72,pro,7,3,7,1,0,0,,124,0.9265371989077515,0.9454415013897315,0.01890430248197994,0,0,sure_thing,0.0018,0,0,481,1
HELIOS-001559,31.2,109.71,enterprise,5,148,0,0,2,0,4.0,181,0.7667429847241185,0.8190458152821263,0.052302830558007773,0,0,persuadable,0.59,0,0,950,1
HELIOS-001560,4.2,14.99,basic,27,1,19,0,0,0,,111,0.9892129345787393,0.9895515186477131,0.0003385840689738018,1,1,sure_thing,0.102,0,1,128,1
HELIOS-001561,31.2,11.32,basic,2,51,1,1,0,0,7.0,183,0.872226911426393,0.7990968355811854,-0.07313007584520759,1,1,sleeping_dog,0.7125,1,1,950,0
HELIOS-001562,22.6,60.32,pro,9,5,3,3,2,0,9.0,193,0.606587324742397,0.9056636241762566,0.2990762994338596,1,1,persuadable,0.9557,1,1,688,1
HELIOS-001563,14.7,18.03,basic,4,268,2,2,0,1,10.0,61,0.5985520739613828,0.37944653771671055,-0.21910553624467222,0,0,sleeping_dog,0.8463,1,0,447,1
HELIOS-001564,14.1,19.34,basic,2,21,9,1,1,0,,138,0.7861197386207909,0.9411219744301921,0.1550022358094012,1,1,persuadable,0.7526,1,1,429,1
HELIOS-001565,31.2,16.89,basic,3,47,2,1,0,0,,109,0.9170925597380503,0.870222130703141,-0.04687042903490923,0,0,lost_cause,0.5997,1,0,950,1
HELIOS-001566,22.5,20.41,basic,2,104,3,0,0,0,6.0,100,0.878346940019872,0.656361656158682,-0.22198528386118999,1,0,sleeping_dog,0.5115,1,0,685,1
HELIOS-001567,31.2,17.04,basic,2,121,4,2,0,0,7.0,171,0.7854057868707197,0.7391533832643529,-0.04625240360636684,1,1,lost_cause,0.1269,0,1,950,1
HELIOS-001568,10.8,50.44,pro,7,1,3,0,0,0,,72,0.9370678552440562,0.9148194228668186,-0.022248432377237615,1,1,sure_thing,0.3931,0,1,329,1
HELIOS-001569,31.2,19.42,basic,17,5,5,0,1,0,9.0,446,0.9675173528823326,0.9789518045394425,0.011434451657109879,1,1,sure_thing,0.3154,0,1,950,1
HELIOS-001570,29.8,25.17,basic,11,0,10,0,0,0,,413,0.9860969915982536,0.9852470316573722,-0.0008499599408814396,1,1,sure_thing,0.1986,0,1,907,1
HELIOS-001571,31.2,121.81,enterprise,9,36,3,0,1,0,,206,0.9461627225805349,0.99,0.04383727741946508,1,1,sure_thing,0.3188,0,1,950,1
HELIOS-001572,31.2,17.87,basic,19,3,6,1,0,0,,515,0.9745131053509556,0.9746131871207087,0.0001000817697530687,1,1,sure_thing,0.3503,0,1,950,0
HELIOS-001573,26.2,15.51,basic,6,83,3,1,1,0,,202,0.7820187999611884,0.856480426244018,0.0744616262828296,1,1,persuadable,0.8754,1,1,798,1
HELIOS-001574,31.2,48.01,pro,6,48,5,1,1,0,,200,0.8990312632651148,0.99,0.09096873673488515,0,1,persuadable,0.8692,1,1,950,1
HELIOS-001575,29.6,19.94,basic,2,37,2,1,1,0,,116,0.7096323432677359,0.849275446239431,0.13964310297169502,1,1,persuadable,0.968,1,1,901,1
HELIOS-001576,13.2,16.1,basic,2,87,1,2,0,0,,41,0.7822269450824296,0.7494087578151774,-0.032818187267252275,1,1,lost_cause,0.5828,0,1,402,1
HELIOS-001577,31.0,20.37,basic,7,11,4,1,0,0,,166,0.9258768919476893,0.9283782296340048,0.0025013376863155523,1,1,sure_thing,0.4571,0,1,944,1
HELIOS-001578,31.2,17.62,basic,11,0,5,1,0,0,,494,0.9624044706806564,0.9664724411510841,0.004067970470427729,1,1,sure_thing,0.0978,0,1,950,1
HELIOS-001579,21.1,18.69,basic,2,212,1,0,0,1,4.0,104,0.8023638897882538,0.5075906306950932,-0.29477325909316054,1,0,sleeping_dog,0.5983,0,1,642,1
HELIOS-001580,20.9,14.11,basic,6,32,6,0,0,1,8.0,156,0.9450665783397114,0.8775662254578471,-0.06750035288186429,1,1,sleeping_dog,0.6777,1,1,636,1
HELIOS-001581,31.2,23.79,basic,7,23,6,0,1,0,,407,0.9076334853494149,0.9392471931437566,0.031613707794341694,1,1,lost_cause,0.7878,1,1,950,0
HELIOS-001582,31.2,19.18,basic,19,7,10,0,0,0,,634,0.9868840675435174,0.9838002901184604,-0.003083777425057055,1,1,sure_thing,0.6114,0,1,950,1
HELIOS-001583,26.5,57.49,pro,5,4,4,0,0,0,7.0,121,0.9535078175434424,0.9380600300662807,-0.01544778747716169,1,1,sure_thing,0.3914,0,1,807,0
HELIOS-001584,31.2,40.77,pro,7,37,5,0,0,0,,312,0.9259044949021947,0.884437040524751,-0.0414674543774437,1,1,sure_thing,0.1772,0,1,950,1
HELIOS-001585,15.8,20.71,basic,3,0,1,0,0,0,4.0,89,0.8970328483988224,0.8548938918103477,-0.04213895658847466,1,1,lost_cause,0.5145,1,1,481,1
HELIOS-001586,2.4,16.1,basic,3,16,2,2,0,1,,16,0.6079046292693128,0.6567943692208243,0.04888973995151158,0,0,lost_cause,0.6437,1,0,73,1
HELIOS-001587,31.2,12.45,basic,1,6,1,3,0,0,,106,0.7596921058405031,0.9601359448692833,0.20044383902878027,1,1,persuadable,0.7265,1,1,950,1
HELIOS-001588,27.3,129.65,enterprise,12,6,11,0,0,1,8.0,411,0.9870287015627619,0.99,0.00297129843723809,1,1,sure_thing,0.3183,1,1,831,1
HELIOS-001589,31.2,23.42,basic,19,11,10,0,1,0,,496,0.9643045708134516,0.9784125893934039,0.014108018579952364,1,1,sure_thing,0.1597,0,1,950,0
HELIOS-001590,31.2,15.38,basic,5,31,4,3,0,0,,170,0.8529329587430623,0.99,0.1370670412569377,0,1,persuadable,0.6446,0,0,950,1
HELIOS-001591,6.5,110.87,enterprise,3,247,2,0,1,1,,30,0.5759549772519589,0.4331659602660083,-0.1427890169859506,1,1,sleeping_dog,0.9577,1,1,198,0
HELIOS-001592,11.5,188.74,enterprise,15,1,6,2,0,0,8.0,181,0.9555521839001438,0.99,0.03444781609985614,1,1,sure_thing,0.3454,1,1,350,1
HELIOS-001593,20.9,20.43,basic,1,14,4,0,0,0,,171,0.9551896863818832,0.9293204292657016,-0.0258692571161816,1,1,sure_thing,0.8138,1,1,636,1
HELIOS-001594,13.8,88.04,pro,2,24,0,0,0,0,3.0,79,0.8902257508334241,0.8000367162815497,-0.09018903455187444,1,0,sleeping_dog,0.3643,1,0,420,1
HELIOS-001595,31.2,16.63,basic,4,96,3,0,0,0,,212,0.942599427457372,0.7352180947455537,-0.20738133271181836,1,1,sleeping_dog,0.7214,0,1,950,1
HELIOS-001596,31.2,48.6,pro,4,59,1,0,0,0,6.0,138,0.9293645599096234,0.7669421115326686,-0.16242244837695485,1,1,sleeping_dog,0.1083,0,1,950,1
HELIOS-001597,30.5,172.24,enterprise,6,47,4,0,0,0,,235,0.959859303585001,0.9354097264429476,-0.024449577142053425,1,1,sure_thing,0.0465,1,1,928,1
HELIOS-001598,24.4,54.03,pro,11,13,8,0,1,1,,291,0.9574577600034796,0.99,0.032542239996520395,1,1,sure_thing,0.7854,0,1,743,1
HELIOS-001599,31.2,53.52,pro,2,31,1,0,1,0,5.0,130,0.7835372454335255,0.8292391729274379,0.04570192749391233,1,1,lost_cause,0.5614,1,1,950,1
HELIOS-001600,6.4,121.44,enterprise,14,9,9,0,0,0,7.0,117,0.9829863088949904,0.9888027037178274,0.005816394822837023,1,1,sure_thing,0.1963,0,1,195,1
HELIOS-001601,31.2,37.55,pro,8,7,5,2,0,0,7.0,245,0.9353465656950894,0.99,0.05465343430491054,1,1,persuadable,0.5375,0,1,950,1
HELIOS-001602,20.7,29.26,pro,26,4,11,0,0,0,,518,0.989631645545045,0.987584611111162,-0.0020470344338829882,1,1,sure_thing,0.0482,0,1,630,1
HELIOS-001603,13.2,19.78,basic,5,15,2,1,0,0,,83,0.8816599705342892,0.8728494774599663,-0.008810493074322912,1,1,lost_cause,0.9091,1,1,402,1
HELIOS-001604,31.2,17.32,basic,7,19,2,0,1,0,5.0,215,0.8736742831874609,0.8876526695412367,0.013978386353775796,1,1,lost_cause,0.8011,1,1,950,1
HELIOS-001605,31.2,109.51,pro,5,81,6,1,1,0,,210,0.8978203619255357,0.99,0.09217963807446428,1,1,persuadable,0.738,1,1,950,1
HELIOS-001606,18.0,84.38,enterprise,10,15,3,0,0,0,,240,0.9532496204808785,0.9195444346495283,-0.03370518583135018,1,1,sure_thing,0.7222,1,1,548,1
HELIOS-001607,31.2,28.59,basic,2,40,4,0,0,0,5.0,165,0.948775359553508,0.8899533368970766,-0.05882202265643144,1,1,sleeping_dog,0.1545,0,1,950,1
HELIOS-001608,17.5,24.57,pro,15,6,4,1,1,0,,365,0.8848838499183137,0.9683822415231687,0.08349839160485495,1,1,persuadable,0.0709,0,1,533,1
HELIOS-001609,11.9,25.45,basic,7,15,6,0,0,0,,146,0.9412718247208314,0.926630955021058,-0.014640869699773407,1,1,sure_thing,0.1262,0,1,362,1
HELIOS-001610,31.2,15.12,basic,17,2,8,0,0,0,,579,0.9770517130352775,0.9716956634993205,-0.00535604953595703,1,1,sure_thing,0.3848,1,1,950,1
HELIOS-001611,27.3,20.75,basic,7,7,9,1,1,1,8.0,258,0.9208547595834784,0.99,0.06914524041652159,1,1,persuadable,0.1794,0,1,831,1
HELIOS-001612,11.4,26.62,basic,3,45,6,1,1,0,,91,0.7672250816584039,0.9207824011910029,0.153557319532599,0,1,persuadable,0.9391,1,1,347,1
HELIOS-001613,23.9,39.45,pro,2,35,3,1,0,0,,69,0.8989986017473279,0.8943851368000506,-0.004613464947277324,0,0,lost_cause,0.6118,0,0,728,1
HELIOS-001614,12.0,28.72,basic,7,86,3,2,1,0,,67,0.6147271613196219,0.8318859238222537,0.21715876250263177,1,1,persuadable,0.8638,1,1,365,1
HELIOS-001615,31.2,16.92,basic,7,2,4,0,0,0,8.0,333,0.9770533569020576,0.9584055397840472,-0.018647817118010446,1,1,sure_thing,0.6815,1,1,950,1
HELIOS-001616,23.8,22.56,basic,5,9,5,2,2,0,,160,0.6758417643041399,0.9706074324476012,0.2947656681434613,0,1,persuadable,0.9674,1,1,724,1
HELIOS-001617,31.2,21.02,basic,9,6,2,0,1,0,,412,0.9383361950013295,0.9564584025949247,0.018122207593595174,1,1,sure_thing,0.8852,1,1,950,1
HELIOS-001618,16.3,22.39,basic,28,0,16,0,0,0,,358,0.9897561438959989,0.9898119511682316,5.580727223275517e-05,1,1,sure_thing,0.186,0,1,496,1
HELIOS-001619,15.1,17.13,basic,7,45,5,0,0,1,,114,0.9296617899458736,0.8151063552825827,-0.11455543466329088,1,1,sleeping_dog,0.5932,1,1,460,1
HELIOS-001620,31.2,20.5,basic,8,23,2,0,1,0,,191,0.9091607076534906,0.9197258825411454,0.010565174887654849,1,1,lost_cause,0.3614,1,1,950,1
HELIOS-001621,31.2,44.98,pro,6,108,1,1,0,0,,123,0.9353263028721405,0.7376189497802824,-0.19770735309185805,1,1,sleeping_dog,0.1298,0,1,950,1
HELIOS-001622,31.2,136.26,enterprise,16,7,5,3,0,1,10.0,345,0.9457027124682654,0.99,0.044297287531734564,1,1,sure_thing,0.6452,1,1,950,1
HELIOS-001623,9.9,38.32,pro,7,98,5,0,0,0,,48,0.9128840620212004,0.7439658750266731,-0.16891818699452732,1,1,sleeping_dog,0.7671,1,1,301,1
HELIOS-001624,31.2,20.48,basic,3,248,5,1,0,0,8.0,137,0.8228505381930615,0.5482347142167296,-0.2746158239763319,1,1,sleeping_dog,0.8715,1,1,950,0
HELIOS-001625,24.0,18.98,basic,1,18,1,0,0,1,,144,0.9168210573477046,0.7792013470123766,-0.13761971033532794,1,1,sleeping_dog,0.2365,0,1,731,0
HELIOS-001626,27.4,56.18,pro,7,13,2,0,1,0,,203,0.9361509572069963,0.9836665223371625,0.04751556513016619,1,1,sure_thing,0.5582,1,1,834,1
HELIOS-001627,31.2,30.29,pro,4,53,0,1,0,0,,191,0.897045338749897,0.802289428462978,-0.09475591028691899,1,1,sleeping_dog,0.4252,0,1,950,1
HELIOS-001628,13.2,22.51,basic,2,4,3,1,1,0,,58,0.7938654911710393,0.9501314708557983,0.15626597968475897,1,1,persuadable,0.1492,0,1,402,1
HELIOS-001629,10.9,75.26,pro,3,47,3,1,1,0,,62,0.8053647330044977,0.99,0.18463526699550226,1,1,persuadable,0.8734,1,1,332,1
HELIOS-001630,31.2,172.14,enterprise,4,41,2,0,2,0,,151,0.8843983571824422,0.99,0.1056016428175578,1,1,persuadable,0.5354,1,1,950,1
HELIOS-001631,10.1,15.74,basic,54,8,12,0,0,0,,322,0.99,0.99,0.0,1,1,sure_thing,0.1843,0,1,307,1
HELIOS-001632,31.2,29.96,basic,5,21,2,1,0,0,6.0,232,0.9363953212903159,0.9259054429702156,-0.010489878320100288,1,1,sure_thing,0.3525,0,1,950,1
HELIOS-001633,10.6,28.77,basic,4,36,0,1,0,0,9.0,73,0.8049335787158494,0.7467966328932196,-0.05813694582262974,1,1,sleeping_dog,0.5069,0,1,323,1
HELIOS-001634,31.2,20.79,basic,12,9,10,1,0,1,,378,0.9657355449820826,0.9710909004702253,0.005355355488142699,1,1,sure_thing,0.0218,0,1,950,1
HELIOS-001635,31.2,19.17,basic,4,47,8,0,1,0,7.0,413,0.9219683302589032,0.9579904022296496,0.03602207197074636,1,1,sure_thing,0.8717,1,1,950,1
HELIOS-001636,21.2,22.66,basic,4,74,2,1,0,0,,178,0.9060596585128436,0.8026763846109854,-0.1033832739018582,1,1,sleeping_dog,0.0085,0,1,645,1
HELIOS-001637,19.1,40.66,pro,3,58,4,2,0,0,5.0,121,0.7957905223857085,0.8817451933947441,0.08595467100903564,1,1,persuadable,0.7134,1,1,581,1
HELIOS-001638,31.2,18.77,basic,33,4,14,0,0,0,10.0,769,0.99,0.99,0.0,1,1,sure_thing,0.1745,0,1,950,1
HELIOS-001639,23.1,62.62,pro,10,5,2,0,0,0,6.0,139,0.9737519749862619,0.9380601834390354,-0.03569179154722646,1,1,sure_thing,0.274,1,1,703,1
HELIOS-001640,5.4,53.17,pro,4,295,3,0,0,0,6.0,37,0.7007432420805255,0.40850295124371283,-0.2922402908368127,1,1,sleeping_dog,0.9383,1,1,164,1
HELIOS-001641,10.3,20.63,basic,5,21,4,1,2,1,,74,0.6770094585580817,0.9477431449942191,0.2707336864361374,0,1,persuadable,0.8972,1,1,314,1
HELIOS-001642,31.2,43.49,pro,6,40,4,0,0,0,6.0,186,0.9683539009811393,0.9092726953420118,-0.05908120563912744,1,1,sleeping_dog,0.0905,0,1,950,0
HELIOS-001643,13.0,38.41,pro,3,16,3,2,0,0,,104,0.8414444903443139,0.9421871141605305,0.10074262381621657,1,1,persuadable,0.4309,1,1,396,1
HELIOS-001644,18.3,126.49,enterprise,5,111,5,4,0,0,,137,0.7120994222023608,0.9833764873272648,0.271277065124904,1,1,persuadable,0.8612,1,1,557,1
HELIOS-001645,19.7,19.16,basic,2,49,1,0,0,0,,90,0.9333424881938559,0.7933935351624103,-0.1399489530314456,1,0,sleeping_dog,0.5845,1,0,600,1
HELIOS-001646,31.2,23.37,basic,3,88,5,1,0,0,,227,0.8517589028910486,0.7823039503857055,-0.06945495250534306,1,1,sleeping_dog,0.6252,1,1,950,1
HELIOS-001647,7.1,36.99,pro,11,18,6,0,0,0,,53,0.9552580834216324,0.9384753820049008,-0.01678270141673166,1,1,sure_thing,0.0826,1,1,216,1
HELIOS-001648,31.2,26.95,basic,3,31,9,2,0,1,,194,0.8621573751193965,0.9510844047335676,0.0889270296141711,1,1,persuadable,0.842,1,1,950,1
HELIOS-001649,31.2,15.77,basic,13,13,5,0,0,1,,373,0.9794970135979486,0.9264911424240022,-0.053005871173946395,1,1,sleeping_dog,0.3365,0,1,950,1
HELIOS-001650,31.2,23.11,basic,3,38,1,1,0,0,,176,0.8789857417922409,0.8339347809349272,-0.04505096085731364,1,1,lost_cause,0.3595,1,1,950,1
HELIOS-001651,12.4,135.13,enterprise,3,4,1,1,1,1,,69,0.8853846601667678,0.99,0.10461533983323223,0,1,persuadable,0.9245,1,1,377,1
HELIOS-001652,21.7,19.31,basic,16,1,1,0,1,0,,179,0.9577197705200723,0.9600001060268348,0.002280335506762543,1,1,sure_thing,0.4217,1,1,661,0
HELIOS-001653,9.9,16.19,basic,21,2,4,0,0,0,,212,0.9675793922159365,0.9468562311339976,-0.020723161081938835,1,1,sure_thing,0.7703,0,1,301,1
HELIOS-001654,3.8,118.21,enterprise,2,38,2,0,1,0,7.0,25,0.8464672985622348,0.9824237255283238,0.135956426966089,0,1,persuadable,0.7108,1,1,116,1
HELIOS-001655,14.8,46.31,pro,10,33,6,0,0,0,,139,0.9631164910481073,0.9357816111698095,-0.027334879878297746,1,1,sure_thing,0.1222,0,1,451,1
HELIOS-001656,16.0,23.36,basic,2,15,2,1,0,0,,77,0.838366863693652,0.835933942397707,-0.0024329212959449675,1,1,lost_cause,0.5468,1,1,487,1
HELIOS-001657,2.8,48.91,pro,9,18,3,0,0,0,,20,0.9276117927953287,0.8865186778315444,-0.041093114963784316,1,1,sure_thing,0.8548,1,1,85,1
HELIOS-001658,21.7,50.37,pro,26,9,16,0,1,0,,442,0.9849799203741929,0.99,0.0050200796258070834,1,1,sure_thing,0.1112,0,1,661,0
HELIOS-001659,5.8,17.65,basic,8,42,5,0,0,0,,55,0.8928736436239468,0.8426603860524793,-0.05021325757146755,1,1,sleeping_dog,0.6771,0,1,177,1
HELIOS-001660,10.9,17.45,basic,8,4,3,0,0,0,8.0,103,0.9301915494721045,0.9024770217019737,-0.027714527770130726,1,1,sure_thing,0.7397,1,1,332,1
HELIOS-001661,26.4,17.66,basic,2,11,1,0,0,0,6.0,116,0.940223765216058,0.8820067592611189,-0.05821700595493906,1,1,sleeping_dog,0.634,0,1,804,1
HELIOS-001662,31.2,155.11,enterprise,11,23,2,0,0,0,9.0,279,0.9815129387966418,0.9417642272336084,-0.03974871156303339,1,1,sure_thing,0.1325,1,1,950,0
HELIOS-001663,6.1,161.82,enterprise,28,9,15,0,0,0,,152,0.99,0.99,0.0,1,1,sure_thing,0.1437,1,1,186,1
HELIOS-001664,4.3,13.55,basic,10,1,3,0,1,0,,52,0.8565486738653955,0.8738848191317968,0.01733614526640137,1,1,lost_cause,0.9449,1,1,131,1
HELIOS-001665,28.4,20.16,basic,2,133,2,3,0,0,,132,0.6438029339028724,0.7020743664140897,0.05827143251121736,1,1,persuadable,0.9672,1,1,864,1
HELIOS-001666,31.2,40.46,pro,7,62,3,0,1,0,,318,0.9286267318261542,0.9237712093625069,-0.004855522463647288,1,1,sure_thing,0.662,1,1,950,1
HELIOS-001667,20.0,20.36,basic,9,35,10,0,1,0,4.0,159,0.926134349796899,0.9546613506525942,0.02852700085569515,1,1,sure_thing,0.1206,0,1,609,1
HELIOS-001668,17.6,15.99,basic,13,0,4,2,0,0,,174,0.9063978429744488,0.9448494194769628,0.03845157650251396,1,1,lost_cause,0.0963,0,1,536,1
HELIOS-001669,22.4,17.27,basic,3,34,2,0,1,0,9.0,129,0.8625441587653117,0.8761035000604949,0.013559341295183214,1,1,lost_cause,0.8838,0,1,682,1
HELIOS-001670,31.2,18.65,basic,4,48,1,0,0,0,,205,0.9282768263569203,0.7900537403496439,-0.1382230860072764,0,0,sleeping_dog,0.3398,1,0,950,1
HELIOS-001671,31.2,15.7,basic,7,1,2,1,0,0,5.0,246,0.94447450342845,0.9414100472331893,-0.003064456195260634,1,1,sure_thing,0.1822,0,1,950,0
HELIOS-001672,20.5,18.66,basic,3,40,3,3,1,0,6.0,97,0.6247683772699263,0.9110558423889146,0.2862874651189883,1,1,persuadable,0.9742,1,1,624,1
HELIOS-001673,20.8,65.41,pro,16,7,8,0,0,0,8.0,327,0.9780213642026517,0.9738142194600564,-0.004207144742595315,1,1,sure_thing,0.2426,0,1,633,1
HELIOS-001674,19.8,54.08,pro,35,0,13,0,0,0,10.0,536,0.99,0.99,0.0,1,1,sure_thing,0.1743,0,1,603,1
HELIOS-001675,31.2,53.36,pro,16,1,4,0,0,0,,396,0.9815238163184218,0.9633798982154728,-0.01814391810294902,1,1,sure_thing,0.1423,0,1,950,1
HELIOS-001676,25.4,17.06,basic,6,145,1,1,0,0,5.0,158,0.7826254962411199,0.52598491762526,-0.25664057861585987,0,0,sleeping_dog,0.5254,1,0,773,1
HELIOS-001677,30.7,15.8,basic,2,31,3,0,0,0,7.0,209,0.9597377651624917,0.8991502012869063,-0.06058756387558539,0,0,sleeping_dog,0.4725,1,0,935,0
HELIOS-001678,31.2,130.4,enterprise,2,61,4,1,0,1,,231,0.9639643924916382,0.9662963957026609,0.0023320032110226707,1,1,sure_thing,0.6166,0,1,950,1
HELIOS-001679,23.3,20.24,basic,5,2,2,0,1,0,,164,0.8703426660936073,0.9003918573445482,0.030049191250940854,1,1,lost_cause,0.7051,1,1,709,1
HELIOS-001680,10.1,21.02,basic,13,6,1,0,0,0,,91,0.9496861070259809,0.8966808507492393,-0.053005256276741575,1,1,sleeping_dog,0.0214,0,1,307,1
HELIOS-001681,13.2,30.47,pro,11,7,10,0,1,0,,222,0.967443197012124,0.99,0.02255680298787599,1,1,sure_thing,0.49,0,1,402,1
HELIOS-001682,22.2,25.15,basic,5,2,3,1,0,1,,130,0.8915317377567555,0.8773543980993662,-0.01417733965738932,1,1,lost_cause,0.5674,0,1,676,1
HELIOS-001683,16.9,18.66,basic,3,13,1,0,0,0,5.0,81,0.9036764500017653,0.8418283951756222,-0.061848054826143084,1,1,sleeping_dog,0.2691,0,1,514,1
HELIOS-001684,8.1,43.3,pro,13,34,4,0,0,0,8.0,82,0.9525026464763711,0.9005461386376904,-0.051956507838680666,1,1,sleeping_dog,0.6806,1,1,247,1
HELIOS-001685,6.1,17.98,basic,19,0,2,2,0,0,,65,0.8967848617535068,0.9172468947146574,0.020462032961150567,1,1,lost_cause,0.6098,0,1,186,1
HELIOS-001686,3.0,51.91,pro,3,260,2,1,0,0,,14,0.6301039208820371,0.3688439568235297,-0.26125996405850743,1,1,sleeping_dog,0.9412,0,1,91,1
HELIOS-001687,31.2,57.4,pro,10,27,3,0,0,0,,342,0.9672450176541312,0.913748419043972,-0.05349659861015921,1,1,sleeping_dog,0.7929,1,1,950,1
HELIOS-001688,11.1,15.69,basic,33,8,19,0,0,0,,255,0.99,0.99,0.0,1,1,sure_thing,0.7395,0,1,338,1
HELIOS-001689,12.1,117.82,enterprise,8,29,8,0,0,1,,158,0.961697338708924,0.9405007235485856,-0.02119661516033844,1,1,sure_thing,0.4749,1,1,368,1
HELIOS-001690,7.1,16.15,basic,8,10,5,1,0,0,,89,0.932099086751103,0.9361021193079264,0.004003032556823438,1,1,sure_thing,0.1657,0,1,216,1
HELIOS-001691,31.2,174.32,enterprise,21,9,6,0,0,0,,518,0.99,0.99,0.0,1,1,sure_thing,0.0762,1,1,950,1
HELIOS-001692,25.1,15.98,basic,15,27,5,0,1,0,,314,0.9558669972332938,0.9633037975586006,0.007436800325306803,1,1,sure_thing,0.6368,1,1,764,1
HELIOS-001693,27.1,11.67,basic,16,8,11,0,0,0,9.0,399,0.9833698323885114,0.9814304562603587,-0.0019393761281526478,1,1,sure_thing,0.5118,1,1,825,1
HELIOS-001694,13.3,19.24,basic,26,6,7,0,0,0,,247,0.9804523274062968,0.9709195599111495,-0.00953276749514731,1,1,sure_thing,0.808,1,1,405,1
HELIOS-001695,14.0,164.17,enterprise,12,26,8,0,0,0,,236,0.9783279992938675,0.99,0.011672000706132502,1,1,sure_thing,0.2212,0,1,426,1
HELIOS-001696,27.7,49.09,pro,9,47,4,0,0,1,,295,0.9740540815874472,0.8335384105115285,-0.14051567107591867,1,1,sleeping_dog,0.2338,0,1,843,1
HELIOS-001697,21.6,16.69,basic,2,2,1,1,0,0,,111,0.9124473322000444,0.9101301517615366,-0.0023171804385078154,1,1,lost_cause,0.592,1,1,658,1
HELIOS-001698,12.5,179.0,enterprise,20,0,10,1,0,1,,246,0.9856038056222066,0.99,0.004396194377793372,1,1,sure_thing,0.0654,1,1,380,1
HELIOS-001699,31.2,21.79,basic,9,65,0,0,0,0,,194,0.9386702993569369,0.7365763291811384,-0.20209397017579855,1,1,sleeping_dog,0.6126,1,1,950,1
HELIOS-001700,20.9,181.96,enterprise,2,277,6,0,1,0,,119,0.8100609717633954,0.7590020238152899,-0.051058947948105504,1,1,sleeping_dog,0.3448,1,1,636,1
HELIOS-001701,13.2,23.99,basic,10,16,3,0,0,1,,101,0.9496526166966366,0.8581152597650619,-0.09153735693157472,1,1,sleeping_dog,0.8922,1,1,402,1
HELIOS-001702,31.2,13.54,basic,4,3,1,1,1,1,7.0,219,0.8330407546389488,0.9478794016876511,0.11483864704870228,1,1,persuadable,0.8938,1,1,950,0
HELIOS-001703,19.9,14.73,basic,31,11,12,1,1,0,,608,0.9811770644337506,0.99,0.008822935566249357,1,1,sure_thing,0.4732,0,1,606,1
HELIOS-001704,28.1,56.17,pro,8,27,8,0,0,0,,229,0.9770655843021353,0.9681112715276987,-0.00895431277443659,1,1,sure_thing,0.8426,0,1,855,1
HELIOS-001705,17.6,56.47,pro,16,38,7,0,0,0,,141,0.9799164501581795,0.9553332247562575,-0.024583225401922038,1,1,sure_thing,0.2451,1,1,536,0
HELIOS-001706,31.2,131.5,enterprise,16,82,7,0,0,1,,385,0.9837080112899,0.8334464895185499,-0.1502615217713501,1,1,sleeping_dog,0.0005,0,1,950,1
HELIOS-001707,13.5,53.46,pro,12,8,9,0,0,1,,149,0.9789580182520576,0.9672840805852496,-0.01167393766680802,1,1,sure_thing,0.4314,0,1,411,1
HELIOS-001708,31.2,79.74,pro,8,29,6,0,0,0,6.0,320,0.9654222325047275,0.9465132899402708,-0.018908942564456632,1,1,sure_thing,0.3809,1,1,950,1
HELIOS-001709,10.8,18.96,basic,5,10,3,1,0,1,5.0,85,0.8524758060932186,0.8271657546501197,-0.025310051443098946,1,1,lost_cause,0.5966,1,1,329,0
HELIOS-001710,15.9,16.72,basic,21,0,11,0,0,1,,314,0.9823573570654,0.9766249757277841,-0.005732381337615888,1,1,sure_thing,0.7331,1,1,484,0
HELIOS-001711,27.5,16.19,basic,7,9,4,1,0,0,3.0,244,0.898472118916575,0.9006364918424611,0.0021643729258861155,1,1,lost_cause,0.1671,0,1,837,1
HELIOS-001712,31.2,30.98,basic,10,45,3,0,0,0,5.0,337,0.9537325575665887,0.8651541067611546,-0.08857845080543414,1,1,sleeping_dog,0.2711,0,1,950,1
HELIOS-001713,31.2,100.19,enterprise,3,17,2,3,0,0,,108,0.8689808583602938,0.99,0.12101914163970617,1,1,persuadable,0.8203,1,1,950,1
HELIOS-001714,24.7,16.66,basic,7,32,4,1,0,0,,180,0.9205336509794472,0.9094980501891834,-0.011035600790263778,1,1,sure_thing,0.9657,1,1,752,1
HELIOS-001715,10.9,176.05,enterprise,0,86,2,1,1,0,,57,0.805751324340679,0.99,0.18424867565932102,1,1,persuadable,0.868,1,1,332,1
HELIOS-001716,30.3,14.43,basic,7,7,4,0,1,0,,187,0.9233471440637014,0.9486590104777262,0.02531186641402472,1,1,sure_thing,0.4722,1,1,922,1
HELIOS-001717,15.6,72.74,pro,2,149,1,1,0,0,6.0,107,0.7752520712366656,0.5558313811150688,-0.21942069012159682,0,0,sleeping_dog,0.5431,1,0,475,1
HELIOS-001718,14.7,151.52,enterprise,10,19,3,1,0,0,,119,0.9471372959012967,0.99,0.0428627040987033,1,1,sure_thing,0.4057,0,1,447,1
HELIOS-001719,31.2,49.46,pro,15,30,8,1,0,0,,413,0.9739442788875088,0.9809025259978759,0.006958247110367077,1,1,sure_thing,0.5323,1,1,950,1
HELIOS-001720,29.0,24.33,basic,12,2,3,0,0,1,,350,0.9749689465423744,0.9101647140408998,-0.0648042325014746,1,1,sleeping_dog,0.1569,0,1,883,1
HELIOS-001721,31.2,113.01,enterprise,5,35,4,0,0,0,,163,0.9572799757334338,0.9216268885639658,-0.03565308716946802,1,1,sure_thing,0.3114,1,1,950,1
HELIOS-001722,13.0,54.51,pro,23,9,6,0,0,1,,263,0.9863436700138748,0.9502797355419582,-0.03606393447191658,1,1,sure_thing,0.6231,1,1,396,1
HELIOS-001723,31.2,22.11,basic,2,13,2,0,0,0,,139,0.9141205383660943,0.8675144691993307,-0.046606069166763575,1,1,lost_cause,0.5745,1,1,950,1
HELIOS-001724,10.6,20.34,basic,9,6,3,0,1,1,9.0,62,0.8583787617118988,0.8634678795591,0.00508911784720123,0,0,lost_cause,0.196,1,0,323,1
HELIOS-001725,9.9,139.37,enterprise,11,5,7,2,0,0,7.0,127,0.9227973033766905,0.99,0.06720269662330947,0,1,persuadable,0.8737,1,1,301,1
HELIOS-001726,31.2,12.05,basic,7,8,5,0,0,1,,321,0.9672533668651124,0.9222234972462576,-0.0450298696188548,1,1,sure_thing,0.3797,1,1,950,1
HELIOS-001727,31.2,15.51,basic,15,13,7,0,0,0,,425,0.9738831463680209,0.9626683167425016,-0.01121482962551923,1,1,sure_thing,0.0609,1,1,950,1
HELIOS-001728,10.7,24.43,basic,6,80,3,1,0,0,4.0,44,0.832513894663112,0.7346276812251222,-0.09788621343798976,1,1,sleeping_dog,0.6489,1,1,326,1
HELIOS-001729,29.7,20.57,basic,14,26,8,1,1,1,10.0,387,0.9321567148274388,0.99,0.05784328517256121,1,1,persuadable,0.9102,1,1,904,1
HELIOS-001730,6.7,40.02,pro,4,13,3,1,0,1,,56,0.844456744837491,0.8256588099480512,-0.018797934889439816,1,1,lost_cause,0.5969,1,1,204,1
HELIOS-001731,15.0,59.87,pro,43,1,28,0,0,0,,533,0.99,0.99,0.0,1,1,sure_thing,0.094,1,1,457,0
HELIOS-001732,7.6,19.46,basic,3,113,3,2,0,0,,40,0.6357642483596097,0.5839299646528289,-0.05183428370678078,0,0,sleeping_dog,0.9014,1,0,231,1
HELIOS-001733,11.0,19.56,basic,4,106,2,1,0,0,,63,0.7705925703533278,0.5890838104704555,-0.1815087598828723,1,1,sleeping_dog,0.7663,1,1,335,1
HELIOS-001734,23.4,15.84,basic,7,66,1,0,0,0,3.0,179,0.9473207538288355,0.7641227439698534,-0.18319800985898216,1,1,sleeping_dog,0.532,0,1,712,1
HELIOS-001735,10.9,59.21,pro,14,46,3,0,1,0,7.0,101,0.914603225345231,0.9212091271040296,0.006605901758798605,1,1,lost_cause,0.6315,1,1,332,1
HELIOS-001736,31.0,23.32,basic,9,10,5,0,2,0,8.0,247,0.8636048191914764,0.99,0.12639518080852363,1,1,persuadable,0.4931,0,1,944,1
HELIOS-001737,4.3,49.57,pro,26,8,14,0,0,0,,86,0.9872813596649794,0.9871590967936422,-0.0001222628713372087,1,1,sure_thing,0.5677,0,1,131,1
HELIOS-001738,31.2,144.1,enterprise,8,47,5,2,0,1,,278,0.9489682322688883,0.99,0.041031767731111723,1,1,sure_thing,0.5469,1,1,950,1
HELIOS-001739,6.8,17.02,basic,15,7,5,3,0,1,6.0,62,0.8004307240677898,0.9245468897482214,0.1241161656804316,0,1,persuadable,0.9206,0,0,207,1
HELIOS-001740,12.8,56.41,pro,18,13,7,0,1,0,,201,0.9625072394735357,0.9886881341721023,0.02618089469856666,1,1,sure_thing,0.1858,0,1,390,1
HELIOS-001741,31.2,44.79,pro,8,11,5,1,0,0,,414,0.9425426373806347,0.9554759536033323,0.012933316222697555,1,1,sure_thing,0.5649,1,1,950,1
HELIOS-001742,11.5,19.92,basic,24,26,8,1,0,0,9.0,184,0.9790347421013667,0.9764421632318957,-0.0025925788694709517,1,1,sure_thing,0.0377,0,1,350,1
HELIOS-001743,12.0,43.14,pro,12,4,9,1,0,0,,154,0.9473447718208634,0.9613746108024679,0.014029838981604481,1,1,sure_thing,0.7997,1,1,365,1
HELIOS-001744,31.2,46.33,pro,6,4,5,1,0,0,8.0,356,0.9568040263027279,0.9762889280334434,0.019484901730715487,1,1,sure_thing,0.3475,1,1,950,1
HELIOS-001745,10.8,13.86,basic,5,50,2,1,0,0,,45,0.7895657308292218,0.7334425391523242,-0.05612319167689761,1,1,sleeping_dog,0.3855,0,1,329,1
HELIOS-001746,23.9,24.93,basic,6,162,2,0,0,0,5.0,104,0.860448177328756,0.5743219526678855,-0.28612622466087045,1,1,sleeping_dog,0.6065,0,1,728,1
HELIOS-001747,15.8,57.04,pro,40,1,14,0,0,0,,410,0.99,0.99,0.0,1,1,sure_thing,0.3886,1,1,481,1
HELIOS-001748,11.9,20.52,basic,3,99,4,0,0,1,,70,0.9036665747384593,0.6561911259599376,-0.2474754487785218,1,1,sleeping_dog,0.3805,0,1,362,1
HELIOS-001749,11.4,51.59,pro,2,46,2,0,1,0,,46,0.8484869940374282,0.8850659584598559,0.036578964422427696,1,1,lost_cause,0.8654,1,1,347,1
HELIOS-001750,20.7,62.35,pro,5,117,2,1,0,0,7.0,114,0.8016617506133664,0.6165934519951759,-0.18506829861819052,1,1,sleeping_dog,0.7751,1,1,630,1
HELIOS-001751,8.2,20.87,basic,4,5,4,2,0,1,,59,0.8645653811632994,0.9343343955704368,0.06976901440713745,1,1,persuadable,0.9054,1,1,250,1
HELIOS-001752,13.8,40.6,pro,17,4,9,0,0,0,,226,0.9773489723636276,0.9741905673023855,-0.0031584050612420977,1,1,sure_thing,0.2315,1,1,420,1
HELIOS-001753,15.4,16.12,basic,9,9,6,0,1,1,,149,0.8830378613693743,0.9002920589415263,0.017254197572151964,1,1,lost_cause,0.6149,0,1,469,1
HELIOS-001754,29.2,43.11,pro,17,6,10,0,1,0,,457,0.9708049872057818,0.99,0.019195012794218203,1,1,sure_thing,0.4443,0,1,889,1
HELIOS-001755,19.8,106.3,enterprise,0,222,5,0,1,0,,107,0.7269729715714685,0.6071770071230072,-0.1197959644484613,0,0,sleeping_dog,0.9258,1,0,603,1
HELIOS-001756,19.4,23.62,basic,11,29,8,1,0,0,8.0,239,0.9317053612727709,0.9368383131140066,0.005132951841235633,1,1,sure_thing,0.8272,1,1,591,0
HELIOS-001757,13.4,44.15,pro,4,47,5,0,0,0,,75,0.8965800139532063,0.8423536380381459,-0.05422637591506041,1,1,sleeping_dog,0.9246,1,1,408,1
HELIOS-001758,31.2,20.86,basic,12,39,2,0,1,0,,299,0.9385645835487302,0.9260219335181193,-0.012542650030610836,1,1,sure_thing,0.8385,0,1,950,1
HELIOS-001759,31.2,28.29,basic,2,28,2,2,0,1,,118,0.8925464662713993,0.9476185192679771,0.0550720529965778,1,1,persuadable,0.7452,0,1,950,1
HELIOS-001760,9.2,23.04,basic,13,0,7,0,0,0,9.0,88,0.9680611450394904,0.961720222067124,-0.006340922972366325,1,1,sure_thing,0.054,0,1,280,1
HELIOS-001761,20.4,15.89,basic,25,4,12,1,1,0,,399,0.9713478117590837,0.99,0.0186521882409163,1,1,sure_thing,0.1915,1,1,621,1
HELIOS-001762,14.1,13.82,basic,7,30,4,2,0,0,,117,0.8512817319466255,0.9021061883573974,0.050824456410771934,0,0,persuadable,0.2278,0,0,429,1
HELIOS-001763,12.7,20.06,basic,9,1,7,1,0,0,7.0,126,0.9448686254028595,0.9545676016502652,0.009698976247405677,0,1,sure_thing,0.8072,1,1,387,1
HELIOS-001764,31.2,40.52,pro,5,68,5,2,1,1,,204,0.8418799573898843,0.99,0.1481200426101157,0,1,persuadable,0.5214,1,1,950,1
HELIOS-001765,14.3,17.04,basic,4,17,2,1,1,0,,123,0.8614652386755582,0.99,0.12853476132444175,1,1,persuadable,0.0683,0,1,435,0
HELIOS-001766,8.7,18.18,basic,11,1,8,1,0,0,,83,0.9281174199092994,0.9364625359010763,0.008345115991776897,1,1,sure_thing,0.7922,1,1,265,1
HELIOS-001767,31.2,19.69,basic,26,3,12,0,0,0,7.0,521,0.99,0.99,0.0,1,1,sure_thing,0.3686,0,1,950,0
HELIOS-001768,31.2,15.63,basic,4,56,5,1,0,0,,157,0.9018914897293502,0.8803675832399325,-0.02152390648941771,0,0,lost_cause,0.1202,1,0,950,1
HELIOS-001769,26.3,17.57,basic,14,20,7,1,0,0,8.0,371,0.9688417254062791,0.9701996734845947,0.001357948078315574,1,1,sure_thing,0.184,0,1,801,1
HELIOS-001770,31.2,44.53,pro,7,50,2,0,0,1,8.0,189,0.948862638521878,0.7566065038382075,-0.19225613468367053,1,1,sleeping_dog,0.1457,0,1,950,1
HELIOS-001771,22.7,61.07,pro,33,6,9,0,0,1,,628,0.99,0.9810494402986429,-0.008950559701357053,1,1,sure_thing,0.2622,0,1,691,1
HELIOS-001772,9.7,17.89,basic,16,35,6,0,1,0,7.0,87,0.9417500809441206,0.9488567783222255,0.007106697378104876,1,1,sure_thing,0.8434,1,1,295,1
HELIOS-001773,31.2,149.01,enterprise,5,0,1,2,1,0,6.0,226,0.8534798474411096,0.99,0.13652015255889038,1,1,persuadable,0.7303,1,1,950,1
HELIOS-001774,31.2,19.04,basic,3,55,3,0,0,0,,128,0.9722167865632136,0.8626210439708323,-0.10959574259238136,1,1,sleeping_dog,0.6942,1,1,950,1
HELIOS-001775,14.7,51.46,pro,13,6,8,0,0,0,10.0,210,0.9742124386252506,0.9701931842854568,-0.004019254339793887,1,1,sure_thing,0.8066,0,1,447,1
HELIOS-001776,3.9,51.47,pro,14,11,1,1,0,0,,38,0.911684609196609,0.8957911557101239,-0.015893453486485076,1,1,lost_cause,0.8594,0,1,119,1
HELIOS-001777,7.0,18.52,basic,14,23,15,0,1,0,,98,0.9659019761267497,0.9864797309619754,0.020577754835225726,1,1,sure_thing,0.2829,0,1,213,1
HELIOS-001778,13.0,21.48,basic,6,29,1,0,0,0,5.0,99,0.9116694507745015,0.8178637930938111,-0.09380565768069038,1,0,sleeping_dog,0.366,0,1,396,1
HELIOS-001779,9.7,60.9,pro,1,27,4,0,0,0,,51,0.910682414882631,0.8764846221819442,-0.03419779270068679,1,0,lost_cause,0.4692,0,1,295,1
HELIOS-001780,20.8,17.17,basic,5,93,1,1,0,0,,66,0.8207578465264166,0.6451525087265241,-0.1756053377998925,1,1,sleeping_dog,0.1403,0,1,633,0
HELIOS-001781,15.8,29.74,basic,11,19,8,0,0,0,9.0,220,0.9652420505435197,0.9565512232157234,-0.008690827327796358,1,1,sure_thing,0.72,1,1,481,1
HELIOS-001782,31.2,18.32,basic,6,17,2,2,0,0,,273,0.8666534679006354,0.9239301668287667,0.057276698928131364,1,1,persuadable,0.5986,0,1,950,1
HELIOS-001783,7.4,51.54,pro,38,0,21,0,0,1,,201,0.99,0.99,0.0,1,1,sure_thing,0.0232,0,1,225,1
HELIOS-001784,31.2,16.58,basic,7,132,3,0,0,0,,194,0.9244952417544746,0.6614602670838532,-0.2630349746706214,1,1,sleeping_dog,0.7129,1,1,950,1
HELIOS-001785,19.1,15.5,basic,8,3,5,2,0,0,,141,0.9086448609920486,0.9650664702040502,0.05642160921200168,1,1,persuadable,0.2618,0,1,581,0
HELIOS-001786,31.2,14.18,basic,11,71,6,0,0,0,6.0,395,0.9795794864568717,0.8941606637962116,-0.08541882266066003,1,1,sleeping_dog,0.8303,1,1,950,1
HELIOS-001787,18.4,53.58,pro,3,39,2,2,0,1,,110,0.870853907763429,0.937719547934018,0.06686564017058905,1,1,persuadable,0.6855,1,1,560,1
HELIOS-001788,12.3,16.34,basic,7,32,3,0,0,1,4.0,81,0.8787056994284377,0.7504504046619939,-0.12825529476644382,0,0,sleeping_dog,0.2755,0,0,374,1
HELIOS-001789,18.5,96.09,enterprise,12,17,4,0,0,1,6.0,225,0.9674373991070726,0.8988799101156136,-0.06855748899145897,1,1,sleeping_dog,0.0975,0,1,563,1
HELIOS-001790,12.0,14.44,basic,9,26,4,1,0,0,,103,0.9288620741772433,0.9194725539940679,-0.009389520183175404,0,0,sure_thing,0.4912,1,0,365,1
HELIOS-001791,15.0,50.93,pro,7,9,6,1,0,0,,163,0.9534073297749807,0.974066260682619,0.020658930907638373,1,1,sure_thing,0.7243,1,1,457,1
HELIOS-001792,23.9,111.62,enterprise,12,19,3,0,0,0,,298,0.9708976005588593,0.9355650041157363,-0.03533259644312303,1,1,sure_thing,0.1402,1,1,728,1
HELIOS-001793,31.2,47.47,pro,6,340,1,0,1,1,,181,0.6136887052630525,0.37449437135334107,-0.23919433390971145,0,0,sleeping_dog,0.9195,1,0,950,1
HELIOS-001794,28.9,18.69,basic,19,1,10,1,0,0,,472,0.9718308194122802,0.9762172543355288,0.004386434923248528,1,1,sure_thing,0.6355,1,1,880,1
HELIOS-001795,15.7,74.65,pro,3,14,4,0,0,1,,88,0.8984118039836043,0.8388147809291392,-0.059597023054465126,1,1,sleeping_dog,0.5177,1,1,478,1
HELIOS-001796,31.2,28.28,basic,7,21,6,1,0,0,8.0,369,0.954283099207389,0.9625280515540622,0.008244952346673218,1,1,sure_thing,0.668,0,1,950,1
HELIOS-001797,29.1,19.76,basic,11,8,10,0,0,0,,393,0.9727248279323341,0.970617865351555,-0.002106962580779026,1,1,sure_thing,0.018,0,1,886,1
HELIOS-001798,30.8,50.27,pro,23,14,7,0,0,0,,511,0.9893162033927675,0.9776896730233647,-0.011626530369402754,1,1,sure_thing,0.7575,0,1,938,1
HELIOS-001799,31.2,64.17,pro,1,364,4,2,0,0,,120,0.6072672095864697,0.4664850512585965,-0.14078215832787322,1,1,sleeping_dog,0.9718,1,1,950,1
HELIOS-001800,18.1,41.92,pro,9,9,2,2,0,0,,179,0.8863049000086161,0.9581885706894325,0.07188367068081647,1,1,persuadable,0.5786,0,1,551,1
HELIOS-001801,31.2,44.0,pro,2,66,5,0,0,0,,212,0.945176723293071,0.8560703939251874,-0.08910632936788365,1,1,sleeping_dog,0.8866,1,1,950,1
HELIOS-001802,4.1,15.15,basic,3,28,4,0,0,0,4.0,29,0.899007768834325,0.8564318159494568,-0.04257595288486815,1,1,lost_cause,0.6212,0,1,125,1
HELIOS-001803,20.4,16.26,basic,2,225,3,0,1,0,5.0,80,0.6718569667814228,0.42673328280054834,-0.24512368398087447,0,0,sleeping_dog,0.9288,1,0,621,1
HELIOS-001804,14.8,12.56,basic,6,4,0,1,0,0,,109,0.8766764748693618,0.8573342744741643,-0.019342200395197517,1,1,lost_cause,0.8069,1,1,451,1
HELIOS-001805,7.0,30.96,basic,4,18,0,0,0,1,,24,0.8421900250627685,0.6813606575666553,-0.1608293674961132,1,1,sleeping_dog,0.6577,0,1,213,0
HELIOS-001806,10.0,22.01,basic,11,10,4,2,0,0,9.0,95,0.8963854142812878,0.944504090871436,0.048118676590148235,1,1,lost_cause,0.372,0,1,304,1
HELIOS-001807,31.2,156.11,enterprise,2,42,2,1,0,0,6.0,136,0.9293413179248343,0.99,0.06065868207516567,1,1,persuadable,0.6346,1,1,950,1
HELIOS-001808,17.5,15.93,basic,6,71,3,2,0,0,,126,0.7520303765633102,0.7678691353339822,0.01583875877067198,1,1,lost_cause,0.898,1,1,533,1
HELIOS-001809,7.1,19.18,basic,5,35,5,0,1,0,,60,0.8094725313178109,0.8366890709030789,0.02721653958526793,0,0,lost_cause,0.918,1,0,216,1
HELIOS-001810,16.0,19.09,basic,23,7,17,0,1,0,,359,0.9794269396515609,0.989748160998065,0.01032122134650404,1,1,sure_thing,0.3592,0,1,487,0
HELIOS-001811,23.3,17.68,basic,15,61,8,0,2,0,,327,0.8323058946362525,0.9686273990373973,0.13632150440114477,1,1,persuadable,0.704,1,1,709,1
HELIOS-001812,7.7,19.77,basic,16,8,16,0,1,0,10.0,109,0.9436746371781243,0.9618935495450807,0.018218912366956386,1,1,sure_thing,0.2643,0,1,234,1
HELIOS-001813,18.9,48.79,pro,34,8,21,0,0,0,10.0,598,0.99,0.99,0.0,1,1,sure_thing,0.3029,0,1,575,1
HELIOS-001814,17.9,23.04,basic,20,10,7,0,1,0,,220,0.9506081618855028,0.9613672108698058,0.010759048984303021,1,1,sure_thing,0.6165,1,1,545,1
HELIOS-001815,3.1,45.09,pro,11,21,4,1,1,0,,32,0.870502100886298,0.99,0.11949789911370201,1,1,persuadable,0.8777,1,1,94,1
HELIOS-001816,31.2,20.96,basic,6,10,2,1,0,0,5.0,137,0.9411541332136849,0.9351737355393398,-0.005980397674345106,1,1,sure_thing,0.4935,0,1,950,1
HELIOS-001817,4.4,12.08,basic,2,28,7,0,0,0,,28,0.9340161153786994,0.9177953442658927,-0.01622077111280673,0,0,sure_thing,0.7642,1,0,134,1
HELIOS-001818,1.3,152.17,enterprise,9,73,3,0,0,0,,8,0.9065931303649887,0.7791291961973046,-0.1274639341676841,1,1,sleeping_dog,0.7471,1,1,40,1
HELIOS-001819,17.2,24.4,basic,50,6,19,0,0,0,,591,0.99,0.99,0.0,0,0,sure_thing,0.5671,0,0,524,1
HELIOS-001820,8.8,19.33,basic,1,68,1,3,0,0,,24,0.5247398660927413,0.6973856864925108,0.1726458203997695,1,1,persuadable,0.9415,1,1,268,1
HELIOS-001821,5.4,41.1,pro,15,17,3,0,0,0,,60,0.9071396365320662,0.8651121970115332,-0.042027439520533005,1,1,lost_cause,0.0658,0,1,164,0
HELIOS-001822,18.5,45.49,pro,2,220,1,0,1,0,,65,0.6689076428144334,0.44891751785883005,-0.21999012495560333,1,1,sleeping_dog,0.7402,1,1,563,1
HELIOS-001823,9.6,14.47,basic,2,33,2,0,0,0,,29,0.8977658282302441,0.8159654047874839,-0.08180042344276017,1,1,sleeping_dog,0.6143,1,1,292,0
HELIOS-001824,9.2,49.4,pro,10,6,3,1,1,0,,88,0.9061220728724008,0.99,0.08387792712759923,1,1,persuadable,0.6728,1,1,280,1
HELIOS-001825,9.7,50.87,pro,15,5,8,0,0,0,7.0,108,0.9723642697831627,0.9680176507734809,-0.004346619009681807,1,1,sure_thing,0.3252,1,1,295,1
HELIOS-001826,25.7,40.65,pro,13,31,3,1,0,0,,178,0.9326599154095808,0.9136807140882546,-0.018979201321326244,1,1,sure_thing,0.5014,0,1,782,1
HELIOS-001827,17.6,16.89,basic,12,134,6,1,0,0,,156,0.8104237308674325,0.6404222844802447,-0.17000144638718773,1,1,sleeping_dog,0.2414,0,1,536,1
HELIOS-001828,31.2,43.26,pro,12,37,6,1,0,0,,413,0.9474259226560737,0.9467281193580824,-0.0006978032979912951,1,1,sure_thing,0.6272,1,1,950,1
HELIOS-001829,6.8,16.74,basic,3,2,2,1,0,1,,51,0.8733920232241618,0.8486578542805111,-0.02473416894365066,1,1,lost_cause,0.8658,1,1,207,0
HELIOS-001830,31.2,38.08,pro,2,58,1,3,0,0,6.0,163,0.7952996124823072,0.99,0.1947003875176928,1,1,persuadable,0.8991,1,1,950,1
HELIOS-001831,31.2,154.72,enterprise,11,3,12,1,0,0,7.0,494,0.974575275245845,0.99,0.015424724754155017,1,1,sure_thing,0.2657,0,1,950,1
HELIOS-001832,21.5,34.34,pro,11,57,6,0,0,0,,192,0.9423827191859184,0.8836837358259613,-0.05869898335995716,0,0,sleeping_dog,0.6695,1,0,654,1
HELIOS-001833,6.3,20.34,basic,10,102,13,0,0,1,10.0,83,0.9103748671221068,0.8336363453148236,-0.07673852180728324,1,1,sleeping_dog,0.7788,1,1,192,1
HELIOS-001834,10.5,22.36,basic,4,25,2,0,0,1,5.0,53,0.9316736409281199,0.7989744233381377,-0.13269921758998215,1,1,sleeping_dog,0.396,0,1,320,1
HELIOS-001835,31.2,19.51,basic,5,121,4,0,0,1,,149,0.9423612827169242,0.6713837409177855,-0.2709775417991387,1,0,sleeping_dog,0.5243,1,0,950,1
HELIOS-001836,25.7,29.28,basic,4,7,4,1,0,0,,165,0.9153007317874237,0.9271399366028213,0.011839204815397686,1,1,lost_cause,0.25,1,1,782,1
HELIOS-001837,31.2,109.25,enterprise,9,5,5,1,0,0,,336,0.9643381669723752,0.99,0.025661833027624814,1,1,sure_thing,0.116,0,1,950,1
HELIOS-001838,22.8,47.38,pro,3,2,3,0,0,1,,171,0.9330474381987485,0.873331999231113,-0.059715438967635426,1,1,sleeping_dog,0.4632,0,1,694,1
HELIOS-001839,24.7,48.78,pro,3,282,2,0,0,0,,128,0.8246511573269094,0.5324281598448881,-0.2922229974820213,1,0,sleeping_dog,0.5772,0,1,752,1
HELIOS-001840,31.2,45.57,pro,3,54,7,3,1,0,,101,0.6289629461576602,0.9210698692317689,0.2921069230741087,0,1,persuadable,0.9868,1,1,950,1
HELIOS-001841,5.2,52.58,pro,1,311,1,0,0,1,,24,0.5964738106690387,0.306048586118554,-0.2904252245504847,0,0,sleeping_dog,0.5643,0,0,158,1
HELIOS-001842,31.2,194.8,enterprise,6,10,7,0,0,0,,237,0.9873880286542256,0.99,0.0026119713457744,1,1,sure_thing,0.0326,1,1,950,1
HELIOS-001843,31.2,20.45,basic,3,192,3,0,0,0,,135,0.9284741211824842,0.6381096425878952,-0.290364478594589,1,1,sleeping_dog,0.9368,1,1,950,1
HELIOS-001844,31.2,58.25,pro,3,97,2,1,0,0,9.0,239,0.9294200850741877,0.7904452029528393,-0.13897488212134845,1,1,sleeping_dog,0.4851,1,1,950,1
HELIOS-001845,11.5,18.9,basic,6,15,9,0,0,1,,100,0.9610016378236508,0.9449280882363267,-0.0160735495873241,1,1,sure_thing,0.3817,1,1,350,0
HELIOS-001846,23.2,20.07,basic,11,5,4,0,0,0,,263,0.9597307243267196,0.9382897421809252,-0.021440982145794374,1,1,sure_thing,0.1549,0,1,706,1
HELIOS-001847,10.4,21.23,basic,20,1,9,0,0,0,7.0,184,0.9793472499125352,0.9757248050450692,-0.0036224448674659904,1,1,sure_thing,0.1337,0,1,317,1
HELIOS-001848,6.4,194.09,enterprise,9,39,3,1,0,1,,58,0.9181776933967054,0.99,0.07182230660329458,1,1,persuadable,0.7535,1,1,195,1
HELIOS-001849,27.6,61.11,pro,4,26,2,0,0,1,4.0,131,0.9619795911856552,0.8313345287046685,-0.13064506248098673,1,1,sleeping_dog,0.7003,1,1,840,1
HELIOS-001850,8.6,21.76,basic,12,106,5,1,0,0,6.0,72,0.8667595904934989,0.7435652819881714,-0.12319430850532753,1,1,sleeping_dog,0.2411,0,1,262,1
HELIOS-001851,19.1,35.18,pro,8,26,1,0,0,1,,114,0.9408923498460691,0.7822484028001151,-0.15864394704595397,1,1,sleeping_dog,0.3205,0,1,581,1
HELIOS-001852,31.2,62.57,pro,9,11,3,3,0,0,,214,0.9253531486601909,0.99,0.06464685133980907,1,1,persuadable,0.5669,1,1,950,1
HELIOS-001853,5.0,22.81,basic,5,126,2,1,1,0,7.0,29,0.5786318913284271,0.559077984239914,-0.019553907088513123,1,1,lost_cause,0.9032,1,1,152,1
HELIOS-001854,20.4,36.26,pro,6,19,9,0,0,0,,314,0.9598959849758107,0.9561039847474281,-0.0037920002283826637,1,1,sure_thing,0.4755,0,1,621,1
HELIOS-001855,31.2,24.8,basic,7,121,1,0,0,0,8.0,230,0.9245966107456728,0.6551328155672935,-0.26946379517837926,1,1,sleeping_dog,0.4592,0,1,950,1
HELIOS-001856,31.2,15.98,basic,17,14,7,0,0,0,9.0,349,0.9862989382687128,0.9744549095597348,-0.01184402870897805,1,1,sure_thing,0.0186,0,1,950,1
HELIOS-001857,29.8,60.08,pro,15,16,5,0,0,1,,349,0.977818989741481,0.9219497259843126,-0.055869263757168386,1,0,sleeping_dog,0.2534,0,1,907,1
HELIOS-001858,5.4,53.83,pro,8,17,4,0,1,0,7.0,63,0.908419505747543,0.9561202081395296,0.04770070239198654,1,1,lost_cause,0.886,1,1,164,1
HELIOS-001859,31.2,15.61,basic,11,19,3,0,0,1,,267,0.9702134214517434,0.871568447219134,-0.09864497423260943,1,1,sleeping_dog,0.1354,0,1,950,0
HELIOS-001860,26.5,13.41,basic,1,335,0,1,0,0,,71,0.523729420577646,0.2464705602319603,-0.27725886034568575,1,0,sleeping_dog,0.9643,1,0,807,1
HELIOS-001861,24.4,21.87,basic,11,36,4,2,0,0,,178,0.9202246996589434,0.9602347292453044,0.04001002958636102,1,1,sure_thing,0.7475,1,1,743,0
HELIOS-001862,21.8,111.62,enterprise,1,30,4,1,0,0,,80,0.9238748055534467,0.99,0.06612519444655329,1,1,persuadable,0.7195,1,1,664,1
HELIOS-001863,31.2,20.71,basic,8,13,6,1,0,0,8.0,214,0.9536237560287284,0.9606238576990618,0.007000101670333381,1,1,sure_thing,0.0866,0,1,950,1
HELIOS-001864,19.3,51.17,pro,5,0,2,1,2,0,,200,0.7143554092040127,0.99,0.27564459079598724,1,1,persuadable,0.8078,1,1,587,1
HELIOS-001865,16.5,17.94,basic,7,17,7,0,0,0,9.0,212,0.896162789801238,0.8847849731274932,-0.011377816673744823,0,0,lost_cause,0.7629,0,0,502,1
HELIOS-001866,5.5,18.35,basic,13,6,6,0,0,0,,71,0.9641582317475764,0.9523380711630896,-0.011820160584486872,1,1,sure_thing,0.8943,0,1,167,1
HELIOS-001867,12.2,15.41,basic,8,9,4,0,1,1,,91,0.8587905490517448,0.868236557841333,0.009446008789588234,1,1,lost_cause,0.7442,1,1,371,0
HELIOS-001868,9.7,19.59,basic,3,79,3,0,1,1,6.0,34,0.8021343068666993,0.693866895261619,-0.10826741160508024,1,1,sleeping_dog,0.7346,1,1,295,1
HELIOS-001869,18.4,41.35,pro,1,189,5,0,0,0,,92,0.8443854993444142,0.5625488285922824,-0.2818366707521318,1,1,sleeping_dog,0.8598,1,1,560,1
HELIOS-001870,31.2,21.09,basic,8,7,5,0,0,0,,385,0.9468909471632824,0.9309450718094459,-0.015945875353836514,1,1,sure_thing,0.6495,1,1,950,1
HELIOS-001871,30.4,22.07,basic,18,2,5,0,0,0,10.0,474,0.9810267355734625,0.9661548010141724,-0.014871934559290145,1,1,sure_thing,0.2075,0,1,925,1
HELIOS-001872,31.2,15.07,basic,8,7,3,0,1,0,7.0,252,0.930739702509994,0.9512458745236754,0.020506172013681323,1,1,sure_thing,0.3514,1,1,950,1
HELIOS-001873,15.2,23.33,basic,10,39,4,0,0,0,,143,0.9512528116025148,0.8911031488491188,-0.06014966275339606,1,1,sleeping_dog,0.1925,0,1,463,1
HELIOS-001874,9.8,12.97,basic,2,66,1,1,1,1,,50,0.6345136218900045,0.6694562628222571,0.03494264093225263,1,1,lost_cause,0.88,1,1,298,1
HELIOS-001875,28.8,94.84,enterprise,4,37,2,0,0,0,,117,0.9598415897228735,0.8816310948092816,-0.07821049491359189,1,0,sleeping_dog,0.6402,1,0,877,1
HELIOS-001876,9.6,41.31,pro,7,11,4,0,0,0,7.0,64,0.9504558749562264,0.9267579882094374,-0.023697886746788965,1,1,sure_thing,0.3969,1,1,292,1
HELIOS-001877,22.3,14.17,basic,23,3,11,1,0,0,10.0,453,0.9827578020986972,0.9854709583544854,0.0027131562557881628,1,1,sure_thing,0.2794,0,1,679,1
HELIOS-001878,18.5,134.09,enterprise,2,78,2,0,2,0,,101,0.7046865288568936,0.9519561483334271,0.24726961947653348,1,1,persuadable,0.9089,1,1,563,1
HELIOS-001879,21.1,28.21,basic,5,41,2,0,0,0,,96,0.9033891859636088,0.8045214511158715,-0.09886773484773737,1,1,sleeping_dog,0.5662,1,1,642,1
HELIOS-001880,7.4,47.44,pro,10,15,3,1,0,0,,80,0.8733725299338387,0.8734236650784277,5.113514458898738e-05,1,1,lost_cause,0.3132,0,1,225,1
HELIOS-001881,21.5,62.32,pro,15,24,9,0,1,0,6.0,288,0.9556370525466596,0.99,0.03436294745334034,1,1,sure_thing,0.4026,1,1,654,0
HELIOS-001882,2.9,21.66,basic,20,13,10,0,0,0,,70,0.9489995542401105,0.9449565812453924,-0.004042972994718119,1,1,sure_thing,0.3955,1,1,88,1
HELIOS-001883,5.3,26.9,basic,7,57,3,0,0,0,,41,0.8718532594587605,0.7568292213909278,-0.11502403806783268,0,0,sleeping_dog,0.8554,1,0,161,1
HELIOS-001884,20.2,20.0,basic,6,113,3,2,0,0,,96,0.7780122973887137,0.7122174019945602,-0.06579489539415351,0,0,sleeping_dog,0.9289,1,0,615,0
HELIOS-001885,31.2,48.44,pro,2,7,3,0,1,0,8.0,268,0.9272583150127856,0.99,0.06274168498721444,1,1,persuadable,0.6991,0,1,950,1
HELIOS-001886,16.3,26.78,basic,3,28,2,0,0,1,,72,0.8786045424948323,0.7392519402522246,-0.1393526022426077,0,0,sleeping_dog,0.956,1,0,496,1
HELIOS-001887,21.3,11.99,basic,5,24,3,0,0,0,,142,0.9320260131994699,0.8812580221314348,-0.05076799106803509,1,1,sleeping_dog,0.0823,1,1,648,1
HELIOS-001888,4.7,19.87,basic,4,5,6,0,0,0,,31,0.910541579645759,0.9013302778758155,-0.009211301769943447,1,1,lost_cause,0.3705,1,1,143,1
HELIOS-001889,9.4,52.22,pro,6,72,5,0,0,0,,76,0.9188104947260556,0.8150834653695486,-0.10372702935650702,1,1,sleeping_dog,0.8451,1,1,286,1
HELIOS-001890,31.2,23.35,basic,8,99,10,0,0,0,9.0,270,0.9649717126483827,0.8984923229667319,-0.06647938968165079,1,1,sleeping_dog,0.0545,0,1,950,1
HELIOS-001891,26.2,41.6,pro,9,11,3,1,0,1,,221,0.9455688959342136,0.9208032841815639,-0.024765611752649686,1,1,sure_thing,0.5022,1,1,798,1
HELIOS-001892,23.8,119.55,enterprise,0,73,4,2,0,0,,92,0.8292713129914046,0.99,0.16072868700859544,1,1,persuadable,0.6109,1,1,724,1
HELIOS-001893,16.8,49.27,pro,13,1,2,0,0,0,9.0,191,0.9399864502652295,0.9066099369255746,-0.03337651333965497,1,1,sure_thing,0.7995,1,1,511,1
HELIOS-001894,28.2,74.04,pro,4,13,2,0,0,1,5.0,179,0.9578194414477943,0.8606935875864095,-0.09712585386138484,1,0,sleeping_dog,0.1914,1,0,858,1
HELIOS-001895,20.9,12.95,basic,0,27,2,1,0,0,,68,0.8667325366326945,0.8519168654840106,-0.014815671148683873,1,1,lost_cause,0.4782,0,1,636,1
HELIOS-001896,11.1,16.91,basic,6,1,5,1,0,0,,88,0.8840602661471789,0.8931091700878191,0.009048903940640174,1,1,lost_cause,0.8845,1,1,338,1
HELIOS-001897,28.4,17.54,basic,10,10,6,0,0,0,,286,0.9728071738942019,0.9596395810198974,-0.013167592874304468,1,1,sure_thing,0.792,1,1,864,1
HELIOS-001898,13.9,12.74,basic,4,20,0,1,0,0,6.0,106,0.8795295978698774,0.8430848960344935,-0.03644470183538384,1,1,lost_cause,0.674,0,1,423,0
HELIOS-001899,9.7,15.43,basic,9,0,4,0,0,0,,71,0.9516894593887565,0.9338074815172502,-0.01788197787150625,1,1,sure_thing,0.0703,0,1,295,1
HELIOS-001900,12.0,20.44,basic,8,47,4,2,2,0,7.0,105,0.4100851826626895,0.7017922290283347,0.2917070463656452,1,1,persuadable,0.9611,1,1,365,0
HELIOS-001901,10.2,19.31,basic,23,23,9,0,0,0,,153,0.9820296045954717,0.9732133916751652,-0.008816212920306543,1,1,sure_thing,0.4522,1,1,310,1
HELIOS-001902,31.2,55.74,pro,7,9,3,0,1,0,7.0,246,0.9396926032570128,0.99,0.05030739674298723,1,1,persuadable,0.3408,0,1,950,1
HELIOS-001903,10.9,42.02,pro,2,314,3,0,0,0,,43,0.6718407976978464,0.3791829468465456,-0.29265785085130086,0,0,sleeping_dog,0.9735,1,0,332,1
HELIOS-001904,22.1,74.48,pro,11,76,6,1,0,1,7.0,202,0.925662978505262,0.8439869782745923,-0.08167600023066968,1,1,sleeping_dog,0.8343,1,1,673,0
HELIOS-001905,31.2,13.94,basic,3,114,1,1,0,0,,149,0.8672113803998,0.6515612046734212,-0.2156501757263788,1,1,sleeping_dog,0.9603,1,1,950,0
HELIOS-001906,5.9,68.02,pro,1,107,0,0,0,0,,23,0.8255334632775004,0.5693035606264616,-0.25622990265103884,1,0,sleeping_dog,0.2815,1,0,180,1
HELIOS-001907,30.6,55.13,pro,10,102,7,0,0,0,,272,0.9585971523758409,0.8261983172973568,-0.13239883507848405,1,1,sleeping_dog,0.4795,0,1,931,1
HELIOS-001908,31.2,52.95,pro,23,31,7,0,0,1,,655,0.9886348749409574,0.9364122331651873,-0.05222264177577007,1,1,sleeping_dog,0.7571,1,1,950,1
HELIOS-001909,31.2,48.44,pro,23,1,8,1,0,0,9.0,598,0.9830354525946515,0.9876135428955907,0.004578090300939142,1,1,sure_thing,0.7369,0,1,950,1
HELIOS-001910,8.3,17.16,basic,30,3,4,0,0,0,,175,0.982995037835646,0.9611134759552431,-0.02188156188040291,1,1,sure_thing,0.1214,1,1,253,1
HELIOS-001911,10.4,14.69,basic,7,13,5,0,0,0,,81,0.9328297072590788,0.9129242374647428,-0.01990546979433594,1,1,sure_thing,0.848,1,1,317,1
HELIOS-001912,14.5,20.02,basic,14,30,7,0,0,0,8.0,216,0.9617400899484638,0.9418797531152504,-0.01986033683321342,1,1,sure_thing,0.3462,0,1,441,1
HELIOS-001913,13.4,59.88,pro,9,56,2,3,1,1,10.0,100,0.5626816990868432,0.8363180895943301,0.2736363905074869,1,1,persuadable,0.9305,1,1,408,1
HELIOS-001914,31.2,14.25,basic,1,11,1,1,1,1,,104,0.875580124441892,0.99,0.11441987555810795,1,1,persuadable,0.926,1,1,950,1
HELIOS-001915,31.2,46.21,pro,16,12,6,0,0,0,,372,0.983156138674965,0.9691006093033679,-0.014055529371597042,1,1,sure_thing,0.3163,0,1,950,1
HELIOS-001916,31.2,96.21,enterprise,19,8,8,1,0,0,8.0,607,0.9857452497106859,0.99,0.004254750289314102,1,1,sure_thing,0.6494,1,1,950,1
HELIOS-001917,14.0,20.97,basic,7,15,1,1,0,0,,138,0.8945357642136472,0.874626480766378,-0.019909283447269277,1,1,lost_cause,0.2066,0,1,426,1
HELIOS-001918,18.1,12.66,basic,1,267,1,0,1,0,,41,0.4407331174348774,0.1911556227299299,-0.24957749470494753,0,0,sleeping_dog,0.9697,1,0,551,1
HELIOS-001919,31.2,18.26,basic,14,1,6,0,1,0,10.0,461,0.9639865243465434,0.9813679463597439,0.017381422013200476,1,1,sure_thing,0.4192,0,1,950,0
HELIOS-001920,9.2,21.38,basic,5,26,1,0,0,0,6.0,51,0.8559453022936901,0.7688492603054071,-0.08709604198828302,1,0,sleeping_dog,0.3295,1,0,280,1
HELIOS-001921,31.2,31.62,pro,9,3,2,1,0,0,,309,0.9240143064378242,0.921863351579158,-0.002150954858666232,1,1,sure_thing,0.0908,0,1,950,1
HELIOS-001922,14.9,53.06,pro,2,199,4,1,1,1,,70,0.6898259667066808,0.6067526074792993,-0.08307335922738157,0,0,sleeping_dog,0.6271,1,0,454,1
HELIOS-001923,31.2,21.56,basic,9,7,8,0,0,1,,347,0.9780967692064927,0.9605988003450122,-0.017497968861480473,1,1,sure_thing,0.5112,0,1,950,1
HELIOS-001924,11.3,23.94,basic,20,28,15,0,1,1,,152,0.9533858650058056,0.9664255220578906,0.013039657052084985,1,1,sure_thing,0.5288,1,1,344,1
HELIOS-001925,31.2,64.05,pro,17,21,7,0,1,0,9.0,423,0.9837822107530718,0.99,0.006217789246928174,1,1,sure_thing,0.3582,1,1,950,1
HELIOS-001926,11.9,13.79,basic,7,63,2,0,1,0,9.0,89,0.8239743330660909,0.7838276938376919,-0.040146639228399006,1,1,lost_cause,0.8234,1,1,362,1
HELIOS-001927,26.5,15.12,basic,17,15,6,0,0,0,,416,0.9808078694655814,0.9639073506624456,-0.01690051880313581,1,1,sure_thing,0.4826,1,1,807,1
HELIOS-001928,31.2,14.95,basic,9,5,7,1,0,0,6.0,348,0.9588852054794498,0.9668080242708872,0.007922818791437414,1,1,sure_thing,0.336,1,1,950,1
HELIOS-001929,8.3,18.3,basic,8,11,2,0,0,0,,72,0.9398872829973455,0.8938967287936537,-0.0459905542036918,1,1,sure_thing,0.4546,1,1,253,1
HELIOS-001930,20.6,27.62,basic,17,4,12,0,0,0,,263,0.9797187985732543,0.9792468245998557,-0.00047197397339859837,1,1,sure_thing,0.2586,0,1,627,1
HELIOS-001931,6.1,60.94,pro,9,4,4,1,0,0,8.0,61,0.8956538123097819,0.9130632088749839,0.017409396565202018,0,0,lost_cause,0.0202,0,0,186,1
HELIOS-001932,31.2,25.04,basic,10,132,2,0,0,0,,246,0.9090645328841905,0.6375253829487997,-0.27153914993539086,1,1,sleeping_dog,0.8591,1,1,950,1
HELIOS-001933,25.9,15.16,basic,22,1,10,1,0,0,9.0,542,0.9801456715839099,0.9829346233593774,0.002788951775467563,1,1,sure_thing,0.0092,0,1,788,1
HELIOS-001934,25.3,24.55,basic,9,13,4,1,0,0,,262,0.9530410739186508,0.9533880638456755,0.0003469899270247545,1,1,sure_thing,0.2291,0,1,770,1
HELIOS-001935,31.2,22.12,basic,19,30,11,0,0,1,,481,0.9872726768340886,0.9711401375039652,-0.016132539330123374,1,1,sure_thing,0.064,1,1,950,0
HELIOS-001936,31.2,16.43,basic,23,4,10,0,0,0,10.0,540,0.9877620557180994,0.9847030518663816,-0.0030590038517177565,1,1,sure_thing,0.8392,1,1,950,1
HELIOS-001937,14.1,14.36,basic,13,11,6,0,0,0,,126,0.9598612655196216,0.9455684146062758,-0.014292850913345756,1,1,sure_thing,0.5432,1,1,429,1
HELIOS-001938,31.2,26.39,basic,3,54,4,2,0,0,,130,0.8266588108112867,0.8973089806990856,0.07065016988779893,1,1,persuadable,0.7177,1,1,950,1
HELIOS-001939,31.2,58.35,pro,10,8,12,1,0,0,,427,0.9576987771882391,0.9817214829206661,0.02402270573242693,1,1,sure_thing,0.2678,0,1,950,1
HELIOS-001940,31.2,48.97,pro,15,13,11,0,1,0,,379,0.9780634047176284,0.99,0.011936595282371565,1,1,sure_thing,0.3045,1,1,950,1
HELIOS-001941,31.2,24.26,basic,25,5,9,0,0,0,,607,0.987458229074649,0.9828412892267985,-0.004616939847850499,1,1,sure_thing,0.1386,0,1,950,1
HELIOS-001942,21.4,23.05,basic,8,66,2,0,0,0,,225,0.9417435189077064,0.781193625307182,-0.1605498936005244,1,1,sleeping_dog,0.4272,0,1,651,1
HELIOS-001943,31.2,60.42,pro,4,131,2,1,1,1,,158,0.8315021296749557,0.7948260358471065,-0.0366760938278492,1,1,lost_cause,0.5269,0,1,950,0
HELIOS-001944,14.2,26.2,basic,11,33,6,0,1,0,,168,0.9126365075801152,0.9327940885082657,0.020157580928150565,1,1,lost_cause,0.3258,0,1,432,1
HELIOS-001945,8.6,21.1,basic,30,10,6,0,0,1,,160,0.9856026809872406,0.9472794498793228,-0.0383232311079178,0,0,sure_thing,0.7528,1,0,262,1
HELIOS-001946,13.3,61.17,pro,10,1,5,0,1,1,,102,0.9201838335642109,0.9648297815829115,0.0446459480187007,1,1,sure_thing,0.1151,1,1,405,0
HELIOS-001947,20.7,42.05,pro,8,44,8,0,1,0,10.0,210,0.9034286998747941,0.9443497948639887,0.040921094989194606,1,1,lost_cause,0.6874,1,1,630,1
HELIOS-001948,23.0,29.61,pro,22,7,13,0,0,0,,490,0.9891482734986766,0.9885632909649306,-0.000584982533746059,1,1,sure_thing,0.2535,0,1,700,1
HELIOS-001949,19.6,18.04,basic,3,28,3,0,0,0,5.0,104,0.9498612594528013,0.8940157703437328,-0.0558454891090685,0,0,sleeping_dog,0.0529,0,0,597,1
HELIOS-001950,27.4,51.91,pro,21,0,13,1,0,1,,377,0.9854166191907029,0.99,0.0045833808092971,1,1,sure_thing,0.3088,1,1,834,1
HELIOS-001951,11.8,52.1,pro,2,26,2,2,1,0,5.0,43,0.5548602251082347,0.8233523184655385,0.26849209335730373,1,1,persuadable,0.9938,0,1,359,1
HELIOS-001952,14.5,16.58,basic,1,143,0,1,0,0,,44,0.7163509199484777,0.46188482442076795,-0.2544660955277097,1,1,sleeping_dog,0.9754,1,1,441,1
HELIOS-001953,23.3,33.7,basic,0,0,1,1,0,0,,52,0.8746632971473001,0.8862457076636541,0.011582410516354003,1,1,lost_cause,0.5546,1,1,709,1
HELIOS-001954,9.5,19.05,basic,13,8,8,0,0,0,,108,0.9621297360286619,0.9559923486344047,-0.006137387394257177,1,1,sure_thing,0.058,0,1,289,1
HELIOS-001955,10.0,17.32,basic,10,7,6,0,1,0,,76,0.8413315123434237,0.8649406786765826,0.023609166333158904,0,0,lost_cause,0.7242,1,0,304,1
HELIOS-001956,31.2,16.34,basic,2,165,1,0,0,0,,164,0.8932076930421402,0.6044671544278359,-0.28874053861430427,1,1,sleeping_dog,0.4271,1,1,950,1
HELIOS-001957,21.7,13.86,basic,39,0,14,0,0,0,,637,0.99,0.99,0.0,1,1,sure_thing,0.6418,1,1,661,1
HELIOS-001958,31.2,19.16,basic,9,40,3,1,0,0,,318,0.9632862897631854,0.9333320834138191,-0.029954206349366297,1,1,sure_thing,0.4163,0,1,950,1
HELIOS-001959,31.2,12.33,basic,12,9,8,1,1,0,6.0,327,0.9140687587232942,0.99,0.07593124127670581,1,1,persuadable,0.3751,0,1,950,1
HELIOS-001960,17.5,146.96,enterprise,2,9,1,2,0,1,,64,0.8930066345016696,0.99,0.09699336549833038,1,1,persuadable,0.5846,1,1,533,1
HELIOS-001961,1.5,161.62,enterprise,6,10,7,1,1,0,,15,0.8883672954118753,0.99,0.10163270458812468,1,1,persuadable,0.0903,0,1,46,1
HELIOS-001962,17.0,24.76,basic,8,14,2,0,0,0,,159,0.9268212779013829,0.87700282314912,-0.049818454752262875,1,1,sure_thing,0.348,0,1,517,1
HELIOS-001963,31.2,36.72,pro,3,0,1,0,0,0,,228,0.9455222996944119,0.9049510937713149,-0.04057120592309704,1,1,sure_thing,0.3863,0,1,950,1
HELIOS-001964,8.3,14.36,basic,14,4,5,0,0,0,,96,0.934931664126214,0.9192850215063242,-0.015646642619889795,1,1,sure_thing,0.4028,0,1,253,1
HELIOS-001965,3.8,16.35,basic,6,12,5,0,0,0,6.0,23,0.8641461397921598,0.845274719122089,-0.01887142067007086,1,1,lost_cause,0.0502,0,1,116,1
HELIOS-001966,20.0,19.96,basic,12,13,8,0,1,1,,220,0.9235663832963531,0.9410584622372072,0.01749207894085414,1,1,sure_thing,0.1551,0,1,609,1
HELIOS-001967,28.6,93.47,enterprise,9,10,4,1,1,0,,245,0.8690889990405112,0.99,0.12091100095948881,1,1,persuadable,0.3157,1,1,871,1
HELIOS-001968,9.7,16.89,basic,4,93,1,0,0,1,,75,0.8572743341633235,0.5864156285378002,-0.2708587056255234,1,1,sleeping_dog,0.4952,0,1,295,1
HELIOS-001969,5.7,129.06,enterprise,13,20,9,1,0,1,,58,0.9605461143804406,0.99,0.029453885619559417,1,1,sure_thing,0.1111,0,1,174,1
HELIOS-001970,7.4,61.94,pro,1,57,1,1,0,0,6.0,36,0.8556346778025259,0.8003237533728853,-0.055310924429640584,1,1,sleeping_dog,0.8317,1,1,225,1
HELIOS-001971,13.8,54.89,pro,1,77,3,0,0,0,4.0,51,0.8994486422955257,0.7416670260575403,-0.15778161623798537,0,0,sleeping_dog,0.4814,1,0,420,1
HELIOS-001972,24.2,21.02,basic,9,26,1,1,0,0,7.0,207,0.9076469202011342,0.8720930728716775,-0.03555384732945677,0,0,lost_cause,0.3858,1,0,737,1
HELIOS-001973,14.0,160.37,enterprise,9,37,10,0,0,0,,164,0.9755574962478156,0.99,0.014442503752184366,1,1,sure_thing,0.8797,1,1,426,1
HELIOS-001974,10.9,24.94,basic,30,1,13,1,0,0,,238,0.9832140657289998,0.9853175198772167,0.002103454148216888,1,1,sure_thing,0.7362,0,1,332,1
HELIOS-001975,7.7,20.08,basic,46,3,20,1,0,0,10.0,262,0.99,0.99,0.0,1,1,sure_thing,0.4523,0,1,234,1
HELIOS-001976,14.8,39.0,pro,4,42,7,0,0,0,,152,0.9218120697496204,0.8965185087556915,-0.025293560993928876,1,1,sure_thing,0.9794,1,1,451,1
HELIOS-001977,12.7,20.16,basic,19,2,6,0,1,0,,208,0.9590838216909375,0.9700722273259665,0.010988405635029008,1,1,sure_thing,0.8969,0,1,387,1
HELIOS-001978,31.2,52.2,pro,16,7,12,0,0,0,7.0,568,0.9868879426610033,0.987378517861906,0.0004905752009026765,1,1,sure_thing,0.0357,1,1,950,1
HELIOS-001979,31.2,22.91,basic,2,4,4,1,0,0,,135,0.9383322545362096,0.9522608736464767,0.013928619110267104,1,1,sure_thing,0.1775,0,1,950,1
HELIOS-001980,31.2,48.55,pro,10,65,7,0,0,0,10.0,353,0.9717282493312023,0.9164268068196542,-0.055301442511548116,1,0,sleeping_dog,0.0197,0,1,950,1
HELIOS-001981,3.2,40.06,pro,6,27,1,1,0,1,6.0,28,0.851758020530823,0.769387602161749,-0.082370418369074,1,1,sleeping_dog,0.6285,1,1,97,1
HELIOS-001982,24.6,26.26,pro,3,75,2,0,1,0,,156,0.8686105354624707,0.8250917322518564,-0.0435188032106143,1,0,lost_cause,0.3926,0,1,749,1
HELIOS-001983,16.5,57.15,pro,2,22,4,1,0,0,,124,0.8623165254217581,0.8873937546056352,0.025077229183877114,1,1,lost_cause,0.1648,0,1,502,1
HELIOS-001984,11.7,65.46,pro,10,58,2,0,0,0,,113,0.9342716433056842,0.7962862656135513,-0.13798537769213293,1,1,sleeping_dog,0.5223,1,1,356,1
HELIOS-001985,31.2,19.87,basic,7,6,8,1,0,0,,353,0.9353509509737298,0.9478636548080298,0.012512703834300032,1,1,sure_thing,0.9065,1,1,950,1
HELIOS-001986,11.6,177.17,enterprise,8,57,4,0,0,0,,93,0.9663835849929568,0.9184961588504604,-0.047887426142496414,1,1,sure_thing,0.3283,1,1,353,1
HELIOS-001987,31.2,15.77,basic,3,23,6,1,1,1,8.0,207,0.8842188896030709,0.99,0.10578111039692906,1,1,persuadable,0.5471,1,1,950,1
HELIOS-001988,15.5,16.53,basic,8,93,2,0,0,1,,86,0.8955352426250778,0.6317166458135235,-0.2638185968115543,0,0,sleeping_dog,0.4518,0,0,472,1
HELIOS-001989,31.2,17.04,basic,16,16,9,0,1,0,,467,0.9510245474047708,0.9662457517836632,0.015221204378892406,1,1,sure_thing,0.7046,1,1,950,1
HELIOS-001990,24.6,20.03,basic,16,26,5,0,0,0,,232,0.9759098831777241,0.9437598013052619,-0.032150081872462155,1,1,sure_thing,0.0808,0,1,749,1
HELIOS-001991,31.2,21.52,basic,5,48,3,0,0,0,,243,0.9252859956626579,0.831069170851824,-0.09421682481083393,1,1,sleeping_dog,0.6631,1,1,950,1
HELIOS-001992,27.0,22.73,basic,0,51,2,1,0,0,8.0,133,0.8781409093140615,0.8321953403986063,-0.045945568915455204,1,1,lost_cause,0.1275,0,1,822,1
HELIOS-001993,27.1,17.91,basic,8,4,8,1,0,0,,358,0.9508081224729692,0.9618159235338367,0.011007801060867517,1,1,sure_thing,0.0675,0,1,825,1
HELIOS-001994,31.2,16.71,basic,4,52,1,2,0,0,,185,0.8587123987620194,0.8850700500970342,0.026357651335014776,1,1,lost_cause,0.4235,1,1,950,1
HELIOS-001995,3.1,49.52,pro,3,11,4,0,2,0,,14,0.6197835559344048,0.861138789757806,0.24135523382340118,1,1,persuadable,0.9582,1,1,94,1
HELIOS-001996,15.9,77.92,pro,11,29,3,1,0,0,8.0,163,0.9447682718110861,0.9458236935603207,0.0010554217492345641,0,0,sure_thing,0.6897,0,0,484,0
HELIOS-001997,20.6,141.63,enterprise,3,23,3,0,0,1,,77,0.9620300101747293,0.8917894868307744,-0.07024052334395492,1,1,sleeping_dog,0.9218,1,1,627,1
HELIOS-001998,23.7,20.53,basic,5,46,4,0,0,0,6.0,129,0.9273716226632465,0.8560873698577922,-0.07128425280545425,1,1,sleeping_dog,0.7682,1,1,721,1
HELIOS-001999,27.8,19.02,basic,13,26,12,1,0,0,,344,0.9823937839003348,0.99,0.007606216099665164,1,1,sure_thing,0.0089,0,1,846,1
HELIOS-002000,31.2,14.36,basic,15,2,4,0,0,0,,363,0.9724632645225936,0.9522886362884901,-0.02017462823410343,1,1,sure_thing,0.7092,1,1,950,1
HELIOS-002001,8.9,14.06,basic,3,1,3,1,0,0,4.0,39,0.8118869545019272,0.818221624045159,0.006334669543231808,1,1,lost_cause,0.1735,0,1,271,0
HELIOS-002002,13.1,24.75,basic,9,13,5,0,0,1,,138,0.9418183444047143,0.8899760717542299,-0.05184227265048447,1,1,sleeping_dog,0.1625,0,1,399,1
HELIOS-002003,9.2,60.41,pro,2,64,4,0,1,0,,37,0.8221363564571792,0.8700356644738556,0.04789930801667641,1,1,lost_cause,0.8775,1,1,280,1
HELIOS-002004,26.9,58.55,pro,6,15,8,0,0,0,,290,0.9601986517545957,0.9572489071263033,-0.00294974462829245,1,1,sure_thing,0.4762,1,1,819,1
HELIOS-002005,8.4,17.22,basic,11,5,8,0,1,0,,70,0.9143029427410458,0.9379670256497284,0.023664082908682604,1,1,lost_cause,0.7849,0,1,256,1
HELIOS-002006,12.1,44.79,pro,19,11,8,0,0,0,,205,0.9782731287209899,0.9713062686854795,-0.006966860035510392,1,1,sure_thing,0.6209,0,1,368,1
HELIOS-002007,17.0,22.65,basic,15,1,8,0,0,1,10.0,265,0.9778997718917771,0.9627988702340987,-0.015100901657678412,1,1,sure_thing,0.4535,1,1,517,1
HELIOS-002008,9.0,30.64,basic,36,0,13,0,1,1,,271,0.9788704954747564,0.982314620644372,0.003444125169615675,1,1,sure_thing,0.5522,1,1,274,1
HELIOS-002009,27.8,16.41,basic,5,3,1,0,1,0,,221,0.9033965947491782,0.926131753215418,0.022735158466239747,1,1,lost_cause,0.6215,1,1,846,1
HELIOS-002010,3.8,18.03,basic,7,49,3,0,0,0,,36,0.9152474151101757,0.8180393785965481,-0.09720803651362764,0,0,sleeping_dog,0.9052,1,0,116,1
HELIOS-002011,17.8,12.25,basic,10,76,8,0,0,0,,158,0.9579280400437268,0.8978357845764163,-0.06009225546731045,1,1,sleeping_dog,0.1035,1,1,542,1
HELIOS-002012,8.5,13.87,basic,10,71,0,0,0,1,,63,0.9148027190265416,0.6538674592066394,-0.2609352598199023,1,0,sleeping_dog,0.4412,0,1,259,0
HELIOS-002013,11.8,49.27,pro,22,12,10,0,0,0,8.0,204,0.9822424145913452,0.9788516690998093,-0.0033907454915359514,1,1,sure_thing,0.276,0,1,359,1
HELIOS-002014,14.5,14.49,basic,22,1,17,0,0,0,9.0,302,0.9867297219380252,0.9871588611780417,0.0004291392400165295,1,1,sure_thing,0.0942,0,1,441,1
HELIOS-002015,25.2,26.47,basic,19,2,4,0,0,0,,425,0.9747750117716427,0.9544582670405367,-0.020316744731106007,1,1,sure_thing,0.3608,0,1,767,1
HELIOS-002016,12.8,45.06,pro,12,4,5,0,0,0,10.0,138,0.9652069502875283,0.9513435955292903,-0.013863354758238078,1,1,sure_thing,0.8514,1,1,390,0
HELIOS-002017,23.4,19.06,basic,17,4,14,1,0,0,,393,0.9674601363840029,0.974032605084287,0.006572468700284162,1,1,sure_thing,0.8277,1,1,712,1
HELIOS-002018,25.5,20.59,basic,13,10,5,0,0,0,,344,0.9783774183130259,0.9595599746837905,-0.01881744362923543,1,1,sure_thing,0.1818,0,1,776,0
HELIOS-002019,12.1,51.2,pro,1,42,2,1,0,0,,40,0.8639440364531955,0.8478201087731526,-0.016123927680042893,1,1,lost_cause,0.6822,1,1,368,1
HELIOS-002020,4.3,20.56,basic,30,1,11,1,0,0,10.0,90,0.9686817724646734,0.9700274696224195,0.0013456971577461285,1,1,sure_thing,0.1478,0,1,131,1
HELIOS-002021,25.4,56.97,pro,7,122,2,0,0,1,,143,0.9362618785963545,0.656394064858193,-0.2798678137381615,1,0,sleeping_dog,0.3108,0,1,773,1
HELIOS-002022,18.9,26.35,basic,9,45,4,0,0,0,,177,0.942630707412303,0.872449078525854,-0.07018162888644908,1,1,sleeping_dog,0.4374,0,1,575,0
HELIOS-002023,27.6,14.26,basic,13,26,11,2,0,0,,382,0.9481085734269297,0.9885828894359644,0.04047431600903473,1,1,sure_thing,0.1131,0,1,840,1
HELIOS-002024,11.6,52.75,pro,12,11,9,2,0,0,10.0,206,0.9209330449564104,0.99,0.06906695504358962,0,1,persuadable,0.6092,1,1,353,1
HELIOS-002025,25.5,47.64,pro,5,20,4,0,1,0,8.0,256,0.913971950463528,0.9669959942430013,0.05302404377947334,1,1,persuadable,0.6454,0,1,776,1
HELIOS-002026,31.2,43.65,pro,8,14,4,0,0,0,,214,0.9773164045093854,0.950779169162403,-0.02653723534698238,1,1,sure_thing,0.0362,0,1,950,1
HELIOS-002027,12.1,138.4,enterprise,27,5,4,1,0,0,9.0,217,0.9874052677113668,0.99,0.0025947322886331614,1,1,sure_thing,0.6474,1,1,368,1
HELIOS-002028,16.1,15.36,basic,1,299,1,1,1,0,,50,0.44331815119904805,0.300713543852842,-0.14260460734620606,0,0,sleeping_dog,0.98,1,0,490,1
HELIOS-002029,20.6,26.97,basic,12,13,3,0,0,0,,288,0.9442504271672977,0.9069603398789858,-0.037290087288311846,1,1,sure_thing,0.3618,0,1,627,1
HELIOS-002030,23.0,61.9,pro,10,9,3,0,0,1,,348,0.9695979839097569,0.895150013794451,-0.0744479701153059,1,1,sleeping_dog,0.5265,0,1,700,1
HELIOS-002031,19.4,43.0,pro,6,65,1,1,0,1,5.0,133,0.9045083401961532,0.7321387422167692,-0.172369597979384,1,0,sleeping_dog,0.958,1,0,591,1
HELIOS-002032,31.2,17.06,basic,14,35,10,0,1,0,,329,0.966345879978277,0.9836554175048582,0.017309537526581154,1,1,sure_thing,0.0915,0,1,950,1
HELIOS-002033,31.2,139.81,enterprise,16,9,6,0,0,0,,392,0.9826501328885144,0.9818508236340848,-0.0007993092544296143,1,1,sure_thing,0.3405,1,1,950,1
HELIOS-002034,31.2,18.58,basic,4,8,4,0,0,0,,259,0.9550432054286533,0.9330116674008333,-0.022031538027819986,1,1,sure_thing,0.2905,0,1,950,1
HELIOS-002035,31.2,21.56,basic,18,8,7,0,0,0,,497,0.9853054850438179,0.9757734014962716,-0.00953208354754631,1,1,sure_thing,0.24,0,1,950,1
HELIOS-002036,31.2,61.91,pro,47,0,23,0,1,0,,1069,0.99,0.99,0.0,1,1,sure_thing,0.3949,0,1,950,1
HELIOS-002037,16.2,14.51,basic,11,28,8,1,1,0,,182,0.8482011384162347,0.9419996981774956,0.09379855976126095,1,1,persuadable,0.1243,0,1,493,1
HELIOS-002038,31.2,65.76,pro,19,3,7,1,1,0,,446,0.9551649277111676,0.99,0.034835072288832425,1,1,sure_thing,0.4317,1,1,950,1
HELIOS-002039,31.2,17.66,basic,7,43,5,0,0,0,,209,0.9674618749006224,0.9160296614195059,-0.051432213481116484,1,1,sleeping_dog,0.2245,0,1,950,0
HELIOS-002040,16.8,54.26,pro,11,8,7,1,0,0,7.0,200,0.9527173591680929,0.9693353493348281,0.016617990166735264,1,1,sure_thing,0.2605,1,1,511,1
HELIOS-002041,9.3,106.81,enterprise,7,66,8,1,1,1,,71,0.8718237730197802,0.99,0.11817622698021979,1,1,persuadable,0.8631,1,1,283,1
HELIOS-002042,31.2,56.28,pro,1,80,3,1,2,1,,126,0.7217323278909958,0.9727943256071412,0.25106199771614535,1,1,persuadable,0.8537,1,1,950,1
HELIOS-002043,27.3,49.31,pro,13,0,12,1,0,0,,331,0.9759278822325714,0.99,0.01407211776742856,1,1,sure_thing,0.3963,0,1,831,1
HELIOS-002044,31.2,47.69,pro,1,18,2,4,0,1,7.0,119,0.7199162033336505,0.99,0.2700837966663495,1,1,persuadable,0.9112,1,1,950,0
HELIOS-002045,22.3,11.91,basic,41,5,11,0,0,0,,553,0.99,0.99,0.0,1,1,sure_thing,0.0049,0,1,679,1
HELIOS-002046,28.8,35.57,pro,10,0,5,1,0,0,,308,0.9546039520450101,0.9642577812692094,0.009653829224199217,1,1,sure_thing,0.666,1,1,877,1
HELIOS-002047,25.8,23.61,basic,17,23,6,0,1,1,6.0,316,0.966180636576862,0.9654296431306699,-0.0007509934461921164,1,1,sure_thing,0.2632,0,1,785,1
HELIOS-002048,19.4,33.93,pro,4,69,2,0,2,0,6.0,91,0.6894791482563662,0.8829836175318807,0.19350446927551446,1,1,persuadable,0.9812,1,1,591,1
HELIOS-002049,15.5,58.93,pro,9,4,2,0,1,0,7.0,137,0.9106740649850444,0.9568880747840518,0.04621400979900736,1,1,lost_cause,0.5272,1,1,472,1
HELIOS-002050,26.4,106.32,enterprise,10,2,2,0,0,0,,204,0.9825054064643151,0.9571396450398344,-0.02536576142448066,1,1,sure_thing,0.7811,1,1,804,1
HELIOS-002051,13.8,64.87,pro,5,100,7,0,0,1,9.0,151,0.9399788456159002,0.7440589853112998,-0.1959198603046004,1,0,sleeping_dog,0.1755,1,0,420,1
HELIOS-002052,29.9,21.45,basic,9,19,5,2,0,0,,287,0.9288930480806561,0.9843182196269668,0.05542517154631066,1,1,persuadable,0.1474,0,1,910,0
HELIOS-002053,16.3,16.75,basic,3,1,4,0,0,0,,130,0.9350836398987284,0.9182463756257909,-0.016837264272937524,1,1,sure_thing,0.486,0,1,496,1
HELIOS-002054,6.8,63.45,pro,5,40,3,0,0,0,,49,0.8936425176989727,0.8206425952057901,-0.07299992249318266,1,1,sleeping_dog,0.9266,1,1,207,1
HELIOS-002055,15.7,23.1,basic,3,78,3,1,1,0,,83,0.6447214074606566,0.7551670485884692,0.11044564112781252,1,1,persuadable,0.9678,1,1,478,1
HELIOS-002056,23.3,21.71,basic,9,49,7,1,0,0,,231,0.9410869276106208,0.936563732172459,-0.00452319543816182,1,1,sure_thing,0.8062,1,1,709,1
HELIOS-002057,31.2,107.66,enterprise,1,297,3,1,0,0,,93,0.7450390496628709,0.5444124181395922,-0.20062663152327875,1,1,sleeping_dog,0.9682,1,1,950,1
HELIOS-002058,15.6,23.6,basic,1,276,4,1,1,1,,38,0.4267820801669304,0.29645730747999227,-0.13032477268693815,0,0,sleeping_dog,0.9851,1,0,475,1
HELIOS-002059,26.5,18.06,basic,31,8,13,0,0,0,,600,0.99,0.99,0.0,1,1,sure_thing,0.4758,0,1,807,1
HELIOS-002060,14.9,47.36,pro,8,8,6,1,0,0,8.0,100,0.9641835181423218,0.9814994304348736,0.017315912292551805,1,1,sure_thing,0.1848,0,1,454,1
HELIOS-002061,31.2,62.3,pro,6,31,6,0,0,0,,219,0.9602439711665979,0.9382727368032402,-0.021971234363357683,1,0,sure_thing,0.0031,0,1,950,1
HELIOS-002062,24.8,12.02,basic,39,5,10,1,1,0,,597,0.9873245397773747,0.99,0.0026754602226253255,1,1,sure_thing,0.3358,0,1,755,1
HELIOS-002063,31.2,26.22,basic,4,0,7,2,0,0,,289,0.9098220144315509,0.99,0.08017798556844913,0,1,persuadable,0.218,0,0,950,1
HELIOS-002064,13.7,32.37,pro,4,2,2,1,0,0,,86,0.887559930556939,0.8942746545762231,0.00671472401928408,1,1,lost_cause,0.9182,0,1,417,1
HELIOS-002065,6.7,17.0,basic,2,33,0,3,1,0,,27,0.41936761995422384,0.7031494995652691,0.28378187961104523,1,1,persuadable,0.9805,1,1,204,1
HELIOS-002066,14.0,51.73,pro,18,4,6,0,0,1,,225,0.9772815542897336,0.9470541327469916,-0.03022742154274205,1,1,sure_thing,0.0569,0,1,426,1
HELIOS-002067,19.8,24.72,basic,4,34,5,2,0,0,,119,0.9003322540198924,0.9785228771298456,0.07819062310995328,1,1,persuadable,0.7226,1,1,603,0
HELIOS-002068,23.7,23.68,basic,9,6,7,0,0,0,,263,0.9683671775245755,0.9610815562228943,-0.0072856213016812,1,1,sure_thing,0.3988,0,1,721,1
HELIOS-002069,31.2,18.11,basic,25,2,7,1,0,0,,554,0.9845408515055564,0.9840305167760443,-0.0005103347295121186,1,1,sure_thing,0.0851,0,1,950,1
HELIOS-002070,6.8,20.5,basic,7,50,3,0,0,0,,37,0.917844644866613,0.8185616624758312,-0.09928298239078182,1,0,sleeping_dog,0.3143,0,1,207,1
HELIOS-002071,8.8,78.68,pro,20,8,20,0,0,0,,180,0.9872606148428311,0.99,0.002739385157168872,1,1,sure_thing,0.7131,1,1,268,1
HELIOS-002072,18.0,35.62,pro,2,29,0,0,0,1,6.0,65,0.853392110248395,0.6677779349112984,-0.18561417533709657,0,0,sleeping_dog,0.7768,1,0,548,0
HELIOS-002073,15.3,18.43,basic,23,3,16,0,0,0,,375,0.9862005027154117,0.9864384900584665,0.00023798734305480185,1,1,sure_thing,0.1617,0,1,466,1
HELIOS-002074,17.3,145.46,enterprise,12,6,6,0,0,0,,257,0.9685665230525786,0.9764299244288855,0.007863401376306922,1,1,sure_thing,0.2145,0,1,527,1
HELIOS-002075,25.0,21.85,basic,13,0,8,0,0,0,,394,0.9711443238678374,0.9669453448494646,-0.00419897901837285,1,1,sure_thing,0.2946,1,1,761,1
HELIOS-002076,9.7,21.82,basic,7,0,4,0,0,0,,78,0.9402161811530668,0.9231528846317189,-0.01706329652134797,1,1,sure_thing,0.3731,0,1,295,1
HELIOS-002077,31.2,24.6,basic,12,17,7,0,0,0,7.0,370,0.9744329275437407,0.9622932073282195,-0.012139720215521121,1,1,sure_thing,0.6075,0,1,950,0
HELIOS-002078,25.2,37.59,pro,4,155,3,0,0,1,,135,0.8667931171101199,0.5789100940621116,-0.2878830230480083,0,0,sleeping_dog,0.1809,0,0,767,1
HELIOS-002079,22.8,15.37,basic,3,365,1,0,1,0,,77,0.4656049967036661,0.21070969707849174,-0.2548952996251744,1,0,sleeping_dog,0.9935,1,0,694,1
HELIOS-002080,9.7,16.06,basic,9,5,1,0,0,1,6.0,100,0.9339108380140497,0.8250735312178086,-0.10883730679624115,1,1,sleeping_dog,0.4063,1,1,295,1
HELIOS-002081,31.2,44.59,pro,31,3,19,0,0,1,10.0,906,0.99,0.99,0.0,1,1,sure_thing,0.6238,0,1,950,1
HELIOS-002082,31.2,47.9,pro,30,3,7,0,0,0,,761,0.99,0.9822326363023457,-0.007767363697654295,1,1,sure_thing,0.6022,1,1,950,1
HELIOS-002083,19.3,54.33,pro,9,13,9,1,0,0,,174,0.9421662750288151,0.9642030425880787,0.022036767559263537,1,1,sure_thing,0.2638,0,1,587,1
HELIOS-002084,21.3,25.58,basic,12,74,2,0,0,0,,207,0.9606131196667218,0.7799538561731572,-0.18065926349356465,1,1,sleeping_dog,0.2177,0,1,648,1
HELIOS-002085,16.1,42.05,pro,21,6,7,0,1,0,,279,0.9569866567674051,0.9724908247306921,0.015504167963287019,1,1,sure_thing,0.7365,0,1,490,1
HELIOS-002086,5.5,51.71,pro,6,12,3,0,0,0,7.0,40,0.869165761787553,0.836865620852846,-0.03230014093470701,1,1,lost_cause,0.7126,1,1,167,1
HELIOS-002087,7.4,21.06,basic,10,14,1,0,0,0,7.0,91,0.899405225749101,0.8340609196411544,-0.06534430610794661,1,1,sleeping_dog,0.7514,1,1,225,1
HELIOS-002088,7.7,41.42,pro,2,193,3,2,1,0,,22,0.3690629809840141,0.4032944050232429,0.0342314240392288,0,0,lost_cause,0.9809,1,0,234,1
HELIOS-002089,17.4,26.17,basic,3,29,1,1,2,0,,88,0.457757870901861,0.7329979179576844,0.27524004705582344,1,1,persuadable,0.9635,0,1,530,1
HELIOS-002090,31.2,108.96,enterprise,43,15,19,0,0,0,,746,0.99,0.99,0.0,1,1,sure_thing,0.0097,1,1,950,1
HELIOS-002091,15.6,58.22,pro,21,6,14,1,0,0,9.0,291,0.9816880169760915,0.99,0.008311983023908454,1,1,sure_thing,0.8683,1,1,475,1
HELIOS-002092,21.5,16.09,basic,12,72,12,0,0,0,,217,0.9602577895921928,0.9434788270385472,-0.016778962553645527,1,1,sure_thing,0.8318,1,1,654,1
HELIOS-002093,19.8,22.45,basic,9,2,4,1,0,0,8.0,159,0.9332759237301785,0.9373474624717936,0.004071538741615033,1,1,sure_thing,0.1532,0,1,603,1
HELIOS-002094,17.9,18.86,basic,5,365,0,0,0,0,,70,0.6676523293903491,0.3713405460198157,-0.29631178337053343,1,1,sleeping_dog,0.9255,1,1,545,1
HELIOS-002095,10.9,21.92,basic,12,20,4,1,1,0,8.0,96,0.8526100716507984,0.9467978944597523,0.09418782280895388,1,1,persuadable,0.9826,1,1,332,1
HELIOS-002096,9.8,15.86,basic,1,344,2,0,1,0,,22,0.36807311667642645,0.12035823043316723,-0.2477148862432592,1,0,sleeping_dog,0.9923,1,0,298,1
HELIOS-002097,31.2,19.69,basic,13,25,7,0,0,0,,420,0.9742688371227076,0.9576491634619677,-0.01661967366073991,1,1,sure_thing,0.6197,1,1,950,1
HELIOS-002098,13.0,16.56,basic,19,9,5,0,0,0,,225,0.9581209139401848,0.9390767837343518,-0.019044130205833065,1,1,sure_thing,0.1163,1,1,396,1
HELIOS-002099,28.7,19.65,basic,9,37,8,1,1,1,,269,0.8944157293070514,0.99,0.09558427069294861,1,1,persuadable,0.2754,0,1,874,1
HELIOS-002100,11.6,17.8,basic,1,191,0,2,0,1,,41,0.49382591831428324,0.2931111346230366,-0.20071478369124662,1,0,sleeping_dog,0.9914,1,0,353,1
HELIOS-002101,19.5,17.82,basic,21,15,8,0,0,0,,345,0.9730864357559844,0.9639722191035308,-0.0091142166524536,1,1,sure_thing,0.2455,1,1,594,1
HELIOS-002102,31.2,54.19,pro,14,4,4,2,1,0,,426,0.8881767180156304,0.99,0.10182328198436963,0,1,persuadable,0.0717,0,0,950,1
HELIOS-002103,5.1,16.94,basic,2,22,2,0,0,0,7.0,21,0.9088761339447758,0.8478175055839425,-0.06105862836083331,1,1,sleeping_dog,0.5685,0,1,155,1
HELIOS-002104,31.2,22.46,basic,6,163,1,0,0,0,,165,0.895682344557793,0.6065361298382974,-0.28914621471949564,1,1,sleeping_dog,0.8352,1,1,950,1
HELIOS-002105,31.2,15.53,basic,0,24,2,0,0,0,3.0,107,0.93152842014342,0.867678947067879,-0.06384947307554101,1,1,sleeping_dog,0.0955,1,1,950,1
HELIOS-002106,24.0,17.95,basic,5,3,2,0,0,0,,219,0.948845417266101,0.9135110458204112,-0.03533437144568985,1,1,sure_thing,0.4238,0,1,731,1
HELIOS-002107,7.0,116.8,enterprise,10,18,4,0,0,0,,75,0.9529761127839382,0.9330558200716749,-0.019920292712263366,1,1,sure_thing,0.0015,0,1,213,1
HELIOS-002108,21.2,18.12,basic,1,22,1,1,0,1,,73,0.8461888283510113,0.7748520228131627,-0.0713368055378486,1,1,sleeping_dog,0.7585,1,1,645,1
HELIOS-002109,17.2,14.66,basic,1,128,0,2,0,0,4.0,45,0.5974224727293753,0.4546457235027221,-0.14277674922665323,0,0,sleeping_dog,0.9502,1,0,524,0
HELIOS-002110,17.0,20.25,basic,7,13,6,1,0,0,7.0,160,0.9304227248918515,0.9385157563448494,0.00809303145299789,1,1,sure_thing,0.3749,0,1,517,1
HELIOS-002111,12.8,26.64,basic,4,76,3,1,0,1,5.0,90,0.798622818885885,0.640678687433373,-0.15794413145251207,1,1,sleeping_dog,0.5246,0,1,390,1
HELIOS-002112,25.4,14.3,basic,10,53,6,0,0,0,7.0,246,0.9579950891918713,0.9047609221861657,-0.0532341670057056,1,1,sleeping_dog,0.7608,1,1,773,0
HELIOS-002113,21.7,16.57,basic,3,14,1,1,0,0,,82,0.8654939753490501,0.8508976576870171,-0.014596317662033065,1,1,lost_cause,0.8089,1,1,661,1
HELIOS-002114,30.0,14.79,basic,14,7,5,0,1,0,,398,0.9408636101755954,0.9546848233527164,0.013821213177121039,1,1,sure_thing,0.0312,0,1,913,1
HELIOS-002115,7.3,23.82,basic,9,19,7,0,0,0,,63,0.933659638581837,0.9211843606303916,-0.01247527795144543,1,1,sure_thing,0.5748,1,1,222,1
HELIOS-002116,31.2,18.97,basic,9,4,3,1,0,0,,299,0.956542565201135,0.9553038512945499,-0.0012387139065851427,1,1,sure_thing,0.0025,0,1,950,1
HELIOS-002117,30.9,17.34,basic,16,11,10,1,0,0,,509,0.9772958094727505,0.9825179458331038,0.005222136360353291,1,1,sure_thing,0.294,1,1,941,1
HELIOS-002118,18.9,20.28,basic,7,43,4,0,0,0,,126,0.9426863990208798,0.876262264187768,-0.06642413483311183,1,1,sleeping_dog,0.038,0,1,575,1
HELIOS-002119,18.1,55.85,pro,5,1,0,0,0,0,,112,0.8900987127545654,0.835720897332698,-0.05437781542186737,1,0,sleeping_dog,0.1505,0,1,551,1
HELIOS-002120,31.2,49.82,pro,3,7,3,0,0,0,,133,0.9691039123669815,0.9434833938519133,-0.02562051851506819,1,1,sure_thing,0.5457,1,1,950,1
HELIOS-002121,25.0,15.7,basic,53,0,18,0,0,1,,992,0.99,0.99,0.0,1,1,sure_thing,0.2669,0,1,761,1
HELIOS-002122,31.2,35.09,pro,30,3,7,0,0,1,10.0,624,0.99,0.9713658697359997,-0.018634130264000293,1,1,sure_thing,0.3382,0,1,950,1
HELIOS-002123,28.1,24.1,basic,15,14,8,1,1,0,5.0,443,0.9199059647549079,0.99,0.07009403524509206,1,1,persuadable,0.3769,0,1,855,1
HELIOS-002124,31.2,20.08,basic,7,83,4,1,0,0,6.0,256,0.894295752878051,0.8082528484784572,-0.08604290439959372,1,0,sleeping_dog,0.9378,1,0,950,1
HELIOS-002125,11.1,93.5,enterprise,9,9,5,1,0,1,,120,0.9537391778445599,0.9779462488511185,0.02420707100655861,1,1,sure_thing,0.4178,1,1,338,1
HELIOS-002126,31.2,23.23,basic,7,37,4,1,0,0,,284,0.9346522333070842,0.9212879831347901,-0.013364250172294145,1,1,sure_thing,0.4825,1,1,950,1
HELIOS-002127,11.8,142.55,enterprise,6,80,2,2,1,0,5.0,50,0.6957309749245674,0.9575707041122361,0.26183972918766873,1,1,persuadable,0.7408,1,1,359,1
HELIOS-002128,31.2,144.76,enterprise,3,107,3,0,0,0,,129,0.9546177585154475,0.7640909524841971,-0.19052680603125038,1,0,sleeping_dog,0.4929,0,1,950,1
HELIOS-002129,16.4,20.75,basic,11,6,8,2,1,0,5.0,164,0.8533521815763068,0.99,0.13664781842369322,1,1,persuadable,0.9226,0,1,499,1
HELIOS-002130,31.2,69.19,pro,18,6,8,0,1,0,10.0,508,0.978188139834431,0.99,0.01181186016556901,1,1,sure_thing,0.2945,0,1,950,1
HELIOS-002131,12.5,16.79,basic,4,79,6,0,0,0,,93,0.9401404859293202,0.8392463724283084,-0.10089411350101185,1,0,sleeping_dog,0.6408,0,1,380,1
HELIOS-002132,31.2,19.95,basic,1,145,5,1,0,0,4.0,131,0.8679354111208237,0.6693827622381162,-0.19855264888270752,0,0,sleeping_dog,0.4471,0,0,950,1
HELIOS-002133,6.1,20.07,basic,2,7,7,0,0,1,,68,0.9319625923120838,0.9098028376391385,-0.022159754672945287,1,1,sure_thing,0.6125,1,1,186,1
HELIOS-002134,11.4,16.77,basic,3,283,0,1,0,0,5.0,72,0.5976301555601038,0.31850986643128965,-0.27912028912881415,0,0,sleeping_dog,0.8163,1,0,347,1
HELIOS-002135,10.6,22.49,basic,13,13,12,0,0,0,,159,0.9801560687371611,0.9793891123545904,-0.0007669563825707382,1,1,sure_thing,0.2289,0,1,323,1
HELIOS-002136,8.2,29.64,basic,12,15,5,0,0,1,,148,0.9616651148701697,0.9063720416766401,-0.05529307319352961,1,1,sleeping_dog,0.4177,0,1,250,1
HELIOS-002137,31.2,18.41,basic,2,268,2,1,1,0,6.0,107,0.5650780559526997,0.42230838124341497,-0.1427696747092847,1,1,sleeping_dog,0.7943,1,1,950,1
HELIOS-002138,7.0,44.21,pro,8,5,6,0,0,0,7.0,60,0.9552401755903112,0.9465939951084741,-0.008646180481837074,1,1,sure_thing,0.5048,0,1,213,1
HELIOS-002139,23.0,20.75,basic,9,10,5,0,0,1,,236,0.9608538578132416,0.9131044129388328,-0.0477494448744088,0,0,sure_thing,0.9537,1,0,700,1
HELIOS-002140,31.2,18.75,basic,22,4,12,0,0,0,,557,0.9897181912800092,0.9885324781743743,-0.0011857131056348669,1,1,sure_thing,0.8975,0,1,950,1
HELIOS-002141,10.9,19.53,basic,1,365,2,0,1,0,,17,0.3647324767513841,0.12005714185169775,-0.24467533489968635,0,0,sleeping_dog,0.9943,0,0,332,1
HELIOS-002142,18.0,23.97,basic,24,0,12,1,0,0,10.0,386,0.9874680594338278,0.99,0.0025319405661722305,1,1,sure_thing,0.6765,1,1,548,1
HELIOS-002143,31.2,18.21,basic,10,14,7,0,0,0,6.0,310,0.9827431098019604,0.9720125828110052,-0.010730526990955225,1,1,sure_thing,0.4688,0,1,950,0
HELIOS-002144,30.6,137.1,enterprise,11,8,4,1,0,0,10.0,292,0.9804659041535438,0.99,0.009534095846456148,1,1,sure_thing,0.1037,0,1,931,1
HELIOS-002145,31.2,18.59,basic,13,47,4,0,0,0,9.0,312,0.9763106056586618,0.9012473360065747,-0.0750632696520871,1,1,sleeping_dog,0.1906,0,1,950,1
HELIOS-002146,14.6,46.63,pro,0,1,3,1,0,0,6.0,97,0.8836015593173919,0.9132772566559871,0.02967569733859521,1,1,lost_cause,0.3443,0,1,444,1
HELIOS-002147,12.4,41.93,pro,3,164,1,0,1,1,,59,0.7430353971061884,0.5196942107277238,-0.22334118637846456,0,0,sleeping_dog,0.7415,1,0,377,1
HELIOS-002148,8.8,19.94,basic,28,8,12,0,0,1,6.0,202,0.9839038037991416,0.9780714133800682,-0.005832390419073352,1,1,sure_thing,0.0008,1,1,268,1
HELIOS-002149,22.1,54.17,pro,37,1,18,1,0,0,10.0,615,0.99,0.99,0.0,1,1,sure_thing,0.2648,0,1,673,0
HELIOS-002150,31.2,52.76,pro,3,96,3,1,0,0,9.0,225,0.9042824816584915,0.7868742600062586,-0.11740822165223286,1,0,sleeping_dog,0.5888,1,0,950,1
HELIOS-002151,23.0,33.94,pro,18,2,9,0,0,0,10.0,410,0.9795561719801309,0.9763376553133011,-0.003218516666829818,1,1,sure_thing,0.5291,1,1,700,1
HELIOS-002152,16.7,13.82,basic,12,9,4,0,0,0,,214,0.948892426397526,0.9239728748235418,-0.024919551573984178,1,1,sure_thing,0.4365,0,1,508,1
HELIOS-002153,25.8,48.33,pro,21,9,13,0,1,0,,507,0.9791538061339626,0.99,0.010846193866037357,1,1,sure_thing,0.2749,0,1,785,1
HELIOS-002154,31.2,61.11,pro,0,52,1,2,0,0,5.0,129,0.7923504645636598,0.9007794819150126,0.1084290173513528,1,1,persuadable,0.8532,1,1,950,1
HELIOS-002155,22.2,53.04,pro,9,12,7,2,0,0,,142,0.8915269424131871,0.9849025281676667,0.09337558575447957,1,1,persuadable,0.3257,0,1,676,1
HELIOS-002156,25.3,52.68,pro,12,19,3,0,0,0,,289,0.9730756229089806,0.929937288678991,-0.043138334229989694,1,1,sure_thing,0.7688,1,1,770,0
HELIOS-002157,18.1,16.33,basic,8,26,5,0,0,0,9.0,212,0.9637945917269476,0.9328656106335824,-0.03092898109336517,0,0,sure_thing,0.1791,0,0,551,1
HELIOS-002158,21.8,15.3,basic,4,30,5,2,1,1,8.0,160,0.7929422426382338,0.99,0.19705775736176623,1,1,persuadable,0.3469,0,1,664,1
HELIOS-002159,4.7,66.12,pro,28,3,12,0,0,0,,136,0.99,0.99,0.0,1,1,sure_thing,0.0185,0,1,143,1
HELIOS-002160,3.9,99.57,enterprise,20,4,11,0,1,0,,72,0.9723478263270111,0.99,0.01765217367298888,1,1,sure_thing,0.6035,0,1,119,1
HELIOS-002161,31.2,38.71,pro,1,3,2,0,0,1,,122,0.9615899435271061,0.8824100459454868,-0.07917989758161936,1,1,sleeping_dog,0.0648,1,1,950,1
HELIOS-002162,31.2,19.42,basic,65,0,26,0,0,0,,1345,0.99,0.99,0.0,1,1,sure_thing,0.1638,0,1,950,1
HELIOS-002163,20.4,14.41,basic,26,12,9,0,0,0,,377,0.9854390988794933,0.9792600683306786,-0.006179030548814746,1,1,sure_thing,0.6491,0,1,621,1
HELIOS-002164,20.3,57.87,pro,1,6,2,0,2,0,,119,0.8515248544103498,0.99,0.13847514558965024,1,1,persuadable,0.8826,1,1,618,1
HELIOS-002165,23.8,44.52,pro,0,4,3,1,0,0,,83,0.8945987837400625,0.9214895421347061,0.02689075839464361,1,1,lost_cause,0.9445,1,1,724,1
HELIOS-002166,14.3,18.03,basic,0,132,1,0,0,0,,49,0.8214458883343507,0.5462194633286953,-0.2752264250056554,1,0,sleeping_dog,0.1666,0,1,435,1
HELIOS-002167,31.2,51.22,pro,20,25,3,2,0,0,,372,0.939816195016899,0.9727318145484504,0.03291561953155142,1,1,sure_thing,0.3235,0,1,950,0
HELIOS-002168,31.2,22.03,basic,6,19,3,1,1,0,,180,0.8002621899386547,0.9282155023052105,0.12795331236655583,1,1,persuadable,0.8212,1,1,950,1
HELIOS-002169,7.5,32.43,pro,3,39,3,0,1,1,7.0,50,0.7822197949087086,0.7737075658684769,-0.008512229040231745,1,1,lost_cause,0.8966,0,1,228,1
HELIOS-002170,23.7,37.12,pro,11,11,1,1,0,1,,297,0.9274390436163726,0.8694625237532235,-0.05797651986314911,1,1,sleeping_dog,0.6655,1,1,721,0
HELIOS-002171,31.2,46.2,pro,6,8,3,0,0,1,,214,0.9756798841775399,0.9033361286746163,-0.0723437555029236,1,1,sleeping_dog,0.1272,1,1,950,1
HELIOS-002172,13.1,19.44,basic,14,18,9,0,0,0,,191,0.965950688247195,0.9595007404638385,-0.006449947783356502,1,1,sure_thing,0.3677,1,1,399,0
HELIOS-002173,31.2,11.65,basic,28,4,14,0,0,1,,618,0.99,0.9892986368962065,-0.0007013631037935397,1,1,sure_thing,0.7169,1,1,950,1
HELIOS-002174,21.3,127.74,enterprise,5,16,5,0,1,0,7.0,189,0.9172509833188222,0.99,0.07274901668117784,1,1,persuadable,0.8586,0,1,648,1
HELIOS-002175,20.7,26.78,basic,5,29,4,1,1,1,5.0,116,0.9085776959155138,0.99,0.08142230408448614,1,1,persuadable,0.7306,1,1,630,1
HELIOS-002176,18.9,56.34,pro,11,6,4,1,0,0,6.0,133,0.9398264774914292,0.9506520331971945,0.010825555705765266,1,1,sure_thing,0.2057,1,1,575,1
HELIOS-002177,5.4,20.82,basic,4,94,4,0,1,0,7.0,35,0.8378944241789539,0.7859330970032792,-0.0519613271756747,1,1,sleeping_dog,0.4925,0,1,164,1
HELIOS-002178,31.2,49.26,pro,2,63,3,0,0,0,6.0,134,0.9524667803778668,0.8276025422652213,-0.12486423811264546,1,1,sleeping_dog,0.5872,1,1,950,1
HELIOS-002179,31.2,54.51,pro,1,138,1,0,1,1,4.0,91,0.8052125199376113,0.6165032575960406,-0.1887092623415707,1,1,sleeping_dog,0.2629,0,1,950,1
HELIOS-002180,31.2,10.92,basic,7,2,2,1,0,1,7.0,313,0.9334052076249287,0.9016248108700383,-0.031780396754890416,1,1,sure_thing,0.7289,1,1,950,1
HELIOS-002181,16.8,22.29,basic,69,0,29,0,0,0,,685,0.99,0.99,0.0,1,1,sure_thing,0.3228,1,1,511,1
HELIOS-002182,17.2,22.16,basic,6,77,1,1,1,0,,56,0.8167694663256541,0.8801250838717255,0.06335561754607144,0,0,persuadable,0.5043,0,0,524,1
HELIOS-002183,31.2,60.85,pro,6,7,6,1,0,1,,315,0.9455306737073118,0.9635812722125328,0.01805059850522095,1,1,sure_thing,0.8186,1,1,950,1
HELIOS-002184,7.6,22.31,basic,3,15,2,2,0,0,7.0,36,0.8492706831137263,0.9265073707359424,0.07723668762221603,0,0,persuadable,0.8257,1,0,231,1
HELIOS-002185,16.4,35.42,pro,3,127,1,1,0,0,4.0,67,0.8172742556661903,0.5914105508171728,-0.22586370484901752,1,1,sleeping_dog,0.6888,1,1,499,1
HELIOS-002186,25.9,24.79,basic,2,28,1,0,1,0,,44,0.8515897423936465,0.8713598791998372,0.019770136806190663,1,1,lost_cause,0.8231,1,1,788,1
HELIOS-002187,31.2,21.74,basic,36,7,8,1,0,0,,749,0.99,0.99,0.0,1,1,sure_thing,0.1323,0,1,950,1
HELIOS-002188,13.7,22.32,basic,4,365,3,2,1,0,,54,0.29260849756307084,0.24382046037605892,-0.04878803718701191,1,1,lost_cause,0.9971,1,1,417,1
HELIOS-002189,10.3,16.91,basic,11,13,1,0,0,0,,74,0.941866722447059,0.8778672067140814,-0.06399951573297769,1,1,sleeping_dog,0.7083,1,1,314,1
HELIOS-002190,17.0,119.27,enterprise,5,4,3,1,1,0,,116,0.8597000634318817,0.99,0.13029993656811834,1,1,persuadable,0.8828,1,1,517,0
HELIOS-002191,23.2,31.44,pro,4,79,2,4,0,0,,104,0.7160159409130895,0.9727413778247384,0.25672543691164884,1,1,persuadable,0.4129,1,1,706,1
HELIOS-002192,29.6,188.31,enterprise,4,89,5,1,1,0,3.0,173,0.8390416700194085,0.99,0.15095832998059144,1,1,persuadable,0.9314,1,1,901,1
HELIOS-002193,14.1,18.58,basic,13,31,2,1,0,1,,141,0.9350035374997008,0.8494309835624851,-0.08557255393721563,1,1,sleeping_dog,0.5634,1,1,429,1
HELIOS-002194,28.0,60.8,pro,13,18,5,0,0,0,,202,0.9806685965075761,0.9583431076922342,-0.02232548881534191,1,1,sure_thing,0.4997,1,1,852,1
HELIOS-002195,20.3,73.03,enterprise,10,3,6,0,0,1,8.0,227,0.9675621981577931,0.9426823287537257,-0.02487986940406739,1,1,sure_thing,0.4183,0,1,618,1
HELIOS-002196,30.6,38.47,pro,4,123,2,0,0,1,,119,0.9171340835618583,0.6362224569823074,-0.28091162657955093,1,0,sleeping_dog,0.1732,0,1,931,1
HELIOS-002197,9.5,39.95,pro,12,19,5,0,0,1,,125,0.9364843219948579,0.8753040968887015,-0.061180225106156394,1,1,sleeping_dog,0.614,1,1,289,1
HELIOS-002198,18.3,17.14,basic,3,55,5,0,1,1,5.0,113,0.8234480238440712,0.8068525828914341,-0.016595440952637097,1,1,lost_cause,0.7846,1,1,557,1
HELIOS-002199,31.2,68.02,pro,42,1,22,0,0,0,,1039,0.99,0.99,0.0,1,1,sure_thing,0.1117,0,1,950,1
HELIOS-002200,14.8,39.36,pro,9,42,0,0,0,0,8.0,118,0.9382481849308502,0.7916747665191485,-0.14657341841170168,1,1,sleeping_dog,0.3723,1,1,451,1
HELIOS-002201,23.0,20.46,basic,5,90,4,0,0,0,5.0,127,0.9315813543220802,0.7587295352980181,-0.1728518190240621,1,1,sleeping_dog,0.5552,1,1,700,1
HELIOS-002202,31.1,45.87,pro,11,19,7,1,0,1,10.0,350,0.9693772474678953,0.9692600000045376,-0.00011724746335772807,1,1,sure_thing,0.1874,0,1,947,1
HELIOS-002203,31.2,50.03,pro,4,14,6,1,1,0,,223,0.9073733544652269,0.99,0.08262664553477306,0,1,persuadable,0.2737,1,1,950,1
HELIOS-002204,3.5,20.22,basic,3,174,0,0,1,0,,14,0.6078033129217343,0.36876504363709933,-0.23903826928463495,1,0,sleeping_dog,0.9714,1,0,107,1
HELIOS-002205,31.2,40.96,pro,6,53,5,0,0,0,7.0,250,0.9518049610584945,0.8861243587700799,-0.06568060228841466,1,1,sleeping_dog,0.4018,1,1,950,1
HELIOS-002206,31.2,55.62,pro,11,31,3,0,1,0,,377,0.9238007318097549,0.9502523486233128,0.0264516168135579,1,1,sure_thing,0.7934,0,1,950,1
HELIOS-002207,26.3,89.35,pro,7,51,5,2,0,0,,196,0.9117557720499155,0.99,0.07824422795008446,1,1,persuadable,0.3285,0,1,801,1
HELIOS-002208,25.4,19.34,basic,8,20,4,1,0,1,7.0,200,0.9347800174458492,0.9048892088973532,-0.029890808548495906,1,1,sure_thing,0.2372,0,1,773,1
HELIOS-002209,19.2,39.15,pro,25,12,13,2,0,0,,436,0.9820291398490435,0.99,0.007970860150956494,1,1,sure_thing,0.0898,0,1,584,1
HELIOS-002210,31.2,18.35,basic,4,89,2,1,1,0,6.0,142,0.810655212501349,0.8760254841756141,0.06537027167426512,1,1,persuadable,0.2965,0,1,950,1
HELIOS-002211,11.1,96.38,enterprise,3,243,3,2,0,0,,104,0.5510228322757779,0.44722716454125777,-0.10379566773452009,0,0,sleeping_dog,0.9929,1,0,338,1
HELIOS-002212,19.7,17.34,basic,2,111,3,0,0,0,,119,0.8598156453050169,0.6255110869816896,-0.2343045583233273,1,1,sleeping_dog,0.5795,1,1,600,1
HELIOS-002213,31.2,11.36,basic,5,365,2,1,0,0,,169,0.6302587428292853,0.3463324814118111,-0.2839262614174742,1,1,sleeping_dog,0.974,1,1,950,1
HELIOS-002214,11.2,19.19,basic,21,5,7,0,0,1,,209,0.9751102764519776,0.9507114587792058,-0.024398817672771744,1,1,sure_thing,0.8378,1,1,341,1
HELIOS-002215,22.3,75.69,enterprise,2,45,3,0,0,0,,84,0.930678175417215,0.852501594274501,-0.07817658114271397,0,0,sleeping_dog,0.5358,1,0,679,1
HELIOS-002216,3.8,87.7,enterprise,11,47,9,0,0,0,7.0,33,0.9575246818159365,0.9451314487739934,-0.012393233041943175,1,1,sure_thing,0.1406,0,1,116,1
HELIOS-002217,16.1,60.84,pro,16,14,3,0,1,0,8.0,158,0.9226457678412756,0.9468097597306989,0.02416399188942331,1,1,sure_thing,0.1595,0,1,490,1
HELIOS-002218,19.8,12.76,basic,3,19,4,0,0,0,5.0,90,0.9392859205768912,0.907098269709881,-0.03218765086701014,1,1,sure_thing,0.6303,0,1,603,1
HELIOS-002219,9.4,20.87,basic,12,0,7,2,0,0,7.0,113,0.9058935824184516,0.9538894980811783,0.04799591566272665,1,1,lost_cause,0.0985,0,1,286,1
HELIOS-002220,19.1,113.2,enterprise,6,36,4,1,0,0,,97,0.9389315075649495,0.9891572587147454,0.05022575114979588,1,1,persuadable,0.126,0,1,581,1
HELIOS-002221,28.4,18.42,basic,7,21,2,0,2,0,,238,0.7867392106753338,0.9700174688733667,0.1832782581980329,0,1,persuadable,0.8602,0,0,864,1
HELIOS-002222,7.6,19.96,basic,11,10,4,1,0,0,8.0,54,0.9509334579383389,0.949396069653373,-0.0015373882849659681,1,1,sure_thing,0.8222,0,1,231,1
HELIOS-002223,31.2,146.45,enterprise,6,8,3,0,0,0,7.0,240,0.9734194982911386,0.973553328563973,0.00013383027283442317,1,1,sure_thing,0.0772,0,1,950,1
HELIOS-002224,23.4,13.95,basic,9,5,3,0,1,1,,251,0.9302219086347387,0.9328142937451921,0.0025923851104533435,0,0,sure_thing,0.6115,0,0,712,1
HELIOS-002225,20.5,26.63,basic,24,4,13,0,1,0,9.0,490,0.9875825771867104,0.99,0.0024174228132896047,1,1,sure_thing,0.8005,0,1,624,1
HELIOS-002226,31.2,100.44,enterprise,3,22,5,0,0,0,,278,0.9697436039366303,0.9592802087155656,-0.010463395221064653,0,0,sure_thing,0.6591,1,0,950,1
HELIOS-002227,21.7,12.08,basic,7,30,5,0,0,0,,186,0.9432644833365961,0.9081757073365313,-0.03508877600006477,1,1,sure_thing,0.4568,1,1,661,1
HELIOS-002228,11.9,21.11,basic,0,63,2,1,0,0,7.0,34,0.7626249174353742,0.6914851559920386,-0.07113976144333556,1,1,sleeping_dog,0.8092,0,1,362,1
HELIOS-002229,13.4,121.25,enterprise,1,0,3,0,0,0,4.0,74,0.959352983001654,0.9648101438696618,0.005457160868007849,1,1,sure_thing,0.7035,1,1,408,1
HELIOS-002230,31.2,51.5,pro,19,14,10,0,0,0,,614,0.986631520101419,0.9834465374067068,-0.003184982694712124,1,1,sure_thing,0.052,0,1,950,1
HELIOS-002231,13.5,26.01,basic,8,7,4,1,0,0,,171,0.9418134391453697,0.9463155080881999,0.0045020689428301175,1,1,sure_thing,0.7865,1,1,411,1
HELIOS-002232,31.2,36.5,pro,27,2,13,1,0,0,10.0,622,0.99,0.99,0.0,1,1,sure_thing,0.6132,1,1,950,1
HELIOS-002233,25.3,21.78,basic,4,24,1,2,0,0,8.0,117,0.8538176639227446,0.9151806066949439,0.061362942772199336,0,1,persuadable,0.5225,1,1,770,1
HELIOS-002234,20.3,52.7,pro,23,3,6,0,0,0,,410,0.9854573736252812,0.9745775126096808,-0.010879861015600345,1,1,sure_thing,0.6423,1,1,618,1
HELIOS-002235,8.6,21.13,basic,26,3,8,1,0,0,10.0,177,0.9706954599706329,0.9710824527796462,0.0003869928090133312,1,1,sure_thing,0.0492,0,1,262,1
HELIOS-002236,31.2,24.5,basic,5,68,4,1,0,1,6.0,162,0.8609035744151262,0.7430549548803265,-0.11784861953479975,1,1,sleeping_dog,0.6395,1,1,950,1
HELIOS-002237,14.6,50.22,pro,34,0,10,0,0,1,,347,0.99,0.985978393977826,-0.00402160602217394,1,1,sure_thing,0.5089,0,1,444,1
HELIOS-002238,15.1,21.5,basic,16,26,4,1,0,0,9.0,248,0.9280441582432365,0.9143234825898344,-0.01372067565340207,1,1,sure_thing,0.068,0,1,460,1
HELIOS-002239,29.1,16.68,basic,36,3,15,0,0,0,9.0,782,0.99,0.99,0.0,1,1,sure_thing,0.4025,1,1,886,1
HELIOS-002240,31.2,21.32,basic,23,1,10,3,0,0,,560,0.9615932965741104,0.99,0.02840670342588958,1,1,sure_thing,0.3523,0,1,950,1
HELIOS-002241,30.7,23.03,basic,27,32,11,1,0,0,,529,0.9870771015237462,0.9872001572946243,0.00012305577087812214,1,1,sure_thing,0.0183,0,1,935,1
HELIOS-002242,15.2,18.93,basic,18,3,9,0,0,0,,239,0.9806219770534069,0.9768252107628008,-0.0037967662906061017,1,1,sure_thing,0.7068,0,1,463,1
HELIOS-002243,15.0,60.64,pro,34,0,13,0,0,0,,399,0.99,0.99,0.0,1,1,sure_thing,0.3883,1,1,457,1
HELIOS-002244,10.4,16.68,basic,7,5,2,1,1,1,8.0,75,0.8035453508544399,0.9087380596330643,0.10519270877862441,0,0,persuadable,0.8854,1,0,317,0
HELIOS-002245,25.3,20.57,basic,12,23,9,0,0,1,,360,0.9742088367893587,0.9514688415486653,-0.022739995240693367,1,1,sure_thing,0.2137,0,1,770,1
HELIOS-002246,19.1,19.85,basic,4,82,3,1,0,0,,96,0.8581100947311858,0.7569025187914433,-0.1012075759397425,1,0,sleeping_dog,0.3902,1,0,581,1
HELIOS-002247,12.6,60.22,pro,4,14,4,1,1,0,6.0,56,0.7964704014205833,0.99,0.19352959857941665,1,1,persuadable,0.8891,1,1,384,1
HELIOS-002248,4.0,29.66,pro,5,40,5,0,0,0,,36,0.9156363889200249,0.8699468987815184,-0.04568949013850643,1,1,lost_cause,0.73,1,1,122,1
HELIOS-002249,31.2,65.43,pro,64,1,16,0,0,0,10.0,1234,0.99,0.99,0.0,1,1,sure_thing,0.7338,1,1,950,1
HELIOS-002250,27.6,35.51,pro,0,84,3,1,1,0,8.0,139,0.7626647719795486,0.9003130698072018,0.1376482978276532,0,0,persuadable,0.8765,1,0,840,1
HELIOS-002251,25.6,45.48,pro,31,3,10,0,0,1,,541,0.99,0.985065126274592,-0.004934873725408018,1,1,sure_thing,0.3849,1,1,779,0
HELIOS-002252,23.8,68.93,pro,17,1,5,1,0,0,10.0,326,0.9635288086841776,0.9738400457937527,0.010311237109575155,1,1,sure_thing,0.2231,0,1,724,0
HELIOS-002253,26.1,12.83,basic,14,39,7,0,0,0,,349,0.9482043697515423,0.9213139392245129,-0.02689043052702944,1,1,sure_thing,0.6222,1,1,794,1
HELIOS-002254,1.9,156.39,enterprise,3,2,5,0,0,1,,12,0.9500114835513168,0.959932368805123,0.009920885253806189,1,1,sure_thing,0.6068,1,1,58,1
HELIOS-002255,27.8,49.43,pro,24,2,8,1,0,0,7.0,638,0.9795453140666947,0.9835689571068053,0.004023643040110603,1,1,sure_thing,0.6708,1,1,846,1
HELIOS-002256,18.6,17.93,basic,1,90,0,0,0,0,,81,0.8609438698185403,0.6165674552785863,-0.24437641453995407,0,0,sleeping_dog,0.4009,1,0,566,1
HELIOS-002257,5.8,17.8,basic,2,331,0,0,0,0,,20,0.604274181772976,0.3089071982271982,-0.2953669835457778,1,0,sleeping_dog,0.9926,1,0,177,0
HELIOS-002258,12.8,56.73,pro,5,41,1,0,0,0,,66,0.9056466300484656,0.788067286714533,-0.1175793433339326,1,1,sleeping_dog,0.8626,1,1,390,1
HELIOS-002259,21.0,139.61,enterprise,29,9,23,0,0,0,,462,0.99,0.99,0.0,1,1,sure_thing,0.6743,1,1,639,1
HELIOS-002260,21.6,20.47,basic,11,24,8,0,0,0,,272,0.9620145895748237,0.950911265076769,-0.011103324498054623,1,0,sure_thing,0.4037,1,0,658,1
HELIOS-002261,5.2,46.26,pro,25,9,13,0,0,1,,105,0.9845511287726151,0.9808632837905552,-0.0036878449820598735,1,1,sure_thing,0.462,1,1,158,1
HELIOS-002262,26.1,72.22,pro,6,33,1,1,0,0,8.0,162,0.9531743346799297,0.9359964297404817,-0.01717790493944804,1,1,sure_thing,0.6442,0,1,794,1
HELIOS-002263,31.2,135.28,enterprise,1,53,2,0,1,0,,136,0.9102450104632416,0.99,0.07975498953675841,1,1,persuadable,0.2469,1,1,950,1
HELIOS-002264,15.7,19.6,basic,18,11,10,1,0,0,,310,0.9670828770311395,0.9714640383674672,0.00438116133632771,1,1,sure_thing,0.3665,1,1,478,1
HELIOS-002265,12.7,39.63,pro,0,86,1,0,0,0,,59,0.7769390593702288,0.5570403232297907,-0.2198987361404381,1,0,sleeping_dog,0.718,1,0,387,0
HELIOS-002266,24.4,16.37,basic,11,11,3,1,0,0,,262,0.9409491205703112,0.933609805995756,-0.007339314574555167,1,1,sure_thing,0.2569,0,1,743,1
HELIOS-002267,11.6,42.06,pro,2,91,2,3,1,0,,46,0.5474185795926917,0.8198242194766932,0.27240563988400146,0,0,persuadable,0.9526,1,0,353,1
HELIOS-002268,18.9,141.63,enterprise,5,58,6,1,0,0,,123,0.9326680147142243,0.99,0.057331985285775655,1,1,persuadable,0.546,1,1,575,1
HELIOS-002269,27.2,20.63,basic,13,2,4,0,1,1,10.0,268,0.9469530153783755,0.9528511034602218,0.005898088081846331,1,1,sure_thing,0.1606,0,1,828,0
HELIOS-002270,28.9,23.3,basic,6,0,4,1,0,0,4.0,201,0.9200419453816026,0.9288232091924713,0.008781263810868745,1,1,sure_thing,0.1623,1,1,880,1
HELIOS-002271,12.6,45.86,pro,6,29,2,1,0,0,5.0,92,0.8374446917235858,0.8233695874095904,-0.01407510431399539,0,0,lost_cause,0.766,1,0,384,1
HELIOS-002272,27.8,24.26,basic,4,76,3,0,0,1,4.0,108,0.9138418545698506,0.6874554007860312,-0.22638645378381939,1,1,sleeping_dog,0.5642,1,1,846,0
HELIOS-002273,19.8,18.19,basic,8,38,6,0,1,0,8.0,167,0.8824152763594963,0.9035507625781617,0.021135486218665345,0,0,lost_cause,0.5706,0,0,603,1
HELIOS-002274,31.2,11.41,basic,15,14,8,0,1,0,,497,0.9594387007145339,0.9736299516466348,0.01419125093210094,1,1,sure_thing,0.1209,0,1,950,1
HELIOS-002275,23.6,51.81,pro,10,6,7,0,2,1,,208,0.9321988881414072,0.99,0.057801111858592824,1,1,persuadable,0.2705,0,1,718,1
HELIOS-002276,6.0,12.29,basic,11,0,10,0,0,0,5.0,60,0.951846392296562,0.9504488765228094,-0.0013975157737525779,1,1,sure_thing,0.0691,1,1,183,1
HELIOS-002277,20.0,19.11,basic,12,47,4,0,0,0,,157,0.93857795387365,0.8636980054030745,-0.07487994847057544,1,1,sleeping_dog,0.9637,1,1,609,1
HELIOS-002278,13.3,138.81,enterprise,26,0,12,1,0,0,10.0,266,0.9838909414287792,0.99,0.006109058571220793,1,1,sure_thing,0.2515,0,1,405,1
HELIOS-002279,31.2,19.89,basic,52,5,20,0,0,0,10.0,1066,0.99,0.99,0.0,1,1,sure_thing,0.0028,0,1,950,1
HELIOS-002280,9.9,17.21,basic,2,14,1,1,1,0,5.0,75,0.6789191668555606,0.8207815760830566,0.14186240922749593,0,0,persuadable,0.414,0,0,301,1
HELIOS-002281,9.5,21.95,basic,27,9,9,1,1,0,,235,0.9534346130652656,0.99,0.036565386934734434,1,1,sure_thing,0.3611,1,1,289,1
HELIOS-002282,10.3,53.24,pro,11,30,4,1,0,0,8.0,107,0.9299897179771639,0.9266648651252787,-0.0033248528518852183,1,1,sure_thing,0.3294,0,1,314,1
HELIOS-002283,31.2,20.84,basic,9,50,4,2,0,1,10.0,368,0.9313185250003696,0.9394457015410985,0.00812717654072892,0,0,sure_thing,0.2255,0,0,950,0
HELIOS-002284,20.6,22.18,basic,12,9,7,0,0,1,8.0,247,0.9728221767701312,0.94638625855113,-0.026435918219001153,1,1,sure_thing,0.3394,1,1,627,0
HELIOS-002285,7.3,123.92,enterprise,6,24,6,0,0,1,,53,0.9401512000276634,0.9062214746956883,-0.033929725331975136,1,1,sure_thing,0.8275,1,1,222,1
HELIOS-002286,31.2,20.93,basic,17,3,5,0,0,0,,386,0.986333441783299,0.971030641681931,-0.015302800101367975,1,1,sure_thing,0.5928,0,1,950,1
HELIOS-002287,11.2,24.72,basic,4,76,1,1,0,0,,93,0.7695778777573109,0.6390919210727946,-0.13048595668451635,0,0,sleeping_dog,0.7706,1,0,341,1
HELIOS-002288,31.2,19.64,basic,4,70,3,1,1,0,8.0,246,0.8246094721835832,0.9331132442984775,0.10850377211489437,0,0,persuadable,0.9342,1,0,950,1
HELIOS-002289,31.2,148.94,enterprise,10,40,6,0,1,0,,333,0.9732205964602504,0.99,0.016779403539749604,1,1,sure_thing,0.4298,1,1,950,1
HELIOS-002290,31.2,26.02,basic,3,15,1,2,0,0,,149,0.8732476891326141,0.9505318092410134,0.07728412010839936,1,1,persuadable,0.66,0,1,950,1
HELIOS-002291,28.9,45.58,pro,18,10,10,0,0,0,,519,0.9872246226053669,0.9846288377864559,-0.0025957848189109844,1,1,sure_thing,0.6032,1,1,880,1
HELIOS-002292,19.0,16.9,basic,3,52,4,0,0,0,5.0,174,0.9418704418463257,0.859245600179273,-0.08262484166705275,1,1,sleeping_dog,0.7578,1,1,578,0
HELIOS-002293,31.0,22.38,basic,7,201,0,0,0,0,6.0,155,0.8468004432793795,0.5516768145930558,-0.2951236286863237,1,1,sleeping_dog,0.0988,1,1,944,1
HELIOS-002294,31.2,31.53,basic,16,3,10,1,0,1,,469,0.9824640828741376,0.9875462524162154,0.005082169542077852,1,1,sure_thing,0.0606,0,1,950,1
HELIOS-002295,6.6,72.13,pro,21,8,6,1,0,0,,102,0.9610831282311206,0.967931663001536,0.00684853477041536,1,1,sure_thing,0.7512,1,1,201,1
HELIOS-002296,10.3,16.67,basic,2,6,6,1,0,0,,82,0.8478071865432814,0.8636892740542025,0.015882087510921128,1,1,lost_cause,0.5991,1,1,314,1
HELIOS-002297,17.6,42.2,pro,1,10,4,1,1,1,6.0,119,0.7895033787398898,0.972590637577313,0.18308725883742316,1,1,persuadable,0.3915,0,1,536,1
HELIOS-002298,31.2,21.51,basic,12,8,4,0,0,1,5.0,370,0.967317011831288,0.90796818639332,-0.059348825437968045,1,1,sleeping_dog,0.2375,0,1,950,1
HELIOS-002299,15.1,125.14,enterprise,9,27,7,0,0,1,8.0,168,0.9735002056394872,0.9442468731843369,-0.029253332455150383,1,1,sure_thing,0.0351,0,1,460,1
HELIOS-002300,16.5,164.29,enterprise,16,38,8,0,0,1,,215,0.9858609318390694,0.957491092043915,-0.028369839795154395,1,1,sure_thing,0.0129,1,1,502,1
HELIOS-002301,13.0,14.29,basic,10,15,12,0,1,0,,122,0.9366670984760024,0.9622863025611982,0.0256192040851958,1,1,sure_thing,0.1629,0,1,396,1
HELIOS-002302,17.1,142.47,enterprise,2,11,5,1,0,0,,144,0.9325792606006704,0.99,0.05742073939932957,1,1,persuadable,0.0557,0,1,521,1
HELIOS-002303,16.9,17.45,basic,15,0,17,0,2,1,,418,0.9219088722920198,0.99,0.0680911277079802,1,1,persuadable,0.156,0,1,514,1
HELIOS-002304,31.2,18.13,basic,19,3,12,1,0,0,,463,0.9860809635213538,0.99,0.003919036478646221,1,1,sure_thing,0.5545,0,1,950,1
HELIOS-002305,9.7,17.58,basic,10,7,7,0,1,0,,87,0.8969096988477807,0.9217839694177129,0.02487427056993219,1,1,lost_cause,0.2388,0,1,295,1
HELIOS-002306,5.2,24.73,basic,9,34,4,2,0,0,8.0,46,0.8882223600815513,0.9395664312229708,0.05134407114141948,1,1,persuadable,0.2558,1,1,158,1
HELIOS-002307,10.0,15.36,basic,3,36,3,0,0,0,7.0,84,0.8585808968759346,0.7887892066744799,-0.0697916902014547,0,0,sleeping_dog,0.5725,1,0,304,1
HELIOS-002308,10.5,14.52,basic,17,9,18,0,1,0,,168,0.9617611345126141,0.9771512415353887,0.015390107022774546,1,1,sure_thing,0.2478,0,1,320,1
HELIOS-002309,15.1,17.96,basic,17,8,8,0,0,1,10.0,207,0.9706781715090735,0.9511036747384163,-0.019574496770657257,1,1,sure_thing,0.1369,0,1,460,1
HELIOS-002310,31.2,35.15,pro,6,65,5,0,0,1,,281,0.939466146740326,0.7774369634432476,-0.16202918329707838,1,1,sleeping_dog,0.0805,0,1,950,1
HELIOS-002311,31.2,65.15,pro,12,4,7,0,0,1,,241,0.9860033141067407,0.9663247447774431,-0.01967856932929757,1,1,sure_thing,0.1023,1,1,950,1
HELIOS-002312,31.2,14.51,basic,22,3,16,0,0,1,,609,0.99,0.989656968449295,-0.0003430315507050308,1,1,sure_thing,0.4278,0,1,950,1
HELIOS-002313,14.5,40.75,pro,5,22,3,0,0,1,7.0,134,0.9084430730330001,0.8064841566924067,-0.1019589163405934,1,1,sleeping_dog,0.2942,0,1,441,1
HELIOS-002314,31.2,42.99,pro,10,15,8,0,1,1,5.0,228,0.9522892796816748,0.9871527589175856,0.03486347923591082,1,1,sure_thing,0.6828,1,1,950,0
HELIOS-002315,31.2,33.58,pro,24,10,13,0,0,0,,603,0.99,0.99,0.0,1,1,sure_thing,0.6691,1,1,950,1
HELIOS-002316,31.2,59.04,pro,17,15,3,0,2,0,,391,0.9414089289174083,0.99,0.04859107108259164,1,1,sure_thing,0.262,0,1,950,1
HELIOS-002317,25.9,16.67,basic,4,59,6,0,0,0,,261,0.9242496793556924,0.8630643193566043,-0.06118535999908803,1,0,sleeping_dog,0.0734,0,1,788,1
HELIOS-002318,26.4,25.57,basic,8,67,7,0,1,1,,280,0.8985656369154417,0.8831437117959946,-0.015421925119447066,0,0,lost_cause,0.7834,1,0,804,1
HELIOS-002319,14.5,60.14,pro,2,47,2,1,1,0,,47,0.6673970721519696,0.8544434564359331,0.18704638428396347,1,1,persuadable,0.8698,1,1,441,1
HELIOS-002320,24.6,177.4,enterprise,8,116,1,1,0,0,6.0,194,0.904235184694435,0.8186264069972887,-0.08560877769714625,1,1,sleeping_dog,0.6469,1,1,749,1
HELIOS-002321,7.4,16.81,basic,18,1,6,0,0,0,10.0,126,0.9566609123541295,0.9461755516516339,-0.010485360702495616,1,1,sure_thing,0.3668,0,1,225,1
HELIOS-002322,31.2,17.45,basic,7,55,5,0,0,0,,237,0.946157796406102,0.8747405541830593,-0.07141724222304269,1,1,sleeping_dog,0.5655,1,1,950,1
HELIOS-002323,31.2,22.58,basic,15,9,10,0,1,1,9.0,480,0.9648016833070907,0.9820673784449423,0.01726569513785159,1,1,sure_thing,0.3802,0,1,950,1
HELIOS-002324,1.0,13.79,basic,63,2,19,0,0,0,,57,0.99,0.99,0.0,1,1,sure_thing,0.3637,0,1,30,1
HELIOS-002325,10.5,20.89,basic,7,49,1,1,1,1,4.0,66,0.8020126263949968,0.8533689593385207,0.05135633294352393,1,1,persuadable,0.1128,0,1,320,1
HELIOS-002326,8.1,47.35,pro,5,6,3,1,1,0,10.0,72,0.7536880296063576,0.9261844423516493,0.1724964127452917,1,1,persuadable,0.7937,0,1,247,1
HELIOS-002327,6.4,13.98,basic,34,23,7,0,0,0,9.0,150,0.9831178125496448,0.9659860011772567,-0.01713181137238806,1,1,sure_thing,0.3649,1,1,195,1
HELIOS-002328,10.0,23.44,basic,30,11,11,0,0,0,,183,0.9811526873080162,0.9780900545731598,-0.0030626327348564075,1,1,sure_thing,0.2572,0,1,304,1
HELIOS-002329,24.1,57.66,pro,2,31,3,0,0,0,6.0,131,0.9464255751346733,0.8910789335569951,-0.05534664157767821,1,1,sleeping_dog,0.7546,0,1,734,1
HELIOS-002330,2.9,22.96,basic,2,33,4,0,0,1,,24,0.8753735829771124,0.7691154947745968,-0.10625808820251559,1,1,sleeping_dog,0.1982,0,1,88,1
HELIOS-002331,28.4,33.29,basic,14,12,9,0,0,0,8.0,396,0.9856616821468673,0.981191828386071,-0.0044698537607963384,1,1,sure_thing,0.9285,1,1,864,1
HELIOS-002332,17.1,42.79,pro,1,24,0,1,1,0,4.0,74,0.7472227095902484,0.9209808094588985,0.1737580998686501,1,1,persuadable,0.6688,1,1,521,1
HELIOS-002333,9.1,12.61,basic,3,95,1,2,1,0,,55,0.5504004123482023,0.7349647557521415,0.18456434340393923,1,1,persuadable,0.9668,0,1,277,1
HELIOS-002334,12.4,20.6,basic,2,45,1,2,1,0,,61,0.6960745407084511,0.9379869587766971,0.24191241806824604,0,1,persuadable,0.9894,1,1,377,1
HELIOS-002335,30.0,55.27,pro,9,39,7,1,0,0,7.0,248,0.9659763390567486,0.9780209557162299,0.012044616659481311,1,1,sure_thing,0.2591,1,1,913,1
HELIOS-002336,4.3,15.74,basic,25,13,3,0,0,0,,74,0.9665711444535274,0.9275337227910325,-0.03903742166249491,1,1,sure_thing,0.5963,0,1,131,1
HELIOS-002337,28.2,14.39,basic,4,11,4,0,0,0,7.0,246,0.94668359000411,0.9218939385129455,-0.02478965149116441,1,1,sure_thing,0.006,1,1,858,1
HELIOS-002338,13.4,58.73,pro,7,21,7,2,0,0,8.0,140,0.8606288708991509,0.9718062426571901,0.11117737175803921,1,1,persuadable,0.1368,1,1,408,1
HELIOS-002339,31.2,38.52,pro,5,7,1,1,2,0,4.0,184,0.7276625566487906,0.99,0.26233744335120934,1,1,persuadable,0.9585,1,1,950,1
HELIOS-002340,11.9,38.21,pro,18,42,9,0,1,0,7.0,200,0.9427675835102156,0.9592300926627689,0.016462509152553317,1,1,sure_thing,0.1242,0,1,362,0
HELIOS-002341,23.4,18.95,basic,16,34,4,0,1,0,,338,0.936321572830711,0.9357891506720698,-0.0005324221586412436,1,1,sure_thing,0.1234,0,1,712,1
HELIOS-002342,31.2,46.13,pro,22,6,13,0,0,0,,680,0.99,0.99,0.0,1,1,sure_thing,0.3774,1,1,950,1
HELIOS-002343,18.7,30.04,pro,8,4,3,0,1,0,6.0,110,0.9226772964907254,0.9530824756487061,0.03040517915798069,1,1,sure_thing,0.6738,1,1,569,1
HELIOS-002344,31.2,58.52,pro,7,31,2,1,2,1,8.0,252,0.8477485823677278,0.99,0.14225141763227223,1,1,persuadable,0.8228,1,1,950,1
HELIOS-002345,25.0,130.47,enterprise,30,4,14,0,0,1,,514,0.99,0.99,0.0,1,1,sure_thing,0.1072,0,1,761,1
HELIOS-002346,31.2,88.34,enterprise,18,6,4,0,0,0,,367,0.9859772383725418,0.9661899163342307,-0.019787322038311128,1,1,sure_thing,0.1345,0,1,950,1
HELIOS-002347,10.9,78.45,pro,9,48,3,1,1,1,,71,0.8426674306067425,0.99,0.14733256939325745,1,1,persuadable,0.9175,1,1,332,1
HELIOS-002348,9.6,43.55,pro,31,8,16,0,0,0,,254,0.99,0.99,0.0,1,1,sure_thing,0.6329,1,1,292,0
HELIOS-002349,31.2,45.12,pro,3,13,4,1,0,1,6.0,171,0.9450739125768073,0.9424079873119782,-0.0026659252648291165,1,1,sure_thing,0.0652,1,1,950,1
HELIOS-002350,31.2,15.98,basic,6,1,6,0,0,0,,377,0.9637730684245188,0.9552854209327228,-0.00848764749179598,1,1,sure_thing,0.4337,0,1,950,1
HELIOS-002351,3.6,24.62,basic,8,90,4,0,0,0,,29,0.8525133469505694,0.6790763466875682,-0.17343700026300113,1,1,sleeping_dog,0.1612,1,1,110,1
HELIOS-002352,6.4,14.64,basic,15,2,8,1,1,0,10.0,81,0.8772654509913645,0.9521902471577871,0.07492479616642256,1,1,persuadable,0.6995,0,1,195,1
HELIOS-002353,18.8,108.2,enterprise,12,19,5,0,0,0,7.0,162,0.966560046796292,0.9502292593291997,-0.016330787467092378,1,1,sure_thing,0.3878,0,1,572,1
HELIOS-002354,31.2,15.91,basic,24,3,17,0,0,0,,600,0.99,0.99,0.0,1,1,sure_thing,0.2822,0,1,950,1
HELIOS-002355,9.9,46.3,pro,6,29,4,0,0,0,,91,0.9402613756300764,0.8979988774246742,-0.04226249820540218,1,1,sure_thing,0.2663,0,1,301,1
HELIOS-002356,14.3,16.05,basic,9,3,4,0,0,0,,153,0.9219132366814379,0.9020927904282178,-0.019820446253220103,1,1,sure_thing,0.8192,1,1,435,1
HELIOS-002357,22.6,35.97,basic,12,20,3,0,1,1,6.0,225,0.9232905084310989,0.916207292428935,-0.0070832160021639945,1,1,sure_thing,0.8006,1,1,688,1
HELIOS-002358,25.9,18.19,basic,4,238,1,3,0,1,,96,0.5663852491827319,0.46622328771178284,-0.10016196147094908,0,0,sleeping_dog,0.8931,1,0,788,1
HELIOS-002359,24.8,15.72,basic,4,4,6,2,0,0,7.0,151,0.8698250074174233,0.944854892795741,0.07502988537831767,1,1,persuadable,0.5098,0,1,755,1
HELIOS-002360,9.4,54.9,pro,2,84,2,0,0,0,2.0,32,0.8761356031441058,0.6797355160683611,-0.19640008707574463,1,1,sleeping_dog,0.7838,1,1,286,1
HELIOS-002361,17.6,48.73,pro,3,21,3,1,0,0,,108,0.8613362291657979,0.8723856594187569,0.011049430252959014,1,1,lost_cause,0.0137,0,1,536,1
HELIOS-002362,21.9,22.03,basic,15,24,9,2,0,1,,228,0.9485279309302108,0.9839116443360564,0.03538371340584556,1,1,sure_thing,0.2232,0,1,667,1
HELIOS-002363,25.2,26.83,basic,6,22,4,1,0,1,,217,0.913019859863794,0.8855038038131439,-0.027516056050650106,1,1,lost_cause,0.8875,1,1,767,1
HELIOS-002364,11.0,19.5,basic,14,51,5,0,0,1,6.0,141,0.9412841106855835,0.8110223145114455,-0.13026179617413802,1,1,sleeping_dog,0.3286,0,1,335,1
HELIOS-002365,9.3,17.19,basic,3,45,3,0,0,1,4.0,45,0.8886584607464219,0.7294911559237068,-0.15916730482271502,0,0,sleeping_dog,0.5908,0,0,283,1
HELIOS-002366,28.3,14.33,basic,2,103,2,1,0,1,,131,0.8584720070966232,0.6294857782461056,-0.22898622885051756,1,0,sleeping_dog,0.6131,1,0,861,1
HELIOS-002367,31.2,40.33,pro,10,1,7,0,1,1,,361,0.94988910439454,0.984060021609758,0.03417091721521803,1,1,sure_thing,0.3028,0,1,950,1
HELIOS-002368,30.6,64.97,pro,4,19,1,1,1,0,,223,0.8529504573676899,0.99,0.13704954263231006,1,1,persuadable,0.3122,0,1,931,1
HELIOS-002369,31.2,25.78,basic,6,14,6,2,1,0,,271,0.8352000170347669,0.99,0.15479998296523312,0,1,persuadable,0.6866,0,0,950,1
HELIOS-002370,18.6,52.11,pro,2,118,1,0,0,0,5.0,34,0.9155903805386828,0.6539166390096911,-0.2616737415289917,1,1,sleeping_dog,0.3162,0,1,566,1
HELIOS-002371,13.6,14.7,basic,6,72,4,1,0,1,,147,0.8413504638259564,0.7090538037289189,-0.13229666009703744,1,1,sleeping_dog,0.8725,1,1,414,1
HELIOS-002372,12.8,96.65,enterprise,3,277,1,0,0,0,,50,0.7164485931123015,0.4347973780158152,-0.2816512150964863,0,0,sleeping_dog,0.8068,1,0,390,1
HELIOS-002373,15.2,45.25,pro,16,1,2,0,0,0,,171,0.9743949598718695,0.9400855197694957,-0.0343094401023738,1,1,sure_thing,0.2134,0,1,463,1
HELIOS-002374,15.4,21.25,basic,17,1,6,1,0,0,,200,0.9615301445439584,0.9634824541444728,0.0019523096005144014,1,1,sure_thing,0.6983,1,1,469,1
HELIOS-002375,4.7,104.3,enterprise,12,18,8,0,1,0,,64,0.9133590472397467,0.99,0.07664095276025329,1,1,persuadable,0.1537,0,1,143,1
HELIOS-002376,24.3,21.37,basic,16,4,9,1,0,0,8.0,475,0.9661174978355563,0.9717403986324968,0.0056229007969405,1,1,sure_thing,0.7643,1,1,740,1
HELIOS-002377,2.4,17.67,basic,2,63,2,0,0,1,5.0,3,0.8667843019870292,0.6472430024155167,-0.21954129957151247,1,1,sleeping_dog,0.8428,1,1,73,1
HELIOS-002378,31.2,56.59,pro,9,32,7,0,0,1,8.0,390,0.9780402530667665,0.928134001336424,-0.049906251730342466,1,1,sure_thing,0.2102,0,1,950,1
HELIOS-002379,4.8,20.64,basic,5,88,2,0,0,0,6.0,22,0.849282863990818,0.639139373897236,-0.21014349009358202,1,1,sleeping_dog,0.4712,0,1,146,1
HELIOS-002380,24.6,17.62,basic,14,8,11,0,2,0,,359,0.9242210737298013,0.99,0.06577892627019866,1,1,persuadable,0.5815,0,1,749,1
HELIOS-002381,31.2,28.23,basic,1,45,5,0,2,0,,199,0.8471091927246056,0.99,0.14289080727539438,1,1,persuadable,0.272,0,1,950,1
HELIOS-002382,26.3,69.23,pro,4,59,3,0,0,0,5.0,140,0.9376749718292287,0.8244437250384818,-0.11323124679074681,0,0,sleeping_dog,0.2768,0,0,801,1
HELIOS-002383,31.2,42.69,pro,6,11,3,0,0,0,,239,0.9730777029355938,0.9409032021409724,-0.032174500794621363,1,1,sure_thing,0.3605,0,1,950,1
HELIOS-002384,17.7,66.65,pro,58,17,26,0,0,0,10.0,711,0.99,0.99,0.0,1,1,sure_thing,0.3502,0,1,539,1
HELIOS-002385,11.9,47.98,pro,3,5,1,2,1,1,,70,0.6050272734483603,0.8647592576828023,0.259731984234442,1,1,persuadable,0.9358,1,1,362,1
HELIOS-002386,31.2,26.1,basic,18,0,6,0,1,0,7.0,378,0.9701374738897491,0.984348354641145,0.014210880751395871,1,1,sure_thing,0.1332,0,1,950,1
HELIOS-002387,20.0,45.6,pro,4,21,5,1,0,1,6.0,96,0.9083487083112827,0.9049256616954878,-0.0034230466157948447,1,1,lost_cause,0.3894,0,1,609,1
HELIOS-002388,28.6,20.35,basic,6,10,1,0,0,0,5.0,208,0.932823275191661,0.8751224419483248,-0.05770083324333619,1,1,sleeping_dog,0.3123,0,1,871,1
HELIOS-002389,17.5,47.51,pro,5,24,4,1,0,1,5.0,181,0.8833992982310652,0.8639456059557356,-0.01945369227532967,0,0,lost_cause,0.9555,1,0,533,1
HELIOS-002390,31.2,17.43,basic,15,2,5,1,1,0,7.0,415,0.9405305380931965,0.99,0.04946946190680346,1,1,sure_thing,0.1052,1,1,950,1
HELIOS-002391,14.6,19.28,basic,12,56,9,0,0,0,,180,0.9662251151243996,0.9412482176306488,-0.02497689749375076,1,1,sure_thing,0.0174,0,1,444,1
HELIOS-002392,11.7,16.74,basic,11,22,6,2,0,0,8.0,106,0.8446467579700183,0.889644214238557,0.04499745626853868,0,1,lost_cause,0.4483,0,0,356,1
HELIOS-002393,29.0,20.83,basic,6,53,2,0,1,0,,198,0.9119596897973702,0.8954417547746242,-0.01651793502274601,0,0,lost_cause,0.9354,1,0,883,1
HELIOS-002394,24.5,49.52,pro,0,365,1,2,0,0,,29,0.42452603771937686,0.2689805029931873,-0.15554553472618954,1,1,sleeping_dog,0.998,1,1,746,1
HELIOS-002395,20.8,22.42,basic,4,33,5,0,0,0,9.0,207,0.930075122674055,0.8931015034744889,-0.0369736191995661,1,1,sure_thing,0.4468,1,1,633,1
HELIOS-002396,4.6,17.22,basic,11,11,5,2,0,0,,60,0.8605737399816926,0.9062139948787454,0.04564025489705281,1,1,lost_cause,0.1178,0,1,140,1
HELIOS-002397,12.4,124.13,enterprise,8,34,5,0,1,0,,98,0.8914269050624425,0.99,0.0985730949375575,1,1,persuadable,0.5737,0,1,377,1
HELIOS-002398,23.6,26.82,basic,4,1,2,0,0,1,,168,0.9587656277533344,0.8808525888539088,-0.07791303889942558,1,0,sleeping_dog,0.8815,1,0,718,1
HELIOS-002399,31.2,17.47,basic,3,44,3,0,0,1,,207,0.9437419786931467,0.7870627089590969,-0.15667926973404978,1,1,sleeping_dog,0.0838,0,1,950,1
HELIOS-002400,31.2,20.59,basic,6,110,1,1,1,0,5.0,174,0.7906962142381323,0.7783332932106157,-0.012362921027516571,0,0,lost_cause,0.8166,1,0,950,1
HELIOS-002401,21.8,42.4,pro,0,103,0,2,0,0,,57,0.7756188379615251,0.7269720271631707,-0.04864681079835442,1,1,lost_cause,0.5003,1,1,664,1
HELIOS-002402,28.2,21.41,basic,8,67,2,0,0,1,6.0,166,0.958762092813003,0.7303851941262964,-0.22837689868670652,1,1,sleeping_dog,0.2318,0,1,858,0
HELIOS-002403,22.4,61.12,pro,8,32,2,0,0,0,,166,0.9685343617348727,0.8907802203714623,-0.07775414136341041,1,1,sleeping_dog,0.5037,1,1,682,1
HELIOS-002404,24.0,62.54,pro,49,14,18,0,0,1,,908,0.99,0.99,0.0,1,1,sure_thing,0.1662,0,1,731,1
HELIOS-002405,24.3,17.51,basic,20,0,11,1,0,0,,469,0.9777962250384,0.9820561228832982,0.004259897844898219,1,1,sure_thing,0.6832,0,1,740,1
HELIOS-002406,31.2,57.29,pro,1,186,4,1,1,1,,120,0.6533352659725918,0.5880786047312501,-0.06525666124134177,1,0,sleeping_dog,0.8508,1,0,950,1
HELIOS-002407,9.1,46.11,pro,20,1,10,0,0,0,,148,0.9873501598893967,0.9856483679091701,-0.0017017919802265746,1,1,sure_thing,0.4757,0,1,277,1
HELIOS-002408,19.7,38.15,pro,88,0,33,0,0,1,,1156,0.99,0.99,0.0,1,1,sure_thing,0.0077,0,1,600,0
HELIOS-002409,13.9,51.97,pro,2,181,3,0,0,0,4.0,41,0.8273477995026733,0.5434479209946073,-0.2838998785080661,1,1,sleeping_dog,0.5278,1,1,423,1
HELIOS-002410,3.9,21.68,basic,12,24,11,1,0,0,,32,0.8941778554126238,0.9027944282175046,0.008616572804880707,1,1,lost_cause,0.7205,1,1,119,1
HELIOS-002411,9.6,128.44,enterprise,37,21,13,0,0,1,8.0,221,0.99,0.9883858192846899,-0.001614180715310054,1,1,sure_thing,0.858,1,1,292,1
HELIOS-002412,21.9,36.71,pro,0,27,1,0,2,1,4.0,111,0.704782527250179,0.9200503037556091,0.21526777650543016,1,1,persuadable,0.8474,1,1,667,1
HELIOS-002413,22.0,20.37,basic,7,48,2,0,0,0,,180,0.9241756026796635,0.8079340463306595,-0.11624155634900402,1,1,sleeping_dog,0.9815,1,1,670,1
HELIOS-002414,4.8,47.51,pro,5,4,4,1,2,0,6.0,32,0.645200189588544,0.9289634377528815,0.2837632481643375,0,1,persuadable,0.8191,0,0,146,1
HELIOS-002415,19.6,72.64,pro,5,22,3,0,0,0,,92,0.9573186673537502,0.9162166463978618,-0.04110202095588833,1,1,sure_thing,0.6895,1,1,597,1
HELIOS-002416,10.0,23.74,basic,8,21,4,0,1,0,,91,0.8757191784949377,0.8994399111966966,0.023720732701758895,1,1,lost_cause,0.7548,1,1,304,1
HELIOS-002417,27.6,26.66,basic,8,15,8,0,0,0,,318,0.963992540330632,0.9572459975157589,-0.00674654281487308,1,1,sure_thing,0.394,1,1,840,1
HELIOS-002418,31.2,60.8,pro,3,1,3,0,1,0,,261,0.9150861033513604,0.99,0.07491389664863957,1,1,persuadable,0.1065,1,1,950,0
HELIOS-002419,31.2,26.51,basic,10,38,5,0,0,0,,385,0.9720356190744496,0.9273646554568383,-0.04467096361761125,1,1,sure_thing,0.4691,0,1,950,1
HELIOS-002420,7.8,16.94,basic,7,89,6,0,1,0,,52,0.8228957453252992,0.8032665962304059,-0.019629149094893328,1,1,lost_cause,0.6251,1,1,237,0
HELIOS-002421,7.5,14.77,basic,16,47,8,2,1,0,10.0,120,0.7868377478483642,0.9712795792126029,0.18444183136423864,1,1,persuadable,0.7165,1,1,228,1
HELIOS-002422,31.2,71.55,pro,7,19,10,0,0,0,,317,0.984379186002921,0.9864663864485352,0.002087200445614279,1,1,sure_thing,0.6483,0,1,950,1
HELIOS-002423,15.4,58.12,pro,7,0,5,1,0,0,,150,0.9481520706778738,0.9723736280929868,0.024221557415113004,1,1,sure_thing,0.1682,0,1,469,1
HELIOS-002424,28.6,20.29,basic,4,44,2,1,0,1,5.0,133,0.9132915398594237,0.8085160466413737,-0.10477549321805002,1,1,sleeping_dog,0.8525,1,1,871,1
HELIOS-002425,13.9,52.83,pro,5,53,1,2,1,0,6.0,101,0.6086925146706258,0.8585375387755674,0.24984502410494158,0,1,persuadable,0.9889,1,1,423,1
HELIOS-002426,22.3,15.47,basic,7,60,4,0,0,0,6.0,154,0.9550339047693371,0.8539699124540113,-0.10106399231532581,1,1,sleeping_dog,0.34,1,1,679,1
HELIOS-002427,15.3,43.89,pro,8,13,1,2,0,0,,155,0.8850570328009459,0.958657503433956,0.07360047063301,1,1,persuadable,0.1911,0,1,466,0
HELIOS-002428,11.4,19.28,basic,40,20,15,2,0,0,,245,0.99,0.99,0.0,1,1,sure_thing,0.2122,1,1,347,1
HELIOS-002429,31.2,20.29,basic,6,17,3,0,0,0,7.0,336,0.9676304134052528,0.9266231844717598,-0.041007228933492956,1,1,sure_thing,0.0152,0,1,950,1
HELIOS-002430,8.6,108.84,enterprise,7,25,1,0,0,0,,67,0.9394398856508718,0.8671197627316021,-0.0723201229192697,1,1,sleeping_dog,0.3831,0,1,262,1
HELIOS-002431,7.3,15.23,basic,20,22,11,0,0,0,,122,0.9665389395740785,0.9624223678678628,-0.00411657170621571,1,1,sure_thing,0.0725,0,1,222,1
HELIOS-002432,21.4,18.03,basic,12,9,7,0,0,0,,311,0.9773298263641395,0.9681558043056963,-0.009174022058443199,1,1,sure_thing,0.5154,0,1,651,0
HELIOS-002433,23.7,40.89,pro,6,129,1,0,0,0,5.0,107,0.8820969204939944,0.6084220739219962,-0.27367484657199814,1,0,sleeping_dog,0.7082,1,0,721,1
HELIOS-002434,31.2,18.32,basic,55,5,18,0,1,0,10.0,1049,0.99,0.99,0.0,1,1,sure_thing,0.5483,0,1,950,1
HELIOS-002435,11.4,25.61,basic,10,32,2,0,0,1,9.0,95,0.9077541668180074,0.7562211037858502,-0.1515330630321572,1,1,sleeping_dog,0.5478,0,1,347,1
HELIOS-002436,31.2,21.12,basic,3,2,2,1,1,0,,186,0.8627840477045156,0.99,0.12721595229548444,1,1,persuadable,0.4852,1,1,950,1
HELIOS-002437,13.5,66.52,pro,1,143,3,1,0,0,7.0,71,0.6931934766346902,0.4973431540482086,-0.1958503225864816,1,0,sleeping_dog,0.8151,1,0,411,1
HELIOS-002438,31.2,59.91,pro,7,23,2,0,1,1,,232,0.9172410071705993,0.9291752259575699,0.01193421878697054,1,1,lost_cause,0.2332,1,1,950,1
HELIOS-002439,31.2,49.19,pro,0,57,1,0,0,0,,138,0.9308365239386711,0.7760720608566989,-0.15476446308197223,1,1,sleeping_dog,0.2438,1,1,950,1
HELIOS-002440,4.8,17.8,basic,9,23,2,0,0,0,7.0,29,0.9187123366966811,0.8540023564106739,-0.06470998028600716,1,1,sleeping_dog,0.5123,1,1,146,1
HELIOS-002441,31.2,18.03,basic,25,1,18,0,0,1,,616,0.99,0.99,0.0,1,1,sure_thing,0.0889,0,1,950,1
HELIOS-002442,27.9,28.72,basic,12,17,4,1,0,0,,294,0.929770432054802,0.9259570034867244,-0.003813428568077648,1,1,sure_thing,0.11,0,1,849,1
HELIOS-002443,3.7,10.11,basic,28,1,6,0,0,0,,80,0.9781639068761392,0.9669314618251724,-0.011232445050966766,1,1,sure_thing,0.7909,1,1,113,1
HELIOS-002444,31.2,19.71,basic,12,15,10,0,0,0,7.0,398,0.9822710778186934,0.9788566390195188,-0.0034144387991745795,1,1,sure_thing,0.6714,1,1,950,1
HELIOS-002445,25.4,39.29,pro,14,6,8,0,0,0,,458,0.9732649987596939,0.9683009589684891,-0.004964039791204744,1,1,sure_thing,0.6432,1,1,773,1
HELIOS-002446,12.4,55.38,pro,16,17,14,0,0,0,,228,0.9828936166071621,0.9841296663462532,0.001236049739091083,1,1,sure_thing,0.8685,1,1,377,0
HELIOS-002447,8.3,50.15,pro,30,13,7,0,0,0,,144,0.9864340098366947,0.9745494332440668,-0.011884576592627871,1,1,sure_thing,0.8603,1,1,253,1
HELIOS-002448,2.1,21.3,basic,9,18,3,0,1,0,,14,0.8920456596612666,0.9090993674490144,0.01705370778774784,1,1,lost_cause,0.5286,0,1,64,0
HELIOS-002449,31.2,105.9,enterprise,26,4,15,1,0,0,8.0,575,0.99,0.99,0.0,1,1,sure_thing,0.0483,0,1,950,1
HELIOS-002450,10.4,13.27,basic,21,20,9,0,0,0,,198,0.9841039917201502,0.9762178333541522,-0.00788615836599793,1,1,sure_thing,0.6097,1,1,317,1
HELIOS-002451,5.2,18.21,basic,15,36,7,1,0,0,,77,0.9263812811179318,0.922186324019719,-0.004194957098212826,1,1,sure_thing,0.8437,1,1,158,1
HELIOS-002452,31.2,20.64,basic,12,48,7,0,0,0,,339,0.9742213575158377,0.9392533613992736,-0.03496799611656409,1,1,sure_thing,0.0538,1,1,950,1
HELIOS-002453,18.1,20.43,basic,11,35,14,1,0,0,,273,0.9560430542935955,0.9663829472386447,0.010339892945049223,1,1,sure_thing,0.4603,1,1,551,1
HELIOS-002454,31.2,37.77,pro,15,3,3,1,0,0,8.0,388,0.9860193396979666,0.9835556141905779,-0.0024637255073887143,1,1,sure_thing,0.4394,1,1,950,1
HELIOS-002455,17.5,68.54,pro,21,2,4,1,0,0,7.0,357,0.9655701643801101,0.9681264937223414,0.002556329342231267,1,1,sure_thing,0.1766,1,1,533,1
HELIOS-002456,20.8,90.0,enterprise,11,4,3,1,0,0,7.0,206,0.9550310084955976,0.9803052375330394,0.02527422903744181,1,1,sure_thing,0.5955,1,1,633,1
HELIOS-002457,31.2,18.74,basic,8,23,11,0,0,0,6.0,339,0.9565038106197662,0.9540905558091743,-0.002413254810591847,1,1,sure_thing,0.1197,0,1,950,1
HELIOS-002458,13.5,34.8,pro,2,73,0,1,1,0,,47,0.670191380924084,0.7659833209552493,0.09579194003116531,0,0,persuadable,0.6971,1,0,411,1
HELIOS-002459,27.6,41.78,pro,5,37,4,0,0,0,5.0,173,0.9574642412647077,0.9035388722996963,-0.05392536896501143,1,1,sleeping_dog,0.5889,0,1,840,1
HELIOS-002460,29.1,40.79,pro,14,29,4,0,1,0,,245,0.9327441899775214,0.9477569938001627,0.015012803822641252,1,1,sure_thing,0.454,0,1,886,1
HELIOS-002461,1.0,12.65,basic,9,67,4,0,1,0,,7,0.7691923997241721,0.7473923058818638,-0.0218000938423083,1,1,lost_cause,0.9525,1,1,30,0
HELIOS-002462,20.1,166.75,enterprise,6,90,2,0,1,1,,87,0.9370878906400302,0.9460547012555606,0.008966810615530396,1,1,sure_thing,0.6337,1,1,612,1
HELIOS-002463,9.1,39.56,pro,7,13,4,1,0,0,,78,0.9020302014697112,0.9102219768978662,0.008191775428154968,0,0,lost_cause,0.9212,1,0,277,1
HELIOS-002464,20.2,14.44,basic,12,22,5,0,0,1,,218,0.9556598728236602,0.88814416310033,-0.06751570972333021,1,1,sleeping_dog,0.0445,1,1,615,1
HELIOS-002465,20.1,19.33,basic,5,180,1,0,1,0,,104,0.7759635025137019,0.5312816056253098,-0.24468189688839215,1,1,sleeping_dog,0.6312,0,1,612,1
HELIOS-002466,31.2,131.34,enterprise,24,23,9,1,0,0,10.0,613,0.9865142622873861,0.99,0.0034857377126138456,1,1,sure_thing,0.4706,1,1,950,1
HELIOS-002467,11.3,22.95,basic,28,15,6,1,0,0,9.0,213,0.9710666414800273,0.9656362961134551,-0.005430345366572165,1,1,sure_thing,0.3846,1,1,344,1
HELIOS-002468,12.4,100.69,enterprise,17,8,6,1,0,0,,194,0.9582413622798798,0.9822505207312008,0.02400915845132101,1,1,sure_thing,0.8152,1,1,377,1
HELIOS-002469,19.3,21.11,basic,25,9,7,0,0,0,,461,0.99,0.9796427045276656,-0.010357295472334438,1,1,sure_thing,0.1055,1,1,587,0
HELIOS-002470,15.4,46.14,pro,9,3,2,0,0,0,7.0,141,0.9338967887920417,0.8993744703756783,-0.03452231841636344,1,1,sure_thing,0.4891,1,1,469,1
HELIOS-002471,24.0,14.19,basic,8,43,4,0,0,0,6.0,139,0.9471455094078665,0.8801476362431705,-0.06699787316469596,1,1,sleeping_dog,0.8188,1,1,731,1
HELIOS-002472,8.6,19.1,basic,10,52,6,0,0,0,,86,0.9258593614641466,0.8743188104783752,-0.05154055098577137,1,1,sleeping_dog,0.6428,1,1,262,1
HELIOS-002473,10.1,12.67,basic,16,1,7,1,0,1,7.0,165,0.9350920656615943,0.931271967564003,-0.003820098097591318,1,1,sure_thing,0.2806,0,1,307,1
HELIOS-002474,24.4,30.22,basic,10,23,1,0,0,0,,213,0.9413173445703396,0.8595546543310115,-0.08176269023932803,1,1,sleeping_dog,0.5611,1,1,743,1
HELIOS-002475,19.3,17.9,basic,3,34,3,2,1,0,,156,0.665027679006556,0.9104106806451709,0.24538300163861493,1,1,persuadable,0.9569,1,1,587,1
HELIOS-002476,5.9,19.89,basic,5,62,7,1,1,1,6.0,39,0.7301885280550918,0.8458640447150242,0.11567551665993236,1,1,persuadable,0.7683,1,1,180,1
HELIOS-002477,5.8,27.43,basic,4,0,0,0,2,0,,46,0.7132306294050705,0.9243271452894206,0.21109651588435008,1,1,persuadable,0.9251,1,1,177,1
HELIOS-002478,29.7,48.09,pro,6,19,4,2,1,0,8.0,258,0.8300071922061169,0.99,0.15999280779388314,0,1,persuadable,0.8074,1,1,904,1
HELIOS-002479,31.2,19.83,basic,5,12,2,0,0,0,,258,0.9574170665656324,0.910959014994768,-0.04645805157086447,1,1,sure_thing,0.1825,0,1,950,1
HELIOS-002480,19.1,15.25,basic,11,17,9,0,2,0,8.0,270,0.8417071371968021,0.99,0.14829286280319787,1,1,persuadable,0.8431,1,1,581,0
HELIOS-002481,17.7,20.12,basic,27,18,11,0,0,0,,374,0.9870535027387892,0.9831770888909138,-0.003876413847875404,1,1,sure_thing,0.6648,1,1,539,1
HELIOS-002482,21.5,19.45,basic,10,0,11,3,0,0,10.0,297,0.9141220555302119,0.99,0.07587794446978813,1,1,persuadable,0.3552,0,1,654,1
HELIOS-002483,27.9,14.46,basic,6,5,4,0,1,0,,275,0.9035328531937231,0.9318900316839183,0.028357178490195145,1,1,lost_cause,0.892,1,1,849,1
HELIOS-002484,14.6,59.85,pro,0,28,1,0,2,0,6.0,51,0.5854659973768308,0.835332996776913,0.24986699940008217,1,1,persuadable,0.9574,1,1,444,1
HELIOS-002485,31.0,31.02,pro,11,41,10,0,0,1,,274,0.9732952969197327,0.9438710732087322,-0.029424223711000508,1,1,sure_thing,0.2454,1,1,944,1
HELIOS-002486,3.3,23.56,basic,18,1,6,0,1,0,,60,0.9410949913471028,0.9544043871694255,0.013309395822322712,1,1,sure_thing,0.8118,1,1,100,0
HELIOS-002487,31.2,28.02,basic,1,264,1,0,0,0,,153,0.8334421081392889,0.539760989162243,-0.29368111897704585,1,1,sleeping_dog,0.8668,0,1,950,1
HELIOS-002488,22.5,17.3,basic,7,43,4,0,0,0,,167,0.9307114729080761,0.8641120715831647,-0.06659940132491138,1,1,sleeping_dog,0.2386,0,1,685,1
HELIOS-002489,13.1,45.02,pro,9,6,3,2,0,0,,182,0.8407136524333259,0.9197302610421527,0.07901660860882687,1,1,persuadable,0.9143,1,1,399,1
HELIOS-002490,30.9,18.27,basic,7,7,1,0,0,0,,237,0.9120610997543959,0.8586565370714001,-0.05340456268299576,1,1,sleeping_dog,0.1728,0,1,941,1
HELIOS-002491,28.4,11.8,basic,7,18,5,0,0,0,,192,0.9458054080334203,0.9220074882065515,-0.02379791982686874,1,1,sure_thing,0.346,0,1,864,1
HELIOS-002492,31.2,68.92,pro,3,365,3,2,0,0,,151,0.5743377177073865,0.42788040101528674,-0.14645731669209977,1,0,sleeping_dog,0.7718,1,0,950,1
HELIOS-002493,27.9,16.36,basic,6,3,3,0,0,0,,154,0.9517881029205408,0.9254017883803607,-0.026386314540180145,1,1,sure_thing,0.316,0,1,849,1
HELIOS-002494,31.2,19.4,basic,12,23,5,2,1,0,,363,0.8886894196460462,0.99,0.1013105803539538,0,1,persuadable,0.6748,1,1,950,1
HELIOS-002495,29.6,121.93,enterprise,6,13,0,1,0,0,,158,0.9273227148184036,0.9724179780925072,0.045095263274103625,1,1,sure_thing,0.1691,1,1,901,1
HELIOS-002496,10.9,14.5,basic,9,1,2,0,0,0,,85,0.9464463503245418,0.9121242324747262,-0.03432211784981565,1,1,sure_thing,0.1389,1,1,332,1
HELIOS-002497,5.6,55.8,pro,1,139,0,2,0,0,,14,0.6971305513316095,0.5931116348383786,-0.10401891649323092,1,1,sleeping_dog,0.9845,1,1,170,1
HELIOS-002498,31.2,45.6,pro,8,11,1,1,0,1,,292,0.9297674820441266,0.8792446454138514,-0.050522836630275236,0,0,sleeping_dog,0.4242,1,0,950,1
HELIOS-002499,19.9,17.35,basic,8,5,1,1,1,0,7.0,194,0.8470150580024004,0.955177302094454,0.10816224409205355,1,1,persuadable,0.9111,1,1,606,1
HELIOS-002500,24.1,39.94,pro,11,56,6,1,1,0,8.0,293,0.8449390948345781,0.9650013757194326,0.12006228088485449,1,1,persuadable,0.62,1,1,734,1
HELIOS-002501,14.8,60.54,pro,12,2,9,0,0,1,,218,0.9796168895728814,0.9712056868268135,-0.00841120274606788,1,1,sure_thing,0.9349,1,1,451,0
HELIOS-002502,19.9,126.11,enterprise,5,72,1,1,0,1,,134,0.9077858076454025,0.7947720899531937,-0.1130137176922088,1,1,sleeping_dog,0.2211,1,1,606,1
HELIOS-002503,31.2,112.55,enterprise,8,88,5,0,0,0,,253,0.9744416434926119,0.84200826091421,-0.13243338257840187,1,1,sleeping_dog,0.1443,1,1,950,1
HELIOS-002504,19.1,26.04,basic,14,9,6,0,0,0,,249,0.9619567699368736,0.9489005236771373,-0.013056246259736337,0,0,sure_thing,0.154,0,0,581,1
HELIOS-002505,25.8,39.02,pro,6,37,1,0,0,0,7.0,220,0.9128496701751345,0.8022836968371276,-0.11056597333800688,1,1,sleeping_dog,0.5071,0,1,785,0
HELIOS-002506,10.3,47.02,pro,14,1,9,1,0,0,,129,0.9576740936840621,0.9705585597932874,0.012884466109225334,1,1,sure_thing,0.562,1,1,314,1
HELIOS-002507,13.9,53.89,pro,6,37,5,2,0,0,5.0,131,0.9262779586202908,0.99,0.06372204137970916,1,1,persuadable,0.7797,1,1,423,1
HELIOS-002508,25.8,21.1,basic,14,49,8,1,0,0,10.0,335,0.9537653157204153,0.9492211308211046,-0.004544184899310744,1,1,sure_thing,0.2242,0,1,785,1
HELIOS-002509,16.8,17.67,basic,5,0,0,1,0,0,,90,0.8596362484698273,0.846948653124474,-0.012687595345353353,1,1,lost_cause,0.8543,1,1,511,1
HELIOS-002510,16.2,15.11,basic,4,110,1,0,1,1,,96,0.8030896852274368,0.59004999436787,-0.21303969085956687,1,0,sleeping_dog,0.9217,1,0,493,1
HELIOS-002511,30.3,107.41,enterprise,15,77,4,0,0,0,8.0,375,0.9746981934044968,0.8385661181876675,-0.13613207521682935,1,1,sleeping_dog,0.0894,1,1,922,1
HELIOS-002512,12.2,61.62,pro,3,47,4,1,0,1,,90,0.8953144486628943,0.8500929149532095,-0.04522153370968485,1,1,lost_cause,0.8706,1,1,371,1
HELIOS-002513,18.2,102.05,enterprise,25,4,17,1,0,1,,413,0.99,0.99,0.0,1,1,sure_thing,0.2511,1,1,554,1
HELIOS-002514,18.4,17.73,basic,6,46,6,0,0,0,,266,0.9553308906331767,0.9128987224878986,-0.04243216814527806,1,1,sure_thing,0.4871,1,1,560,1
HELIOS-002515,21.1,60.63,pro,3,36,5,0,0,0,7.0,115,0.9484393372515423,0.9129725091537154,-0.035466828097826864,1,1,sure_thing,0.2223,0,1,642,1
HELIOS-002516,31.2,24.45,basic,11,1,12,1,0,0,9.0,404,0.948552634094547,0.9603575188586335,0.011804884764086476,1,1,sure_thing,0.6086,0,1,950,1
HELIOS-002517,27.9,46.17,pro,7,38,6,0,0,0,,206,0.955193913291913,0.9240118656999259,-0.031182047591987172,1,1,sure_thing,0.4902,1,1,849,1
HELIOS-002518,31.2,64.79,pro,9,9,6,1,0,1,,316,0.9580602264560394,0.9699366975371142,0.011876471081074813,1,1,sure_thing,0.8502,1,1,950,1
HELIOS-002519,31.2,35.82,pro,4,15,5,0,0,0,,225,0.9490619953391451,0.9303247172077814,-0.01873727813136372,1,1,sure_thing,0.4054,1,1,950,1
HELIOS-002520,31.2,80.57,pro,12,12,6,0,0,0,10.0,377,0.9857277345641225,0.9757797187384266,-0.009948015825695933,1,1,sure_thing,0.1372,1,1,950,1
HELIOS-002521,31.2,48.86,pro,15,1,6,0,1,0,,436,0.9500910126631394,0.9795566204794149,0.029465607816275496,1,1,sure_thing,0.3089,0,1,950,1
HELIOS-002522,30.5,20.56,basic,4,114,2,1,1,0,8.0,94,0.6957398159260341,0.7088645146160157,0.013124698689981673,1,1,lost_cause,0.5877,1,1,928,1
HELIOS-002523,8.4,23.41,basic,3,87,4,0,0,0,5.0,48,0.8842832719147018,0.7196293250343848,-0.16465394688031698,1,1,sleeping_dog,0.9745,1,1,256,1
HELIOS-002524,12.7,24.57,basic,11,22,1,1,0,1,6.0,100,0.8873861279901534,0.8040897624115206,-0.08329636557863274,1,1,sleeping_dog,0.4631,1,1,387,1
HELIOS-002525,3.8,23.04,basic,18,23,4,0,0,1,,64,0.9644254014269465,0.8764869918672858,-0.0879384095596607,1,1,sleeping_dog,0.4751,1,1,116,1
HELIOS-002526,29.9,54.3,pro,12,0,4,0,0,1,,313,0.974671146993058,0.9291324394413575,-0.04553870755170053,1,1,sure_thing,0.5768,1,1,910,1
HELIOS-002527,31.2,136.66,enterprise,17,13,6,0,0,0,,452,0.988460974085219,0.9838289952378902,-0.004631978847328799,1,1,sure_thing,0.6265,1,1,950,1
HELIOS-002528,27.9,49.17,pro,14,4,5,0,0,1,8.0,376,0.9793370141501886,0.9397550507935429,-0.039581963356645655,1,1,sure_thing,0.1971,1,1,849,0
HELIOS-002529,12.0,13.03,basic,13,5,5,1,0,0,,119,0.9192058184797387,0.9196011618843761,0.0003953434046374271,1,1,lost_cause,0.3335,0,1,365,1
HELIOS-002530,18.5,45.85,pro,5,102,3,1,2,1,,91,0.5838741181581796,0.7964819700152703,0.21260785185709075,1,1,persuadable,0.9729,1,1,563,0
HELIOS-002531,9.9,49.43,pro,19,25,3,0,0,0,,143,0.9496185318107002,0.8962100103252661,-0.05340852148543407,1,1,sleeping_dog,0.6538,1,1,301,1
HELIOS-002532,26.5,21.87,basic,2,145,2,0,0,1,,114,0.849173226495352,0.5607326653851077,-0.2884405611102443,0,0,sleeping_dog,0.8028,1,0,807,1
HELIOS-002533,24.8,15.8,basic,20,11,10,0,0,0,,448,0.9849844582797938,0.9811485712636682,-0.003835887016125583,1,1,sure_thing,0.0328,0,1,755,1
HELIOS-002534,27.3,20.61,basic,17,16,5,0,0,0,10.0,370,0.9797819875102393,0.9562248961136451,-0.02355709139659412,1,1,sure_thing,0.7175,1,1,831,1
HELIOS-002535,14.0,39.0,pro,13,56,6,1,0,0,,153,0.9155875888784218,0.8990284701887826,-0.01655911868963922,1,1,lost_cause,0.3223,0,1,426,1
HELIOS-002536,31.2,63.13,pro,29,7,9,0,0,0,,772,0.99,0.9897449498998162,-0.0002550501001837846,1,1,sure_thing,0.602,1,1,950,1
HELIOS-002537,31.2,21.87,basic,3,4,4,0,0,0,,240,0.9707490099658318,0.9523077495318539,-0.01844126043397787,1,0,sure_thing,0.8297,1,0,950,1
HELIOS-002538,26.2,18.32,basic,13,51,4,1,1,1,6.0,279,0.8957626551557889,0.9479670788615956,0.05220442370580669,1,1,persuadable,0.5042,1,1,798,1
HELIOS-002539,20.7,44.16,pro,5,2,5,0,0,0,,126,0.9464102095632307,0.9361108647816097,-0.01029934478162109,1,1,sure_thing,0.158,0,1,630,1
HELIOS-002540,23.6,163.34,enterprise,9,4,7,2,0,0,,335,0.9539499025740005,0.99,0.03605009742599952,1,1,sure_thing,0.0603,1,1,718,1
HELIOS-002541,7.8,48.94,pro,7,11,6,2,0,0,,77,0.8994564885664781,0.99,0.0905435114335219,1,1,persuadable,0.086,0,1,237,1
HELIOS-002542,31.2,52.43,pro,5,29,5,1,1,0,,315,0.8610398960336347,0.99,0.12896010396636526,1,1,persuadable,0.0969,0,1,950,1
HELIOS-002543,15.5,37.89,pro,5,2,5,0,1,0,7.0,126,0.8886654452726296,0.9397735682314887,0.05110812295885914,1,1,persuadable,0.5683,1,1,472,1
HELIOS-002544,4.9,26.49,basic,16,72,8,0,1,0,9.0,57,0.8727527886877829,0.8744441202154494,0.0016913315276664287,0,0,lost_cause,0.2215,0,0,149,0
HELIOS-002545,8.7,14.2,basic,13,28,9,1,0,1,,119,0.9190897131939709,0.9141677261917713,-0.00492198700219959,1,1,lost_cause,0.3937,1,1,265,1
HELIOS-002546,14.0,58.04,pro,16,0,9,3,0,1,8.0,213,0.8879036722156038,0.99,0.10209632778439615,1,1,persuadable,0.6488,0,1,426,1
HELIOS-002547,10.1,44.78,pro,6,37,1,1,0,1,,60,0.89560881484785,0.7916587043105289,-0.10395011053732117,1,1,sleeping_dog,0.2432,1,1,307,1
HELIOS-002548,20.2,20.87,basic,2,323,1,2,0,0,6.0,89,0.39039931103651926,0.18449117878375293,-0.20590813225276633,0,0,sleeping_dog,0.9965,1,0,615,1
HELIOS-002549,20.7,53.32,pro,12,15,4,0,2,0,,213,0.8545812669115035,0.99,0.1354187330884965,0,1,persuadable,0.4168,0,0,630,1
HELIOS-002550,21.1,52.61,pro,16,2,12,0,0,0,,465,0.9887949489645502,0.9896569932360069,0.0008620442714566412,1,1,sure_thing,0.0671,0,1,642,1
HELIOS-002551,31.2,28.86,basic,21,25,7,0,0,0,,408,0.9868060287825405,0.9694401844870466,-0.017365844295493926,1,1,sure_thing,0.0457,0,1,950,1
HELIOS-002552,20.0,60.95,pro,10,34,8,0,0,0,,210,0.9781928067844329,0.9652169689262344,-0.012975837858198447,1,1,sure_thing,0.2308,0,1,609,1
HELIOS-002553,14.0,13.02,basic,3,67,1,0,1,0,,106,0.780195363066451,0.7235334611697789,-0.056661901896672084,1,1,sleeping_dog,0.7654,1,1,426,1
HELIOS-002554,31.2,15.14,basic,12,19,6,0,1,0,,334,0.9472106170325396,0.9639233726525146,0.016712755619974984,1,1,sure_thing,0.3072,0,1,950,1
HELIOS-002555,24.5,26.08,basic,6,12,10,0,0,0,,204,0.9438423891936928,0.9427209293304761,-0.0011214598632166561,1,1,sure_thing,0.3735,1,1,746,1
HELIOS-002556,11.5,66.3,enterprise,3,44,1,0,1,0,5.0,49,0.7506066126562653,0.7891817124380412,0.03857509978177598,1,1,lost_cause,0.2088,0,1,350,1
HELIOS-002557,31.2,39.07,pro,4,29,3,1,0,1,6.0,155,0.93492487691326,0.8905120500782261,-0.04441282683503389,1,1,sure_thing,0.2178,0,1,950,1
HELIOS-002558,31.2,15.12,basic,14,71,6,0,0,0,7.0,360,0.9684504643778993,0.882609573201103,-0.08584089117679627,1,1,sleeping_dog,0.544,1,1,950,1
HELIOS-002559,31.2,159.31,enterprise,5,41,1,0,0,0,,245,0.9585328070848906,0.8792864076236484,-0.07924639946124223,1,1,sleeping_dog,0.0278,0,1,950,1
HELIOS-002560,31.2,37.09,pro,25,13,20,1,0,1,,674,0.99,0.99,0.0,1,1,sure_thing,0.4585,0,1,950,1
HELIOS-002561,8.7,25.8,basic,5,50,1,2,0,1,,41,0.7776936437483758,0.7567453000096641,-0.020948343738711683,1,1,lost_cause,0.9322,1,1,265,1
HELIOS-002562,31.2,15.94,basic,21,13,9,0,1,0,,512,0.9576755654480283,0.9671596771856541,0.009484111737625756,1,1,sure_thing,0.7418,1,1,950,1
HELIOS-002563,31.2,18.58,basic,13,4,7,1,0,0,10.0,397,0.9585658321070882,0.963845429366499,0.00527959725941074,1,1,sure_thing,0.3898,0,1,950,1
HELIOS-002564,26.2,17.29,basic,17,19,5,0,0,0,,417,0.9706033568698716,0.9445903744931273,-0.02601298237674432,1,1,sure_thing,0.136,0,1,798,1
HELIOS-002565,30.2,30.66,pro,1,2,3,1,0,1,6.0,150,0.9180641068710977,0.9139789554984454,-0.004085151372652307,0,0,lost_cause,0.4489,0,0,919,0
HELIOS-002566,9.2,16.47,basic,8,34,7,0,0,1,,104,0.9344868759084491,0.8788951793456002,-0.0555916965628489,1,1,sleeping_dog,0.77,1,1,280,1
HELIOS-002567,29.1,23.04,basic,13,2,3,1,0,1,,306,0.9626886899140416,0.9385030118189308,-0.02418567809511074,1,1,sure_thing,0.6268,0,1,886,1
HELIOS-002568,31.2,46.88,pro,10,2,4,1,0,0,,245,0.9705334073404148,0.9808135641810403,0.010280156840625443,1,1,sure_thing,0.4166,0,1,950,1
HELIOS-002569,16.6,29.42,basic,2,77,0,2,2,0,5.0,52,0.3812350041557632,0.6614732957861742,0.280238291630411,0,1,persuadable,0.9946,1,1,505,1
HELIOS-002570,9.1,13.57,basic,14,8,8,0,0,0,,123,0.9645735692997378,0.9581109213844569,-0.00646264791528095,1,1,sure_thing,0.3406,0,1,277,1
HELIOS-002571,23.4,19.2,basic,11,0,3,0,0,0,,202,0.9651786600570187,0.9403676018662808,-0.024811058190737922,1,1,sure_thing,0.4232,1,1,712,1
HELIOS-002572,8.7,40.12,pro,21,20,11,0,0,0,,140,0.9772812358131721,0.9739631246456758,-0.0033181111674962516,1,1,sure_thing,0.2811,0,1,265,1
HELIOS-002573,28.6,43.79,pro,7,9,6,0,0,0,8.0,418,0.9755943426318398,0.9655170977617845,-0.010077244870055235,1,1,sure_thing,0.0982,0,1,871,1
HELIOS-002574,12.0,16.25,basic,4,61,7,2,0,1,,96,0.8194757871386342,0.8652891383852678,0.04581335124663355,0,0,lost_cause,0.5722,0,0,365,1
HELIOS-002575,31.1,21.43,basic,5,76,3,0,0,0,,217,0.9289195926303679,0.7674838376609944,-0.16143575496937357,0,0,sleeping_dog,0.9238,1,0,947,0
HELIOS-002576,10.6,23.32,basic,10,2,7,0,0,0,,120,0.9589935198284704,0.9526865118354712,-0.006307007992999214,1,1,sure_thing,0.2158,1,1,323,1
HELIOS-002577,15.8,12.81,basic,7,26,5,1,0,0,,107,0.9345171244592171,0.9322983638228051,-0.0022187606364120205,1,1,sure_thing,0.098,0,1,481,1
HELIOS-002578,31.2,21.08,basic,1,114,1,0,0,0,,113,0.9077558528058073,0.6463854579553154,-0.26137039485049185,1,1,sleeping_dog,0.6783,1,1,950,1
HELIOS-002579,10.0,113.23,enterprise,7,5,4,2,2,0,,78,0.7308256767489643,0.99,0.25917432325103573,1,1,persuadable,0.9602,1,1,304,1
HELIOS-002580,23.4,94.18,enterprise,31,3,9,1,0,0,,437,0.99,0.99,0.0,1,1,sure_thing,0.0954,0,1,712,1
HELIOS-002581,29.6,19.78,basic,20,7,5,0,1,0,,469,0.9749348452344817,0.9825249988807407,0.007590153646259035,1,1,sure_thing,0.2254,0,1,901,1
HELIOS-002582,6.4,40.75,pro,9,14,5,0,0,0,,60,0.9651461902728115,0.9456497766255955,-0.019496413647215993,1,1,sure_thing,0.8322,1,1,195,1
HELIOS-002583,20.8,17.29,basic,1,365,2,0,0,1,4.0,57,0.7524012167626911,0.45736239975173143,-0.2950388170109597,1,0,sleeping_dog,0.9498,1,0,633,1
HELIOS-002584,28.0,60.52,pro,1,75,2,0,0,0,,112,0.934168335269538,0.7598600614793763,-0.17430827379016167,1,0,sleeping_dog,0.4948,0,1,852,1
HELIOS-002585,4.5,41.05,pro,14,28,9,1,1,0,,78,0.8932151171492714,0.99,0.09678488285072862,1,1,persuadable,0.4228,0,1,137,1
HELIOS-002586,20.0,17.98,basic,12,149,2,0,0,0,9.0,179,0.9208944419793713,0.6381438683570355,-0.2827505736223358,1,0,sleeping_dog,0.2723,1,0,609,1
HELIOS-002587,29.3,21.13,basic,11,4,4,0,0,0,,316,0.9747534880914104,0.9540726530880853,-0.02068083500332507,1,1,sure_thing,0.2797,1,1,892,1
HELIOS-002588,29.8,40.62,pro,7,46,4,1,0,0,9.0,203,0.924051339255999,0.9076963488744226,-0.016354990381576395,1,1,sure_thing,0.6389,1,1,907,1
HELIOS-002589,31.2,46.44,pro,8,21,5,0,1,0,10.0,344,0.9123673143709649,0.9554282770246821,0.04306096265371728,1,1,lost_cause,0.7875,1,1,950,1
HELIOS-002590,25.0,20.96,basic,7,39,2,1,0,1,,170,0.8961795744537733,0.7992387156049123,-0.09694085884886094,1,1,sleeping_dog,0.3217,0,1,761,1
HELIOS-002591,31.2,15.08,basic,8,10,5,0,0,0,7.0,255,0.9614583235104195,0.9433498804480628,-0.018108443062356705,1,1,sure_thing,0.4588,0,1,950,1
HELIOS-002592,31.2,48.47,pro,4,12,2,2,1,0,,182,0.8640901710741645,0.99,0.12590982892583547,0,0,persuadable,0.528,0,0,950,1
HELIOS-002593,20.8,37.81,pro,1,224,1,1,0,1,4.0,18,0.7007701670393733,0.4361436402904976,-0.2646265267488757,0,0,sleeping_dog,0.8542,1,0,633,1
HELIOS-002594,8.9,41.31,pro,3,40,1,0,2,1,6.0,44,0.7222278977435191,0.9164131391944134,0.19418524145089422,1,1,persuadable,0.8746,1,1,271,1
HELIOS-002595,12.4,46.39,pro,2,12,4,0,0,0,9.0,74,0.9044301692408913,0.8829649966611027,-0.021465172579788527,0,0,lost_cause,0.4694,0,0,377,1
HELIOS-002596,19.8,18.4,basic,16,5,6,0,0,0,7.0,312,0.9703978043934721,0.9585915487645946,-0.011806255628877493,1,1,sure_thing,0.4154,1,1,603,1
HELIOS-002597,19.0,16.44,basic,22,18,8,0,0,0,,418,0.9861810136466467,0.9759537223401983,-0.010227291306448394,1,1,sure_thing,0.1615,0,1,578,1
HELIOS-002598,20.2,28.22,basic,0,76,4,0,1,0,5.0,74,0.6690808380848982,0.673276369181062,0.004195531096163885,0,0,lost_cause,0.9852,1,0,615,1
HELIOS-002599,31.2,48.48,pro,4,19,3,1,0,0,4.0,135,0.9283962812556739,0.9382339101351439,0.00983762887947004,1,1,sure_thing,0.7686,1,1,950,1
HELIOS-002600,16.6,147.64,enterprise,3,35,1,1,0,0,,111,0.9422897858003705,0.99,0.04771021419962951,1,1,sure_thing,0.6848,1,1,505,1
HELIOS-002601,24.5,16.54,basic,14,23,14,0,0,0,9.0,369,0.981969775321329,0.981536960534726,-0.00043281478660295303,1,1,sure_thing,0.5923,1,1,746,1
HELIOS-002602,28.7,14.62,basic,13,6,5,0,0,1,10.0,476,0.9746109968973515,0.9311930084350136,-0.04341798846233791,1,1,sure_thing,0.0317,0,1,874,1
HELIOS-002603,17.3,148.87,enterprise,4,38,3,0,0,0,,99,0.938283190999347,0.9021731023287974,-0.036110088670549545,1,1,sure_thing,0.1482,0,1,527,1
HELIOS-002604,26.7,42.44,pro,8,8,2,0,1,0,6.0,247,0.9424483393447427,0.9766628127228361,0.03421447337809336,1,1,sure_thing,0.6426,1,1,813,1
HELIOS-002605,31.2,62.01,pro,4,31,8,1,1,0,7.0,257,0.8718577264288964,0.99,0.11814227357110363,1,1,persuadable,0.4445,0,1,950,1
HELIOS-002606,25.6,53.46,pro,7,36,11,1,1,0,,247,0.8933518671591624,0.99,0.09664813284083762,1,1,persuadable,0.1752,0,1,779,1
HELIOS-002607,22.5,15.52,basic,5,31,4,0,1,1,7.0,183,0.8703079332668701,0.8673252421951401,-0.0029826910717299926,0,0,lost_cause,0.0505,0,0,685,1
HELIOS-002608,10.5,16.8,basic,9,1,2,2,1,1,,55,0.8072424943799095,0.99,0.18275750562009052,0,1,persuadable,0.6318,0,0,320,1
HELIOS-002609,31.2,17.34,basic,2,75,4,0,0,0,8.0,156,0.9406527018021243,0.805510536609501,-0.13514216519262334,1,1,sleeping_dog,0.3598,0,1,950,1
HELIOS-002610,28.9,44.83,pro,6,46,3,1,0,0,,205,0.9434089692970836,0.9189349919387876,-0.02447397735829604,1,1,sure_thing,0.744,1,1,880,1
HELIOS-002611,23.0,45.67,pro,18,16,15,0,1,0,,518,0.9635023243040465,0.9881042293005373,0.024601904996490842,1,1,sure_thing,0.5929,1,1,700,1
HELIOS-002612,8.0,14.86,basic,9,64,9,0,0,0,,52,0.9164713554614418,0.8845995476780834,-0.03187180778335841,1,1,lost_cause,0.07,0,1,244,1
HELIOS-002613,31.2,35.51,pro,0,9,0,1,1,0,,94,0.8610864714076982,0.99,0.12891352859230176,1,1,persuadable,0.58,1,1,950,1
HELIOS-002614,31.2,16.2,basic,3,31,2,1,0,0,,247,0.9232452955492327,0.8998416714726567,-0.023403624076576035,1,1,sure_thing,0.1114,1,1,950,1
HELIOS-002615,31.2,52.88,pro,7,11,4,0,0,0,,233,0.9669822182384417,0.9444356615250604,-0.02254655671338124,1,1,sure_thing,0.6211,1,1,950,1
HELIOS-002616,3.2,15.36,basic,7,54,1,3,0,0,6.0,26,0.5967004012588084,0.744843387915569,0.14814298665676062,1,1,persuadable,0.8623,1,1,97,1
HELIOS-002617,4.9,15.96,basic,5,6,4,0,0,1,3.0,22,0.8991507267552833,0.8442838737074596,-0.05486685304782368,1,1,sleeping_dog,0.6394,0,1,149,1
HELIOS-002618,31.2,118.31,enterprise,18,14,5,1,0,0,10.0,414,0.984547490922915,0.99,0.005452509077084944,1,1,sure_thing,0.7529,1,1,950,1
HELIOS-002619,31.2,47.4,pro,22,7,15,0,0,0,8.0,661,0.99,0.99,0.0,1,1,sure_thing,0.1471,1,1,950,1
HELIOS-002620,9.9,44.96,pro,15,26,7,0,0,0,,103,0.9580005183063531,0.9415085349609951,-0.016491983345358063,1,1,sure_thing,0.0788,1,1,301,0
HELIOS-002621,31.2,41.25,pro,11,14,4,0,0,0,,364,0.9637865433683106,0.9360924435551397,-0.027694099813170947,1,1,sure_thing,0.3098,0,1,950,1
HELIOS-002622,31.2,16.0,basic,7,99,0,0,0,0,,152,0.9603540921706144,0.7025926667728377,-0.2577614253977767,1,1,sleeping_dog,0.9458,1,1,950,1
HELIOS-002623,16.0,39.43,pro,6,47,3,1,1,1,,104,0.7781478510265621,0.89423307118441,0.11608522015784783,1,1,persuadable,0.7748,1,1,487,1
HELIOS-002624,29.8,19.86,basic,21,12,3,0,0,0,6.0,366,0.9779394764487452,0.9403656883807525,-0.03757378806799272,1,1,sure_thing,0.3075,0,1,907,1
HELIOS-002625,31.2,30.95,basic,14,21,8,2,0,1,,353,0.9529621685439076,0.99,0.03703783145609241,1,1,sure_thing,0.7054,1,1,950,1
HELIOS-002626,31.2,21.28,basic,9,25,7,0,0,0,,308,0.9599672262963953,0.9441848634059957,-0.01578236289039958,1,0,sure_thing,0.6369,1,0,950,1
HELIOS-002627,31.2,11.74,basic,13,9,5,0,0,0,,405,0.9827193460073813,0.9642291451966021,-0.018490200810779234,1,1,sure_thing,0.7185,1,1,950,1
HELIOS-002628,22.4,47.01,pro,2,29,4,0,1,0,,114,0.9010638819589608,0.9629970482759288,0.06193316631696799,0,1,persuadable,0.5132,1,1,682,1
HELIOS-002629,31.2,142.14,enterprise,4,2,1,1,1,0,,164,0.9305313323536886,0.99,0.059468667646311424,1,1,persuadable,0.2142,1,1,950,1
HELIOS-002630,18.5,25.44,basic,7,67,2,0,0,0,,127,0.930976188294981,0.7683904563554241,-0.16258573193955683,1,1,sleeping_dog,0.2565,0,1,563,1
HELIOS-002631,30.4,13.52,basic,4,9,3,1,0,1,,131,0.8920970172285188,0.8676542877165213,-0.02444272951199744,1,1,lost_cause,0.4618,0,1,925,1
HELIOS-002632,27.8,25.43,basic,5,6,6,1,1,0,6.0,269,0.8695122199189793,0.99,0.12048778008102068,1,1,persuadable,0.0494,0,1,846,1
HELIOS-002633,22.6,49.24,pro,1,177,1,0,0,0,5.0,126,0.88668375133125,0.600253327794884,-0.28643042353636594,1,1,sleeping_dog,0.656,1,1,688,1
HELIOS-002634,29.6,18.88,basic,3,36,2,1,1,1,,150,0.784017988622508,0.8914505061573519,0.10743251753484384,1,1,persuadable,0.724,0,1,901,1
HELIOS-002635,25.4,54.23,pro,1,40,2,0,1,0,4.0,126,0.8648863014628047,0.9169740620131234,0.05208776055031872,0,1,persuadable,0.7743,1,1,773,1
HELIOS-002636,1.5,36.88,pro,3,365,3,1,0,0,,5,0.5211682399882583,0.2505547346802383,-0.27061350530802003,0,0,sleeping_dog,0.9822,1,0,46,0
HELIOS-002637,15.0,58.5,pro,18,77,5,0,0,0,,160,0.9685306321532976,0.849376038242297,-0.11915459391100058,1,1,sleeping_dog,0.7986,1,1,457,1
HELIOS-002638,16.1,62.83,pro,8,17,4,0,0,0,6.0,149,0.9334971481252227,0.9060577743942919,-0.02743937373093075,1,1,sure_thing,0.2742,1,1,490,1
HELIOS-002639,31.2,32.67,pro,16,2,14,0,0,0,10.0,562,0.9885162405299143,0.9893924805404644,0.0008762400105500889,1,1,sure_thing,0.4609,1,1,950,1
HELIOS-002640,10.3,18.94,basic,4,13,2,1,1,0,,51,0.7964130709574686,0.9315147270066653,0.13510165604919666,1,1,persuadable,0.9269,1,1,314,1
HELIOS-002641,15.8,116.47,enterprise,16,44,8,0,0,0,10.0,172,0.9819364250600664,0.9662740092690151,-0.01566241579105132,1,1,sure_thing,0.4526,1,1,481,1
HELIOS-002642,11.4,17.37,basic,17,21,7,0,0,0,,197,0.9576998287862706,0.9426511358138936,-0.015048692972376987,1,1,sure_thing,0.5474,1,1,347,1
HELIOS-002643,7.3,47.29,pro,20,22,5,0,1,0,10.0,104,0.9531806563767188,0.9657035845772308,0.01252292820051204,1,1,sure_thing,0.1382,0,1,222,1
HELIOS-002644,22.5,15.87,basic,3,236,2,1,0,0,,140,0.6403793001720672,0.362675460193688,-0.2777038399783792,0,0,sleeping_dog,0.9035,1,0,685,1
HELIOS-002645,8.6,21.97,basic,5,19,4,0,0,0,8.0,56,0.9399036110924384,0.9077526595989476,-0.03215095149349079,1,1,sure_thing,0.5506,1,1,262,1
HELIOS-002646,3.8,55.1,pro,2,18,4,1,1,0,,13,0.7410927193752203,0.9405462418457963,0.19945352247057602,1,1,persuadable,0.9549,1,1,116,1
HELIOS-002647,4.6,24.64,basic,16,5,7,0,1,0,8.0,77,0.884758901102935,0.9018640213969711,0.017105120294036102,0,0,lost_cause,0.5922,0,0,140,1
HELIOS-002648,11.7,41.39,pro,16,29,6,1,0,0,,143,0.9667066250193358,0.9649588640165002,-0.0017477610028355794,1,1,sure_thing,0.3888,0,1,356,1
HELIOS-002649,20.3,54.85,pro,5,134,0,0,1,0,,82,0.8111388762606974,0.6247967451442007,-0.18634213111649667,1,1,sleeping_dog,0.8443,1,1,618,1
HELIOS-002650,12.6,15.17,basic,15,31,11,0,0,0,,137,0.9726220083784171,0.9672799231958658,-0.005342085182551304,1,1,sure_thing,0.0074,0,1,384,1
HELIOS-002651,10.4,40.06,pro,1,298,2,1,1,1,,26,0.35426774232164326,0.24558092601081782,-0.10868681631082544,0,0,sleeping_dog,0.9931,1,0,317,1
HELIOS-002652,21.4,59.31,pro,16,13,5,0,0,0,,199,0.9864707254576165,0.9668769726273594,-0.019593752830257105,1,1,sure_thing,0.45,0,1,651,1
HELIOS-002653,1.0,56.41,pro,7,7,0,1,1,1,,3,0.8036369020122694,0.9503618844394491,0.14672498242717968,1,1,persuadable,0.5248,1,1,30,1
HELIOS-002654,31.2,22.12,basic,8,11,6,1,0,0,,408,0.9267349502058639,0.9346223989980319,0.007887448792167961,1,1,sure_thing,0.0265,0,1,950,1
HELIOS-002655,31.2,17.79,basic,2,26,3,1,1,0,,191,0.8544655906632471,0.99,0.13553440933675287,1,1,persuadable,0.7383,1,1,950,1
HELIOS-002656,24.5,22.34,basic,27,7,16,2,1,1,,689,0.9649865634080925,0.99,0.025013436591907467,1,1,sure_thing,0.2018,0,1,746,1
HELIOS-002657,31.2,26.34,basic,0,148,3,0,1,0,6.0,159,0.8560216496304017,0.682304299700313,-0.1737173499300887,1,0,sleeping_dog,0.3008,0,1,950,1
HELIOS-002658,25.7,160.22,enterprise,14,1,14,0,0,1,,401,0.9897730501000224,0.99,0.00022694989997762427,1,1,sure_thing,0.0026,0,1,782,1
HELIOS-002659,31.2,12.47,basic,5,55,2,3,0,0,,161,0.8081220513462481,0.9704976077588247,0.1623755564125765,1,1,persuadable,0.8817,1,1,950,1
HELIOS-002660,30.3,73.14,pro,2,40,3,3,0,1,6.0,146,0.7435429421177147,0.9773694153306961,0.23382647321298144,0,1,persuadable,0.7983,1,1,922,1
HELIOS-002661,10.9,43.93,pro,12,46,5,2,1,0,,129,0.7332473995622499,0.9685319846993072,0.2352845851370573,1,1,persuadable,0.8988,1,1,332,1
HELIOS-002662,7.2,18.34,basic,21,13,12,1,0,0,10.0,151,0.9688672930246288,0.9726368629737697,0.003769569949140905,1,1,sure_thing,0.5618,1,1,219,1
HELIOS-002663,18.0,19.16,basic,11,6,4,1,0,0,7.0,161,0.9344949206776065,0.9343620899505223,-0.00013283072708425436,1,1,sure_thing,0.3282,1,1,548,1
HELIOS-002664,24.7,36.17,basic,0,66,0,0,0,0,,125,0.9044074216621256,0.7050190236541796,-0.19938839800794605,1,0,sleeping_dog,0.6275,1,0,752,1
HELIOS-002665,17.8,45.3,pro,4,115,10,2,0,0,,165,0.8671921520966696,0.9526945112583578,0.08550235916168825,1,1,persuadable,0.1548,0,1,542,0
HELIOS-002666,31.2,143.63,enterprise,30,0,12,1,0,0,,572,0.99,0.99,0.0,1,1,sure_thing,0.1154,1,1,950,1
HELIOS-002667,21.8,53.89,pro,6,5,8,0,0,0,,260,0.952634895602742,0.9518640591375765,-0.0007708364651654032,1,1,sure_thing,0.2922,0,1,664,1
HELIOS-002668,14.2,29.69,basic,11,3,6,0,2,1,,171,0.8104492606066784,0.9893491875863317,0.1788999269796533,1,1,persuadable,0.6988,1,1,432,1
HELIOS-002669,27.7,61.56,pro,61,2,18,0,0,1,9.0,1161,0.99,0.99,0.0,1,1,sure_thing,0.1394,0,1,843,1
HELIOS-002670,24.5,38.52,pro,23,7,15,0,0,0,10.0,549,0.99,0.99,0.0,1,1,sure_thing,0.4125,1,1,746,1
HELIOS-002671,17.5,57.82,pro,12,21,4,1,0,1,9.0,221,0.9406577205984615,0.9162074388711668,-0.024450281727294687,1,1,sure_thing,0.2334,1,1,533,1
HELIOS-002672,31.2,22.87,basic,13,2,4,0,1,1,,362,0.9530497976239365,0.9598914160503836,0.006841618426447149,1,1,sure_thing,0.5232,1,1,950,1
HELIOS-002673,28.6,22.25,basic,10,3,3,0,0,0,7.0,269,0.9608909498669767,0.933872554990749,-0.027018394876227703,1,1,sure_thing,0.2312,1,1,871,1
HELIOS-002674,10.8,18.89,basic,17,4,11,0,0,0,,163,0.9841972464987438,0.9827283445477154,-0.0014689019510284451,1,1,sure_thing,0.1109,0,1,329,1
HELIOS-002675,31.2,69.11,pro,25,17,13,2,0,0,,707,0.9852865152264136,0.99,0.004713484773586352,1,1,sure_thing,0.258,1,1,950,1
HELIOS-002676,12.0,122.37,enterprise,6,46,4,1,1,0,,109,0.8800917931738831,0.99,0.1099082068261169,1,1,persuadable,0.5129,1,1,365,1
HELIOS-002677,31.2,21.55,basic,5,18,3,3,2,0,8.0,226,0.4448896466289693,0.7434933630284135,0.2986037163994442,1,1,persuadable,0.972,1,1,950,1
HELIOS-002678,31.1,41.61,pro,23,7,14,1,0,0,10.0,594,0.9829324772302863,0.9889955593524903,0.006063082122203967,1,1,sure_thing,0.6925,0,1,947,1
HELIOS-002679,31.2,15.84,basic,4,12,3,0,1,1,10.0,289,0.9291805401332273,0.9396473997082533,0.010466859575026022,1,1,sure_thing,0.7278,1,1,950,1
HELIOS-002680,15.0,108.86,enterprise,4,88,8,0,1,0,8.0,117,0.9028402400586663,0.99,0.08715975994133374,1,1,persuadable,0.6095,1,1,457,1
HELIOS-002681,9.6,24.23,basic,13,88,5,0,0,0,,95,0.895078152257786,0.748395204604132,-0.14668294765365397,1,0,sleeping_dog,0.5743,0,1,292,1
HELIOS-002682,31.2,43.24,pro,22,5,9,0,0,0,,523,0.9887804911735053,0.9848202111700088,-0.003960280003496464,1,1,sure_thing,0.3142,1,1,950,1
HELIOS-002683,31.2,214.56,enterprise,20,10,9,1,0,0,,519,0.988818638563075,0.99,0.0011813614369250436,1,1,sure_thing,0.0752,0,1,950,1
HELIOS-002684,16.6,19.9,basic,6,41,6,0,1,1,,196,0.9065592271481587,0.9129620163721422,0.006402789223983518,1,1,lost_cause,0.8611,1,1,505,1
HELIOS-002685,31.2,38.16,pro,17,8,9,1,0,0,,498,0.9728860369768875,0.9802437102871063,0.00735767331021886,0,1,sure_thing,0.0469,0,0,950,1
HELIOS-002686,14.7,115.73,enterprise,4,278,2,2,0,0,,73,0.5204444963832107,0.43198714773239655,-0.08845734865081412,0,0,sleeping_dog,0.994,1,0,447,1
HELIOS-002687,24.0,158.37,enterprise,12,36,7,2,0,0,9.0,367,0.9254466724512453,0.99,0.06455332754875465,1,1,persuadable,0.4328,1,1,731,1
HELIOS-002688,29.7,155.53,enterprise,9,24,8,0,0,0,,467,0.9811808340765081,0.99,0.008819165923491856,1,1,sure_thing,0.0408,0,1,904,1
HELIOS-002689,18.5,18.22,basic,17,4,12,1,1,1,,269,0.9496144822478241,0.99,0.040385517752175915,1,1,sure_thing,0.2529,0,1,563,1
HELIOS-002690,27.6,11.88,basic,26,8,13,0,0,0,,582,0.99,0.99,0.0,1,1,sure_thing,0.7305,1,1,840,0
HELIOS-002691,23.0,18.38,basic,20,7,12,0,1,0,,395,0.979611074831088,0.99,0.010388925168911989,1,1,sure_thing,0.32,0,1,700,1
HELIOS-002692,21.1,13.72,basic,8,47,5,0,0,0,4.0,157,0.947736642431213,0.8897085290485819,-0.05802811338263114,1,1,sleeping_dog,0.7172,1,1,642,1
HELIOS-002693,25.1,123.08,enterprise,19,1,7,1,0,0,,401,0.9751954539760759,0.99,0.014804546023924114,1,1,sure_thing,0.4005,1,1,764,1
HELIOS-002694,18.7,22.13,basic,26,16,5,0,0,0,8.0,324,0.9811024458914812,0.9568210904047031,-0.024281355486778122,1,1,sure_thing,0.8143,1,1,569,1
HELIOS-002695,31.2,48.84,pro,11,0,7,0,0,0,,354,0.9773189906849679,0.9728714806768173,-0.004447510008150579,1,1,sure_thing,0.7912,1,1,950,1
HELIOS-002696,31.2,16.92,basic,32,2,13,0,1,0,,722,0.9892857116913386,0.99,0.0007142883086613816,1,1,sure_thing,0.2631,1,1,950,0
HELIOS-002697,31.2,15.4,basic,3,18,3,1,1,1,,216,0.8082052192531338,0.9341025559945735,0.12589733674143966,0,1,persuadable,0.68,0,0,950,1
HELIOS-002698,13.2,62.58,pro,10,0,3,1,0,0,6.0,117,0.9504656065084116,0.9645597027783579,0.014094096269946288,1,1,sure_thing,0.6802,1,1,402,1
HELIOS-002699,14.6,31.96,pro,3,2,2,1,0,0,7.0,106,0.9057609005389163,0.9142624167048466,0.008501516165930312,1,1,lost_cause,0.3788,0,1,444,1
HELIOS-002700,7.0,19.14,basic,2,232,2,0,1,0,,12,0.5759497349945956,0.3307049191464995,-0.24524481584809604,1,0,sleeping_dog,0.9203,1,0,213,1
HELIOS-002701,14.4,112.08,enterprise,14,28,6,0,0,0,,243,0.9717529301517601,0.9547619148585067,-0.01699101529325342,1,1,sure_thing,0.4529,1,1,438,1
HELIOS-002702,31.2,44.7,pro,4,57,0,1,0,1,,219,0.9139510478740517,0.7437465575403179,-0.17020449033373375,1,0,sleeping_dog,0.1694,0,1,950,1
HELIOS-002703,25.7,46.65,pro,10,40,1,0,1,1,6.0,184,0.9277572302863004,0.8661554874478037,-0.06160174283849673,1,1,sleeping_dog,0.1215,1,1,782,1
HELIOS-002704,12.0,11.26,basic,28,0,16,0,0,0,,309,0.99,0.99,0.0,1,1,sure_thing,0.2548,0,1,365,1
HELIOS-002705,9.1,21.33,basic,8,18,2,0,1,1,,77,0.8672423537245691,0.8525210909846598,-0.014721262739909369,1,1,lost_cause,0.6154,0,1,277,1
HELIOS-002706,20.6,18.31,basic,12,5,5,0,1,0,,196,0.9521011536521357,0.9710337864342745,0.01893263278213886,1,1,sure_thing,0.1194,0,1,627,1
HELIOS-002707,22.1,25.13,basic,7,32,2,0,2,0,7.0,163,0.7856741646532851,0.9747314943494794,0.18905732969619427,1,1,persuadable,0.9315,0,1,673,1
HELIOS-002708,31.2,45.0,pro,20,12,9,0,0,1,,539,0.9893083761365437,0.9733293480389911,-0.015979028097552583,1,1,sure_thing,0.1223,0,1,950,1
HELIOS-002709,14.4,23.84,basic,1,29,0,1,1,0,,71,0.673667887154996,0.818205539210197,0.14453765205520097,1,1,persuadable,0.7711,1,1,438,1
HELIOS-002710,24.8,18.15,basic,25,0,5,0,0,0,,524,0.9871460359088259,0.9726162689281386,-0.014529766980687309,1,1,sure_thing,0.2262,0,1,755,1
HELIOS-002711,31.1,22.82,basic,1,78,1,0,0,0,,96,0.9488774961877785,0.7417803698518525,-0.20709712633592603,1,1,sleeping_dog,0.8209,1,1,947,1
HELIOS-002712,12.6,14.93,basic,7,111,5,0,0,0,,82,0.8976082092906926,0.6970743921148673,-0.2005338171758253,1,1,sleeping_dog,0.2571,0,1,384,1
HELIOS-002713,31.2,33.16,basic,1,62,1,1,0,0,,128,0.8433441704634627,0.7570708459054951,-0.08627332455796755,1,0,sleeping_dog,0.9043,1,0,950,1
HELIOS-002714,20.3,43.29,pro,9,46,3,2,0,0,,145,0.892169028363271,0.950757719893657,0.05858869153038593,1,1,persuadable,0.5028,1,1,618,1
HELIOS-002715,31.2,94.42,enterprise,3,24,4,1,0,0,,294,0.9423771589930534,0.99,0.04762284100694658,1,1,sure_thing,0.2205,1,1,950,1
HELIOS-002716,24.4,18.63,basic,7,17,0,0,0,0,10.0,176,0.930634869966381,0.8420850727860894,-0.08854979718029166,1,1,sleeping_dog,0.0402,1,1,743,1
HELIOS-002717,8.1,13.25,basic,10,12,5,4,0,0,,84,0.6837465379549329,0.9372087872354923,0.2534622492805594,0,1,persuadable,0.9783,1,1,247,0
HELIOS-002718,31.2,20.62,basic,2,27,3,2,0,1,5.0,314,0.9024263366604417,0.9601337390147818,0.05770740235434013,1,1,persuadable,0.6763,0,1,950,1
HELIOS-002719,31.2,43.44,pro,6,126,1,2,0,1,5.0,213,0.8286919176213308,0.6681249644325256,-0.1605669531888052,1,1,sleeping_dog,0.3206,0,1,950,1
HELIOS-002720,31.2,85.01,pro,6,17,4,0,0,0,,187,0.9727706611515802,0.9503858876615069,-0.022384773490073284,1,1,sure_thing,0.5392,1,1,950,1
HELIOS-002721,26.1,56.53,pro,7,18,3,0,0,0,,260,0.9505823566820486,0.9111553164917843,-0.03942704019026433,1,1,sure_thing,0.4086,0,1,794,1
HELIOS-002722,7.4,44.07,pro,9,23,8,1,0,0,,73,0.9216214385398265,0.9366623673208254,0.015040928780998941,1,1,sure_thing,0.5215,1,1,225,1
HELIOS-002723,15.9,50.25,pro,8,66,6,2,0,0,,168,0.8996664393370147,0.9774905769570785,0.0778241376200638,1,1,persuadable,0.8925,1,1,484,1
HELIOS-002724,5.4,22.54,basic,37,2,9,0,0,1,,105,0.9880197131322113,0.9753461657002211,-0.012673547431990118,1,1,sure_thing,0.0486,0,1,164,1
HELIOS-002725,18.0,164.49,enterprise,16,26,8,1,0,0,8.0,220,0.9589806090900467,0.99,0.031019390909953315,1,1,sure_thing,0.2378,1,1,548,1
HELIOS-002726,19.3,54.15,pro,17,9,8,0,0,0,,322,0.984944191017107,0.9793032486157647,-0.005640942401342275,1,1,sure_thing,0.3351,0,1,587,1
HELIOS-002727,31.2,16.46,basic,9,10,5,0,0,0,,308,0.9696635384425671,0.9514087766983451,-0.018254761744222026,1,1,sure_thing,0.6189,1,1,950,1
HELIOS-002728,21.4,54.1,pro,2,91,2,0,0,1,7.0,100,0.9267937110531758,0.6713052469219847,-0.2554884641311911,1,1,sleeping_dog,0.6291,1,1,651,1
HELIOS-002729,31.2,13.66,basic,8,33,3,2,0,0,,311,0.878400821902499,0.9195233461208928,0.0411225242183938,1,1,lost_cause,0.2877,0,1,950,1
HELIOS-002730,31.2,16.79,basic,15,0,6,1,0,0,,404,0.9668071555205457,0.9695383944749586,0.0027312389544128512,1,1,sure_thing,0.1798,0,1,950,1
HELIOS-002731,31.2,53.28,pro,3,14,6,2,0,1,7.0,92,0.9122824130316399,0.99,0.07771758696836006,1,1,persuadable,0.2202,0,1,950,1
HELIOS-002732,10.7,16.84,basic,2,2,4,1,0,0,,65,0.8668321258894408,0.878925974534297,0.012093848644856187,1,1,lost_cause,0.0283,0,1,326,1
HELIOS-002733,31.2,113.56,enterprise,4,1,2,1,1,0,,172,0.8507056255409458,0.99,0.13929437445905424,1,1,persuadable,0.4308,0,1,950,1
HELIOS-002734,11.4,13.96,basic,14,1,7,0,0,0,,122,0.9444011065260353,0.9373219227040115,-0.007079183822023771,1,1,sure_thing,0.8088,0,1,347,1
HELIOS-002735,31.2,13.37,basic,13,14,10,0,0,0,,265,0.9763069666744068,0.972683364036128,-0.0036236026382787667,1,1,sure_thing,0.0818,0,1,950,1
HELIOS-002736,26.9,46.93,pro,9,16,6,0,0,1,,346,0.9732301978287141,0.9316978896362123,-0.041532308192501866,1,1,sure_thing,0.6009,0,1,819,1
HELIOS-002737,15.3,25.62,basic,13,24,5,1,0,0,9.0,194,0.9512651595587813,0.9470015536706886,-0.004263605888092714,1,1,sure_thing,0.1618,0,1,466,1
HELIOS-002738,18.8,25.06,basic,16,8,3,0,0,1,,142,0.9694445363723995,0.8931114124536886,-0.07633312391871083,1,1,sleeping_dog,0.3055,0,1,572,0
HELIOS-002739,31.2,18.07,basic,18,18,19,0,0,1,,728,0.9834432767924282,0.9836447756118037,0.00020149881937558956,1,1,sure_thing,0.378,1,1,950,1
HELIOS-002740,31.2,19.18,basic,12,9,7,0,0,0,,405,0.977845353735832,0.9687161723169367,-0.009129181418895294,1,1,sure_thing,0.5338,0,1,950,1
HELIOS-002741,15.7,22.96,basic,4,31,2,0,0,0,,153,0.9168754031175376,0.8390638256126212,-0.07781157750491641,1,1,sleeping_dog,0.146,0,1,478,1
HELIOS-002742,12.5,20.97,basic,2,13,4,0,0,1,,71,0.9080186018630617,0.8428977689788748,-0.06512083288418691,1,1,sleeping_dog,0.7325,1,1,380,1
HELIOS-002743,31.2,19.05,basic,7,20,4,0,0,1,,219,0.9695085695933081,0.8894386123645545,-0.08006995722875365,1,1,sleeping_dog,0.8405,1,1,950,1
HELIOS-002744,6.0,24.83,basic,1,57,2,1,1,0,,27,0.7519091831654204,0.8899987977054113,0.1380896145399909,1,1,persuadable,0.9397,1,1,183,1
HELIOS-002745,15.1,43.52,pro,6,56,1,1,1,1,,132,0.7972327106264859,0.8729982822572666,0.07576557163078068,0,0,persuadable,0.9495,1,0,460,1
HELIOS-002746,10.3,194.49,enterprise,6,95,5,0,1,1,,42,0.9054739631284742,0.99,0.08452603687152582,1,1,persuadable,0.6798,1,1,314,0
HELIOS-002747,15.2,36.18,pro,17,3,10,0,0,0,,282,0.9721851417273266,0.970356614520692,-0.0018285272066346225,1,1,sure_thing,0.504,1,1,463,0
HELIOS-002748,14.1,20.39,basic,3,67,1,1,1,0,,84,0.6911708990120696,0.7871606403467002,0.09598974133463056,1,1,persuadable,0.6254,0,1,429,1
HELIOS-002749,31.2,33.24,basic,4,18,5,2,0,0,5.0,230,0.8727929819478719,0.9653763891393846,0.0925834071915127,1,1,persuadable,0.8449,1,1,950,1
HELIOS-002750,10.4,19.67,basic,1,67,3,3,0,1,6.0,73,0.5998262486780138,0.758565745997411,0.15873949731939718,1,1,persuadable,0.9763,1,1,317,1
HELIOS-002751,31.2,56.36,pro,12,17,8,0,0,0,9.0,475,0.9829319870821716,0.9763868325290214,-0.00654515455315019,1,1,sure_thing,0.1723,1,1,950,1
HELIOS-002752,31.2,14.61,basic,3,59,1,0,0,0,4.0,116,0.9574239922648998,0.7920364452471884,-0.1653875470177114,1,1,sleeping_dog,0.494,0,1,950,1
HELIOS-002753,31.2,55.06,pro,12,8,7,1,0,0,,433,0.9661697082803845,0.9814670820787256,0.015297373798341063,1,1,sure_thing,0.54,1,1,950,1
HELIOS-002754,15.5,64.04,pro,12,0,3,0,2,0,,149,0.889598100277922,0.99,0.10040189972207803,1,1,persuadable,0.478,0,1,472,1
HELIOS-002755,5.2,50.18,pro,6,14,7,1,0,0,,37,0.9197340648022039,0.9430883633460374,0.02335429854383353,1,1,lost_cause,0.8985,1,1,158,1
HELIOS-002756,31.2,21.24,basic,7,132,1,1,1,0,,248,0.8272754536600139,0.7568996311580735,-0.07037582250194041,0,0,sleeping_dog,0.8954,1,0,950,1
HELIOS-002757,31.2,128.7,enterprise,20,5,8,0,1,0,,439,0.9814875371845035,0.99,0.008512462815496447,1,1,sure_thing,0.1649,1,1,950,1
HELIOS-002758,3.7,18.17,basic,12,8,7,0,1,0,,46,0.8633456762338375,0.8844204052151527,0.02107472898131524,1,1,lost_cause,0.4095,0,1,113,1
HELIOS-002759,2.1,16.26,basic,12,3,7,0,1,0,6.0,28,0.8771304977709802,0.8979016017413519,0.02077110397037174,1,1,lost_cause,0.1677,0,1,64,1
HELIOS-002760,17.0,165.45,enterprise,4,13,2,0,0,0,5.0,77,0.9631735897727198,0.9656799218193315,0.002506332046611659,1,1,sure_thing,0.8729,1,1,517,1
HELIOS-002761,31.2,16.42,basic,3,25,11,0,0,0,,209,0.9535149129369217,0.9520163561075757,-0.001498556829345965,1,1,sure_thing,0.1123,0,1,950,1
HELIOS-002762,31.2,19.94,basic,14,3,7,1,0,0,10.0,355,0.949096049386034,0.9539965016668878,0.004900452280853784,1,1,sure_thing,0.8792,1,1,950,1
HELIOS-002763,15.6,192.43,enterprise,1,114,5,1,0,0,,73,0.8805172252932867,0.9400570180466074,0.059539792753320664,1,1,persuadable,0.912,1,1,475,1
HELIOS-002764,13.0,60.46,pro,9,8,6,0,0,0,,138,0.9442388711345308,0.935429804929187,-0.008809066205343719,1,1,sure_thing,0.3471,1,1,396,0
HELIOS-002765,7.4,20.66,basic,4,67,4,0,0,0,,68,0.8765145831528919,0.7604065182158751,-0.11610806493701675,1,0,sleeping_dog,0.3748,0,1,225,1
HELIOS-002766,31.2,18.22,basic,9,12,17,0,0,0,,474,0.9806882038628058,0.9827234779700572,0.0020352741072514613,1,1,sure_thing,0.0931,0,1,950,1
HELIOS-002767,31.2,34.63,pro,8,36,9,1,0,1,,335,0.9551117111769931,0.9565600357752293,0.0014483245982361836,1,1,sure_thing,0.1168,1,1,950,1
HELIOS-002768,20.4,57.76,pro,4,11,6,0,0,1,,248,0.9594998860003427,0.9278154532924382,-0.03168443270790455,1,1,sure_thing,0.4114,1,1,621,1
HELIOS-002769,12.1,14.6,basic,7,12,2,0,1,0,,95,0.8313462458553726,0.8478443729059557,0.016498127050583067,1,1,lost_cause,0.7646,1,1,368,1
HELIOS-002770,17.4,23.19,basic,2,13,3,0,0,1,5.0,77,0.9018134973091417,0.8189833341302571,-0.08283016317888459,1,1,sleeping_dog,0.2886,0,1,530,1
HELIOS-002771,24.4,62.0,pro,36,1,14,1,0,0,,489,0.99,0.99,0.0,1,1,sure_thing,0.1429,0,1,743,1
HELIOS-002772,31.2,40.2,pro,22,9,16,0,0,0,10.0,465,0.99,0.99,0.0,1,1,sure_thing,0.0268,0,1,950,1
HELIOS-002773,19.4,48.14,pro,3,113,1,0,1,0,,112,0.8092040728592295,0.6747345094449559,-0.13446956341427352,1,1,sleeping_dog,0.3682,0,1,591,1
HELIOS-002774,29.4,44.99,pro,17,17,7,0,1,0,,367,0.9665256438501928,0.9887150904881767,0.022189446637983945,1,1,sure_thing,0.1535,0,1,895,1
HELIOS-002775,31.2,40.62,pro,7,5,8,1,0,0,,432,0.9667598161923489,0.9865347065250925,0.0197748903327436,1,1,sure_thing,0.5462,1,1,950,1
HELIOS-002776,5.3,14.47,basic,1,227,4,1,0,1,4.0,19,0.6312249224540544,0.3561638294563855,-0.2750610929976689,0,0,sleeping_dog,0.8414,1,0,161,1
HELIOS-002777,31.2,13.85,basic,7,26,3,0,0,0,8.0,263,0.9582687563086383,0.9041156554707355,-0.05415310083790281,1,1,sleeping_dog,0.1346,1,1,950,1
HELIOS-002778,14.5,181.43,enterprise,0,39,0,2,1,1,,34,0.7330345676098498,0.99,0.25696543239015024,1,1,persuadable,0.9617,1,1,441,1
HELIOS-002779,31.2,132.38,enterprise,13,14,6,0,0,0,,534,0.9841939992492031,0.9823722853702768,-0.0018217138789263787,1,1,sure_thing,0.3246,1,1,950,1
HELIOS-002780,19.5,18.51,basic,4,4,2,2,0,0,8.0,117,0.877847689792677,0.9494758366750177,0.07162814688234065,1,1,persuadable,0.774,1,1,594,1
HELIOS-002781,1.0,22.82,basic,4,6,1,2,1,1,,3,0.6071029256305938,0.8476484442943564,0.24054551866376261,1,1,persuadable,0.9802,1,1,30,1
HELIOS-002782,15.4,52.98,pro,12,16,5,1,0,0,,177,0.9300281898474166,0.9377374604894494,0.007709270642032751,1,1,sure_thing,0.1331,1,1,469,1
HELIOS-002783,13.0,14.01,basic,4,64,3,0,0,0,,115,0.902956239708445,0.7709925629495988,-0.13196367675884613,1,1,sleeping_dog,0.7229,0,1,396,1
HELIOS-002784,8.1,20.72,basic,40,1,16,0,1,0,10.0,240,0.9840055742505773,0.9865502053305765,0.002544631079999138,1,1,sure_thing,0.8858,0,1,247,1
HELIOS-002785,31.2,55.72,pro,26,0,10,0,1,0,10.0,720,0.9832943086995246,0.99,0.00670569130047538,1,1,sure_thing,0.7538,1,1,950,1
HELIOS-002786,7.4,24.49,basic,1,78,7,0,0,0,,39,0.9122263901848661,0.8351311743923042,-0.07709521579256184,1,1,sleeping_dog,0.5894,0,1,225,1
HELIOS-002787,11.5,12.63,basic,18,9,7,0,0,0,,202,0.9818689069816654,0.9717778574317031,-0.010091049549962317,1,1,sure_thing,0.0171,0,1,350,1
HELIOS-002788,31.2,13.9,basic,2,0,6,2,0,0,,346,0.9228902935946652,0.99,0.06710970640533476,1,1,persuadable,0.4978,0,1,950,1
HELIOS-002789,1.8,24.97,basic,33,16,9,0,0,0,,33,0.9877789184793843,0.9804762401902684,-0.007302678289115905,1,1,sure_thing,0.2911,1,1,55,1
HELIOS-002790,23.0,50.99,pro,8,78,1,0,0,0,,119,0.9223613383977032,0.7150322177679047,-0.20732912062979847,1,1,sleeping_dog,0.7968,0,1,700,1
HELIOS-002791,16.9,16.42,basic,32,4,12,0,0,0,,362,0.99,0.99,0.0,1,1,sure_thing,0.028,0,1,514,1
HELIOS-002792,31.2,20.32,basic,2,32,5,1,1,0,,209,0.86924506302714,0.99,0.12075493697286,1,1,persuadable,0.8348,0,1,950,1
HELIOS-002793,11.3,14.51,basic,9,54,4,0,0,0,,97,0.9157565272463923,0.8272556223562215,-0.08850090489017082,1,0,sleeping_dog,0.3137,0,1,344,1
HELIOS-002794,20.3,57.34,pro,5,265,0,0,0,0,4.0,80,0.8282566125475957,0.5360023538025549,-0.29225425874504085,1,0,sleeping_dog,0.8849,0,1,618,1
HELIOS-002795,13.4,56.21,pro,17,18,7,0,0,0,,267,0.9749407292945411,0.9628105235919848,-0.012130205702556296,1,1,sure_thing,0.0042,0,1,408,1
HELIOS-002796,31.2,49.43,pro,19,16,8,0,0,1,,397,0.99,0.9658555896657959,-0.024144410334204114,1,1,sure_thing,0.4285,0,1,950,1
HELIOS-002797,31.2,67.97,pro,6,31,2,2,0,0,,367,0.9307585347461282,0.99,0.05924146525387175,1,1,persuadable,0.3725,1,1,950,1
HELIOS-002798,13.3,16.03,basic,2,92,1,1,0,0,,64,0.7533989952124691,0.5842845820526681,-0.16911441315980102,1,1,sleeping_dog,0.6582,0,1,405,1
HELIOS-002799,18.5,17.16,basic,5,31,2,2,1,0,4.0,140,0.6760410525239011,0.9123274667309986,0.2362864142070975,1,1,persuadable,0.8625,1,1,563,1
HELIOS-002800,17.5,23.38,basic,4,15,3,0,0,0,5.0,190,0.9091449548377751,0.8714529534404721,-0.037692001397303,1,1,lost_cause,0.5458,1,1,533,1
HELIOS-002801,4.5,44.96,pro,4,87,2,1,1,0,8.0,25,0.6351680589038489,0.7418543269190158,0.1066862680151669,1,1,persuadable,0.9562,1,1,137,1
HELIOS-002802,31.2,38.96,pro,5,29,8,0,0,0,,299,0.9567383324151691,0.9463945010790644,-0.010343831336104725,1,1,sure_thing,0.7598,1,1,950,0
HELIOS-002803,7.8,39.83,pro,14,27,4,1,0,0,,118,0.9095918831733274,0.9003692285593172,-0.009222654614010173,1,1,lost_cause,0.5812,1,1,237,1
HELIOS-002804,29.6,20.63,basic,1,29,2,0,0,0,,151,0.9301762804557056,0.8572141397645271,-0.07296214069117846,1,0,sleeping_dog,0.7805,1,0,901,1
HELIOS-002805,2.5,17.63,basic,11,36,4,1,0,0,5.0,14,0.8702641695444903,0.8519884196181285,-0.018275749926361717,0,0,lost_cause,0.2117,1,0,76,1
HELIOS-002806,19.4,44.54,pro,3,362,0,1,0,0,5.0,55,0.6228684951183567,0.35632884168151446,-0.26653965343684227,1,0,sleeping_dog,0.89,1,0,591,1
HELIOS-002807,31.2,15.33,basic,8,12,5,1,0,0,,173,0.9273506270132166,0.9305012587234729,0.003150631710256313,1,1,sure_thing,0.6994,1,1,950,1
HELIOS-002808,19.6,20.42,basic,2,33,4,1,1,0,7.0,137,0.7755509004407831,0.9248340951923235,0.1492831947515404,1,1,persuadable,0.8097,1,1,597,1
HELIOS-002809,31.2,13.82,basic,17,4,5,0,0,0,,476,0.9759778112400342,0.9599645330165533,-0.016013278223480976,1,1,sure_thing,0.0843,0,1,950,0
HELIOS-002810,27.8,62.1,pro,4,50,4,0,0,0,,126,0.9384333459300888,0.8646050020851339,-0.07382834384495485,1,1,sleeping_dog,0.8494,0,1,846,1
HELIOS-002811,31.2,18.28,basic,5,28,0,0,0,1,6.0,177,0.9398140414079262,0.7537034454390034,-0.18611059596892288,1,1,sleeping_dog,0.6463,1,1,950,1
HELIOS-002812,31.2,41.53,pro,4,37,2,2,1,0,8.0,212,0.7988620143202813,0.99,0.19113798567971874,1,1,persuadable,0.422,1,1,950,1
HELIOS-002813,31.2,132.47,enterprise,5,253,2,2,0,0,,140,0.7620210987726289,0.6890279471135206,-0.07299315165910836,0,0,sleeping_dog,0.798,1,0,950,0
HELIOS-002814,31.2,90.14,enterprise,6,60,1,0,1,0,,161,0.8956233113663252,0.9196171965859729,0.023993885219647626,1,1,lost_cause,0.6051,1,1,950,1
HELIOS-002815,12.6,40.89,pro,8,3,7,1,0,0,7.0,84,0.9303873460576517,0.9476440072194703,0.017256661161818565,1,1,sure_thing,0.3135,0,1,384,1
HELIOS-002816,9.2,37.6,pro,7,12,3,0,1,0,,67,0.8476318014371962,0.8837725443876502,0.036140742950454,1,1,lost_cause,0.8902,1,1,280,1
HELIOS-002817,13.2,15.39,basic,6,24,4,0,0,0,8.0,141,0.8862912135023103,0.847826767856722,-0.038464445645588374,1,0,lost_cause,0.8158,1,0,402,0
HELIOS-002818,19.5,19.22,basic,8,25,4,1,0,0,,217,0.9436932121459679,0.9371979320408009,-0.006495280105166978,1,1,sure_thing,0.8458,1,1,594,0
HELIOS-002819,28.4,14.69,basic,14,8,6,0,1,0,,372,0.9341571041593796,0.9493375531971573,0.01518044903777771,1,1,sure_thing,0.6266,1,1,864,1
HELIOS-002820,11.8,67.08,pro,3,28,0,1,1,0,7.0,89,0.8164335160465317,0.99,0.1735664839534683,1,1,persuadable,0.7852,1,1,359,0
HELIOS-002821,24.2,181.72,enterprise,3,103,2,0,1,0,,167,0.8872090659611813,0.9653013799292314,0.07809231396805005,1,1,persuadable,0.4528,1,1,737,1
HELIOS-002822,2.9,19.08,basic,9,18,3,1,0,0,,22,0.9133475332368108,0.9041405632253875,-0.009206970011423343,1,1,lost_cause,0.2642,0,1,88,1
HELIOS-002823,12.2,19.58,basic,7,8,10,1,0,0,,182,0.9370388334553532,0.9509323948611174,0.013893561405764143,1,1,sure_thing,0.4498,1,1,371,1
HELIOS-002824,15.4,59.19,pro,10,60,4,0,0,0,,127,0.9497393000467974,0.8509590939720613,-0.09878020607473614,1,0,sleeping_dog,0.1095,0,1,469,1
HELIOS-002825,22.8,67.53,pro,23,7,15,0,0,0,,414,0.99,0.99,0.0,1,1,sure_thing,0.4338,1,1,694,1
HELIOS-002826,13.6,17.65,basic,6,59,2,1,0,0,8.0,86,0.9065580478833919,0.8326053214339955,-0.07395272644939643,1,1,sleeping_dog,0.6835,1,1,414,1
HELIOS-002827,31.2,25.39,basic,7,48,2,0,0,0,,225,0.9293580563358554,0.8134351975496117,-0.11592285878624375,1,1,sleeping_dog,0.8226,0,1,950,1
HELIOS-002828,5.9,21.67,basic,12,2,6,0,0,0,10.0,90,0.9212883296081616,0.9113948265476162,-0.009893503060545483,1,1,sure_thing,0.1774,0,1,180,1
HELIOS-002829,31.2,71.83,pro,23,13,13,0,0,0,9.0,569,0.99,0.99,0.0,1,1,sure_thing,0.4497,0,1,950,1
HELIOS-002830,6.4,17.62,basic,1,19,1,1,0,1,4.0,42,0.7646644512314946,0.6994753366134543,-0.06518911461804033,0,0,sleeping_dog,0.8758,1,0,195,0
HELIOS-002831,13.1,98.73,enterprise,6,26,4,0,0,0,9.0,116,0.9356010229645267,0.9064475092415651,-0.0291535137229616,1,1,sure_thing,0.2003,0,1,399,1
HELIOS-002832,31.1,44.52,pro,14,30,1,0,1,0,8.0,338,0.947883418884968,0.9424587213588154,-0.0054246975261526,1,1,sure_thing,0.2026,0,1,947,0
HELIOS-002833,31.2,13.23,basic,9,3,6,2,0,0,,255,0.9411935209418196,0.99,0.04880647905818036,1,1,sure_thing,0.3275,1,1,950,1
HELIOS-002834,16.3,16.98,basic,32,4,14,0,0,0,,393,0.99,0.99,0.0,1,1,sure_thing,0.3597,0,1,496,1
HELIOS-002835,15.5,35.65,pro,1,60,2,1,1,0,,75,0.6594235855198403,0.8094672003432153,0.15004361482337503,1,1,persuadable,0.9846,0,1,472,1
HELIOS-002836,21.4,18.85,basic,5,111,5,0,0,1,7.0,191,0.8890830178081793,0.6373622196747408,-0.2517207981334385,0,0,sleeping_dog,0.0597,0,0,651,1
HELIOS-002837,17.8,18.41,basic,9,19,10,0,0,0,,241,0.9775251037548867,0.9738695739729312,-0.003655529781955491,1,1,sure_thing,0.4303,0,1,542,1
HELIOS-002838,24.7,18.66,basic,16,26,8,0,1,0,,360,0.9676370509869722,0.9813207927083234,0.013683741721351228,1,1,sure_thing,0.05,1,1,752,1
HELIOS-002839,31.2,49.62,pro,5,0,1,0,0,0,,201,0.9495929074448105,0.909514086815095,-0.04007882062971546,1,1,sure_thing,0.6712,1,1,950,1
HELIOS-002840,31.2,20.31,basic,16,11,9,0,0,0,,463,0.9840365990652169,0.9790055729129118,-0.005031026152305107,1,1,sure_thing,0.0128,0,1,950,1
HELIOS-002841,31.2,80.82,pro,6,70,2,0,0,1,,189,0.9437761044271264,0.718029515700205,-0.22574658872692144,1,0,sleeping_dog,0.7868,1,0,950,1
HELIOS-002842,28.7,20.21,basic,6,2,6,1,0,1,,243,0.9499788379229556,0.952604869962106,0.002626032039150461,1,1,sure_thing,0.7708,1,1,874,1
HELIOS-002843,24.9,59.5,pro,8,11,1,0,0,0,10.0,214,0.9583146359430021,0.9016696489475108,-0.056644986995491364,0,0,sleeping_dog,0.1962,0,0,758,1
HELIOS-002844,27.8,99.54,enterprise,20,5,14,0,0,1,,650,0.9883123398074319,0.99,0.0016876601925680523,1,1,sure_thing,0.1466,0,1,846,1
HELIOS-002845,31.2,41.53,pro,2,18,2,2,2,0,4.0,56,0.6609952381557077,0.9570197801918916,0.2960245420361839,0,1,persuadable,0.9777,1,1,950,1
HELIOS-002846,15.4,51.71,pro,7,70,4,0,1,1,,103,0.8668334166378246,0.815653978531114,-0.05117943810671066,1,1,sleeping_dog,0.6662,1,1,469,1
HELIOS-002847,31.2,16.81,basic,28,2,11,0,0,0,,809,0.99,0.9896855485544058,-0.00031445144559416605,1,1,sure_thing,0.0434,0,1,950,0
HELIOS-002848,17.3,21.1,basic,5,23,3,0,1,1,,153,0.8909105235376573,0.8900644173622809,-0.0008461061753763932,1,1,lost_cause,0.4052,1,1,527,1
HELIOS-002849,22.6,50.26,pro,3,87,3,3,1,0,6.0,148,0.5624156327757669,0.8424830666468598,0.2800674338710929,1,1,persuadable,0.9695,1,1,688,1
HELIOS-002850,18.3,57.64,pro,17,13,7,1,1,0,,293,0.9355728891046817,0.99,0.054427110895318265,1,1,persuadable,0.4,0,1,557,1
HELIOS-002851,31.2,15.46,basic,4,15,6,0,0,0,,200,0.9499103865501851,0.93547990827876,-0.014430478271425073,1,0,sure_thing,0.8705,1,0,950,1
HELIOS-002852,31.2,46.25,pro,7,6,5,0,0,1,,372,0.9610613840479955,0.9211095386523361,-0.039951845395659324,1,1,sure_thing,0.6475,1,1,950,1
HELIOS-002853,31.2,28.94,basic,13,4,6,0,1,0,,369,0.967041271860486,0.99,0.02295872813951394,1,1,sure_thing,0.7117,1,1,950,1
HELIOS-002854,7.9,15.23,basic,3,6,3,0,0,0,,67,0.8931520088834383,0.864821600980977,-0.02833040790246122,0,0,lost_cause,0.286,0,0,240,1
HELIOS-002855,26.3,22.15,basic,6,5,0,0,0,0,,152,0.9626789314773193,0.8978124406717526,-0.06486649080556672,1,1,sleeping_dog,0.0926,0,1,801,1
HELIOS-002856,19.9,13.1,basic,2,30,0,0,0,0,,68,0.8668056098936142,0.7499725534680443,-0.11683305642556996,1,1,sleeping_dog,0.4886,1,1,606,1
HELIOS-002857,10.2,18.88,basic,10,125,5,0,0,1,,97,0.894956948935506,0.6270976585219443,-0.2678592904135617,1,0,sleeping_dog,0.6843,0,1,310,1
HELIOS-002858,6.7,26.14,basic,5,44,5,0,0,0,7.0,40,0.8712134066572857,0.8194560608562965,-0.05175734580098923,1,1,sleeping_dog,0.2674,0,1,204,1
HELIOS-002859,31.2,51.82,pro,22,25,7,0,0,1,7.0,564,0.9891467219901308,0.945244026694794,-0.04390269529533675,1,1,sure_thing,0.5423,1,1,950,1
HELIOS-002860,29.3,25.21,basic,17,57,6,2,2,0,,443,0.8468037294929548,0.99,0.1431962705070452,1,1,persuadable,0.1763,0,1,892,1
HELIOS-002861,2.3,20.26,basic,4,139,4,1,0,0,5.0,14,0.7081007378330535,0.49834083518992367,-0.20975990264312983,1,0,sleeping_dog,0.9451,1,0,70,1
HELIOS-002862,24.4,23.03,basic,44,2,9,1,0,0,,638,0.99,0.99,0.0,1,1,sure_thing,0.6606,0,1,743,1
HELIOS-002863,20.4,43.88,pro,15,12,8,1,0,0,8.0,292,0.9590604595732424,0.96797371356855,0.008913253995307624,1,1,sure_thing,0.3131,1,1,621,1
HELIOS-002864,18.4,81.5,pro,10,8,6,2,0,0,,221,0.9227760041933799,0.99,0.06722399580662008,0,1,persuadable,0.2062,1,1,560,1
HELIOS-002865,29.0,19.33,basic,8,60,3,1,0,0,,337,0.8974707424020728,0.8379778629216368,-0.05949287948043602,1,1,sleeping_dog,0.4735,0,1,883,1
HELIOS-002866,9.6,12.79,basic,4,37,1,0,0,0,,53,0.9102307832517086,0.7982762893259234,-0.11195449392578516,1,0,sleeping_dog,0.5885,1,0,292,1
HELIOS-002867,31.2,69.56,pro,16,10,8,1,0,0,,444,0.9798244844184593,0.99,0.010175515581540728,1,1,sure_thing,0.6732,1,1,950,1
HELIOS-002868,5.1,21.89,basic,5,18,1,1,1,0,,43,0.7640135905176452,0.8923790115570276,0.12836542103938242,1,1,persuadable,0.8702,0,1,155,1
HELIOS-002869,31.2,18.52,basic,4,98,2,0,0,1,,157,0.9268254420177326,0.6596137502981573,-0.2672116917195754,1,1,sleeping_dog,0.3577,0,1,950,1
HELIOS-002870,23.0,52.43,pro,9,1,5,0,0,0,,264,0.9694067479273785,0.9586779695308468,-0.010728778396531635,1,1,sure_thing,0.8042,1,1,700,1
HELIOS-002871,11.5,16.9,basic,1,93,2,2,0,0,,23,0.7341163394651278,0.7154051474098944,-0.018711192055233417,1,1,lost_cause,0.9918,1,1,350,1
HELIOS-002872,31.2,14.68,basic,7,89,3,0,0,0,,223,0.9330516174090121,0.7398562293188049,-0.1931953880902072,1,0,sleeping_dog,0.0405,0,1,950,0
HELIOS-002873,29.9,21.93,basic,8,10,2,0,0,0,,328,0.937773406200609,0.8933228032777525,-0.04445060292285652,1,1,sure_thing,0.2769,0,1,910,1
HELIOS-002874,31.2,54.77,pro,3,43,5,1,1,1,,325,0.8010186914123335,0.9773095730803594,0.17629088166802587,1,1,persuadable,0.6106,0,1,950,1
HELIOS-002875,16.0,37.68,pro,5,10,1,1,1,0,,99,0.7989230625526126,0.9526891290759321,0.15376606652331948,1,1,persuadable,0.1783,1,1,487,1
HELIOS-002876,23.7,21.68,basic,14,13,8,1,1,0,,381,0.9159704723873537,0.99,0.07402952761264625,1,1,persuadable,0.6445,0,1,721,1
HELIOS-002877,31.2,47.63,pro,4,27,4,1,0,0,,211,0.9481246363444028,0.9584221184804184,0.010297482136015557,1,1,sure_thing,0.7378,1,1,950,1
HELIOS-002878,25.8,36.56,pro,10,5,7,1,1,1,,409,0.9284614533605298,0.99,0.061538546639470226,1,1,persuadable,0.312,0,1,785,1
HELIOS-002879,31.2,37.83,pro,7,228,1,1,1,1,,94,0.7402522198546053,0.5941645012686166,-0.14608771858598868,1,1,sleeping_dog,0.9432,1,1,950,1
HELIOS-002880,25.6,52.16,pro,13,19,8,0,0,0,9.0,305,0.9862682041847066,0.9783918466983802,-0.007876357486326424,1,1,sure_thing,0.0768,0,1,779,1
HELIOS-002881,31.2,67.9,pro,3,7,7,0,1,0,,210,0.9270923535701868,0.99,0.06290764642981317,1,1,persuadable,0.5602,1,1,950,1
HELIOS-002882,10.2,59.16,pro,2,18,1,1,0,0,,26,0.8623153763735552,0.8685918403137513,0.0062764639401960975,1,1,lost_cause,0.9392,0,1,310,1
HELIOS-002883,31.2,162.54,enterprise,9,14,6,0,0,0,,301,0.9814331807852918,0.99,0.008566819214708143,1,1,sure_thing,0.3928,1,1,950,1
HELIOS-002884,10.5,47.61,pro,8,31,3,0,1,0,,79,0.8646000927926241,0.8951348747942918,0.030534782001667704,1,1,lost_cause,0.2149,0,1,320,1
HELIOS-002885,8.2,45.36,pro,3,8,4,2,0,0,,44,0.7874058771639567,0.9018591830973759,0.11445330593341918,1,1,persuadable,0.3895,0,1,250,0
HELIOS-002886,13.5,175.78,enterprise,3,221,6,0,0,1,,94,0.8869858002080272,0.6564805101472482,-0.23050529006077902,1,1,sleeping_dog,0.2123,1,1,411,1
HELIOS-002887,20.6,88.68,pro,2,118,2,1,0,0,5.0,97,0.8908847159465484,0.7370239973225365,-0.15386071862401185,1,1,sleeping_dog,0.9571,1,1,627,1
HELIOS-002888,31.2,36.22,pro,3,38,6,0,0,1,,271,0.941876661945708,0.8659992080015789,-0.07587745394412904,1,1,sleeping_dog,0.1277,0,1,950,1
HELIOS-002889,24.8,20.1,basic,10,7,5,0,1,0,9.0,268,0.9465148504646619,0.9699567670124568,0.023441916547794928,1,1,sure_thing,0.3397,0,1,755,1
HELIOS-002890,28.9,14.33,basic,13,6,6,0,0,0,,305,0.9842929030992135,0.9723343015753398,-0.011958601523873624,1,1,sure_thing,0.2795,0,1,880,1
HELIOS-002891,31.2,182.3,enterprise,5,26,1,0,0,1,6.0,186,0.973230739871697,0.8761499080037572,-0.0970808318679397,1,1,sleeping_dog,0.3966,1,1,950,1
HELIOS-002892,27.8,21.22,basic,5,33,6,0,0,0,7.0,214,0.9410996129038374,0.9135168851389943,-0.02758272776484305,1,1,sure_thing,0.4552,0,1,846,1
HELIOS-002893,11.0,21.68,basic,16,20,11,0,0,0,,225,0.9802538533198898,0.9770317918055985,-0.0032220615142912745,1,1,sure_thing,0.4703,1,1,335,1
HELIOS-002894,3.8,69.16,pro,2,16,4,0,1,0,,22,0.7695674982064712,0.8635302938203921,0.09396279561392096,1,1,persuadable,0.4292,0,1,116,1
HELIOS-002895,21.9,48.27,pro,7,2,7,1,0,1,,187,0.9167025336443463,0.932161672782119,0.015459139137772748,1,1,lost_cause,0.1174,0,1,667,1
HELIOS-002896,16.1,51.77,pro,10,100,5,0,0,0,7.0,160,0.9178379655910204,0.7441360841620198,-0.17370188142900056,1,1,sleeping_dog,0.7615,1,1,490,1
HELIOS-002897,12.9,21.95,basic,28,8,12,0,0,0,10.0,181,0.99,0.9886987017357822,-0.001301298264217765,1,1,sure_thing,0.1578,0,1,393,1
HELIOS-002898,11.1,28.92,basic,2,136,1,0,0,0,,39,0.8270096386345728,0.5497507147397109,-0.27725892389486184,1,1,sleeping_dog,0.4395,1,1,338,1
HELIOS-002899,31.2,36.51,pro,3,58,4,1,1,0,,210,0.87862638127756,0.99,0.11137361872244,0,1,persuadable,0.4148,1,1,950,1
HELIOS-002900,12.3,41.46,pro,6,32,7,0,0,0,6.0,104,0.9320147994152908,0.914174640377864,-0.01784015903742675,1,1,sure_thing,0.7428,1,1,374,1
HELIOS-002901,31.2,32.78,basic,9,0,5,1,1,0,8.0,365,0.9345211393038321,0.99,0.05547886069616792,1,1,persuadable,0.1048,0,1,950,1
HELIOS-002902,31.2,117.43,enterprise,4,92,1,2,0,0,,117,0.8970573534158621,0.9764525572931135,0.07939520387725141,1,1,persuadable,0.1957,1,1,950,1
HELIOS-002903,31.2,21.6,basic,10,8,2,1,1,0,8.0,337,0.9192055462846335,0.99,0.07079445371536652,1,1,persuadable,0.9351,0,1,950,1
HELIOS-002904,18.7,42.44,pro,3,128,4,0,0,1,,118,0.9009504210321562,0.628109228921017,-0.2728411921111392,1,0,sleeping_dog,0.5943,0,1,569,1
HELIOS-002905,11.9,17.17,basic,9,8,6,1,0,0,,122,0.9405027069802024,0.9466925750896759,0.006189868109473418,1,1,sure_thing,0.0238,0,1,362,1
HELIOS-002906,13.0,128.38,enterprise,1,14,2,2,0,0,,63,0.83500170106734,0.99,0.15499829893266004,1,1,persuadable,0.9117,1,1,396,1
HELIOS-002907,29.7,55.86,pro,19,1,5,0,0,0,,525,0.979714465780583,0.9663438837190431,-0.013370582061539849,1,1,sure_thing,0.6477,1,1,904,1
HELIOS-002908,13.8,65.64,pro,4,244,3,2,1,0,6.0,58,0.470392056493642,0.46136525262306516,-0.00902680387057686,1,1,lost_cause,0.9906,1,1,420,1
HELIOS-002909,31.2,21.52,basic,9,35,5,0,0,0,,303,0.9737855629989585,0.932916598346446,-0.04086896465251244,1,1,sure_thing,0.3168,0,1,950,1
HELIOS-002910,4.0,20.96,basic,2,25,3,2,1,0,5.0,15,0.6604385317858587,0.9127456008838455,0.25230706909798684,1,1,persuadable,0.9411,1,1,122,1
HELIOS-002911,31.2,48.78,pro,5,32,2,0,0,0,,233,0.9542804417493426,0.8766123593718339,-0.07766808237750866,1,1,sleeping_dog,0.5811,1,1,950,1
HELIOS-002912,31.2,19.58,basic,16,36,12,0,0,0,,431,0.9818612148021225,0.9774182810979726,-0.004442933704149943,1,1,sure_thing,0.0235,0,1,950,0
HELIOS-002913,5.9,14.98,basic,8,64,7,0,1,0,7.0,48,0.8208611015071229,0.8321505549885532,0.01128945348143029,0,0,lost_cause,0.6288,1,0,180,1
HELIOS-002914,31.2,16.24,basic,3,41,5,0,0,1,,206,0.9663286697129764,0.8621944028258415,-0.1041342668871349,1,1,sleeping_dog,0.2683,0,1,950,1
HELIOS-002915,19.6,18.47,basic,7,26,7,0,0,0,8.0,206,0.955140427952422,0.9390998953000304,-0.016040532652391692,1,1,sure_thing,0.5534,0,1,597,1
HELIOS-002916,9.7,23.72,basic,2,73,2,0,1,0,,21,0.7844381414027602,0.746752578388978,-0.03768556301378223,1,1,lost_cause,0.4366,0,1,295,0
HELIOS-002917,4.3,184.44,enterprise,2,48,2,0,0,0,,36,0.9475000365542,0.9095313887074625,-0.03796864784673748,1,1,sure_thing,0.5589,1,1,131,1
HELIOS-002918,22.1,15.76,basic,11,62,7,1,0,1,,238,0.9391977727896614,0.8849335999820338,-0.05426417280762763,1,1,sleeping_dog,0.3671,0,1,673,1
HELIOS-002919,31.2,67.89,pro,22,1,12,2,0,1,9.0,561,0.9886670688389994,0.99,0.001332931161000639,1,1,sure_thing,0.1498,0,1,950,1
HELIOS-002920,31.2,21.77,basic,5,0,1,2,0,0,6.0,155,0.895718127340923,0.964400901800275,0.068682774459352,0,0,persuadable,0.6414,1,0,950,0
HELIOS-002921,24.4,72.15,pro,6,7,4,0,0,0,8.0,212,0.9619289699885145,0.9458731068433535,-0.016055863145161053,1,1,sure_thing,0.4372,0,1,743,1
HELIOS-002922,23.3,20.4,basic,7,0,3,0,0,0,,218,0.9697666255505293,0.9459083862842095,-0.023858239266319803,1,1,sure_thing,0.6968,1,1,709,1
HELIOS-002923,31.2,65.81,pro,7,34,4,1,0,0,7.0,187,0.9507007808332075,0.9586425163233513,0.007941735490143764,1,1,sure_thing,0.8263,1,1,950,1
HELIOS-002924,8.8,19.39,basic,13,1,8,1,0,0,,125,0.9432295068978445,0.9501209984617257,0.006891491563881247,1,1,sure_thing,0.7955,1,1,268,1
HELIOS-002925,31.2,69.26,pro,14,94,7,2,0,0,,374,0.9479058894406079,0.99,0.04209411055939205,1,1,sure_thing,0.7057,1,1,950,1
HELIOS-002926,31.2,50.73,pro,45,0,19,2,0,0,,1084,0.99,0.99,0.0,1,1,sure_thing,0.5245,0,1,950,1
HELIOS-002927,16.8,18.54,basic,1,178,2,1,0,1,5.0,69,0.735620449955717,0.46534808585065796,-0.270272364105059,1,1,sleeping_dog,0.2152,1,1,511,1
HELIOS-002928,27.3,53.74,pro,1,104,6,0,0,1,,155,0.9205253728896224,0.6994887726698185,-0.22103660021980398,1,1,sleeping_dog,0.1972,0,1,831,1
HELIOS-002929,31.2,19.91,basic,8,3,6,0,0,0,8.0,363,0.9754059060778819,0.9658742152903487,-0.009531690787533242,1,1,sure_thing,0.6951,1,1,950,0
HELIOS-002930,5.8,30.58,basic,2,29,3,1,0,0,,32,0.8267410317565773,0.8235460169315261,-0.0031950148250512456,1,1,lost_cause,0.9703,1,1,177,1
HELIOS-002931,9.0,51.77,pro,3,33,4,0,0,0,,61,0.9130025269590469,0.8675024285859558,-0.0455000983730911,0,0,lost_cause,0.2532,0,0,274,1
HELIOS-002932,5.2,22.62,basic,13,0,5,0,2,0,8.0,53,0.8433290821574944,0.99,0.14667091784250563,1,1,persuadable,0.8457,1,1,158,1
HELIOS-002933,20.3,29.95,basic,12,0,6,1,0,0,,258,0.9496133065380172,0.9572937154356411,0.0076804088976238916,1,1,sure_thing,0.0291,0,1,618,1
HELIOS-002934,26.9,16.57,basic,40,0,27,0,1,0,10.0,993,0.99,0.99,0.0,1,1,sure_thing,0.2138,0,1,819,1
HELIOS-002935,11.1,25.62,basic,6,97,5,0,0,0,7.0,77,0.880067977783756,0.7129239575070269,-0.16714402027672914,1,1,sleeping_dog,0.1349,0,1,338,1
HELIOS-002936,18.1,19.93,basic,23,5,11,0,1,1,,300,0.9636119618900879,0.9718752758116609,0.008263313921572979,1,1,sure_thing,0.2757,0,1,551,1
HELIOS-002937,10.4,18.41,basic,4,51,2,0,0,0,,50,0.9104566184180714,0.7877571153355778,-0.12269950308249356,1,0,sleeping_dog,0.4342,1,0,317,1
HELIOS-002938,10.8,164.56,enterprise,2,46,1,1,0,0,5.0,37,0.8549361302455399,0.9436410751014332,0.08870494485589331,0,1,persuadable,0.6794,1,1,329,1
HELIOS-002939,1.9,22.17,basic,3,22,7,2,1,1,6.0,16,0.5494262830116609,0.8006112895323132,0.25118500652065234,0,0,persuadable,0.9795,1,0,58,1
HELIOS-002940,31.2,18.71,basic,6,155,2,0,0,0,7.0,205,0.9448497490302219,0.6608191668297212,-0.2840305822005007,1,0,sleeping_dog,0.5942,1,0,950,1
HELIOS-002941,31.2,95.01,enterprise,6,10,1,0,1,0,,285,0.9462297120764241,0.99,0.043770287923575846,1,1,sure_thing,0.6934,1,1,950,1
HELIOS-002942,26.1,28.37,basic,10,17,6,2,0,0,9.0,349,0.9260087837970169,0.9857330367677557,0.0597242529707388,1,1,persuadable,0.3085,0,1,794,1
HELIOS-002943,5.7,46.05,pro,8,5,1,0,1,0,,29,0.8608641616760178,0.8947082206601819,0.033844058984164094,1,1,lost_cause,0.5654,1,1,174,1
HELIOS-002944,31.2,19.6,basic,3,0,2,1,0,0,7.0,211,0.9369054446926136,0.9412761707638846,0.0043707260712709806,1,1,sure_thing,0.7774,1,1,950,1
HELIOS-002945,22.5,94.84,pro,9,15,2,1,0,0,,220,0.9484372610226948,0.970719493271937,0.022282232249242195,1,1,sure_thing,0.6615,1,1,685,1
HELIOS-002946,8.5,19.17,basic,42,5,9,0,0,0,10.0,222,0.99,0.9896911109557223,-0.000308889044277727,1,1,sure_thing,0.1102,0,1,259,1
HELIOS-002947,12.3,15.82,basic,16,7,5,2,0,0,8.0,147,0.9080933149015968,0.938414420439947,0.030321105538350213,1,1,lost_cause,0.6085,1,1,374,1
HELIOS-002948,31.2,40.29,pro,10,23,6,2,0,0,6.0,348,0.9226378291605799,0.99,0.06736217083942009,1,1,persuadable,0.8929,1,1,950,1
HELIOS-002949,4.9,18.48,basic,13,0,7,0,0,0,,83,0.9543265068399832,0.9478149272261288,-0.006511579613854401,1,1,sure_thing,0.4122,0,1,149,1
HELIOS-002950,26.3,33.14,pro,6,2,4,0,1,0,5.0,164,0.9191324550495154,0.960992946889995,0.041860491840479686,1,1,lost_cause,0.7406,1,1,801,1
HELIOS-002951,11.5,19.22,basic,8,80,3,0,1,1,,89,0.8557909590117873,0.7303075889207529,-0.12548337009103439,1,1,sleeping_dog,0.9606,1,1,350,1
HELIOS-002952,17.0,113.58,enterprise,5,62,2,1,0,1,,127,0.8754948400899348,0.7911006677193233,-0.08439417237061153,1,1,sleeping_dog,0.7954,1,1,517,1
HELIOS-002953,24.1,46.85,pro,4,59,5,2,1,0,,224,0.7558462738801655,0.99,0.23415372611983454,1,1,persuadable,0.4403,1,1,734,1
HELIOS-002954,24.0,116.8,enterprise,3,4,7,0,0,0,10.0,278,0.9522530624602092,0.9686410718941192,0.016388009433909945,1,1,sure_thing,0.5454,1,1,731,1
HELIOS-002955,31.2,115.12,enterprise,1,121,3,2,1,0,,141,0.7580076732172881,0.9755728316643655,0.21756515844707736,1,1,persuadable,0.9466,1,1,950,1
HELIOS-002956,31.2,140.0,enterprise,39,0,13,0,0,0,,900,0.99,0.99,0.0,1,1,sure_thing,0.8229,1,1,950,1
HELIOS-002957,16.9,19.56,basic,4,34,1,2,1,0,5.0,84,0.6514474465675029,0.8901442713838653,0.23869682481636245,0,1,persuadable,0.99,1,1,514,1
HELIOS-002958,24.6,9.96,basic,18,2,9,0,0,0,10.0,550,0.9845672103379711,0.9807346250468645,-0.0038325852911066383,1,1,sure_thing,0.6325,0,1,749,1
HELIOS-002959,17.9,37.28,pro,8,23,4,0,0,0,,128,0.93565264990412,0.8992552652417795,-0.03639738466234055,1,1,sure_thing,0.5777,1,1,545,1
HELIOS-002960,26.2,23.59,basic,7,31,6,3,0,0,5.0,228,0.8513407462299724,0.99,0.13865925377002764,1,1,persuadable,0.9209,1,1,798,1
HELIOS-002961,7.4,63.2,pro,10,21,2,0,1,0,,57,0.8709754168013198,0.9079528241768836,0.036977407375563764,1,1,lost_cause,0.5151,1,1,225,1
HELIOS-002962,31.2,20.9,basic,33,0,14,0,0,0,10.0,927,0.99,0.99,0.0,1,1,sure_thing,0.7985,0,1,950,1
HELIOS-002963,18.6,66.62,pro,5,13,1,1,0,1,10.0,170,0.886005388417535,0.850130100489478,-0.03587528792805694,0,0,lost_cause,0.2275,0,0,566,1
HELIOS-002964,19.7,115.64,enterprise,8,65,2,0,0,1,,147,0.9182669313009337,0.7077308894984773,-0.21053604180245644,1,0,sleeping_dog,0.966,1,0,600,1
HELIOS-002965,17.5,42.57,pro,4,46,2,0,0,1,,78,0.9305726199383408,0.7486010205901629,-0.18197159934817797,1,0,sleeping_dog,0.0598,0,1,533,1
HELIOS-002966,9.1,21.02,basic,35,7,10,0,1,0,9.0,249,0.9839290509508261,0.9867609528823114,0.0028319019314853033,1,1,sure_thing,0.4426,0,1,277,1
HELIOS-002967,22.7,22.85,basic,22,3,8,0,0,0,9.0,442,0.9817818266315558,0.9759088293873774,-0.005872997244178335,1,1,sure_thing,0.048,0,1,691,1
HELIOS-002968,21.9,19.09,basic,1,24,1,1,0,0,,147,0.8904575863303619,0.8687108056914231,-0.021746780638938756,1,1,lost_cause,0.142,0,1,667,1
HELIOS-002969,6.8,49.8,pro,16,26,5,1,0,0,7.0,87,0.9357891512043215,0.9330207321775779,-0.0027684190267436293,1,1,sure_thing,0.5542,1,1,207,1
HELIOS-002970,7.4,43.82,pro,27,1,18,0,0,1,10.0,162,0.99,0.99,0.0,1,1,sure_thing,0.488,0,1,225,1
HELIOS-002971,8.1,24.48,basic,5,14,8,0,0,0,7.0,80,0.9415892396385002,0.9359173991978652,-0.0056718404406349565,1,1,sure_thing,0.5514,0,1,247,1
HELIOS-002972,12.6,39.37,pro,11,22,6,0,0,0,,136,0.9557285281323439,0.9364795807006687,-0.019248947431675156,1,1,sure_thing,0.1217,1,1,384,1
HELIOS-002973,30.2,25.7,basic,12,58,4,1,0,1,8.0,288,0.9399622819284651,0.8379164822951316,-0.10204579963333349,1,1,sleeping_dog,0.0743,1,1,919,1
HELIOS-002974,7.7,20.78,basic,4,38,1,0,1,0,7.0,58,0.7756427356653971,0.7732488085705989,-0.0023939270947982427,1,1,lost_cause,0.9651,1,1,234,1
HELIOS-002975,17.2,49.99,pro,7,9,8,0,0,0,,153,0.960000710967551,0.9572906508600667,-0.0027100601074843134,1,1,sure_thing,0.5543,1,1,524,1
HELIOS-002976,20.8,13.97,basic,9,24,4,0,0,0,8.0,166,0.965376980363497,0.926152985265756,-0.03922399509774099,1,1,sure_thing,0.3449,0,1,633,1
HELIOS-002977,27.1,51.11,pro,29,7,14,0,0,0,10.0,646,0.99,0.99,0.0,1,1,sure_thing,0.752,0,1,825,1
HELIOS-002978,31.2,52.03,pro,4,40,2,1,0,0,4.0,148,0.9128815960882051,0.8919274966990883,-0.020954099389116743,1,1,lost_cause,0.8395,1,1,950,1
HELIOS-002979,31.2,47.9,pro,3,6,5,0,0,0,8.0,198,0.9499789960028862,0.9390679002509299,-0.010911095751956257,1,1,sure_thing,0.7843,1,1,950,1
HELIOS-002980,17.7,20.48,basic,4,85,6,0,0,0,6.0,107,0.9038348603072878,0.789308562107991,-0.11452629819929672,0,0,sleeping_dog,0.6178,1,0,539,1
HELIOS-002981,5.4,18.22,basic,2,44,1,0,1,0,,25,0.7488774887664577,0.7426277034902996,-0.006249785276158049,0,0,lost_cause,0.9292,1,0,164,1
HELIOS-002982,15.2,55.21,pro,4,144,2,0,0,1,,82,0.8401859182862551,0.5548626538353398,-0.28532326445091527,1,1,sleeping_dog,0.8305,1,1,463,1
HELIOS-002983,31.2,17.35,basic,23,0,8,2,0,0,,623,0.9728821610026888,0.99,0.01711783899731123,1,1,sure_thing,0.0657,0,1,950,1
HELIOS-002984,30.0,25.39,basic,32,24,14,0,0,0,9.0,623,0.99,0.99,0.0,1,1,sure_thing,0.7171,1,1,913,1
HELIOS-002985,10.3,56.61,pro,14,9,10,0,0,1,,116,0.9771644831208188,0.9687180200190583,-0.00844646310176056,1,1,sure_thing,0.1931,0,1,314,1
HELIOS-002986,21.2,14.47,basic,16,16,9,1,0,0,,284,0.9544206391675912,0.9579240783204858,0.0035034391528945275,1,1,sure_thing,0.0272,0,1,645,1
HELIOS-002987,1.6,18.08,basic,11,26,4,0,0,0,8.0,18,0.943963768859185,0.9021076352753379,-0.0418561335838471,1,1,sure_thing,0.642,1,1,49,1
HELIOS-002988,31.2,38.5,pro,16,18,9,0,0,1,,446,0.99,0.9714695458627006,-0.018530454137299368,1,1,sure_thing,0.5809,1,1,950,1
HELIOS-002989,12.9,17.62,basic,4,104,0,0,0,0,,59,0.8694657502636972,0.6073347644595382,-0.26213098580415906,0,0,sleeping_dog,0.6492,1,0,393,1
HELIOS-002990,22.1,40.68,pro,12,9,6,0,0,1,,239,0.9652464508215542,0.9306670026732443,-0.03457944814830993,1,1,sure_thing,0.3948,0,1,673,1
HELIOS-002991,25.1,18.84,basic,9,8,5,1,1,0,,248,0.8763651537282756,0.9863894368085494,0.11002428308027379,0,0,persuadable,0.5234,1,0,764,1
HELIOS-002992,19.7,18.03,basic,2,140,5,1,0,0,4.0,120,0.8479943301610668,0.6565592292152609,-0.19143510094580596,0,0,sleeping_dog,0.7485,0,0,600,1
HELIOS-002993,29.3,55.5,pro,21,0,13,3,0,0,,741,0.9681238167786151,0.99,0.02187618322138485,1,1,sure_thing,0.2391,0,1,892,1
HELIOS-002994,31.2,136.16,enterprise,13,19,6,1,0,0,,379,0.9802394391917733,0.99,0.009760560808226737,1,1,sure_thing,0.2329,0,1,950,1
HELIOS-002995,10.4,35.41,pro,7,7,4,0,0,0,,91,0.9255538969124755,0.9045892851453005,-0.020964611767175012,1,1,sure_thing,0.1342,0,1,317,1
HELIOS-002996,14.0,20.09,basic,6,27,3,0,0,0,,86,0.8830658219281009,0.8279972002678511,-0.05506862166024984,1,1,sleeping_dog,0.482,0,1,426,1
HELIOS-002997,13.7,103.37,enterprise,11,28,5,0,0,0,6.0,164,0.9489459494936906,0.9241605294225255,-0.024785420071165132,1,1,sure_thing,0.4955,1,1,417,1
HELIOS-002998,19.7,21.73,basic,13,14,6,0,0,0,,258,0.949978098942412,0.9343710046369323,-0.015607094305479685,1,1,sure_thing,0.4294,1,1,600,1
HELIOS-002999,28.8,18.82,basic,3,66,2,2,0,0,,163,0.813806306009254,0.840498628950511,0.026692322941257007,1,1,lost_cause,0.6255,1,1,877,1
HELIOS-003000,5.7,51.57,pro,35,7,14,0,0,0,,122,0.99,0.99,0.0,1,1,sure_thing,0.6345,1,1,174,1
HELIOS-003001,31.2,15.27,basic,5,77,2,0,0,0,,182,0.9053668236094632,0.7187925397323417,-0.1865742838771215,1,1,sleeping_dog,0.0175,0,1,950,1
HELIOS-003002,4.4,20.73,basic,16,19,13,1,0,0,7.0,63,0.9380434375943809,0.9448199264468782,0.006776488852497264,1,1,sure_thing,0.1034,0,1,134,1
HELIOS-003003,19.4,14.84,basic,7,82,6,1,0,1,,169,0.9007881550956897,0.7886686112222705,-0.11211954387341916,1,1,sleeping_dog,0.6163,0,1,591,1
HELIOS-003004,16.1,66.92,pro,22,15,12,0,0,0,10.0,307,0.9884127701104944,0.9876685167100847,-0.0007442534004097334,1,1,sure_thing,0.0068,1,1,490,1
HELIOS-003005,17.6,44.19,pro,26,66,10,0,0,1,,286,0.9827983315891593,0.9190460642772569,-0.06375226731190242,1,1,sleeping_dog,0.0054,1,1,536,1
HELIOS-003006,31.2,54.28,pro,31,5,10,0,1,0,9.0,838,0.99,0.99,0.0,1,1,sure_thing,0.3278,0,1,950,1
HELIOS-003007,17.1,14.43,basic,17,18,9,0,0,0,,233,0.9716528404470942,0.9646878505053378,-0.006964989941756428,1,1,sure_thing,0.2635,0,1,521,1
HELIOS-003008,8.1,19.53,basic,9,10,3,0,0,1,,59,0.9398134349842708,0.8606089425274754,-0.0792044924567954,1,1,sleeping_dog,0.5915,1,1,247,1
HELIOS-003009,26.7,18.92,basic,5,3,1,1,0,0,,103,0.8906221611428077,0.8836502197068159,-0.00697194143599178,1,1,lost_cause,0.9074,1,1,813,1
HELIOS-003010,12.3,91.16,enterprise,17,12,5,0,0,1,,203,0.9702964633936543,0.9223209162167465,-0.047975547176907773,1,1,sure_thing,0.7889,1,1,374,1
HELIOS-003011,26.9,29.06,basic,3,111,1,1,0,0,,153,0.9222536762687995,0.7177779231096694,-0.20447575315913014,1,1,sleeping_dog,0.3714,0,1,819,1
HELIOS-003012,15.3,24.63,basic,28,8,8,0,0,0,,345,0.98716565262148,0.9797301596878073,-0.007435492933672738,1,1,sure_thing,0.0383,1,1,466,1
HELIOS-003013,11.5,16.83,basic,11,4,8,1,0,0,9.0,128,0.928936154451986,0.9367003724744908,0.007764218022504821,1,1,sure_thing,0.1263,1,1,350,1
HELIOS-003014,13.6,28.72,pro,3,2,1,2,0,1,,49,0.8437990902612997,0.9122717186785918,0.06847262841729207,1,1,persuadable,0.8515,1,1,414,0
HELIOS-003015,31.2,21.27,basic,35,9,14,0,0,0,9.0,766,0.99,0.99,0.0,1,1,sure_thing,0.0586,0,1,950,0
HELIOS-003016,28.0,15.59,basic,5,18,4,1,1,0,5.0,206,0.8204110337054219,0.9475034759644267,0.12709244225900485,1,1,persuadable,0.6571,1,1,852,1
HELIOS-003017,31.2,32.03,basic,9,13,3,2,0,0,6.0,195,0.9330904146261609,0.99,0.056909585373839056,1,1,persuadable,0.5852,1,1,950,1
HELIOS-003018,26.6,21.01,basic,14,5,7,0,0,1,9.0,384,0.9853405531287114,0.9617795828795728,-0.023560970249138613,1,1,sure_thing,0.8489,1,1,810,1
HELIOS-003019,18.8,89.73,enterprise,6,35,5,0,0,0,,205,0.9553793680298859,0.9243909776667871,-0.03098839036309875,1,1,sure_thing,0.2875,1,1,572,1
HELIOS-003020,22.6,22.26,basic,15,2,4,0,0,1,,264,0.9708122967789339,0.920157246246782,-0.05065505053215191,1,1,sleeping_dog,0.3403,0,1,688,1
HELIOS-003021,15.9,113.78,enterprise,5,34,1,0,0,0,5.0,117,0.9369345802656294,0.8495020493163875,-0.08743253094924186,1,1,sleeping_dog,0.1877,1,1,484,1
HELIOS-003022,20.6,15.69,basic,11,22,4,1,0,0,8.0,209,0.9565326541023235,0.9480895231958937,-0.008443130906429785,1,1,sure_thing,0.1725,0,1,627,1
HELIOS-003023,31.2,62.49,pro,9,28,2,0,1,0,,285,0.9474204163910624,0.9824946739064817,0.03507425751541926,1,1,sure_thing,0.8245,1,1,950,1
HELIOS-003024,27.4,31.17,basic,1,17,2,1,0,0,,131,0.8696750173322162,0.8713994424392254,0.0017244251070092087,1,1,lost_cause,0.4811,0,1,834,1
HELIOS-003025,20.9,34.4,pro,5,12,5,0,1,0,,169,0.9253020305163954,0.9715292897745663,0.04622725925817095,1,1,sure_thing,0.5108,1,1,636,1
HELIOS-003026,23.3,51.2,pro,14,8,6,1,0,0,,358,0.969656382087425,0.9790807994816543,0.009424417394229279,1,1,sure_thing,0.2049,0,1,709,1
HELIOS-003027,17.2,15.18,basic,3,20,3,0,0,0,,122,0.9125777313316389,0.8682372608739184,-0.04434047045772049,1,1,lost_cause,0.4862,1,1,524,1
HELIOS-003028,13.7,38.79,pro,6,41,3,0,0,0,,72,0.9208536372472715,0.8423400706253834,-0.07851356662188813,1,1,sleeping_dog,0.9426,1,1,417,1
HELIOS-003029,21.6,48.48,pro,23,0,18,0,1,0,,482,0.9827754088838455,0.99,0.007224591116154477,1,1,sure_thing,0.0763,1,1,658,1
HELIOS-003030,5.8,63.48,pro,1,2,3,1,0,1,,29,0.8558519969004267,0.8736984342755806,0.0178464373751539,0,0,lost_cause,0.5951,1,0,177,1
HELIOS-003031,23.5,175.06,enterprise,3,365,3,2,0,0,8.0,110,0.6233876580498019,0.5897757493170362,-0.03361190873276565,1,0,lost_cause,0.8945,1,0,715,1
HELIOS-003032,31.2,25.76,basic,3,40,5,0,1,0,7.0,242,0.8835280803605309,0.9198682284706565,0.03634014811012565,1,1,lost_cause,0.6563,1,1,950,1
HELIOS-003033,29.0,21.76,basic,8,78,8,0,0,0,7.0,296,0.9725505710093633,0.9100145178946661,-0.06253605311469712,1,1,sleeping_dog,0.1371,0,1,883,1
HELIOS-003034,31.2,20.6,basic,10,123,0,1,0,0,,176,0.9290414761288809,0.6809353885642214,-0.24810608756465946,1,1,sleeping_dog,0.4889,1,1,950,0
HELIOS-003035,31.2,15.96,basic,2,65,3,0,0,1,,139,0.9101778601309609,0.7050529264789849,-0.20512493365197604,0,0,sleeping_dog,0.4023,0,0,950,1
HELIOS-003036,31.2,118.28,enterprise,24,3,7,2,0,0,10.0,492,0.9893999865984969,0.99,0.0006000134015030634,1,1,sure_thing,0.7946,1,1,950,1
HELIOS-003037,12.8,144.64,enterprise,28,2,13,1,0,0,10.0,293,0.9894276663667633,0.99,0.0005723336332367213,1,1,sure_thing,0.6148,1,1,390,1
HELIOS-003038,31.2,22.53,basic,6,22,1,0,0,1,,189,0.9530955078944086,0.8040714854448734,-0.14902402244953517,1,1,sleeping_dog,0.3542,1,1,950,1
HELIOS-003039,15.9,21.62,basic,4,73,5,0,0,0,,117,0.9002737284596295,0.7920999317075385,-0.10817379675209104,1,1,sleeping_dog,0.5529,0,1,484,0
HELIOS-003040,11.9,15.71,basic,13,2,3,0,1,0,9.0,222,0.8992432486596,0.9117379933556142,0.012494744696014193,1,1,lost_cause,0.0003,0,1,362,1
HELIOS-003041,16.3,55.03,pro,13,7,5,0,0,0,,176,0.9764884329794355,0.9613157809518765,-0.01517265202755902,1,1,sure_thing,0.5512,0,1,496,1
HELIOS-003042,13.9,29.94,basic,2,2,2,1,1,0,7.0,57,0.7677689164887267,0.9333080813783539,0.16553916488962717,0,0,persuadable,0.6046,0,0,423,1
HELIOS-003043,31.2,42.83,pro,10,53,6,0,0,1,,248,0.9649269682435648,0.8543282485936382,-0.11059871964992662,1,1,sleeping_dog,0.8577,1,1,950,0
HELIOS-003044,4.3,15.8,basic,2,26,3,2,0,1,,24,0.7757023830807988,0.8286360726716542,0.052933689590855426,1,1,persuadable,0.8608,1,1,131,1
HELIOS-003045,31.2,60.64,pro,32,3,11,0,0,0,,721,0.99,0.99,0.0,1,1,sure_thing,0.1738,0,1,950,1
HELIOS-003046,31.2,19.43,basic,8,71,5,3,1,0,,236,0.683352535839603,0.963156855586295,0.27980431974669207,1,1,persuadable,0.8483,1,1,950,1
HELIOS-003047,5.3,29.13,basic,5,123,1,0,0,0,,32,0.84866159447706,0.5785829138737248,-0.2700786806033352,1,0,sleeping_dog,0.4726,0,1,161,1
HELIOS-003048,6.1,22.24,basic,15,14,12,0,1,0,,97,0.9199714998886307,0.939910824746106,0.019939324857475293,1,1,lost_cause,0.3274,1,1,186,1
HELIOS-003049,31.2,68.51,pro,7,11,5,0,0,0,,249,0.9830684668353334,0.9695434574277717,-0.013525009407561739,1,1,sure_thing,0.8774,1,1,950,1
HELIOS-003050,14.1,21.98,basic,16,8,5,0,0,0,,182,0.9630808631152928,0.9451173777727568,-0.017963485342536,1,1,sure_thing,0.4848,1,1,429,1
HELIOS-003051,11.1,24.95,basic,10,1,8,1,0,0,,128,0.9383475855247583,0.9492349032418279,0.010887317717069633,1,1,sure_thing,0.4831,1,1,338,1
HELIOS-003052,13.3,20.36,basic,3,246,2,0,1,0,,102,0.642990113392133,0.393993102839111,-0.24899701055302198,1,1,sleeping_dog,0.9892,1,1,405,1
HELIOS-003053,5.6,13.05,basic,9,21,2,0,0,0,,77,0.9068123700743604,0.8452719658824668,-0.06154040419189366,1,0,sleeping_dog,0.804,0,1,170,1
HELIOS-003054,12.5,23.47,basic,4,117,2,0,0,0,,75,0.8486623581606982,0.5930607574005184,-0.2556016007601798,1,1,sleeping_dog,0.5554,1,1,380,1
HELIOS-003055,26.4,24.91,basic,7,32,4,1,0,1,,250,0.8730813807841976,0.8288166242064223,-0.04426475657777529,1,1,lost_cause,0.9309,1,1,804,1
HELIOS-003056,31.2,35.24,pro,5,3,3,0,0,0,,293,0.9638362111136809,0.9392205214184767,-0.024615689695204224,1,1,sure_thing,0.4218,1,1,950,1
HELIOS-003057,14.2,27.39,basic,13,40,6,0,0,1,,198,0.960565174434248,0.8769301161409154,-0.08363505829333262,1,1,sleeping_dog,0.0412,0,1,432,1
HELIOS-003058,3.6,22.46,basic,19,6,15,0,0,0,,71,0.9786071275487711,0.9789643866034458,0.00035725905467465235,0,0,sure_thing,0.0612,0,0,110,1
HELIOS-003059,14.0,23.6,basic,12,35,1,0,1,0,,128,0.8416280157542918,0.8240630424698803,-0.017564973284411534,0,0,lost_cause,0.6568,1,0,426,1
HELIOS-003060,14.0,26.29,basic,3,71,3,2,1,0,,57,0.5741316603162664,0.8133128705805526,0.23918121026428618,0,1,persuadable,0.9823,0,0,426,1
HELIOS-003061,31.2,14.08,basic,41,2,11,1,0,0,,787,0.99,0.99,0.0,1,1,sure_thing,0.6169,1,1,950,0
HELIOS-003062,7.1,46.65,pro,112,1,36,0,0,1,10.0,400,0.99,0.99,0.0,1,1,sure_thing,0.4666,0,1,216,1
HELIOS-003063,31.2,143.99,enterprise,8,24,9,0,0,0,,276,0.9821833176334189,0.99,0.007816682366581063,1,1,sure_thing,0.4738,0,1,950,1
HELIOS-003064,4.5,40.49,pro,3,18,8,0,1,1,4.0,33,0.8511755425578181,0.9087672494500103,0.057591706892192174,1,1,persuadable,0.8778,1,1,137,0
HELIOS-003065,1.0,18.3,basic,23,2,10,0,0,0,9.0,18,0.9766724314057891,0.9738863429533298,-0.002786088452459312,1,1,sure_thing,0.0645,0,1,30,1
HELIOS-003066,16.0,16.0,basic,6,139,5,2,0,0,,137,0.7684704228055769,0.6803831521267228,-0.08808727067885402,1,1,sleeping_dog,0.9138,1,1,487,1
HELIOS-003067,31.2,21.97,basic,24,2,16,1,0,0,,645,0.9866466434420419,0.99,0.003353356557958098,1,1,sure_thing,0.1125,0,1,950,1
HELIOS-003068,26.6,18.15,basic,22,1,7,0,0,1,,488,0.9858505658617404,0.9642676494971083,-0.021582916364632054,1,1,sure_thing,0.6031,0,1,810,1
HELIOS-003069,4.0,19.46,basic,20,0,16,0,0,1,,71,0.987850368815295,0.9874831276525593,-0.0003672411627356764,1,1,sure_thing,0.0977,0,1,122,1
HELIOS-003070,7.8,54.37,pro,5,13,7,1,0,0,,57,0.9136423447195741,0.9418067423467547,0.028164397627180593,1,1,lost_cause,0.0694,0,1,237,1
HELIOS-003071,1.0,50.78,pro,6,122,2,2,0,0,6.0,5,0.7027338724048283,0.628911971425128,-0.07382190097970032,1,1,sleeping_dog,0.6486,1,1,30,1
HELIOS-003072,31.2,17.04,basic,2,78,5,0,0,0,,149,0.9093151723793916,0.7896310010119442,-0.11968417136744747,1,1,sleeping_dog,0.5912,0,1,950,1
HELIOS-003073,6.1,33.18,pro,4,43,2,3,0,0,,50,0.74456114955857,0.9453359575966674,0.20077480803809744,1,1,persuadable,0.8691,1,1,186,1
HELIOS-003074,2.4,61.71,pro,19,33,9,1,0,0,8.0,52,0.9605205860312898,0.9675819928330278,0.007061406801738057,1,1,sure_thing,0.1488,1,1,73,1
HELIOS-003075,27.5,23.35,basic,16,3,8,0,0,0,,426,0.9710637050778521,0.9658336967415653,-0.00523000833628684,1,1,sure_thing,0.2022,1,1,837,1
HELIOS-003076,15.8,14.18,basic,12,39,8,1,0,0,,148,0.9239003985344512,0.9234597412885308,-0.0004406572459203506,0,0,sure_thing,0.292,0,0,481,1
HELIOS-003077,17.2,21.62,basic,22,4,15,0,0,0,10.0,316,0.9883372355450576,0.9884625176002193,0.00012528205516171287,1,1,sure_thing,0.5017,1,1,524,1
HELIOS-003078,31.2,68.33,pro,12,11,3,3,0,1,8.0,468,0.8639499457965806,0.99,0.12605005420341941,1,1,persuadable,0.4358,1,1,950,1
HELIOS-003079,31.2,184.87,enterprise,13,8,9,0,0,1,,273,0.9873109255697013,0.99,0.0026890744302986436,1,1,sure_thing,0.0375,0,1,950,1
HELIOS-003080,9.2,44.25,pro,5,164,2,1,0,0,,62,0.7872236679000625,0.5359476379703167,-0.25127602992974574,0,0,sleeping_dog,0.6226,1,0,280,1
HELIOS-003081,31.2,18.25,basic,12,77,5,1,0,1,5.0,221,0.9544496275290871,0.8275709598744736,-0.12687866765461353,1,1,sleeping_dog,0.5865,1,1,950,1
HELIOS-003082,11.7,56.89,pro,3,15,3,0,1,1,,75,0.8620368862745081,0.9113977315971779,0.04936084532266971,1,1,lost_cause,0.8794,0,1,356,1
HELIOS-003083,31.2,18.23,basic,11,35,7,0,0,1,7.0,387,0.9787307351515755,0.9210390620114512,-0.057691673140124244,1,1,sleeping_dog,0.1955,0,1,950,1
HELIOS-003084,17.4,36.54,pro,34,6,16,1,0,0,,426,0.99,0.99,0.0,1,1,sure_thing,0.6023,0,1,530,1
HELIOS-003085,31.2,49.63,pro,1,9,1,1,0,1,4.0,154,0.9225324712706254,0.8943228143039341,-0.02820965696669131,0,0,sure_thing,0.946,1,0,950,1
HELIOS-003086,31.2,44.25,pro,12,0,0,1,0,0,7.0,389,0.9600385390446363,0.9461377153306172,-0.013900823714019128,1,1,sure_thing,0.1115,0,1,950,1
HELIOS-003087,14.9,44.11,pro,22,6,16,1,0,0,8.0,197,0.9823695906693937,0.9896056512924009,0.00723606062300719,1,1,sure_thing,0.6105,0,1,454,1
HELIOS-003088,5.7,52.19,pro,3,74,3,2,0,1,,36,0.7638645002025156,0.7760454436577101,0.012180943455194493,1,1,lost_cause,0.782,0,1,174,1
HELIOS-003089,30.1,51.79,pro,5,26,5,0,0,0,,174,0.9506481891962627,0.9237938472959145,-0.02685434190034819,1,1,sure_thing,0.3391,0,1,916,1
HELIOS-003090,12.2,19.76,basic,5,11,6,0,0,0,,77,0.9532892358224198,0.9409884707767249,-0.012300765045694884,1,1,sure_thing,0.4277,0,1,371,1
HELIOS-003091,18.5,56.18,pro,2,0,0,2,1,0,4.0,92,0.7414921640485258,0.99,0.2485078359514742,1,1,persuadable,0.7194,1,1,563,1
HELIOS-003092,23.0,34.37,pro,4,56,1,0,2,0,8.0,106,0.7442513193862481,0.9414615989172707,0.19721027953102255,1,1,persuadable,0.9254,1,1,700,1
HELIOS-003093,7.8,42.81,pro,3,49,3,0,1,1,7.0,54,0.7595167401654699,0.7420775887457769,-0.01743915141969299,0,0,lost_cause,0.9837,1,0,237,1
HELIOS-003094,6.6,13.33,basic,11,6,5,0,1,0,8.0,86,0.892732914319137,0.9112175792232234,0.0184846649040864,1,1,lost_cause,0.1226,0,1,201,1
HELIOS-003095,31.2,44.93,pro,5,7,3,0,1,0,6.0,181,0.9097140101773232,0.9614729387499874,0.051758928572664176,1,1,persuadable,0.2752,0,1,950,1
HELIOS-003096,29.0,43.31,pro,15,12,5,0,0,0,,379,0.980715969432386,0.9611784858598992,-0.019537483572486858,1,1,sure_thing,0.0366,0,1,883,0
HELIOS-003097,27.0,12.93,basic,8,5,4,1,0,0,,262,0.9452506619470555,0.9470106700090272,0.0017600080619716296,1,1,sure_thing,0.3051,0,1,822,1
HELIOS-003098,23.2,59.53,pro,6,27,4,1,0,0,9.0,190,0.923256010311219,0.9353690656998153,0.012113055388596305,0,0,sure_thing,0.4312,0,0,706,1
HELIOS-003099,31.2,17.71,basic,3,20,4,0,0,0,,353,0.957792087344374,0.924918101862844,-0.03287398548153009,1,1,sure_thing,0.0795,0,1,950,1
HELIOS-003100,27.9,136.34,enterprise,10,23,2,2,1,0,,174,0.8996919864616129,0.99,0.09030801353838713,1,1,persuadable,0.9792,1,1,849,1
HELIOS-003101,23.9,30.76,basic,7,5,4,1,0,0,4.0,192,0.9156199341358218,0.9237853417339561,0.008165407598134333,0,0,lost_cause,0.2623,0,0,728,1
HELIOS-003102,23.6,30.58,basic,2,185,0,0,1,1,,76,0.6542974313341823,0.41878816300432264,-0.23550926832985963,1,1,sleeping_dog,0.4938,1,1,718,1
HELIOS-003103,8.8,21.37,basic,20,15,12,0,0,1,9.0,178,0.9769304866799234,0.9700340753927332,-0.006896411287190207,1,1,sure_thing,0.2828,0,1,268,1
HELIOS-003104,28.1,15.14,basic,14,25,8,1,0,0,10.0,422,0.9614235158430291,0.963366543941966,0.001943028098936872,1,1,sure_thing,0.4922,1,1,855,1
HELIOS-003105,30.3,69.47,pro,24,0,11,1,0,0,10.0,666,0.9856524237884888,0.99,0.004347576211511162,1,1,sure_thing,0.1797,0,1,922,1
HELIOS-003106,10.9,49.12,pro,8,13,6,0,0,0,,88,0.9554842406893637,0.9434875606380861,-0.01199668005127752,1,1,sure_thing,0.4503,1,1,332,1
HELIOS-003107,10.0,23.43,basic,4,45,3,0,1,0,,46,0.7404011403137997,0.7536779558302451,0.01327681551644544,1,1,lost_cause,0.6502,0,1,304,1
HELIOS-003108,14.2,13.34,basic,5,0,6,3,0,0,,129,0.8129722583896813,0.99,0.17702774161031865,0,1,persuadable,0.8914,1,1,432,1
HELIOS-003109,13.3,17.98,basic,1,63,0,1,0,0,,55,0.834813371240234,0.7160039327288682,-0.11880943851136583,1,1,sleeping_dog,0.7246,1,1,405,1
HELIOS-003110,8.6,15.72,basic,4,20,3,3,0,0,,58,0.7193250429132643,0.9082468947474365,0.1889218518341722,1,1,persuadable,0.9312,1,1,262,1
HELIOS-003111,22.9,21.08,basic,7,46,6,0,1,1,,190,0.8713154030483888,0.8705491438183678,-0.0007662592300210491,1,1,lost_cause,0.0708,0,1,697,1
HELIOS-003112,23.5,20.64,basic,12,2,9,1,0,0,7.0,349,0.9486941022360881,0.9573598752730772,0.008665773036989122,1,1,sure_thing,0.4106,0,1,715,0
HELIOS-003113,9.4,53.61,pro,10,31,7,1,0,0,,119,0.8932993390776445,0.9058387392522588,0.012539400174614301,1,1,lost_cause,0.9058,1,1,286,1
HELIOS-003114,29.9,14.44,basic,13,9,12,1,0,1,6.0,486,0.9706053046863531,0.9765521919928364,0.005946887306483295,1,1,sure_thing,0.0897,0,1,910,1
HELIOS-003115,29.5,45.12,pro,4,2,1,1,0,0,7.0,159,0.9091368961998504,0.9159115697818239,0.006774673581973478,1,1,lost_cause,0.0138,0,1,898,1
HELIOS-003116,10.8,55.84,pro,28,21,13,0,0,1,10.0,225,0.9898769857757616,0.9837909599494896,-0.006086025826271935,1,1,sure_thing,0.1885,0,1,329,1
HELIOS-003117,31.2,15.56,basic,18,4,7,2,1,0,9.0,541,0.9122071988089671,0.99,0.07779280119103293,1,1,persuadable,0.0732,0,1,950,1
HELIOS-003118,3.5,13.54,basic,10,0,5,0,0,0,10.0,54,0.9239234781580997,0.9109036022695276,-0.013019875888572119,1,1,sure_thing,0.6217,1,1,107,1
HELIOS-003119,26.8,20.14,basic,16,0,9,0,0,0,,509,0.982877242231513,0.9798131590992943,-0.00306408313221862,1,1,sure_thing,0.5411,1,1,816,1
HELIOS-003120,13.6,18.75,basic,29,18,13,1,0,0,,293,0.9808089470096558,0.9823416244724966,0.0015326774628408035,1,1,sure_thing,0.264,0,1,414,0
HELIOS-003121,7.6,40.88,pro,12,1,11,1,1,1,9.0,96,0.8729582261512079,0.99,0.11704177384879211,1,1,persuadable,0.9691,1,1,231,1
HELIOS-003122,31.2,19.03,basic,9,49,6,1,0,0,,323,0.9441043775219283,0.9327193401152785,-0.011385037406649867,1,1,sure_thing,0.2995,1,1,950,1
HELIOS-003123,27.6,15.55,basic,10,63,2,0,0,1,9.0,250,0.9434870548771068,0.7216391591800211,-0.22184789569708574,1,1,sleeping_dog,0.3929,0,1,840,0
HELIOS-003124,1.8,127.4,enterprise,8,16,5,0,0,0,,13,0.9504027355517798,0.946755936271852,-0.003646799279927837,1,1,sure_thing,0.8657,1,1,55,1
HELIOS-003125,16.7,23.75,basic,7,19,3,0,0,1,7.0,172,0.9337059021941494,0.8363717617576556,-0.0973341404364938,1,1,sleeping_dog,0.5917,1,1,508,1
HELIOS-003126,25.4,42.62,pro,2,11,4,0,0,0,,94,0.9689972332403524,0.9478648840970745,-0.021132349143277884,1,1,sure_thing,0.2252,0,1,773,1
HELIOS-003127,31.2,15.72,basic,7,6,7,1,0,1,,264,0.9582880180710354,0.9606425186021873,0.0023545005311519374,1,1,sure_thing,0.1602,0,1,950,1
HELIOS-003128,31.2,22.77,basic,6,20,7,0,1,0,7.0,251,0.925855746815425,0.962071499679372,0.03621575286394696,1,1,sure_thing,0.5094,0,1,950,1
HELIOS-003129,31.2,20.16,basic,11,1,9,2,1,0,,305,0.8942492879727468,0.99,0.09575071202725316,1,1,persuadable,0.3,0,1,950,0
HELIOS-003130,18.1,58.03,pro,12,7,3,0,1,1,9.0,252,0.9253790225863759,0.9456136007962105,0.02023457820983454,1,1,sure_thing,0.446,1,1,551,1
HELIOS-003131,30.6,40.13,pro,5,22,4,2,0,0,,166,0.9057171774773528,0.99,0.08428282252264718,1,1,persuadable,0.0338,0,1,931,1
HELIOS-003132,9.3,96.66,enterprise,6,10,7,0,0,0,8.0,69,0.9422427384159318,0.9450366283567333,0.0027938899408015416,1,1,sure_thing,0.8258,1,1,283,1
HELIOS-003133,12.8,104.88,enterprise,4,38,2,1,0,1,,60,0.872463320435971,0.8416569546619934,-0.03080636577397755,1,1,lost_cause,0.8655,1,1,390,1
HELIOS-003134,29.2,16.72,basic,9,42,7,1,0,1,10.0,259,0.9512341795203059,0.9266248374593055,-0.024609342061000405,1,1,sure_thing,0.4882,1,1,889,1
HELIOS-003135,25.8,91.25,enterprise,3,94,4,0,0,0,5.0,149,0.9256779274535469,0.7560422435878468,-0.16963568386570016,1,1,sleeping_dog,0.2475,0,1,785,1
HELIOS-003136,7.9,55.59,pro,13,49,5,1,0,1,,62,0.9495271425741211,0.8933805072593157,-0.05614663531480535,1,1,sleeping_dog,0.3366,1,1,240,0
HELIOS-003137,21.1,19.7,basic,3,268,3,0,0,0,4.0,108,0.7525362102887512,0.4573654025295861,-0.2951708077591651,0,0,sleeping_dog,0.8949,0,0,642,1
HELIOS-003138,24.1,15.7,basic,9,13,6,2,0,0,7.0,227,0.903778182720748,0.9564122524807049,0.05263406975995699,1,1,persuadable,0.8117,0,1,734,1
HELIOS-003139,14.5,101.28,enterprise,5,68,3,0,0,0,7.0,97,0.9514132765101385,0.8228138150838926,-0.1285994614262459,1,1,sleeping_dog,0.3968,1,1,441,1
HELIOS-003140,31.2,36.46,pro,1,6,6,0,0,1,,305,0.9406226670290929,0.9131575808086234,-0.027465086220469503,1,1,sure_thing,0.0674,1,1,950,1
HELIOS-003141,31.2,17.7,basic,13,39,6,0,0,0,,297,0.969058301469135,0.9334517418609838,-0.03560655960815118,1,1,sure_thing,0.0075,1,1,950,1
HELIOS-003142,31.2,14.69,basic,22,6,10,0,0,1,8.0,527,0.99,0.980527628448132,-0.009472371551867975,1,1,sure_thing,0.3209,0,1,950,1
HELIOS-003143,8.1,22.27,basic,38,9,20,0,0,1,,239,0.99,0.99,0.0,1,1,sure_thing,0.866,1,1,247,1
HELIOS-003144,11.4,30.85,basic,8,40,3,0,2,0,7.0,71,0.8151822090806601,0.99,0.1748177909193399,1,1,persuadable,0.5585,0,1,347,1
HELIOS-003145,29.8,66.1,pro,6,4,5,1,0,0,,261,0.9317368252543075,0.9622077565143233,0.030470931260015877,1,1,sure_thing,0.0526,0,1,907,1
HELIOS-003146,14.0,44.16,pro,3,46,2,0,0,0,,92,0.9028266839251466,0.7950522589713666,-0.10777442495378009,1,1,sleeping_dog,0.8948,1,1,426,1
HELIOS-003147,24.0,15.84,basic,22,0,8,1,0,0,,534,0.9792555324519783,0.9808428377562695,0.0015873053042911867,1,1,sure_thing,0.0115,0,1,731,1
HELIOS-003148,1.5,52.25,pro,22,12,8,1,0,1,,12,0.9656811523971003,0.9632157930262982,-0.002465359370802056,1,1,sure_thing,0.7322,1,1,46,1
HELIOS-003149,1.7,19.67,basic,4,5,3,1,1,0,,7,0.7466373507001959,0.8862838626582829,0.13964651195808697,0,1,persuadable,0.9618,1,1,52,1
HELIOS-003150,7.1,60.32,pro,3,91,7,1,0,0,,42,0.734781377265194,0.7152051940501439,-0.019576183215050058,0,0,lost_cause,0.5363,1,0,216,1
HELIOS-003151,11.4,195.62,enterprise,12,16,4,0,0,0,,124,0.9790819293089406,0.99,0.010918070691059434,1,1,sure_thing,0.3746,1,1,347,1
HELIOS-003152,31.2,23.82,basic,11,2,4,0,0,0,8.0,239,0.9675416894456274,0.9483517246388632,-0.01918996480676416,1,1,sure_thing,0.5726,0,1,950,1
HELIOS-003153,3.1,13.68,basic,8,11,5,0,0,0,,29,0.9458112163670985,0.9269833234460555,-0.018827892921043032,1,1,sure_thing,0.0672,0,1,94,1
HELIOS-003154,14.2,17.18,basic,0,365,1,1,0,0,0.0,28,0.5025327553143393,0.22872051300034074,-0.27381224231399853,0,0,sleeping_dog,0.9897,1,0,432,1
HELIOS-003155,31.2,88.37,enterprise,11,7,9,0,0,0,,521,0.9811859140806684,0.9837017433618185,0.002515829281150128,1,1,sure_thing,0.1297,0,1,950,0
HELIOS-003156,19.6,24.53,basic,3,60,1,0,0,1,,144,0.8381507668811512,0.6075718067228724,-0.23057896015827883,1,0,sleeping_dog,0.7582,0,1,597,1
HELIOS-003157,31.2,17.89,basic,3,19,2,2,0,0,7.0,224,0.8797914997292798,0.9500370499302412,0.07024555020096135,0,1,persuadable,0.3232,0,0,950,1
HELIOS-003158,10.7,22.0,basic,7,2,3,0,0,0,7.0,76,0.9336239275513406,0.9081888767652184,-0.025435050786122182,1,1,sure_thing,0.7822,1,1,326,1
HELIOS-003159,4.1,22.68,basic,2,2,2,2,0,0,8.0,31,0.7606875759823505,0.8481632128722805,0.08747563688992999,1,1,persuadable,0.8289,1,1,125,1
HELIOS-003160,25.8,120.46,enterprise,3,9,1,1,0,0,,140,0.9420633223878685,0.99,0.047936677612131495,1,1,sure_thing,0.1126,0,1,785,1
HELIOS-003161,31.2,81.09,enterprise,6,5,0,1,0,1,,123,0.9414396226627565,0.910415453871401,-0.0310241687913555,1,1,sure_thing,0.224,0,1,950,1
HELIOS-003162,31.2,65.09,pro,7,29,3,0,0,0,,208,0.9543841445886972,0.9000892663752145,-0.05429487821348278,1,1,sleeping_dog,0.1748,0,1,950,1
HELIOS-003163,15.6,16.08,basic,18,1,5,0,1,1,,203,0.9460488257210824,0.9480132243407793,0.0019643986196968832,1,1,sure_thing,0.0063,0,1,475,1
HELIOS-003164,12.9,47.92,pro,39,4,16,1,0,0,,331,0.99,0.99,0.0,1,1,sure_thing,0.0203,0,1,393,1
HELIOS-003165,18.2,49.68,pro,4,63,1,0,0,0,,67,0.8867654653047798,0.7148183462539529,-0.17194711905082694,1,0,sleeping_dog,0.9374,1,0,554,1
HELIOS-003166,7.7,17.91,basic,16,8,11,0,0,0,10.0,100,0.9739851523659601,0.9722090122624846,-0.0017761401034754876,1,1,sure_thing,0.9128,1,1,234,1
HELIOS-003167,31.2,33.77,basic,2,14,2,0,1,0,6.0,164,0.8645765906779,0.9109230026371796,0.046346411959279576,1,1,lost_cause,0.4508,0,1,950,1
HELIOS-003168,11.0,53.3,pro,8,9,3,0,0,0,,103,0.9351416744994729,0.9052768843839889,-0.02986479011548404,1,0,sure_thing,0.4354,1,0,335,1
HELIOS-003169,31.2,166.93,enterprise,30,1,11,0,1,0,9.0,664,0.99,0.99,0.0,1,1,sure_thing,0.1574,1,1,950,1
HELIOS-003170,31.2,44.42,pro,15,1,6,0,0,1,,362,0.973864155338206,0.9466802583941631,-0.027183896944042885,1,1,sure_thing,0.8642,1,1,950,1
HELIOS-003171,5.7,39.98,pro,4,274,2,0,0,0,,33,0.6857013693033561,0.39189136880973474,-0.2938100004936214,1,0,sleeping_dog,0.8886,1,0,174,1
HELIOS-003172,27.3,135.36,enterprise,17,2,6,0,1,0,8.0,477,0.9701078207240577,0.99,0.019892179275942334,1,1,sure_thing,0.7552,1,1,831,1
HELIOS-003173,16.6,22.3,basic,6,3,6,0,0,0,8.0,123,0.9555560893008364,0.946706960457169,-0.008849128843667398,1,1,sure_thing,0.6845,1,1,505,1
HELIOS-003174,15.9,36.13,pro,51,2,23,0,0,0,,498,0.99,0.99,0.0,1,1,sure_thing,0.7894,0,1,484,1
HELIOS-003175,16.1,17.49,basic,8,3,4,1,0,1,,255,0.9374543802064824,0.9245105193401532,-0.01294386086632926,1,1,sure_thing,0.2855,1,1,490,1
HELIOS-003176,4.5,22.1,basic,2,3,1,1,0,0,8.0,24,0.7319566939389479,0.7311017135687605,-0.0008549803701873859,0,0,lost_cause,0.9778,1,0,137,1
HELIOS-003177,17.2,46.94,pro,8,0,6,1,0,0,,155,0.9241071023479259,0.9428031103101164,0.01869600796219051,1,1,sure_thing,0.2175,0,1,524,1
HELIOS-003178,31.2,19.84,basic,10,50,6,2,0,0,,249,0.9334116122961561,0.9773553462492777,0.043943733953121566,1,1,sure_thing,0.7308,1,1,950,1
HELIOS-003179,31.2,45.54,pro,25,5,4,0,0,0,,560,0.9888148135199886,0.9662478174198518,-0.022566996100136794,1,1,sure_thing,0.0771,1,1,950,1
HELIOS-003180,31.2,24.85,basic,10,101,3,0,0,0,,317,0.9444343440631673,0.7259720832036415,-0.2184622608595258,0,0,sleeping_dog,0.1583,0,0,950,0
HELIOS-003181,23.0,97.06,enterprise,6,44,3,0,0,0,8.0,274,0.9698409785777412,0.894760289032001,-0.07508068954574021,1,1,sleeping_dog,0.0392,1,1,700,1
HELIOS-003182,31.2,18.3,basic,11,3,6,0,0,0,6.0,363,0.9765469650596362,0.9663049267231023,-0.01024203833653392,1,1,sure_thing,0.0628,1,1,950,0
HELIOS-003183,31.2,16.99,basic,51,3,12,0,0,1,,892,0.99,0.99,0.0,1,1,sure_thing,0.1585,0,1,950,1
HELIOS-003184,31.2,44.81,pro,3,26,8,1,0,0,,299,0.9150081113019105,0.9419386652307765,0.026930553928866008,1,1,lost_cause,0.2611,0,1,950,0
HELIOS-003185,23.0,18.9,basic,2,33,3,2,0,1,,114,0.8293897936084235,0.878236960972977,0.04884716736455352,1,1,lost_cause,0.5858,0,1,700,1
HELIOS-003186,30.6,49.53,pro,5,84,6,0,0,0,8.0,182,0.9514361364947058,0.8416943894174131,-0.10974174707729267,1,1,sleeping_dog,0.4785,0,1,931,1
HELIOS-003187,13.4,61.16,pro,7,11,2,0,0,0,,96,0.925575863633161,0.883640630800131,-0.04193523283303002,1,1,sure_thing,0.09,0,1,408,1
HELIOS-003188,31.2,62.54,pro,5,10,2,0,0,0,5.0,136,0.9716403469601098,0.9324647455954103,-0.03917560136469955,1,1,sure_thing,0.2568,0,1,950,1
HELIOS-003189,17.6,51.97,pro,29,0,11,0,0,0,10.0,398,0.99,0.99,0.0,1,1,sure_thing,0.0488,0,1,536,1
HELIOS-003190,31.2,15.53,basic,45,0,16,0,0,0,,959,0.99,0.99,0.0,1,1,sure_thing,0.2072,0,1,950,1
HELIOS-003191,6.4,43.43,pro,5,64,1,0,0,0,7.0,63,0.8598294831275812,0.6842265235319926,-0.17560295959558858,1,1,sleeping_dog,0.762,0,1,195,1
HELIOS-003192,31.2,20.58,basic,12,6,16,1,0,1,,433,0.9762629062674271,0.9863566935441551,0.01009378727672805,1,1,sure_thing,0.2031,0,1,950,1
HELIOS-003193,19.5,49.3,pro,3,0,6,0,0,0,,163,0.9187484603819607,0.9150687992384967,-0.0036796611434639637,1,1,lost_cause,0.5122,0,1,594,1
HELIOS-003194,8.3,16.65,basic,10,4,5,0,0,0,,65,0.9439121028258306,0.9289943942856435,-0.014917708540187147,1,1,sure_thing,0.7728,1,1,253,1
HELIOS-003195,31.2,39.44,pro,7,109,7,1,0,0,,264,0.921693653546517,0.8466880753418791,-0.07500557820463793,1,1,sleeping_dog,0.52,1,1,950,1
HELIOS-003196,31.2,52.53,pro,4,18,5,0,0,0,4.0,134,0.9278414501025808,0.9088044890459109,-0.019036961056669854,0,0,sure_thing,0.4883,1,0,950,1
HELIOS-003197,30.9,117.76,enterprise,13,1,3,0,1,0,5.0,332,0.9536226343299269,0.99,0.0363773656700731,1,1,sure_thing,0.6742,1,1,941,1
HELIOS-003198,31.2,56.86,pro,18,10,7,1,0,1,7.0,507,0.9778357614299962,0.976796056801909,-0.0010397046280872235,1,1,sure_thing,0.3112,0,1,950,1
HELIOS-003199,5.5,22.87,basic,6,1,1,0,1,0,7.0,22,0.8309887779982026,0.8561602803474915,0.025171502349288888,1,1,lost_cause,0.6465,1,1,167,1
HELIOS-003200,31.2,19.55,basic,15,23,4,1,0,0,,530,0.9545339854129558,0.9431000450833358,-0.011433940329619974,1,1,sure_thing,0.6878,0,1,950,0
HELIOS-003201,11.7,43.78,pro,4,42,0,1,0,0,,70,0.8552730437278993,0.7918290303788211,-0.06344401334907812,1,1,sleeping_dog,0.4745,1,1,356,1
HELIOS-003202,31.2,45.91,pro,12,4,7,0,0,1,5.0,267,0.9785035539789251,0.9573228818950038,-0.02118067208392127,1,1,sure_thing,0.0477,0,1,950,1
HELIOS-003203,31.2,15.26,basic,3,35,3,0,0,0,,160,0.927655703743557,0.8596833770462947,-0.06797232669726228,1,1,sleeping_dog,0.3118,1,1,950,1
HELIOS-003204,21.3,22.11,basic,51,12,17,0,0,0,,719,0.99,0.99,0.0,1,1,sure_thing,0.2345,0,1,648,1
HELIOS-003205,17.7,24.4,basic,7,16,6,0,0,0,9.0,215,0.9458794625286705,0.9305959049727835,-0.01528355755588695,1,0,sure_thing,0.3486,0,1,539,1
HELIOS-003206,31.1,16.67,basic,52,0,24,0,0,1,,836,0.99,0.99,0.0,1,1,sure_thing,0.3388,0,1,947,1
HELIOS-003207,24.8,19.82,basic,29,4,10,0,0,0,9.0,505,0.99,0.989626875518086,-0.00037312448191395564,1,1,sure_thing,0.8811,1,1,755,1
HELIOS-003208,16.0,17.54,basic,1,21,2,0,0,1,,92,0.9071450152571146,0.784942012755907,-0.12220300250120752,0,0,sleeping_dog,0.3186,0,0,487,1
HELIOS-003209,14.3,21.41,basic,3,54,1,0,0,0,8.0,102,0.8726186251232002,0.7200832430040208,-0.15253538211917939,1,1,sleeping_dog,0.2655,0,1,435,1
HELIOS-003210,6.9,21.19,basic,1,365,1,1,0,0,4.0,19,0.3603757431608932,0.08640760277576887,-0.27396814038512435,0,0,sleeping_dog,0.9949,1,0,210,1
HELIOS-003211,14.4,39.58,pro,4,20,0,1,0,0,4.0,61,0.8519804863113446,0.826273802649445,-0.025706683661899543,1,1,lost_cause,0.2888,0,1,438,1
HELIOS-003212,7.5,48.18,pro,20,13,10,0,0,0,10.0,141,0.9821175096750434,0.9788118814703033,-0.0033056282047401186,1,1,sure_thing,0.4363,1,1,228,0
HELIOS-003213,13.6,41.75,pro,9,18,5,0,0,0,,146,0.9624483651606908,0.9399956266783037,-0.022452738482387047,1,1,sure_thing,0.7074,1,1,414,1
HELIOS-003214,24.3,16.91,basic,23,4,5,0,1,0,9.0,311,0.9610183644717314,0.9657493046440022,0.0047309401722708255,1,1,sure_thing,0.0372,0,1,740,1
HELIOS-003215,3.3,19.45,basic,11,26,3,1,0,1,9.0,30,0.8591731549682565,0.8033746423454441,-0.055798512622812435,1,1,sleeping_dog,0.5658,1,1,100,1
HELIOS-003216,31.2,17.41,basic,4,19,3,1,0,1,,148,0.9205774302731977,0.8838796772814005,-0.03669775299179723,1,1,sure_thing,0.6863,1,1,950,1
HELIOS-003217,28.7,64.05,pro,3,173,3,1,0,0,5.0,94,0.8499390656697517,0.6163655400352435,-0.23357352563450828,1,1,sleeping_dog,0.5886,0,1,874,1
HELIOS-003218,11.4,16.99,basic,4,160,4,0,0,0,4.0,45,0.830497200275296,0.5536796046323269,-0.27681759564296915,1,0,sleeping_dog,0.4646,0,1,347,0
HELIOS-003219,31.2,117.3,enterprise,4,64,0,0,0,0,,101,0.9480383640602461,0.7695631563403782,-0.1784752077198679,1,1,sleeping_dog,0.6,1,1,950,1
HELIOS-003220,16.5,13.36,basic,5,15,2,0,0,0,,86,0.9191188251983394,0.867942167608478,-0.05117665758986145,1,1,sleeping_dog,0.3083,0,1,502,1
HELIOS-003221,4.6,26.36,basic,10,1,6,0,0,1,,40,0.9598136622470803,0.9328199349608979,-0.026993727286182434,1,1,sure_thing,0.8565,1,1,140,1
HELIOS-003222,14.2,56.58,pro,5,132,3,0,0,1,,83,0.8767814160299854,0.597696549918142,-0.27908486611184335,1,1,sleeping_dog,0.5418,1,1,432,1
HELIOS-003223,31.2,16.6,basic,6,24,1,1,1,0,,152,0.8605116926825154,0.9725777903652121,0.11206609768269671,1,1,persuadable,0.6614,1,1,950,1
HELIOS-003224,31.2,54.48,pro,3,66,3,0,0,0,,147,0.9203074359564704,0.7881894441846552,-0.13211799177181516,1,1,sleeping_dog,0.7666,0,1,950,1
HELIOS-003225,31.2,22.96,basic,8,11,1,0,0,0,,284,0.9626081121482342,0.9029009858712533,-0.059707126276980826,1,1,sleeping_dog,0.2809,0,1,950,1
HELIOS-003226,10.6,12.32,basic,18,27,6,1,0,0,,128,0.930111226666095,0.9233474424586643,-0.006763784207430734,1,1,sure_thing,0.8365,1,1,323,1
HELIOS-003227,7.2,14.25,basic,3,32,6,0,0,0,,96,0.9288930540250392,0.9023572129977526,-0.026535841027286566,1,1,sure_thing,0.5995,1,1,219,1
HELIOS-003228,31.2,20.84,basic,1,21,2,0,0,1,,160,0.919772224844814,0.797886491277398,-0.12188573356741605,1,1,sleeping_dog,0.4971,1,1,950,1
HELIOS-003229,11.3,17.83,basic,5,95,0,2,0,0,,73,0.6525858227277288,0.5643339006635051,-0.08825192206422372,1,1,sleeping_dog,0.8869,1,1,344,1
HELIOS-003230,31.2,57.82,pro,4,89,2,2,0,0,,160,0.8566676760126093,0.8842220825393027,0.027554406526693387,0,0,lost_cause,0.3315,1,0,950,1
HELIOS-003231,16.1,16.02,basic,8,2,5,0,0,0,,221,0.9438893866237006,0.9304033638427004,-0.013486022781000195,1,1,sure_thing,0.5998,0,1,490,0
HELIOS-003232,14.5,117.18,enterprise,6,88,2,1,0,0,6.0,60,0.8789204504720827,0.8040180830934854,-0.07490236737859723,0,0,sleeping_dog,0.7457,1,0,441,1
HELIOS-003233,22.9,20.4,basic,2,2,5,1,0,0,7.0,122,0.9149205031260913,0.9311097890982819,0.016189285972190604,1,1,lost_cause,0.4334,0,1,697,1
HELIOS-003234,6.6,47.03,pro,3,22,4,0,0,0,3.0,26,0.9185192939863304,0.8865334381240756,-0.031985855862254775,1,1,lost_cause,0.7568,1,1,201,1
HELIOS-003235,12.5,145.79,enterprise,15,0,7,0,0,1,,198,0.9751878892799644,0.970583039406818,-0.004604849873146355,1,1,sure_thing,0.3435,0,1,380,1
HELIOS-003236,20.4,49.68,pro,10,2,10,0,0,0,8.0,340,0.9744275440507463,0.9751784076946388,0.0007508636438925409,1,1,sure_thing,0.4863,0,1,621,1
HELIOS-003237,31.2,21.7,basic,9,2,5,0,0,1,,397,0.9755973581617006,0.9380649482455722,-0.037532409916128384,1,1,sure_thing,0.3942,1,1,950,1
HELIOS-003238,7.1,64.64,pro,7,36,4,1,1,0,5.0,60,0.8425567531015822,0.99,0.1474432468984178,1,1,persuadable,0.6018,1,1,216,1
HELIOS-003239,4.7,25.85,basic,8,104,6,0,1,0,,42,0.7518401477359412,0.7093471270034403,-0.04249302073250094,1,1,lost_cause,0.696,0,1,143,1
HELIOS-003240,25.9,156.77,enterprise,9,14,10,0,0,1,,291,0.9797330643843386,0.99,0.010266935615661388,1,1,sure_thing,0.2106,1,1,788,1
HELIOS-003241,13.5,23.49,basic,2,8,5,0,0,0,7.0,100,0.9060848106401581,0.8916715681017554,-0.014413242538402704,1,1,lost_cause,0.47,0,1,411,1
HELIOS-003242,31.2,15.74,basic,20,4,3,0,0,0,,423,0.9777402780510883,0.9482320711334229,-0.029508206917665425,1,1,sure_thing,0.3758,0,1,950,1
HELIOS-003243,24.7,50.16,pro,6,113,6,1,0,0,,124,0.9183256095396389,0.8191608769676371,-0.09916473257200187,1,1,sleeping_dog,0.6152,1,1,752,1
HELIOS-003244,31.2,143.48,enterprise,5,18,1,2,1,0,8.0,209,0.8441403904894802,0.99,0.1458596095105198,0,1,persuadable,0.5705,1,1,950,1
HELIOS-003245,31.2,34.95,pro,7,1,3,0,0,1,7.0,242,0.9678977630119648,0.9067336687991827,-0.06116409421278213,1,1,sleeping_dog,0.6335,1,1,950,1
HELIOS-003246,26.5,16.54,basic,2,30,2,1,0,0,,156,0.9273514682579238,0.9069426100170711,-0.0204088582408527,1,1,sure_thing,0.7312,1,1,807,1
HELIOS-003247,17.5,16.56,basic,11,11,4,0,0,0,10.0,265,0.9570814520479548,0.9307721839060923,-0.02630926814186252,1,1,sure_thing,0.6328,1,1,533,1
HELIOS-003248,31.2,21.78,basic,6,20,8,2,0,0,7.0,199,0.9412348615195489,0.99,0.048765138480451053,1,1,sure_thing,0.6517,1,1,950,1
HELIOS-003249,31.2,27.92,basic,6,37,1,0,1,1,,237,0.8626158745624783,0.8067942582543136,-0.055821616308164734,1,1,sleeping_dog,0.448,0,1,950,1
HELIOS-003250,13.2,22.64,basic,16,11,7,1,1,0,,212,0.9182717319953244,0.99,0.07172826800467558,1,1,persuadable,0.6466,1,1,402,0
HELIOS-003251,25.3,52.6,pro,2,139,1,1,0,0,,117,0.849811239933951,0.6231485170999237,-0.22666272283402733,0,0,sleeping_dog,0.7215,1,0,770,1
HELIOS-003252,7.9,15.09,basic,3,7,4,1,0,0,,41,0.864560334126047,0.8725981125528531,0.008037778426806086,1,1,lost_cause,0.2395,0,1,240,1
HELIOS-003253,25.5,20.58,basic,4,0,0,0,0,0,,118,0.9406757014891289,0.8846776274897323,-0.0559980739993966,1,1,sleeping_dog,0.5857,0,1,776,1
HELIOS-003254,9.1,37.19,pro,30,0,21,0,1,0,,208,0.9833096734989623,0.99,0.0066903265010377355,1,1,sure_thing,0.5505,1,1,277,1
HELIOS-003255,19.7,20.56,basic,22,0,14,2,0,0,,428,0.9552031994239553,0.978831092502131,0.0236278930781757,1,1,sure_thing,0.376,0,1,600,1
HELIOS-003256,27.3,165.24,enterprise,10,22,7,1,0,0,,297,0.9715644574904728,0.99,0.01843554250952717,0,1,sure_thing,0.8951,1,1,831,1
HELIOS-003257,31.2,18.65,basic,9,341,4,1,1,0,,222,0.5899828934174445,0.40292144876397484,-0.18706144465346963,0,0,sleeping_dog,0.9546,1,0,950,1
HELIOS-003258,6.1,51.07,pro,6,17,5,0,0,0,,42,0.9067298811053169,0.8871903516017248,-0.019539529503592168,1,1,lost_cause,0.3732,0,1,186,1
HELIOS-003259,16.3,19.88,basic,1,365,2,0,0,0,,45,0.5640333026842069,0.26924868398098695,-0.29478461870322,1,0,sleeping_dog,0.9375,1,0,496,1
HELIOS-003260,15.8,33.5,pro,16,34,7,0,0,0,7.0,226,0.9724178218709771,0.9499119117528781,-0.022505910118098993,1,1,sure_thing,0.8506,1,1,481,1
HELIOS-003261,19.3,19.7,basic,12,5,11,1,0,0,,314,0.9727130413871281,0.9820966479134775,0.009383606526349397,1,1,sure_thing,0.2109,0,1,587,1
HELIOS-003262,15.7,15.94,basic,1,65,2,1,0,0,,64,0.789625217981736,0.7097649940042201,-0.07986022397751591,1,1,sleeping_dog,0.6229,1,1,478,1
HELIOS-003263,7.1,19.71,basic,4,54,2,1,1,0,,23,0.6615456147427233,0.776532649888063,0.1149870351453397,1,1,persuadable,0.8952,1,1,216,1
HELIOS-003264,10.1,19.84,basic,3,2,2,0,1,0,8.0,70,0.8720232501170401,0.9081584407693989,0.03613519065235882,0,0,lost_cause,0.6055,1,0,307,1
HELIOS-003265,16.1,34.92,pro,6,12,0,0,0,1,,149,0.9624518334394615,0.8160296258192278,-0.14642220762023372,1,1,sleeping_dog,0.84,1,1,490,1
HELIOS-003266,31.2,14.13,basic,10,40,7,2,0,0,7.0,262,0.911854082728911,0.9566416041879308,0.04478752145901976,1,1,lost_cause,0.7885,1,1,950,1
HELIOS-003267,30.1,15.22,basic,8,1,1,1,0,0,5.0,154,0.9258561767698369,0.9155843136904585,-0.01027186307937844,1,1,sure_thing,0.6348,0,1,916,1
HELIOS-003268,11.1,21.34,basic,9,27,8,0,0,0,,121,0.9540066016343292,0.9420307581049098,-0.011975843529419383,1,1,sure_thing,0.6923,1,1,338,1
HELIOS-003269,10.5,34.96,pro,6,58,4,0,0,1,,67,0.9204895414028696,0.7527457366820884,-0.1677438047207812,0,0,sleeping_dog,0.5388,0,0,320,1
HELIOS-003270,31.2,127.21,enterprise,9,0,4,1,0,0,,328,0.962449655411408,0.99,0.027550344588591957,1,1,sure_thing,0.0517,1,1,950,1
HELIOS-003271,29.8,41.93,pro,10,18,7,0,0,0,6.0,289,0.9657421958805729,0.9546039095096618,-0.011138286370911077,1,1,sure_thing,0.3672,1,1,907,1
HELIOS-003272,20.7,94.83,enterprise,7,79,6,1,0,0,8.0,204,0.9200030667346792,0.9182527025297804,-0.0017503642048988244,1,1,sure_thing,0.1572,0,1,630,1
HELIOS-003273,31.2,51.07,pro,5,16,2,1,0,0,6.0,215,0.8997961207152413,0.9037169466500816,0.003920825934840333,1,1,lost_cause,0.3634,1,1,950,1
HELIOS-003274,13.2,34.23,pro,15,0,13,0,1,0,,207,0.9744351751593169,0.99,0.015564824840683111,1,1,sure_thing,0.256,0,1,402,1
HELIOS-003275,23.8,16.8,basic,6,17,3,0,1,1,,100,0.895790164622853,0.8961467832107588,0.00035661858790581036,0,0,lost_cause,0.514,1,0,724,1
HELIOS-003276,16.6,14.96,basic,3,18,4,1,2,0,6.0,117,0.6391001738127152,0.9142030372755946,0.2751028634628794,1,1,persuadable,0.9346,1,1,505,1
HELIOS-003277,31.2,21.96,basic,3,58,1,1,0,1,6.0,159,0.9034014347746601,0.7437355633382836,-0.15966587143637645,1,1,sleeping_dog,0.4474,1,1,950,1
HELIOS-003278,15.3,45.17,pro,39,20,20,0,0,0,10.0,479,0.99,0.99,0.0,1,1,sure_thing,0.7405,0,1,466,1
HELIOS-003279,21.8,13.08,basic,24,17,12,0,0,0,,343,0.9852518858723481,0.9827372048481734,-0.0025146810241747364,1,1,sure_thing,0.1817,1,1,664,1
HELIOS-003280,4.0,17.28,basic,5,36,6,0,0,1,6.0,36,0.9092352121675075,0.834811695788059,-0.07442351637944844,1,1,sleeping_dog,0.3166,0,1,122,1
HELIOS-003281,17.5,21.58,basic,9,6,8,0,0,0,7.0,232,0.9574961300317073,0.9527378889335145,-0.004758241098192784,1,1,sure_thing,0.0035,0,1,533,0
HELIOS-003282,30.0,43.43,pro,13,3,6,0,0,0,7.0,307,0.9784739002518845,0.9690407839291513,-0.009433116322733248,1,1,sure_thing,0.1422,1,1,913,1
HELIOS-003283,27.7,18.52,basic,3,207,3,0,0,0,,95,0.7834040426339646,0.490879595278837,-0.29252444735512756,0,0,sleeping_dog,0.7168,1,0,843,1
HELIOS-003284,28.3,19.68,basic,6,93,4,1,0,0,,279,0.9132509724270308,0.8050814430857789,-0.1081695293412519,1,0,sleeping_dog,0.7394,0,1,861,1
HELIOS-003285,8.2,29.48,basic,2,7,3,1,0,1,7.0,39,0.8583482532857807,0.8460730729848894,-0.012275180300891253,1,1,lost_cause,0.2335,0,1,250,1
HELIOS-003286,17.4,43.96,pro,6,6,5,0,0,0,,165,0.9424624628119563,0.9295261466488983,-0.012936316163058015,1,1,sure_thing,0.0438,0,1,530,1
HELIOS-003287,18.8,163.19,enterprise,7,17,6,0,0,0,,236,0.9826235388102733,0.99,0.00737646118972668,1,1,sure_thing,0.7522,1,1,572,1
HELIOS-003288,31.2,21.78,basic,2,8,2,0,0,0,,237,0.9431185587884199,0.9031739500428033,-0.03994460874561656,1,1,sure_thing,0.0952,0,1,950,1
HELIOS-003289,6.8,46.39,pro,2,15,2,1,0,0,6.0,45,0.835567513899494,0.8452127182133428,0.009645204313848743,1,1,lost_cause,0.9345,1,1,207,1
HELIOS-003290,31.2,48.21,pro,42,12,20,0,0,0,10.0,932,0.99,0.99,0.0,1,1,sure_thing,0.2103,0,1,950,1
HELIOS-003291,31.2,19.76,basic,6,16,4,0,0,0,,358,0.9583228549176234,0.9287512475064114,-0.02957160741121201,1,1,sure_thing,0.2843,0,1,950,1
HELIOS-003292,18.0,17.34,basic,8,8,3,0,0,0,,179,0.9575168252761699,0.9259713378519737,-0.03154548742419616,1,1,sure_thing,0.7897,0,1,548,1
HELIOS-003293,31.2,16.45,basic,11,6,3,0,0,0,,276,0.9784609763795246,0.9482297624040281,-0.03023121397549644,1,1,sure_thing,0.0746,1,1,950,1
HELIOS-003294,20.6,21.64,basic,7,12,3,2,0,0,,134,0.8993956556388819,0.9607373023046285,0.061341646665746596,1,1,persuadable,0.4105,0,1,627,1
HELIOS-003295,13.5,59.21,pro,8,80,6,0,0,0,,113,0.9165047275435787,0.8156390996371032,-0.10086562790647546,1,1,sleeping_dog,0.5142,0,1,411,0
HELIOS-003296,6.0,28.6,basic,10,11,8,0,1,0,,76,0.9326103606541403,0.9638103251783944,0.03119996452425411,1,1,sure_thing,0.4962,1,1,183,1
HELIOS-003297,9.5,13.96,basic,10,12,6,0,0,0,,104,0.9382541219673926,0.9239253326309209,-0.014328789336471637,1,1,sure_thing,0.6658,1,1,289,1
HELIOS-003298,25.4,57.11,pro,26,1,11,1,0,0,10.0,623,0.99,0.99,0.0,1,1,sure_thing,0.0254,0,1,773,1
HELIOS-003299,27.0,68.65,pro,4,27,8,0,0,0,,200,0.961553019283873,0.9568974929711727,-0.0046555263127003865,1,1,sure_thing,0.4695,1,1,822,1
HELIOS-003300,23.1,52.73,pro,5,53,3,1,0,1,,249,0.9056559838205384,0.8144903384101148,-0.0911656454104236,1,1,sleeping_dog,0.1326,1,1,703,1
HELIOS-003301,23.3,86.07,enterprise,4,42,2,1,0,0,,159,0.9030759343514561,0.9046682700300794,0.00159233567862338,1,1,lost_cause,0.4223,1,1,709,1
HELIOS-003302,31.2,15.35,basic,7,21,9,0,0,0,,353,0.9671853943144912,0.9610509644756826,-0.0061344298388086305,1,1,sure_thing,0.2331,1,1,950,1
HELIOS-003303,4.5,48.01,pro,25,21,14,0,0,0,,110,0.9863970861714245,0.9856491249556412,-0.0007479612157833548,1,1,sure_thing,0.2135,0,1,137,1
HELIOS-003304,12.5,49.68,pro,12,24,5,1,0,1,,108,0.937030236020506,0.9172619747788575,-0.019768261241648433,1,1,sure_thing,0.6625,1,1,380,1
HELIOS-003305,31.2,61.45,pro,23,12,15,0,0,0,,679,0.99,0.99,0.0,1,1,sure_thing,0.74,1,1,950,1
HELIOS-003306,9.8,47.47,pro,9,40,9,0,1,1,,159,0.9085382588190225,0.9446816483139862,0.03614338949496365,1,1,lost_cause,0.1842,0,1,298,1
HELIOS-003307,1.0,24.08,basic,6,160,2,1,0,0,5.0,9,0.7273189544187777,0.4686292785742808,-0.25868967584449687,1,0,sleeping_dog,0.9012,1,0,30,1
HELIOS-003308,21.3,17.34,basic,9,27,3,0,0,0,5.0,186,0.9534703327389531,0.8975069898817729,-0.05596334285718019,1,1,sleeping_dog,0.6525,1,1,648,1
HELIOS-003309,10.0,52.62,pro,12,52,2,1,1,1,,75,0.8311552051914134,0.9078716984156662,0.07671649322425278,0,0,persuadable,0.9505,1,0,304,1
HELIOS-003310,31.2,22.78,basic,40,0,15,0,0,0,10.0,880,0.99,0.99,0.0,1,1,sure_thing,0.1238,0,1,950,1
HELIOS-003311,26.6,18.94,basic,6,0,5,0,1,0,,228,0.9186453753475067,0.9525490406235322,0.03390366527602551,1,1,lost_cause,0.4798,0,1,810,1
HELIOS-003312,29.3,20.4,basic,6,45,3,0,0,1,,203,0.9309601259032494,0.7710824678816263,-0.15987765802162313,1,1,sleeping_dog,0.2751,1,1,892,1
HELIOS-003313,19.0,20.61,basic,31,20,10,1,0,0,,349,0.9892902712647142,0.9886308721609018,-0.0006593991038124081,1,1,sure_thing,0.0745,0,1,578,1
HELIOS-003314,13.9,23.24,basic,14,8,10,0,0,0,,173,0.9654211077993535,0.9629349927006366,-0.002486115098716879,1,1,sure_thing,0.0886,0,1,423,1
HELIOS-003315,12.0,51.98,pro,12,10,2,0,0,0,,169,0.9652505483093615,0.9216189281213668,-0.04363162018799471,1,1,sure_thing,0.0911,0,1,365,1
HELIOS-003316,31.2,35.58,pro,4,0,2,1,0,0,,194,0.91467833741683,0.9239528811281271,0.0092745437112971,1,1,lost_cause,0.862,1,1,950,1
HELIOS-003317,31.2,18.07,basic,9,21,5,0,1,0,,439,0.9122942374040794,0.9335737531283582,0.021279515724278775,1,1,lost_cause,0.708,1,1,950,1
HELIOS-003318,11.1,113.03,enterprise,31,0,19,0,0,1,10.0,297,0.99,0.99,0.0,1,1,sure_thing,0.0615,0,1,338,1
HELIOS-003319,29.0,41.64,pro,8,57,7,1,0,1,,200,0.9417658399876176,0.906552583988293,-0.03521325599932468,1,1,sure_thing,0.9437,0,1,883,1
HELIOS-003320,31.2,68.49,pro,6,22,3,3,0,0,7.0,209,0.8978009243666016,0.99,0.09219907563339835,1,1,persuadable,0.7668,0,1,950,1
HELIOS-003321,31.2,15.24,basic,5,6,2,1,0,1,8.0,200,0.9290423659575258,0.8955334990888316,-0.03350886686869414,1,1,sure_thing,0.0037,0,1,950,1
HELIOS-003322,19.2,13.89,basic,9,125,3,0,1,1,,232,0.8295715492781115,0.6079719111908283,-0.22159963808728322,0,0,sleeping_dog,0.944,1,0,584,1
HELIOS-003323,11.6,42.26,pro,8,84,11,1,0,0,,128,0.9218789409474063,0.9266039616309492,0.004725020683542858,0,0,sure_thing,0.22,0,0,353,1
HELIOS-003324,24.7,56.04,pro,11,19,4,1,0,0,7.0,290,0.9395212648786179,0.944338930723006,0.0048176658443881415,1,1,sure_thing,0.8618,1,1,752,1
HELIOS-003325,11.0,25.54,basic,3,47,1,0,1,0,,23,0.7733390531577746,0.7647940393661253,-0.008545013791649292,0,0,lost_cause,0.5178,0,0,335,0
HELIOS-003326,15.5,28.1,basic,8,7,3,1,0,1,,156,0.8871387739993334,0.8641592599839696,-0.0229795140153638,1,1,lost_cause,0.6374,1,1,472,1
HELIOS-003327,4.2,64.32,pro,25,9,12,0,0,0,,89,0.976180195522174,0.9753933123823775,-0.0007868831397965792,1,1,sure_thing,0.4434,0,1,128,1
HELIOS-003328,8.0,134.95,enterprise,4,84,3,0,0,0,,44,0.9444293662869145,0.7927385031857804,-0.1516908631011341,1,1,sleeping_dog,0.5697,1,1,244,1
HELIOS-003329,5.7,62.18,pro,8,17,4,1,0,0,7.0,60,0.8764547146024677,0.8911701754580342,0.01471546085556652,1,1,lost_cause,0.2188,0,1,174,1
HELIOS-003330,30.6,12.04,basic,10,14,3,0,1,0,,246,0.9374858172842163,0.9496027577003358,0.012116940416119437,1,1,sure_thing,0.4698,0,1,931,1
HELIOS-003331,13.4,49.85,pro,4,29,6,0,0,0,,95,0.9406772866471096,0.9199131602820276,-0.02076412636508196,1,1,sure_thing,0.8175,0,1,408,1
HELIOS-003332,21.1,13.25,basic,8,0,5,0,0,0,,217,0.9573044812510824,0.944665278028992,-0.012639203222090334,1,1,sure_thing,0.0537,0,1,642,1
HELIOS-003333,31.2,18.92,basic,1,155,3,2,1,1,7.0,137,0.664446030855359,0.7017773850263094,0.03733135417095035,1,1,lost_cause,0.8643,0,1,950,0
HELIOS-003334,17.9,225.65,enterprise,14,45,3,0,0,0,7.0,203,0.9833628165467841,0.9613436991144707,-0.02201911743231344,1,1,sure_thing,0.0455,1,1,545,1
HELIOS-003335,17.2,24.15,basic,14,44,2,0,0,0,,149,0.9378236579895147,0.82968621288073,-0.10813744510878476,1,1,sleeping_dog,0.1283,1,1,524,1
HELIOS-003336,30.5,45.78,pro,11,40,1,1,0,0,,292,0.9553066084638012,0.9022281958698658,-0.05307841259393542,1,1,sleeping_dog,0.726,1,1,928,0
HELIOS-003337,10.2,151.16,enterprise,1,54,2,1,1,0,,37,0.7951802241206161,0.99,0.19481977587938393,1,1,persuadable,0.4975,1,1,310,0
HELIOS-003338,24.7,68.91,pro,13,8,8,1,0,0,7.0,323,0.9566390232920412,0.9769641359009263,0.020325112608885143,1,1,sure_thing,0.784,0,1,752,1
HELIOS-003339,13.9,40.94,pro,23,0,7,0,1,0,,248,0.9593181256682644,0.9723683399892313,0.01305021432096698,1,1,sure_thing,0.3271,1,1,423,1
HELIOS-003340,31.2,50.78,pro,4,12,1,0,2,1,5.0,181,0.8372152990735389,0.99,0.15278470092646113,1,1,persuadable,0.8751,1,1,950,1
HELIOS-003341,17.7,58.36,pro,12,18,6,1,0,0,,240,0.956278697648209,0.9684306375171388,0.012151939868929706,1,1,sure_thing,0.6089,1,1,539,1
HELIOS-003342,7.2,47.34,pro,12,37,8,0,0,0,9.0,80,0.9145818502831524,0.8979737957414301,-0.016608054541722317,1,1,lost_cause,0.3202,1,1,219,0
HELIOS-003343,25.8,20.84,basic,5,21,1,0,0,0,7.0,136,0.9157992929817242,0.8387990683641982,-0.07700022461752609,1,1,sleeping_dog,0.2812,0,1,785,1
HELIOS-003344,28.0,21.1,basic,5,27,5,0,0,0,,240,0.9446120436175339,0.9137763230296264,-0.03083572058790751,1,1,sure_thing,0.0475,0,1,852,1
HELIOS-003345,16.5,43.47,pro,12,12,5,0,0,0,,230,0.9717941921522579,0.9529841515628272,-0.0188100405894307,1,1,sure_thing,0.1945,1,1,502,1
HELIOS-003346,6.7,31.4,pro,59,0,15,0,0,0,,278,0.99,0.99,0.0,1,1,sure_thing,0.7603,0,1,204,1
HELIOS-003347,30.0,54.19,pro,25,5,14,0,0,0,,524,0.9896023029334321,0.989818249360116,0.0002159464266838773,1,1,sure_thing,0.2837,0,1,913,1
HELIOS-003348,17.3,44.58,pro,2,47,4,1,0,0,7.0,120,0.8266077827694256,0.8219765682504973,-0.004631214518928339,1,1,lost_cause,0.9177,1,1,527,1
HELIOS-003349,20.9,14.63,basic,2,25,2,0,0,1,5.0,109,0.9213171659008679,0.7886969439986454,-0.13262022190222245,1,1,sleeping_dog,0.8468,0,1,636,1
HELIOS-003350,14.0,66.62,pro,1,8,0,1,2,0,3.0,16,0.5693088975132039,0.8576540541206172,0.28834515660741333,1,1,persuadable,0.9855,1,1,426,1
HELIOS-003351,31.2,47.22,pro,5,21,5,1,0,0,7.0,222,0.9349321788541497,0.9511928767509404,0.016260697896790743,1,1,sure_thing,0.652,1,1,950,1
HELIOS-003352,11.4,41.69,pro,22,1,6,0,0,0,,207,0.9861263925304126,0.9758257736208779,-0.010300618909534709,1,1,sure_thing,0.0962,0,1,347,1
HELIOS-003353,23.8,34.73,pro,22,5,10,0,0,0,10.0,438,0.9833570679769615,0.9805986970083818,-0.002758370968579782,1,1,sure_thing,0.6352,1,1,724,0
HELIOS-003354,31.2,41.97,pro,7,69,2,0,0,0,7.0,287,0.9465419950782524,0.7803558507550256,-0.16618614432322687,1,1,sleeping_dog,0.1882,0,1,950,1
HELIOS-003355,15.5,45.99,pro,29,8,13,0,0,0,9.0,347,0.99,0.99,0.0,1,1,sure_thing,0.7692,0,1,472,1
HELIOS-003356,31.2,19.61,basic,13,4,12,0,1,1,,442,0.9613019791996633,0.9827769701713018,0.02147499097163852,1,1,sure_thing,0.6854,1,1,950,1
HELIOS-003357,31.2,19.44,basic,11,11,6,0,1,0,,460,0.9568615865088442,0.9788082151086746,0.02194662859983032,1,1,sure_thing,0.5629,0,1,950,1
HELIOS-003358,31.2,41.99,pro,4,153,3,1,0,0,,241,0.8380680856766239,0.6047186795862962,-0.23334940609032773,1,1,sleeping_dog,0.4865,1,1,950,1
HELIOS-003359,31.2,107.35,enterprise,19,2,4,0,0,0,,477,0.9888322603764325,0.9733391993894496,-0.015493060986982887,1,1,sure_thing,0.6434,1,1,950,1
HELIOS-003360,6.2,71.15,pro,8,6,5,0,0,0,,65,0.9577048902449923,0.9470017402616968,-0.010703149983295468,1,1,sure_thing,0.5837,1,1,189,1
HELIOS-003361,21.8,52.74,pro,13,61,6,0,0,0,7.0,236,0.9606900682890849,0.895852524958361,-0.06483754333072389,1,1,sleeping_dog,0.832,1,1,664,0
HELIOS-003362,31.2,15.09,basic,31,2,9,0,0,0,,623,0.99,0.99,0.0,1,1,sure_thing,0.2589,0,1,950,1
HELIOS-003363,13.9,138.51,enterprise,8,16,1,0,0,0,,95,0.9704972552906092,0.9249867647432711,-0.04551049054733802,1,1,sure_thing,0.6232,1,1,423,1
HELIOS-003364,31.2,19.27,basic,9,16,1,1,0,0,7.0,254,0.9189249458493967,0.8951484036277638,-0.023776542221632835,1,1,lost_cause,0.7612,0,1,950,1
HELIOS-003365,31.2,38.91,pro,3,192,1,0,1,0,5.0,98,0.7113844828100976,0.4857033132873834,-0.22568116952271416,1,1,sleeping_dog,0.9371,1,1,950,1
HELIOS-003366,7.6,17.59,basic,2,127,3,1,1,0,5.0,27,0.6659304606435076,0.6782223682772198,0.01229190763371224,1,1,lost_cause,0.7472,0,1,231,1
HELIOS-003367,31.2,20.36,basic,9,1,9,1,2,0,8.0,345,0.843652342115506,0.99,0.146347657884494,1,1,persuadable,0.5205,0,1,950,1
HELIOS-003368,6.2,16.3,basic,20,4,14,0,0,0,,74,0.9820915643037138,0.9819805551114347,-0.00011100919227913231,1,1,sure_thing,0.3255,0,1,189,1
HELIOS-003369,12.3,12.8,basic,13,5,8,1,0,0,10.0,165,0.9486375864186061,0.953988922683342,0.00535133626473594,1,1,sure_thing,0.6194,1,1,374,1
HELIOS-003370,20.4,16.56,basic,4,127,4,2,0,0,,105,0.814807699905785,0.7431380009039322,-0.07166969900185283,1,1,sleeping_dog,0.7534,1,1,621,1
HELIOS-003371,24.7,44.27,pro,5,68,4,0,2,0,,176,0.765432716682486,0.9792706362814572,0.21383791959897114,0,1,persuadable,0.8375,1,1,752,1
HELIOS-003372,31.2,66.94,pro,10,37,4,0,0,0,,312,0.9741073438947389,0.9205518545862766,-0.05355548930846221,0,0,sleeping_dog,0.7883,1,0,950,1
HELIOS-003373,31.2,46.86,pro,14,0,7,1,1,1,,537,0.9420104244922788,0.99,0.047989575507721205,0,1,sure_thing,0.5052,1,1,950,1
HELIOS-003374,30.2,13.73,basic,3,27,3,0,0,0,5.0,198,0.9492301569502649,0.8946277887499929,-0.05460236820027198,1,1,sleeping_dog,0.1335,0,1,919,1
HELIOS-003375,31.2,16.11,basic,24,0,10,0,0,0,,474,0.99,0.9893780153347508,-0.0006219846652492089,1,1,sure_thing,0.0354,0,1,950,1
HELIOS-003376,10.9,24.17,basic,5,7,3,1,0,0,,61,0.8845903122432184,0.8886472564004744,0.004056944157255993,0,0,lost_cause,0.6186,0,0,332,1
HELIOS-003377,18.7,50.68,pro,16,18,8,1,1,0,,252,0.9106160205209713,0.99,0.07938397947902864,1,1,persuadable,0.0689,0,1,569,1
HELIOS-003378,20.1,27.33,basic,20,4,5,1,0,0,,348,0.9527576394536166,0.9511474319488011,-0.0016102075048154418,1,1,sure_thing,0.3491,0,1,612,1
HELIOS-003379,19.7,20.71,basic,5,43,4,0,0,0,,145,0.9450258403507775,0.8792039331636927,-0.0658219071870848,1,1,sleeping_dog,0.3806,0,1,600,1
HELIOS-003380,31.2,19.8,basic,11,38,5,1,0,0,,275,0.9541639900324786,0.942191841630375,-0.0119721484021037,1,1,sure_thing,0.3102,0,1,950,0
HELIOS-003381,30.4,30.43,basic,2,43,2,0,1,0,,124,0.9072647825093864,0.9256778140851977,0.01841303157581131,1,1,lost_cause,0.2097,0,1,925,1
HELIOS-003382,7.6,38.97,pro,12,6,7,0,0,0,10.0,77,0.9660510312172971,0.9588900490662156,-0.007160982151081519,1,1,sure_thing,0.2677,0,1,231,1
HELIOS-003383,31.2,48.39,pro,11,9,11,0,0,0,10.0,487,0.980856168488944,0.9814339240688082,0.0005777555798642808,1,1,sure_thing,0.8645,1,1,950,1
HELIOS-003384,19.6,22.46,basic,9,43,2,0,1,0,7.0,197,0.8807067016321521,0.8708659806019339,-0.009840721030218269,1,1,lost_cause,0.2415,0,1,597,0
HELIOS-003385,26.4,66.59,pro,10,47,3,0,1,0,,264,0.9058112546992235,0.9315359702538237,0.025724715554600208,0,0,lost_cause,0.5409,1,0,804,1
HELIOS-003386,19.6,23.07,basic,2,44,0,3,0,0,,74,0.7037955286377039,0.8904637971963931,0.18666826855868923,1,1,persuadable,0.8628,1,1,597,1
HELIOS-003387,31.2,17.68,basic,29,3,16,0,1,1,,795,0.99,0.99,0.0,1,1,sure_thing,0.3957,0,1,950,1
HELIOS-003388,23.5,18.67,basic,27,3,6,3,0,0,6.0,358,0.9556689143000355,0.99,0.03433108569996446,1,1,sure_thing,0.0229,0,1,715,1
HELIOS-003389,8.8,137.31,enterprise,2,14,5,2,0,0,7.0,43,0.866775935234738,0.99,0.12322406476526204,1,1,persuadable,0.2777,1,1,268,1
HELIOS-003390,31.2,18.71,basic,5,12,4,0,1,1,7.0,269,0.8945453111101735,0.9117813689319779,0.017236057821804374,1,1,lost_cause,0.4206,1,1,950,1
HELIOS-003391,23.8,28.61,basic,4,37,2,0,0,0,8.0,152,0.9185373166850528,0.8288495703936484,-0.08968774629140441,1,1,sleeping_dog,0.5398,1,1,724,1
HELIOS-003392,14.2,24.79,basic,15,7,11,0,0,0,,215,0.9819130786702059,0.9805882215986651,-0.0013248570715408414,1,1,sure_thing,0.2718,0,1,432,1
HELIOS-003393,11.1,118.53,enterprise,1,48,1,0,0,1,6.0,32,0.8970856034534148,0.7151111681185336,-0.18197443533488122,0,0,sleeping_dog,0.5346,0,0,338,1
HELIOS-003394,27.9,58.15,pro,4,205,3,1,0,0,,127,0.8534832732330236,0.5998809604436781,-0.25360231278934553,1,1,sleeping_dog,0.6935,1,1,849,1
HELIOS-003395,31.2,42.1,pro,5,7,8,1,0,0,8.0,261,0.9365848565159924,0.9606297224939244,0.024044865977931984,1,1,sure_thing,0.5442,0,1,950,1
HELIOS-003396,6.2,11.86,basic,1,87,5,0,0,0,,24,0.7947620164541022,0.6529255265337424,-0.1418364899203598,1,0,sleeping_dog,0.9586,1,0,189,1
HELIOS-003397,21.7,30.97,basic,20,7,11,0,0,0,,447,0.99,0.9886822056373871,-0.001317794362612923,1,1,sure_thing,0.1948,0,1,661,1
HELIOS-003398,28.5,23.73,basic,36,3,15,0,0,0,,663,0.99,0.99,0.0,1,1,sure_thing,0.6083,0,1,868,1
HELIOS-003399,14.1,55.81,pro,9,81,2,1,0,0,7.0,148,0.8745897382102521,0.7587623015651697,-0.11582743664508244,0,0,sleeping_dog,0.612,1,0,429,1
HELIOS-003400,19.3,15.45,basic,7,35,5,1,0,0,,112,0.920360238303405,0.9135845508455881,-0.00677568745781687,0,0,sure_thing,0.7158,1,0,587,1
HELIOS-003401,31.2,65.31,pro,1,9,0,0,0,1,,147,0.9245199968525227,0.7930236740241058,-0.13149632282841694,1,1,sleeping_dog,0.024,0,1,950,1
HELIOS-003402,22.4,49.18,pro,9,1,8,0,0,0,,264,0.9607361325443885,0.9590043595261628,-0.0017317730182256907,1,1,sure_thing,0.2997,1,1,682,1
HELIOS-003403,27.5,12.19,basic,10,2,6,0,0,0,,356,0.9505589762625017,0.9406337940111551,-0.009925182251346643,1,1,sure_thing,0.4992,1,1,837,1
HELIOS-003404,18.2,30.84,pro,10,11,6,1,0,1,,199,0.9356977390125781,0.9315323777919251,-0.00416536122065303,1,1,sure_thing,0.7622,1,1,554,1
HELIOS-003405,31.2,15.24,basic,17,28,3,0,1,1,7.0,216,0.9549178448290542,0.9202772396851073,-0.034640605143946845,1,1,sure_thing,0.5369,0,1,950,1
HELIOS-003406,31.2,15.44,basic,6,103,4,0,0,0,,337,0.9512827333737754,0.7481566105288839,-0.2031261228448915,1,0,sleeping_dog,0.4075,1,0,950,1
HELIOS-003407,22.7,147.75,enterprise,13,15,3,0,1,0,,246,0.9589710854738261,0.99,0.031028914526173845,1,1,sure_thing,0.0389,1,1,691,1
HELIOS-003408,9.1,14.6,basic,1,193,1,2,0,0,,43,0.5327613773705682,0.3370687800639953,-0.19569259730657285,1,1,sleeping_dog,0.6392,0,1,277,1
HELIOS-003409,31.2,23.58,basic,5,4,5,2,0,0,5.0,214,0.9126187201017428,0.99,0.07738127989825716,1,1,persuadable,0.0398,0,1,950,1
HELIOS-003410,17.0,15.12,basic,1,29,0,2,0,0,,92,0.7793544343594931,0.8358800904068451,0.056525656047351935,1,1,persuadable,0.7392,1,1,517,1
HELIOS-003411,31.2,119.83,enterprise,5,44,9,0,0,1,,276,0.9769841276509933,0.954457775002746,-0.022526352648247316,1,1,sure_thing,0.1231,1,1,950,1
HELIOS-003412,23.0,14.72,basic,19,45,5,0,0,1,8.0,352,0.9747078711777122,0.8582031408534851,-0.11650473032422703,1,1,sleeping_dog,0.2112,0,1,700,1
HELIOS-003413,2.4,18.53,basic,15,53,5,0,0,0,7.0,37,0.923768301411167,0.8545594379155939,-0.06920886349557309,1,1,sleeping_dog,0.69,0,1,73,1
HELIOS-003414,12.6,129.38,enterprise,7,84,4,0,0,1,,90,0.9298853856329152,0.7253029083088012,-0.20458247732411405,1,0,sleeping_dog,0.7042,1,0,384,1
HELIOS-003415,31.2,27.6,basic,17,6,11,0,0,1,,429,0.986136256954579,0.9796486304559983,-0.006487626498580701,1,1,sure_thing,0.3305,0,1,950,1
HELIOS-003416,31.2,11.57,basic,34,2,11,1,0,0,,743,0.99,0.99,0.0,1,1,sure_thing,0.0274,0,1,950,1
HELIOS-003417,24.1,76.22,pro,14,1,12,0,0,0,,415,0.98286030441208,0.9861428866130164,0.003282582200936357,1,1,sure_thing,0.4885,0,1,734,1
HELIOS-003418,25.3,60.94,pro,5,35,4,2,0,0,5.0,197,0.8976579518022678,0.99,0.09234204819773217,1,1,persuadable,0.5891,1,1,770,1
HELIOS-003419,9.7,18.96,basic,3,4,1,1,1,0,,52,0.6143189557136164,0.7555739769479713,0.14125502123435496,1,1,persuadable,0.8889,1,1,295,1
HELIOS-003420,26.3,17.9,basic,2,239,1,1,0,0,5.0,154,0.7307775579230744,0.45484477556408853,-0.2759327823589859,1,1,sleeping_dog,0.7497,1,1,801,1
HELIOS-003421,31.2,57.49,pro,3,33,2,0,0,0,,147,0.9527858315918961,0.875560337852246,-0.07722549373965015,1,1,sleeping_dog,0.638,1,1,950,1
HELIOS-003422,10.6,16.57,basic,13,33,5,0,1,0,,101,0.9109742568852112,0.9194079368430723,0.008433679957861151,1,1,lost_cause,0.7198,1,1,323,1
HELIOS-003423,25.8,151.39,enterprise,11,3,3,0,0,1,9.0,329,0.9777322958169465,0.9347286998000511,-0.04300359601689541,1,1,sure_thing,0.6852,1,1,785,1
HELIOS-003424,15.3,21.7,basic,3,102,4,1,1,0,7.0,62,0.6628441585392998,0.7494577622593255,0.08661360372002569,1,1,persuadable,0.5088,0,1,466,0
HELIOS-003425,31.2,24.4,basic,32,9,12,3,0,1,8.0,717,0.9818190051369831,0.99,0.008180994863016933,1,1,sure_thing,0.2805,0,1,950,1
HELIOS-003426,31.2,185.85,enterprise,5,99,1,0,0,0,2.0,203,0.9541466173149175,0.7742257350278265,-0.1799208822870909,1,1,sleeping_dog,0.5163,1,1,950,0
HELIOS-003427,23.5,16.46,basic,18,2,6,0,0,0,,422,0.9769192673798777,0.9660480038684394,-0.0108712635114383,1,1,sure_thing,0.6737,0,1,715,1
HELIOS-003428,31.2,15.17,basic,3,87,2,0,1,0,4.0,155,0.8961102286790634,0.8162565280672716,-0.07985370061179187,1,1,sleeping_dog,0.5868,1,1,950,0
HELIOS-003429,6.6,59.06,pro,22,20,6,1,1,0,,114,0.9155210944063477,0.99,0.07447890559365233,1,1,persuadable,0.4088,0,1,201,1
HELIOS-003430,25.2,16.55,basic,7,1,3,2,0,0,,148,0.9308473412796825,0.989759717759581,0.058912376479898554,1,1,persuadable,0.2069,0,1,767,1
HELIOS-003431,31.2,15.89,basic,9,16,5,1,0,0,9.0,304,0.9701480824601215,0.9709682909766766,0.0008202085165550654,1,1,sure_thing,0.5186,0,1,950,1
HELIOS-003432,28.5,16.78,basic,0,13,0,1,1,0,6.0,55,0.7921908479651638,0.9423967104968523,0.15020586253168844,0,1,persuadable,0.822,0,0,868,1
HELIOS-003433,11.9,17.94,basic,13,3,7,0,0,1,,151,0.9596669184263654,0.9376476829893845,-0.022019235436980922,1,1,sure_thing,0.0117,1,1,362,1
HELIOS-003434,17.4,47.61,pro,7,30,6,1,0,1,,160,0.9169584726637143,0.9083990643209349,-0.008559408342779462,1,1,lost_cause,0.4146,1,1,530,1
HELIOS-003435,19.2,36.79,pro,4,117,3,0,0,0,,143,0.9213312384851622,0.6789458599713842,-0.24238537851377795,1,0,sleeping_dog,0.7163,1,0,584,1
HELIOS-003436,16.8,114.13,enterprise,5,76,0,1,0,0,,120,0.8405229275830385,0.7508108109483967,-0.08971211663464174,1,1,sleeping_dog,0.8735,1,1,511,1
HELIOS-003437,31.2,18.02,basic,6,27,1,1,0,0,8.0,183,0.919145623444799,0.8849893338506126,-0.03415628959418637,1,1,lost_cause,0.8965,1,1,950,1
HELIOS-003438,21.2,17.64,basic,9,76,2,1,0,0,,200,0.9195686767539889,0.8032280044628303,-0.11634067229115863,1,1,sleeping_dog,0.3037,0,1,645,1
HELIOS-003439,7.0,57.18,pro,5,20,7,0,0,0,9.0,58,0.9189127791310252,0.9105730749069704,-0.008339704224054834,1,1,lost_cause,0.9123,0,1,213,1
HELIOS-003440,28.9,21.27,basic,2,103,2,3,1,0,,203,0.5606960998857627,0.8208088327181701,0.2601127328324073,1,1,persuadable,0.9975,1,1,880,1
HELIOS-003441,31.2,41.15,pro,1,86,1,1,0,0,,184,0.8968906909740765,0.7564428519384244,-0.14044783903565206,1,1,sleeping_dog,0.0862,0,1,950,1
HELIOS-003442,31.2,23.36,basic,8,10,3,0,0,0,8.0,243,0.9482919091565825,0.9150177141718624,-0.03327419498472006,1,1,sure_thing,0.8132,0,1,950,1
HELIOS-003443,14.1,47.28,pro,10,12,5,0,0,0,,85,0.9707186007751419,0.9527835626619077,-0.01793503811323427,1,0,sure_thing,0.3825,0,1,429,1
HELIOS-003444,31.2,14.63,basic,2,221,4,1,0,1,1.0,123,0.8497687524409384,0.5734545004351076,-0.2763142520058308,0,0,sleeping_dog,0.308,0,0,950,1
HELIOS-003445,31.2,46.79,pro,3,87,0,0,1,0,6.0,225,0.7969114089289164,0.6991678493834412,-0.0977435595454752,0,0,sleeping_dog,0.8214,1,0,950,1
HELIOS-003446,15.8,18.4,basic,5,10,1,1,2,1,,99,0.6522567919369513,0.9185850658074676,0.2663282738705163,0,1,persuadable,0.8326,1,1,481,1
HELIOS-003447,17.9,122.93,enterprise,19,1,12,0,1,0,,321,0.9822859609095984,0.99,0.007714039090401581,1,1,sure_thing,0.628,0,1,545,1
HELIOS-003448,31.2,26.06,basic,6,3,12,0,0,0,,386,0.9772265278283854,0.9790863804661366,0.0018598526377512359,1,1,sure_thing,0.0714,0,1,950,0
HELIOS-003449,5.5,19.7,basic,8,6,5,0,0,0,6.0,35,0.9101012992931586,0.8946568370245532,-0.015444462268605408,1,1,lost_cause,0.7228,1,1,167,1
HELIOS-003450,8.4,22.68,basic,9,0,1,1,0,0,6.0,67,0.8847033018895658,0.8759362359663587,-0.008767065923207085,1,1,lost_cause,0.3602,1,1,256,1
HELIOS-003451,29.0,185.66,enterprise,8,73,3,0,0,0,,327,0.954952464723413,0.8535669809575027,-0.10138548376591028,0,0,sleeping_dog,0.148,0,0,883,1
HELIOS-003452,4.5,17.89,basic,11,22,4,1,1,0,10.0,63,0.7728794264443053,0.867103266318106,0.09422383987380067,0,1,persuadable,0.9149,1,1,137,1
HELIOS-003453,15.8,34.78,pro,2,10,0,1,0,0,,64,0.8027415444713528,0.7922044670728203,-0.01053707739853249,1,1,lost_cause,0.6842,1,1,481,1
HELIOS-003454,28.0,18.16,basic,4,14,5,2,0,0,,193,0.8542130063686917,0.9295290112310994,0.07531600486240775,1,1,persuadable,0.2545,1,1,852,1
HELIOS-003455,19.2,47.73,pro,8,63,3,1,0,0,7.0,117,0.9050997812048419,0.8495770692628757,-0.05552271194196623,1,1,sleeping_dog,0.6129,1,1,584,1
HELIOS-003456,16.0,50.49,pro,10,1,5,1,0,0,,193,0.9406646175492428,0.9551925590673931,0.014527941518150289,1,1,sure_thing,0.81,1,1,487,1
HELIOS-003457,23.8,25.63,basic,1,38,3,0,0,0,,76,0.8986069013431808,0.826801827959314,-0.07180507338386677,1,1,sleeping_dog,0.2357,0,1,724,1
HELIOS-003458,31.2,116.24,enterprise,8,2,4,0,1,0,8.0,347,0.9530594154339543,0.99,0.03694058456604565,1,1,sure_thing,0.6258,1,1,950,1
HELIOS-003459,31.2,15.23,basic,7,25,5,0,0,0,,295,0.9706060811703409,0.940827546945993,-0.02977853422434784,1,1,sure_thing,0.2672,0,1,950,1
HELIOS-003460,31.2,16.94,basic,6,61,2,1,0,0,,270,0.8953896828753686,0.8169869347583782,-0.07840274811699033,1,1,sleeping_dog,0.9278,1,1,950,1
HELIOS-003461,31.2,63.88,pro,17,17,7,0,0,0,,409,0.9870994571291181,0.9758638992837555,-0.011235557845362565,1,1,sure_thing,0.8634,1,1,950,1
HELIOS-003462,8.2,14.68,basic,18,4,9,0,0,0,,137,0.9731988390892047,0.9691367645450132,-0.004062074544191496,1,1,sure_thing,0.3674,0,1,250,1
HELIOS-003463,31.2,22.67,basic,1,98,1,0,0,0,,76,0.9232846145148832,0.6812599825058576,-0.24202463200902558,1,0,sleeping_dog,0.9765,1,0,950,1
HELIOS-003464,31.2,19.81,basic,11,10,5,0,0,0,,398,0.9720324557609414,0.9535337964226879,-0.018498659338253565,1,0,sure_thing,0.0522,0,1,950,1
HELIOS-003465,5.1,61.15,pro,5,108,5,1,0,0,,23,0.8772275194729973,0.7761541191323315,-0.10107340034066581,1,1,sleeping_dog,0.6505,1,1,155,1
HELIOS-003466,21.1,17.4,basic,5,13,3,1,0,1,4.0,177,0.9232130592415196,0.8935579433841843,-0.02965511585733538,1,1,sure_thing,0.5343,0,1,642,0
HELIOS-003467,9.4,147.1,enterprise,10,14,6,1,0,0,6.0,91,0.9559229336390045,0.99,0.0340770663609955,1,1,sure_thing,0.0558,0,1,286,1
HELIOS-003468,31.2,16.33,basic,14,12,5,0,2,0,8.0,494,0.9047916875434393,0.99,0.08520831245656069,1,1,persuadable,0.5709,1,1,950,0
HELIOS-003469,4.9,120.27,enterprise,8,6,9,1,1,0,,44,0.873175522019804,0.99,0.11682447798019602,1,1,persuadable,0.7182,1,1,149,1
HELIOS-003470,7.8,17.83,basic,3,79,2,2,0,1,,67,0.6894945114674151,0.6219992551329996,-0.06749525633441555,1,1,sleeping_dog,0.9762,1,1,237,1
HELIOS-003471,18.3,14.47,basic,3,1,2,0,1,0,,106,0.8501781844372591,0.8826871554217304,0.03250897098447125,1,1,lost_cause,0.8546,0,1,557,0
HELIOS-003472,8.0,21.44,basic,23,0,18,1,0,0,,178,0.9725848634920874,0.9770022512158799,0.004417387723792521,1,1,sure_thing,0.0162,1,1,244,1
HELIOS-003473,19.8,24.87,basic,4,66,0,2,0,0,,106,0.8004183096705665,0.7942233220978656,-0.006194987572700872,1,1,lost_cause,0.8846,1,1,603,1
HELIOS-003474,22.1,26.01,basic,11,3,2,1,1,0,,191,0.8513712793906958,0.9562266970438801,0.10485541765318429,0,0,persuadable,0.7491,1,0,673,1
HELIOS-003475,16.0,112.9,enterprise,11,59,2,0,0,0,6.0,182,0.9616148027922585,0.8282828184703851,-0.13333198432187343,1,1,sleeping_dog,0.3545,1,1,487,1
HELIOS-003476,8.5,14.0,basic,16,3,13,0,0,0,,117,0.9813246181298151,0.9811947522759379,-0.00012986585387719796,1,1,sure_thing,0.4348,1,1,259,1
HELIOS-003477,18.1,36.57,pro,60,2,25,0,0,0,8.0,740,0.99,0.99,0.0,1,1,sure_thing,0.3866,0,1,551,1
HELIOS-003478,31.2,60.03,pro,5,14,6,0,0,1,,294,0.9511350255467914,0.915572971580628,-0.03556205396616341,1,1,sure_thing,0.3738,1,1,950,1
HELIOS-003479,13.8,64.65,pro,6,16,4,0,0,0,7.0,113,0.9335369059348434,0.9085016743324755,-0.02503523160236787,1,1,sure_thing,0.3622,0,1,420,1
HELIOS-003480,28.8,22.3,basic,63,12,20,0,0,0,10.0,1220,0.99,0.99,0.0,1,1,sure_thing,0.2183,0,1,877,1
HELIOS-003481,31.2,14.78,basic,1,70,2,1,1,1,,126,0.773044098606227,0.8288886448509303,0.05584454624470325,1,1,persuadable,0.6338,1,1,950,1
HELIOS-003482,4.9,18.91,basic,15,1,9,1,0,0,10.0,76,0.9470443647800002,0.9531785807918244,0.006134216011824178,1,1,sure_thing,0.3369,0,1,149,1
HELIOS-003483,31.2,29.63,basic,17,2,10,1,0,0,10.0,667,0.9656090806644684,0.9725794025280777,0.006970321863609352,1,1,sure_thing,0.2355,0,1,950,1
HELIOS-003484,10.3,22.01,basic,12,203,1,0,0,0,,87,0.8830837246781367,0.5872396231771357,-0.29584410150100093,1,0,sleeping_dog,0.4288,0,1,314,1
HELIOS-003485,12.4,57.35,pro,13,18,7,0,0,0,9.0,155,0.9486996347930647,0.9377323991900607,-0.010967235603004055,1,1,sure_thing,0.7717,1,1,377,1
HELIOS-003486,14.7,52.49,pro,23,1,14,0,0,0,10.0,257,0.986950180006204,0.9875072524695936,0.0005570724633895408,1,1,sure_thing,0.0474,0,1,447,1
HELIOS-003487,9.6,128.16,enterprise,4,128,3,4,0,1,,56,0.7020520993560158,0.8657326993443532,0.1636805999883374,0,1,persuadable,0.7012,1,1,292,1
HELIOS-003488,31.2,25.96,basic,12,38,4,1,0,1,,261,0.934963056154497,0.8749115688315068,-0.06005148732299026,1,1,sleeping_dog,0.0122,0,1,950,1
HELIOS-003489,31.2,16.99,basic,10,14,3,0,1,0,,286,0.9141992380821401,0.9286029797558991,0.014403741673759018,1,1,lost_cause,0.8408,1,1,950,1
HELIOS-003490,12.5,24.68,basic,5,34,5,1,0,0,,60,0.9101480738698061,0.9096270917027148,-0.0005209821670912884,1,1,lost_cause,0.5197,1,1,380,1
HELIOS-003491,12.4,16.91,basic,4,117,3,0,1,0,,50,0.659951167466211,0.5274296796021182,-0.1325214878640928,0,0,sleeping_dog,0.9769,1,0,377,1
HELIOS-003492,17.4,43.06,pro,11,0,4,0,0,0,10.0,218,0.9434433937172712,0.9266267917931443,-0.016816601924126817,1,1,sure_thing,0.2889,0,1,530,1
HELIOS-003493,8.0,44.93,pro,5,4,5,0,0,0,,48,0.9432804473287756,0.9320209827283709,-0.011259464600404723,1,1,sure_thing,0.4185,1,1,244,1
HELIOS-003494,15.1,19.08,basic,40,15,12,0,1,0,,447,0.99,0.99,0.0,1,1,sure_thing,0.3763,0,1,460,1
HELIOS-003495,4.7,39.67,pro,16,24,8,0,0,1,8.0,65,0.9606450609252716,0.9289732714984378,-0.031671789426833796,1,1,sure_thing,0.9009,1,1,143,1
HELIOS-003496,31.2,23.93,basic,2,16,1,2,0,0,4.0,132,0.8354805371269172,0.9150264900603464,0.07954595293342925,1,1,persuadable,0.7103,0,1,950,1
HELIOS-003497,31.2,18.95,basic,7,150,4,1,1,1,6.0,133,0.8160158631610431,0.7032021551126515,-0.11281370804839164,0,0,sleeping_dog,0.9642,1,0,950,1
HELIOS-003498,11.7,20.62,basic,6,36,5,0,0,0,,82,0.9013806506286797,0.8599805725884764,-0.04140007804020329,1,1,lost_cause,0.6377,0,1,356,1
HELIOS-003499,25.0,42.24,pro,3,28,0,1,0,0,,166,0.8609559388277388,0.8261203350671684,-0.03483560376057038,1,1,lost_cause,0.3111,0,1,761,1
HELIOS-003500,31.2,13.89,basic,4,3,0,1,2,0,,165,0.7293685659232946,0.99,0.2606314340767054,1,1,persuadable,0.7435,1,1,950,1
HELIOS-003501,7.4,32.76,pro,13,6,9,1,0,0,,90,0.9393812863073742,0.9493980993530469,0.010016813045672701,1,1,sure_thing,0.1462,0,1,225,1
HELIOS-003502,3.4,113.64,enterprise,7,41,3,0,0,0,,32,0.9143652590006591,0.8489611004237321,-0.06540415857692705,1,1,sleeping_dog,0.6137,1,1,103,1
HELIOS-003503,31.2,17.08,basic,21,28,6,1,0,0,,516,0.9793376286519295,0.9713416363755389,-0.007995992276390584,1,1,sure_thing,0.1654,0,1,950,1
HELIOS-003504,31.2,21.53,basic,7,7,2,0,0,0,,295,0.9562516560157305,0.915873143711504,-0.04037851230422651,1,1,sure_thing,0.2832,0,1,950,1
HELIOS-003505,15.1,20.71,basic,24,7,15,2,0,0,10.0,284,0.9703902456715792,0.99,0.019609754328420825,1,1,sure_thing,0.1311,1,1,460,1
HELIOS-003506,18.4,43.8,pro,12,19,4,0,0,0,7.0,231,0.9654063845593197,0.9326694974087129,-0.03273688715060685,1,1,sure_thing,0.3648,0,1,560,1
HELIOS-003507,9.2,57.45,pro,5,85,2,1,0,0,,43,0.8749752683348629,0.7592074730823629,-0.11576779525250003,1,1,sleeping_dog,0.0698,0,1,280,0
HELIOS-003508,31.0,43.11,pro,9,20,5,0,0,0,,268,0.9729233205530703,0.9489309772164634,-0.023992343336606936,1,1,sure_thing,0.5437,1,1,944,1
HELIOS-003509,31.2,15.64,basic,10,12,8,1,0,0,,291,0.947558586951832,0.9550073869585232,0.007448800006691125,1,1,sure_thing,0.7411,0,1,950,1
HELIOS-003510,23.5,70.67,pro,9,22,5,0,0,0,,231,0.9653898699864384,0.942482957823674,-0.022906912162764415,1,1,sure_thing,0.1148,1,1,715,1
HELIOS-003511,10.9,69.18,pro,10,39,5,0,0,0,9.0,121,0.9394786479629706,0.8969329569330459,-0.04254569102992478,1,1,sure_thing,0.6805,1,1,332,0
HELIOS-003512,31.2,24.54,basic,28,21,12,0,1,0,8.0,681,0.9871704028701764,0.99,0.002829597129823558,1,1,sure_thing,0.2445,1,1,950,1
HELIOS-003513,31.2,51.45,pro,20,1,13,0,0,0,,524,0.9867075022981838,0.9872995411553434,0.000592038857159527,1,1,sure_thing,0.236,0,1,950,1
HELIOS-003514,31.2,53.15,pro,18,16,8,1,0,0,9.0,585,0.9852057447787416,0.99,0.0047942552212584255,1,1,sure_thing,0.132,0,1,950,1
HELIOS-003515,31.2,45.88,pro,3,2,2,1,0,0,,242,0.9437838067792117,0.959535108920942,0.01575130214173026,1,1,sure_thing,0.2898,0,1,950,1
HELIOS-003516,13.8,39.26,pro,9,136,1,0,0,0,8.0,108,0.9227258068170706,0.643681622793902,-0.27904418402316866,1,1,sleeping_dog,0.3703,0,1,420,1
HELIOS-003517,31.2,23.83,basic,17,2,9,0,0,1,,526,0.9846511076973302,0.9732036270317043,-0.011447480665625953,1,1,sure_thing,0.6762,1,1,950,1
HELIOS-003518,12.3,22.27,basic,3,189,7,1,0,0,,105,0.7917519667322898,0.5528936615542204,-0.23885830517806939,1,1,sleeping_dog,0.2035,0,1,374,1
HELIOS-003519,31.2,56.97,pro,10,15,5,2,0,0,,297,0.9383498152749294,0.99,0.05165018472507055,1,1,persuadable,0.6797,1,1,950,1
HELIOS-003520,31.2,138.05,enterprise,7,33,2,1,0,0,,205,0.9626971304146416,0.99,0.027302869585358436,1,1,sure_thing,0.6558,1,1,950,1
HELIOS-003521,31.2,18.79,basic,4,15,0,1,0,1,,144,0.9022453138181067,0.8209546067163463,-0.08129070710176034,1,1,sleeping_dog,0.0309,0,1,950,1
HELIOS-003522,5.9,17.18,basic,5,28,4,3,0,0,10.0,33,0.6106638971605215,0.7960080356591859,0.18534413849866438,1,1,persuadable,0.9485,1,1,180,1
HELIOS-003523,31.2,16.26,basic,17,0,3,0,0,1,,515,0.9726161734262437,0.9102054237944067,-0.062410749631837015,1,0,sleeping_dog,0.2174,0,1,950,0
HELIOS-003524,25.0,48.25,pro,17,13,5,1,0,0,,384,0.9653138399706771,0.9666568155214948,0.0013429755508177488,1,1,sure_thing,0.076,1,1,761,1
HELIOS-003525,21.0,53.61,pro,5,3,6,0,0,1,,201,0.9497488585148476,0.9251705461588136,-0.024578312356034027,1,1,sure_thing,0.1857,0,1,639,1
HELIOS-003526,29.1,134.55,enterprise,7,79,2,1,0,1,,261,0.9514637069020411,0.8429499941580351,-0.10851371274400601,1,1,sleeping_dog,0.5723,1,1,886,1
HELIOS-003527,4.7,18.45,basic,0,146,0,0,0,0,3.0,22,0.7343008960571437,0.4490419396780434,-0.28525895637910026,0,0,sleeping_dog,0.9328,1,0,143,1
HELIOS-003528,31.2,22.65,basic,15,11,12,0,0,0,8.0,448,0.99,0.9893154341053324,-0.0006845658946675881,1,1,sure_thing,0.012,0,1,950,1
HELIOS-003529,31.2,20.92,basic,16,9,8,0,0,0,5.0,319,0.9797531963317896,0.9729867537771658,-0.006766442554623775,1,1,sure_thing,0.578,0,1,950,1
HELIOS-003530,7.7,37.12,pro,4,55,4,1,0,0,7.0,39,0.7664611838623382,0.7429260846556075,-0.023535099206730692,0,0,lost_cause,0.9152,1,0,234,1
HELIOS-003531,18.0,18.06,basic,2,30,2,0,0,0,8.0,114,0.934913509003967,0.8593805230245786,-0.0755329859793884,0,0,sleeping_dog,0.2594,0,0,548,1
HELIOS-003532,23.9,151.93,enterprise,7,15,4,1,1,0,8.0,184,0.9293525362912322,0.99,0.060647463708767835,1,1,persuadable,0.5863,1,1,728,1
HELIOS-003533,7.2,140.72,enterprise,11,3,2,0,1,0,10.0,67,0.9387359937956045,0.99,0.05126400620439553,1,1,persuadable,0.7063,1,1,219,1
HELIOS-003534,31.2,30.85,basic,14,14,9,0,0,0,,389,0.9842476882092508,0.9792211327637932,-0.005026555445457603,0,0,sure_thing,0.5109,1,0,950,1
HELIOS-003535,2.7,17.13,basic,2,2,2,0,0,1,7.0,18,0.9003296482282354,0.8203369264521062,-0.07999272177612915,1,1,sleeping_dog,0.5686,1,1,82,1
HELIOS-003536,11.5,29.91,pro,5,82,5,3,0,0,,43,0.7107053348823457,0.8963027822365036,0.18559744735415795,1,1,persuadable,0.9758,1,1,350,1
HELIOS-003537,31.2,37.84,pro,18,27,4,0,2,0,10.0,464,0.9097262523783695,0.99,0.08027374762163053,1,1,persuadable,0.1312,0,1,950,1
HELIOS-003538,31.2,14.38,basic,11,13,6,2,0,0,,334,0.9357052731328621,0.980118866076062,0.04441359294319991,1,1,sure_thing,0.1922,1,1,950,1
HELIOS-003539,31.2,67.99,pro,1,26,1,1,0,0,,189,0.9203077087266335,0.9271942600805535,0.006886551353920023,1,1,sure_thing,0.0971,0,1,950,1
HELIOS-003540,31.2,36.08,basic,12,43,6,0,1,0,8.0,350,0.951706108257146,0.9710848026438901,0.01937869438674411,1,1,sure_thing,0.5194,1,1,950,1
HELIOS-003541,14.2,19.03,basic,10,13,6,0,1,0,,190,0.8991008950827029,0.9226111074704723,0.023510212387769402,1,1,lost_cause,0.4792,0,1,432,1
HELIOS-003542,31.2,16.72,basic,4,348,3,1,0,0,,163,0.7130762679454999,0.43224129605995865,-0.2808349718855413,0,0,sleeping_dog,0.7952,1,0,950,1
HELIOS-003543,11.2,20.04,basic,6,26,2,1,0,0,,77,0.8787146651308528,0.8580490987118136,-0.020665566419039272,1,1,lost_cause,0.5625,0,1,341,0
HELIOS-003544,27.0,20.2,basic,2,132,4,2,0,1,,154,0.8548320751393198,0.7189552027099348,-0.13587687242938495,1,1,sleeping_dog,0.4237,0,1,822,1
HELIOS-003545,21.6,121.85,enterprise,32,3,9,0,1,0,10.0,530,0.9897946564802964,0.99,0.00020534351970358244,1,1,sure_thing,0.2903,0,1,658,0
HELIOS-003546,31.2,152.48,enterprise,1,50,1,0,0,0,,91,0.9523274890108707,0.8593564223873882,-0.09297106662348253,1,1,sleeping_dog,0.2722,1,1,950,1
HELIOS-003547,26.5,17.95,basic,4,32,3,1,0,0,,105,0.9016537383549703,0.8866815606933655,-0.014972177661604857,1,1,lost_cause,0.1711,0,1,807,1
HELIOS-003548,15.1,91.82,pro,4,45,2,0,0,0,,98,0.9361931765624131,0.8392092550674245,-0.09698392149498858,1,1,sleeping_dog,0.3495,1,1,460,1
HELIOS-003549,13.7,131.08,enterprise,2,18,1,0,0,0,5.0,57,0.9463284044872781,0.9069165926793588,-0.039411811807919306,1,1,sure_thing,0.4963,1,1,417,1
HELIOS-003550,28.9,18.8,basic,12,55,7,0,0,0,,414,0.9683936794327815,0.9251391595792914,-0.04325451985349016,1,1,sure_thing,0.4108,1,1,880,1
HELIOS-003551,15.8,44.49,pro,1,250,0,1,1,0,4.0,25,0.4616700282113241,0.36070471798323256,-0.10096531022809152,0,0,sleeping_dog,0.9817,0,0,481,1
HELIOS-003552,12.0,17.8,basic,6,24,5,0,0,0,7.0,67,0.9328303736112113,0.9044103140426029,-0.02842005956860849,1,1,sure_thing,0.2851,1,1,365,1
HELIOS-003553,10.2,37.08,pro,11,15,1,2,1,0,,111,0.66298231283869,0.8949299965952384,0.2319476837565484,1,1,persuadable,0.874,1,1,310,1
HELIOS-003554,11.9,137.38,enterprise,44,15,16,0,1,0,,302,0.99,0.99,0.0,1,1,sure_thing,0.016,0,1,362,1
HELIOS-003555,16.2,21.91,basic,9,15,7,1,0,0,9.0,200,0.9157452296042864,0.923601330760897,0.007856101156610618,1,1,lost_cause,0.5083,0,1,493,1
HELIOS-003556,31.1,144.83,enterprise,12,49,3,0,0,0,5.0,203,0.9804642096274623,0.9015141030581484,-0.0789501065693139,1,1,sleeping_dog,0.1195,0,1,947,1
HELIOS-003557,6.7,46.12,pro,9,13,6,0,0,1,8.0,58,0.9559899222541809,0.9181270821235624,-0.03786284013061847,1,1,sure_thing,0.6555,0,1,204,0
HELIOS-003558,4.3,123.06,enterprise,8,4,2,0,0,1,,39,0.9382728567801691,0.8693971255800278,-0.06887573120014134,1,1,sleeping_dog,0.2943,0,1,131,1
HELIOS-003559,6.7,9.97,basic,2,10,3,1,1,0,,61,0.6593795747341787,0.7967897758067573,0.1374102010725785,1,1,persuadable,0.4674,0,1,204,1
HELIOS-003560,7.2,50.07,pro,2,73,1,1,0,1,,32,0.8147664901018961,0.6388588477519186,-0.17590764234997747,1,1,sleeping_dog,0.6702,0,1,219,0
HELIOS-003561,14.9,52.48,pro,7,0,8,0,0,0,,192,0.9549496816234367,0.9546041787666092,-0.0003455028568275509,1,1,sure_thing,0.5598,1,1,454,1
HELIOS-003562,6.6,12.21,basic,6,67,2,0,0,1,,44,0.8011967541181273,0.5727919365067139,-0.2284048176114134,0,0,sleeping_dog,0.8278,1,0,201,1
HELIOS-003563,31.2,17.66,basic,9,5,5,1,0,0,,301,0.9546935849586867,0.95945506716106,0.004761482202373268,1,1,sure_thing,0.7234,1,1,950,1
HELIOS-003564,18.3,19.63,basic,14,7,7,0,1,0,,212,0.9326642566053124,0.9509279338987294,0.018263677293417047,1,1,sure_thing,0.3818,0,1,557,1
HELIOS-003565,10.8,13.34,basic,23,0,7,0,0,0,,240,0.983162229848548,0.9755089369277112,-0.007653292920836718,1,1,sure_thing,0.5694,1,1,329,1
HELIOS-003566,8.8,22.77,basic,14,23,5,0,0,1,6.0,96,0.9474137670294824,0.8781029287520897,-0.0693108382773927,1,1,sleeping_dog,0.896,1,1,268,1
HELIOS-003567,16.5,20.37,basic,4,0,4,2,0,0,,165,0.8420398027631035,0.9205866521996124,0.07854684943650891,1,1,persuadable,0.6834,1,1,502,1
HELIOS-003568,31.2,12.55,basic,13,6,5,1,0,0,,557,0.9658349003066828,0.9658797686688378,4.4868362155003894e-05,1,1,sure_thing,0.5114,0,1,950,1
HELIOS-003569,23.7,19.26,basic,4,117,6,1,0,0,,213,0.9034754326008398,0.7850282598772779,-0.11844717272356198,1,1,sleeping_dog,0.9788,1,1,721,1
HELIOS-003570,13.5,67.13,pro,20,6,9,0,0,0,,225,0.9819093242188771,0.9789997485493322,-0.0029095756695448616,1,1,sure_thing,0.0082,0,1,411,1
HELIOS-003571,18.8,22.49,basic,2,2,2,1,1,0,,131,0.7758358541112408,0.9308606308586276,0.1550247767473868,1,1,persuadable,0.884,1,1,572,1
HELIOS-003572,14.3,182.69,enterprise,18,3,15,0,0,0,10.0,246,0.9887010505839837,0.99,0.0012989494160162707,1,1,sure_thing,0.3329,0,1,435,1
HELIOS-003573,8.8,35.75,pro,1,26,2,2,0,1,,37,0.7793209760831914,0.8527289923190536,0.07340801623586224,0,0,persuadable,0.5318,1,0,268,1
HELIOS-003574,20.5,64.29,pro,10,14,3,1,0,0,,204,0.9456353610976317,0.9534278161071997,0.0077924550095680445,1,1,sure_thing,0.164,1,1,624,1
HELIOS-003575,14.6,15.27,basic,18,2,5,1,0,1,10.0,215,0.9501052112161684,0.9364288312393504,-0.013676379976818032,1,1,sure_thing,0.53,0,1,444,1
HELIOS-003576,7.5,21.74,basic,29,3,18,0,0,0,,176,0.99,0.99,0.0,1,1,sure_thing,0.3445,1,1,228,1
HELIOS-003577,31.2,21.08,basic,23,15,8,0,0,0,9.0,498,0.99,0.9813162201674367,-0.008683779832563299,1,1,sure_thing,0.4662,0,1,950,1
HELIOS-003578,14.6,16.46,basic,6,117,2,1,1,0,5.0,83,0.6728795818709343,0.6605027649919568,-0.012376816878977515,1,1,lost_cause,0.9497,1,1,444,1
HELIOS-003579,31.2,17.76,basic,9,27,5,2,0,0,,330,0.9144653617695548,0.9647314066012753,0.05026604483172048,1,1,persuadable,0.7655,1,1,950,1
HELIOS-003580,26.1,14.43,basic,13,53,3,0,0,0,7.0,326,0.958630608462593,0.8510779198790627,-0.10755268858353029,1,1,sleeping_dog,0.4846,1,1,794,1
HELIOS-003581,31.2,50.51,pro,15,30,5,0,0,0,9.0,348,0.9842021101477308,0.9493065622573307,-0.03489554789040017,1,1,sure_thing,0.0688,0,1,950,1
HELIOS-003582,31.2,18.88,basic,5,10,8,0,0,0,,265,0.9454176036876619,0.9405129507969316,-0.004904652890730277,1,1,sure_thing,0.0403,1,1,950,1
HELIOS-003583,14.2,55.46,pro,20,25,12,1,0,1,,210,0.981294705648227,0.9870825357776236,0.005787830129396654,1,1,sure_thing,0.4083,0,1,432,1
HELIOS-003584,6.9,14.85,basic,19,1,13,0,0,0,7.0,137,0.9829998014244992,0.9826839373974801,-0.0003158640270191082,1,1,sure_thing,0.9223,1,1,210,1
HELIOS-003585,14.8,13.91,basic,11,1,1,0,0,0,5.0,155,0.9378221428120133,0.8919245289320538,-0.0458976138799595,1,1,sure_thing,0.1246,0,1,451,1
HELIOS-003586,5.5,34.61,pro,10,51,5,1,0,0,8.0,65,0.8919302042985789,0.8735819425944534,-0.018348261704125512,1,1,lost_cause,0.6077,0,1,167,1
HELIOS-003587,31.2,26.76,basic,39,4,12,0,0,0,,655,0.99,0.99,0.0,1,1,sure_thing,0.5972,0,1,950,1
HELIOS-003588,31.2,105.16,enterprise,20,3,10,0,0,0,6.0,447,0.9895661468172112,0.99,0.00043385318278876817,1,1,sure_thing,0.1954,1,1,950,1
HELIOS-003589,31.2,13.63,basic,3,26,2,0,0,1,,216,0.9440586138220879,0.8085559256744794,-0.13550268814760846,1,1,sleeping_dog,0.6549,1,1,950,1
HELIOS-003590,31.2,161.27,enterprise,11,7,4,2,0,0,,303,0.9631203750628734,0.99,0.02687962493712659,1,1,sure_thing,0.6672,1,1,950,1
HELIOS-003591,9.7,48.59,pro,22,23,11,2,0,1,10.0,206,0.9584129578496114,0.99,0.031587042150388545,1,1,sure_thing,0.632,1,1,295,1
HELIOS-003592,1.6,43.89,pro,17,7,9,0,0,0,9.0,20,0.9667513422872298,0.9631904877089347,-0.003560854578295136,1,1,sure_thing,0.0972,0,1,49,0
HELIOS-003593,31.2,18.18,basic,6,0,5,1,0,0,,213,0.9388842328107209,0.9485455289910547,0.009661296180333845,1,1,sure_thing,0.2077,1,1,950,1
HELIOS-003594,26.3,37.66,pro,6,41,1,0,0,0,7.0,128,0.9393894089002683,0.8191635654743535,-0.1202258434259148,1,1,sleeping_dog,0.2043,0,1,801,1
HELIOS-003595,17.8,64.45,pro,13,48,2,0,0,1,,174,0.9545122800227309,0.7662166804026137,-0.18829559962011722,1,0,sleeping_dog,0.4117,0,1,542,1
HELIOS-003596,31.2,22.11,basic,2,27,4,0,1,0,10.0,243,0.8899636329691444,0.9287204840345251,0.03875685106538074,1,1,lost_cause,0.1334,0,1,950,1
HELIOS-003597,8.9,37.43,pro,12,2,15,0,0,0,,149,0.9709113281590929,0.9730750790251751,0.0021637508660822258,1,1,sure_thing,0.1445,0,1,271,1
HELIOS-003598,25.4,44.79,pro,12,9,5,0,0,0,7.0,359,0.9811581077634938,0.9643801149588346,-0.016777992804659192,1,1,sure_thing,0.7825,1,1,773,1
HELIOS-003599,27.3,40.69,pro,17,2,9,0,1,0,9.0,339,0.9607170510574536,0.9839465586449839,0.023229507587530285,1,1,sure_thing,0.128,0,1,831,1
HELIOS-003600,27.8,91.65,pro,17,6,7,0,1,0,,394,0.9751864763372897,0.99,0.01481352366271027,1,1,sure_thing,0.1571,0,1,846,0
HELIOS-003601,5.6,184.57,enterprise,4,85,0,1,0,1,,18,0.9095760222675671,0.8456033868328279,-0.06397263543473919,1,1,sleeping_dog,0.4109,1,1,170,1
HELIOS-003602,11.8,14.96,basic,6,172,1,2,0,0,,61,0.7001334993091168,0.49245425033706813,-0.2076792489720487,0,0,sleeping_dog,0.8917,1,0,359,1
HELIOS-003603,6.5,50.34,pro,13,15,7,0,0,0,,77,0.971094976986151,0.9609862328875239,-0.010108744098627054,1,1,sure_thing,0.8492,1,1,198,1
HELIOS-003604,20.4,55.79,pro,17,2,3,1,0,1,9.0,344,0.9654691042441644,0.9446874781289478,-0.02078162611521661,1,1,sure_thing,0.1983,0,1,621,1
HELIOS-003605,31.2,27.58,basic,7,105,3,0,0,0,5.0,129,0.9213611925719734,0.6963994230171474,-0.22496176955482594,1,1,sleeping_dog,0.0832,0,1,950,1
HELIOS-003606,12.4,44.65,pro,2,36,0,3,0,0,4.0,38,0.6524137405145116,0.8678693310923689,0.21545559057785724,0,1,persuadable,0.8269,0,0,377,1
HELIOS-003607,18.1,22.28,basic,2,73,5,0,0,0,4.0,117,0.9406284809431952,0.8332626631157877,-0.1073658178274075,0,0,sleeping_dog,0.3571,0,0,551,1
HELIOS-003608,26.4,14.41,basic,18,0,13,1,0,0,10.0,443,0.9768400606416084,0.9822189686358802,0.005378907994271764,1,1,sure_thing,0.2986,0,1,804,1
HELIOS-003609,7.3,16.15,basic,2,194,2,1,0,0,5.0,22,0.6774644746030466,0.40728085172983564,-0.27018362287321096,1,1,sleeping_dog,0.8911,1,1,222,0
HELIOS-003610,31.2,133.34,enterprise,4,5,7,1,1,0,6.0,259,0.957880079357549,0.99,0.03211992064245095,1,1,sure_thing,0.7031,1,1,950,1
HELIOS-003611,22.1,46.26,pro,5,69,3,1,0,0,8.0,194,0.9272806468197746,0.8650053890960712,-0.06227525772370346,1,1,sleeping_dog,0.0532,0,1,673,1
HELIOS-003612,1.8,26.81,basic,7,28,8,1,1,1,9.0,11,0.8189516422674378,0.9490794944608711,0.13012785219343337,1,1,persuadable,0.9626,1,1,55,1
HELIOS-003613,27.8,46.94,pro,10,3,5,1,0,0,,303,0.959958181781558,0.9726645675224965,0.01270638574093852,1,1,sure_thing,0.2866,0,1,846,0
HELIOS-003614,28.9,53.26,pro,8,7,2,2,0,0,6.0,163,0.9390369331311617,0.99,0.050963066868838336,1,1,persuadable,0.228,1,1,880,1
HELIOS-003615,4.3,24.35,basic,2,6,2,0,1,0,,27,0.7876306892756753,0.8293584100238732,0.04172772074819797,0,0,lost_cause,0.8572,1,0,131,1
HELIOS-003616,14.1,17.92,basic,13,7,11,0,1,0,,220,0.9279355874127438,0.9494825624873582,0.02154697507461434,1,1,sure_thing,0.7148,1,1,429,1
HELIOS-003617,8.2,21.04,basic,10,0,11,2,0,0,,92,0.8823203482482168,0.9389908750986046,0.05667052685038776,1,1,persuadable,0.4385,0,1,250,1
HELIOS-003618,1.0,16.48,basic,3,213,3,0,0,1,,6,0.7466017118749231,0.45171047017199917,-0.2948912417029239,0,0,sleeping_dog,0.8195,1,0,30,1
HELIOS-003619,7.0,14.63,basic,7,0,2,0,0,0,,108,0.9362082007229006,0.9033837056555173,-0.032824495067383275,1,1,sure_thing,0.8862,0,1,213,1
HELIOS-003620,31.2,181.03,enterprise,2,127,2,0,0,0,,214,0.9556262793088379,0.7632008901206256,-0.19242538918821228,1,1,sleeping_dog,0.2626,1,1,950,1
HELIOS-003621,7.7,57.63,pro,7,11,2,0,0,0,6.0,19,0.9303043555007598,0.887929987193126,-0.04237436830763386,0,0,sure_thing,0.7823,1,0,234,1
HELIOS-003622,9.0,41.79,pro,7,29,9,0,0,0,7.0,102,0.9646599948602519,0.9577700297051607,-0.0068899651550912155,1,1,sure_thing,0.5352,1,1,274,1
HELIOS-003623,4.5,22.31,basic,37,0,18,0,0,0,8.0,89,0.99,0.99,0.0,1,1,sure_thing,0.5025,0,1,137,1
HELIOS-003624,12.5,20.36,basic,6,9,2,0,1,0,,96,0.8559774061745097,0.880136688605379,0.02415928243086929,1,1,lost_cause,0.8648,1,1,380,1
HELIOS-003625,31.2,16.91,basic,6,139,2,0,0,1,9.0,242,0.9244435217627,0.6357022018194943,-0.2887413199432056,1,1,sleeping_dog,0.328,1,1,950,1
HELIOS-003626,5.5,17.82,basic,6,19,5,0,0,0,,51,0.9320814890019241,0.9080628851165307,-0.024018603885393452,1,1,sure_thing,0.0742,0,1,167,1
HELIOS-003627,26.4,21.61,basic,19,10,16,0,0,0,,495,0.99,0.99,0.0,1,1,sure_thing,0.8666,1,1,804,1
HELIOS-003628,21.2,31.48,pro,4,49,0,2,0,0,,114,0.8367609305728414,0.8708057806729532,0.03404485010011182,1,1,lost_cause,0.7055,1,1,645,1
HELIOS-003629,3.0,60.16,pro,28,1,21,0,0,0,,49,0.99,0.99,0.0,1,1,sure_thing,0.0531,0,1,91,1
HELIOS-003630,4.9,91.04,enterprise,8,82,2,0,0,0,,20,0.898419883698992,0.708216437972196,-0.19020344572679593,1,0,sleeping_dog,0.6029,1,0,149,1
HELIOS-003631,21.6,23.57,basic,7,1,3,2,0,1,,120,0.8614480748910668,0.9173374758504803,0.05588940095941353,1,1,persuadable,0.8842,1,1,658,1
HELIOS-003632,14.6,14.67,basic,31,5,8,0,0,0,,396,0.99,0.9852698952919279,-0.004730104708072114,1,1,sure_thing,0.1506,0,1,444,1
HELIOS-003633,31.2,49.44,pro,1,62,2,0,0,0,6.0,175,0.9493148341599216,0.8045579315747823,-0.1447569025851393,1,1,sleeping_dog,0.6278,1,1,950,1
HELIOS-003634,31.2,14.78,basic,7,62,2,2,0,0,,237,0.8646281948662069,0.8745808808844743,0.009952686018267376,0,0,lost_cause,0.9023,1,0,950,1
HELIOS-003635,31.2,16.31,basic,7,6,6,2,0,0,,296,0.9423643588633933,0.99,0.04763564113660668,1,1,sure_thing,0.7095,1,1,950,1
HELIOS-003636,31.2,40.79,pro,8,36,7,0,0,0,,270,0.9778152208039036,0.956162937870452,-0.02165228293345156,1,1,sure_thing,0.8122,1,1,950,0
HELIOS-003637,16.8,60.06,pro,11,3,10,1,0,1,,190,0.9564863509811697,0.9758676899643508,0.019381338983181062,1,1,sure_thing,0.7043,1,1,511,0
HELIOS-003638,10.4,43.93,pro,21,1,20,0,0,1,7.0,241,0.99,0.99,0.0,1,1,sure_thing,0.5185,0,1,317,1
HELIOS-003639,26.6,81.31,enterprise,5,30,3,0,0,0,,142,0.9606578356008877,0.9090595526423674,-0.051598282958520314,1,1,sleeping_dog,0.174,0,1,810,1
HELIOS-003640,31.2,63.02,pro,6,26,10,1,0,1,9.0,326,0.9550941904036394,0.9820610492905644,0.02696685888692496,0,1,sure_thing,0.676,1,1,950,1
HELIOS-003641,31.2,50.9,pro,11,81,8,0,0,1,,374,0.9656657071564135,0.8328440305525286,-0.1328216766038849,1,1,sleeping_dog,0.5682,0,1,950,1
HELIOS-003642,21.6,21.54,basic,0,365,1,2,0,0,,51,0.4447195650064318,0.250561664851389,-0.1941579001550428,0,0,sleeping_dog,0.9958,1,0,658,1
HELIOS-003643,27.7,22.54,basic,2,9,2,1,0,1,,177,0.9078683822607616,0.8775154530149578,-0.030352929245803795,1,0,lost_cause,0.7803,1,0,843,0
HELIOS-003644,2.8,141.21,enterprise,3,115,0,0,0,1,,5,0.8892581687991165,0.6380277574628235,-0.251230411336293,1,1,sleeping_dog,0.1218,0,1,85,1
HELIOS-003645,14.6,13.11,basic,4,187,3,0,0,0,,92,0.8363181349491431,0.5459838347049948,-0.2903343002441483,1,1,sleeping_dog,0.4986,1,1,444,1
HELIOS-003646,9.7,14.42,basic,7,112,7,0,0,0,,50,0.9270084699971091,0.7678848411468421,-0.15912362885026698,1,1,sleeping_dog,0.2897,0,1,295,1
HELIOS-003647,31.2,26.51,pro,12,68,8,0,1,0,,401,0.9125012606474195,0.9238340666117167,0.011332805964297199,0,0,lost_cause,0.5675,0,0,950,1
HELIOS-003648,27.2,20.14,basic,9,19,8,0,0,0,,374,0.9637071483213536,0.9549701830302657,-0.008736965291087917,1,1,sure_thing,0.8312,1,1,828,1
HELIOS-003649,16.7,30.81,basic,11,59,7,0,0,0,5.0,210,0.9685066005835178,0.9206694062956288,-0.04783719428788902,1,1,sure_thing,0.5283,1,1,508,1
HELIOS-003650,31.2,14.8,basic,2,196,0,2,0,0,5.0,168,0.5631600273930796,0.3583682224021579,-0.2047918049909217,1,0,sleeping_dog,0.9934,1,0,950,1
HELIOS-003651,16.6,58.39,pro,36,1,13,0,0,1,10.0,428,0.99,0.99,0.0,1,1,sure_thing,0.1103,1,1,505,1
HELIOS-003652,9.8,26.82,basic,6,14,2,1,0,0,,76,0.8935554275846572,0.8864754251656595,-0.007080002418997755,1,1,lost_cause,0.4717,0,1,298,1
HELIOS-003653,31.2,18.99,basic,4,79,3,0,0,0,,185,0.9225207554244661,0.7539004807426777,-0.16862027468178842,1,1,sleeping_dog,0.5189,0,1,950,1
HELIOS-003654,31.2,179.86,enterprise,12,31,3,1,0,0,,344,0.9812631778702421,0.99,0.008736822129757904,1,1,sure_thing,0.2577,1,1,950,1
HELIOS-003655,15.3,22.88,basic,14,2,4,1,0,0,5.0,171,0.9494240863420206,0.9488709353685623,-0.0005531509734583162,1,1,sure_thing,0.5823,1,1,466,1
HELIOS-003656,31.2,16.08,basic,6,12,6,0,1,1,9.0,293,0.9210199492445944,0.9443368565836134,0.023316907339019033,1,1,sure_thing,0.3845,1,1,950,1
HELIOS-003657,17.2,108.17,enterprise,6,73,5,0,0,0,,127,0.9263860692686287,0.831688301436722,-0.09469776783190664,1,1,sleeping_dog,0.8252,1,1,524,1
HELIOS-003658,20.7,26.3,basic,31,0,10,0,1,0,7.0,445,0.981227085592773,0.9864933325579021,0.005266246965129007,1,1,sure_thing,0.0797,0,1,630,1
HELIOS-003659,31.2,13.48,basic,1,71,0,1,1,0,4.0,113,0.8269074965016112,0.9026907373340538,0.07578324083244259,1,1,persuadable,0.4352,1,1,950,1
HELIOS-003660,13.1,11.95,basic,4,126,1,2,0,0,7.0,75,0.7358500311232248,0.5963555014167428,-0.13949452970648202,0,0,sleeping_dog,0.9362,1,0,399,1
HELIOS-003661,13.1,11.32,basic,4,61,1,0,0,1,,83,0.8908414283854761,0.6572457230067906,-0.23359570537868546,1,1,sleeping_dog,0.1391,0,1,399,1
HELIOS-003662,4.1,71.07,pro,15,2,9,0,0,0,,71,0.966979623506113,0.9664130203569682,-0.0005666031491448065,1,1,sure_thing,0.2551,1,1,125,0
HELIOS-003663,12.9,111.33,enterprise,7,148,4,2,0,0,9.0,103,0.7905859731715826,0.7784227234507104,-0.012163249720872238,1,1,lost_cause,0.8223,1,1,393,1
HELIOS-003664,28.7,31.67,pro,8,112,5,1,0,0,,290,0.9114338043370078,0.7805427058446089,-0.13089109849239888,1,1,sleeping_dog,0.4329,0,1,874,1
HELIOS-003665,22.4,40.26,pro,3,100,6,0,0,0,8.0,134,0.9397093253854674,0.7907725462267324,-0.14893677915873493,1,1,sleeping_dog,0.8531,1,1,682,1
HELIOS-003666,31.2,49.26,pro,57,4,27,0,0,0,10.0,1226,0.99,0.99,0.0,1,1,sure_thing,0.4282,1,1,950,1
HELIOS-003667,20.2,26.05,basic,3,15,0,0,0,1,,103,0.9210615840082533,0.7675764797702253,-0.15348510423802808,1,1,sleeping_dog,0.44,0,1,615,1
HELIOS-003668,31.2,14.67,basic,17,2,14,0,1,0,,532,0.9759250754922915,0.99,0.01407492450770853,1,1,sure_thing,0.3412,0,1,950,1
HELIOS-003669,20.6,38.89,pro,28,5,14,0,0,0,,451,0.99,0.99,0.0,1,1,sure_thing,0.3222,0,1,627,1
HELIOS-003670,8.0,127.55,enterprise,4,89,1,1,1,0,,22,0.7023578845341774,0.8698961630598854,0.16753827852570802,1,1,persuadable,0.516,1,1,244,1
HELIOS-003671,29.6,40.86,pro,9,16,1,0,1,1,,353,0.8948039555921554,0.8791309094528591,-0.01567304613929632,1,1,lost_cause,0.7294,1,1,901,1
HELIOS-003672,22.6,36.96,pro,6,17,2,1,0,1,,179,0.9213129624542507,0.8767935632536952,-0.044519399200555476,1,1,sure_thing,0.0948,0,1,688,1
HELIOS-003673,1.7,40.33,pro,2,35,2,0,0,1,9.0,8,0.8384458104698427,0.6837399748013091,-0.15470583566853358,1,1,sleeping_dog,0.6375,1,1,52,1
HELIOS-003674,4.3,42.75,pro,18,3,14,0,0,0,,104,0.9829397143773186,0.9838313604107365,0.0008916460334178478,1,1,sure_thing,0.1157,0,1,131,1
HELIOS-003675,14.8,13.18,basic,9,5,8,1,0,1,9.0,166,0.9127003387055501,0.9158172944673243,0.003116955761774176,1,1,lost_cause,0.6857,1,1,451,1
HELIOS-003676,9.4,13.44,basic,2,34,0,2,0,1,,31,0.7522880752276261,0.7466785149630055,-0.005609560264620561,1,1,lost_cause,0.3386,0,1,286,1
HELIOS-003677,26.4,67.72,pro,4,189,2,2,0,0,,185,0.6799684794444742,0.544840664935389,-0.1351278145090853,1,1,sleeping_dog,0.7972,1,1,804,0
HELIOS-003678,31.2,137.08,enterprise,9,9,9,2,0,0,8.0,458,0.9625828800670087,0.99,0.02741711993299134,1,1,sure_thing,0.8832,1,1,950,1
HELIOS-003679,13.4,13.65,basic,1,152,2,0,1,1,,89,0.7276958775458795,0.4951135942380347,-0.2325822833078448,1,1,sleeping_dog,0.6565,1,1,408,1
HELIOS-003680,25.5,57.12,pro,4,13,4,0,0,0,,317,0.9569729199416462,0.9349206041141119,-0.022052315827534308,1,1,sure_thing,0.2065,1,1,776,1
HELIOS-003681,31.2,23.57,basic,4,120,3,1,0,1,7.0,172,0.9159739471165363,0.6775497137900497,-0.23842423332648666,1,1,sleeping_dog,0.4428,1,1,950,1
HELIOS-003682,31.2,58.27,pro,20,6,7,0,1,0,6.0,493,0.9717959503756125,0.99,0.018204049624387486,1,1,sure_thing,0.8568,0,1,950,1
HELIOS-003683,26.2,17.44,basic,18,9,8,1,0,0,10.0,510,0.9738974682461512,0.9764042215817639,0.002506753335612677,1,1,sure_thing,0.1631,0,1,798,1
HELIOS-003684,12.7,52.19,pro,4,33,2,0,0,0,,60,0.9394571918838747,0.8607730332256431,-0.07868415865823153,1,1,sleeping_dog,0.2892,0,1,387,1
HELIOS-003685,25.6,16.64,basic,22,0,7,0,0,0,8.0,459,0.9839377909169169,0.9764022341887197,-0.007535556728197168,1,1,sure_thing,0.2425,0,1,779,1
HELIOS-003686,31.2,14.72,basic,5,8,4,0,1,1,7.0,286,0.900906740177673,0.9182824733128092,0.017375733135136184,0,0,lost_cause,0.7991,0,0,950,1
HELIOS-003687,11.8,19.11,basic,1,45,2,0,1,0,,60,0.8168367331927314,0.8265635790809431,0.00972684588821171,1,1,lost_cause,0.8325,1,1,359,1
HELIOS-003688,14.2,31.1,basic,4,2,3,2,0,0,,87,0.8600654935207138,0.9494401316384858,0.08937463811777202,1,1,persuadable,0.1946,0,1,432,1
HELIOS-003689,15.1,21.09,basic,4,17,2,0,0,0,6.0,102,0.9124765164854838,0.8591324059287128,-0.05334411055677102,1,1,sleeping_dog,0.1408,0,1,460,1
HELIOS-003690,31.2,56.58,pro,1,107,1,3,0,0,2.0,121,0.7304394158933708,0.8695796133730681,0.1391401974796973,1,1,persuadable,0.9332,1,1,950,1
HELIOS-003691,31.2,173.91,enterprise,6,43,3,0,0,0,,200,0.9773012694037957,0.9437148372877499,-0.03358643211604584,1,1,sure_thing,0.0422,0,1,950,1
HELIOS-003692,7.9,46.42,pro,6,26,1,0,0,0,,68,0.9141533447644297,0.8288855161928564,-0.08526782857157322,0,0,sleeping_dog,0.4275,1,0,240,1
HELIOS-003693,25.3,63.63,pro,3,86,2,3,0,0,,115,0.640231987288706,0.8362736836228369,0.19604169633413093,1,1,persuadable,0.8782,1,1,770,1
HELIOS-003694,31.2,13.34,basic,10,68,8,0,0,0,,289,0.9641516346434805,0.9161615658394924,-0.04799006880398815,1,1,sure_thing,0.5735,0,1,950,1
HELIOS-003695,20.6,16.19,basic,11,3,11,1,0,0,10.0,271,0.9508528908896074,0.9604893867772754,0.009636495887667906,1,1,sure_thing,0.4943,1,1,627,1
HELIOS-003696,29.3,19.79,basic,10,40,3,1,1,1,,313,0.867144444638558,0.9394559532536346,0.07231150861507663,1,1,persuadable,0.878,1,1,892,1
HELIOS-003697,8.0,22.35,basic,11,9,8,0,0,0,,94,0.9552323649061083,0.9493195136528452,-0.0059128512532631294,1,1,sure_thing,0.0163,0,1,244,1
HELIOS-003698,26.5,50.23,pro,7,6,4,0,0,0,9.0,251,0.9525811544475582,0.9337357203365354,-0.018845434111022796,1,1,sure_thing,0.7232,1,1,807,1
HELIOS-003699,24.2,24.94,basic,14,6,2,1,0,0,8.0,215,0.9243744743028187,0.9135473940426371,-0.010827080260181643,1,1,sure_thing,0.7455,1,1,737,1
HELIOS-003700,31.2,13.3,basic,36,4,10,0,0,0,,707,0.99,0.99,0.0,1,1,sure_thing,0.4231,1,1,950,1
HELIOS-003701,9.5,42.38,pro,3,12,4,0,0,0,,63,0.8993097130666771,0.8767129929084498,-0.022596720158227224,1,1,lost_cause,0.7611,1,1,289,1
HELIOS-003702,20.8,17.57,basic,6,72,3,0,0,1,,141,0.9185886017360905,0.6983876383639476,-0.2202009633721429,1,1,sleeping_dog,0.7142,0,1,633,1
HELIOS-003703,12.1,116.6,enterprise,4,0,1,0,0,1,5.0,54,0.9460193090718471,0.8699497641454633,-0.07606954492638374,1,1,sleeping_dog,0.0346,1,1,368,1
HELIOS-003704,31.2,39.29,pro,3,0,2,0,0,0,,252,0.9427660259502374,0.9134102434963811,-0.029355782453856283,1,1,sure_thing,0.032,0,1,950,1
HELIOS-003705,31.2,65.08,pro,1,104,2,0,1,1,,88,0.8535915525973775,0.7267212989692136,-0.12687025362816395,1,0,sleeping_dog,0.6289,1,0,950,1
HELIOS-003706,26.5,23.8,basic,9,72,4,1,1,1,9.0,264,0.8857237613655707,0.9380892620371777,0.052365500671606946,1,1,persuadable,0.5271,1,1,807,1
HELIOS-003707,31.2,15.79,basic,6,4,4,1,0,1,,314,0.9471091982535916,0.9352508109059648,-0.011858387347626786,1,1,sure_thing,0.368,1,1,950,1
HELIOS-003708,17.1,117.1,enterprise,2,17,1,1,0,1,,116,0.9076627251983529,0.9276790002849349,0.02001627508658199,1,1,lost_cause,0.0715,0,1,521,1
HELIOS-003709,22.8,24.78,basic,3,12,0,2,1,0,6.0,111,0.7887278802795052,0.99,0.20127211972049475,1,1,persuadable,0.8545,0,1,694,1
HELIOS-003710,3.5,103.89,enterprise,7,25,6,1,0,0,7.0,33,0.8926473589764462,0.9463005592538705,0.05365320027742426,1,1,persuadable,0.2912,0,1,107,1
HELIOS-003711,10.5,18.9,basic,0,64,0,1,1,0,,37,0.5823202790962372,0.6846271815640913,0.10230690246785412,1,1,persuadable,0.8452,1,1,320,1
HELIOS-003712,31.2,22.41,basic,15,24,8,0,0,0,10.0,548,0.9827662982549467,0.9710745260605657,-0.011691772194381,1,1,sure_thing,0.0297,0,1,950,1
HELIOS-003713,31.2,20.55,basic,23,12,7,0,0,0,,643,0.99,0.9787722218465772,-0.011227778153422796,1,1,sure_thing,0.3066,0,1,950,1
HELIOS-003714,14.9,22.67,basic,9,62,3,0,0,1,7.0,155,0.9254162407172898,0.7250773760175618,-0.20033886469972795,1,1,sleeping_dog,0.0857,0,1,454,1
HELIOS-003715,28.8,48.9,pro,5,283,3,1,1,0,,116,0.5918005979869135,0.47314624237674296,-0.11865435561017057,1,1,sleeping_dog,0.864,1,1,877,1
HELIOS-003716,7.0,19.05,basic,8,1,1,1,0,0,,65,0.8884423333321243,0.8791483096346726,-0.009294023697451692,1,1,lost_cause,0.5557,0,1,213,1
HELIOS-003717,30.6,20.97,basic,5,85,4,0,1,1,6.0,143,0.8952029823734056,0.7898255074316067,-0.10537747494179883,1,1,sleeping_dog,0.1432,0,1,931,1
HELIOS-003718,31.2,14.45,basic,8,22,1,1,0,0,8.0,225,0.8923465544741193,0.8614741537277333,-0.030872400746385975,1,1,lost_cause,0.5712,1,1,950,1
HELIOS-003719,26.8,16.81,basic,16,14,4,2,2,1,,370,0.8701172274850741,0.99,0.11988277251492585,1,1,persuadable,0.322,0,1,816,1
HELIOS-003720,15.5,21.21,basic,10,51,2,0,1,0,9.0,149,0.8348477582634758,0.8113666642879109,-0.02348109397556486,1,1,lost_cause,0.8038,1,1,472,1
HELIOS-003721,20.7,23.87,basic,3,14,1,0,0,1,,82,0.8991213090781097,0.7710080910221794,-0.12811321805593034,1,1,sleeping_dog,0.954,1,1,630,1
HELIOS-003722,10.1,17.19,basic,8,10,7,0,0,1,10.0,65,0.9611373338593655,0.9344157925803205,-0.026721541279045025,1,1,sure_thing,0.0131,1,1,307,1
HELIOS-003723,4.9,52.08,pro,12,19,8,0,0,0,6.0,56,0.940268715561978,0.9326917136631415,-0.007577001898836477,1,1,sure_thing,0.3572,1,1,149,1
HELIOS-003724,22.7,45.17,pro,3,39,2,1,1,1,,105,0.7904227574830714,0.9309612638382119,0.14053850635514042,1,1,persuadable,0.8085,1,1,691,1
HELIOS-003725,31.2,14.26,basic,2,13,3,2,1,1,7.0,180,0.7278551299875042,0.9718821691681465,0.24402703918064228,1,1,persuadable,0.9578,0,1,950,1
HELIOS-003726,24.6,47.7,pro,13,45,6,1,0,0,,307,0.9650790280940718,0.9595860759175334,-0.005492952176538335,1,1,sure_thing,0.6932,0,1,749,1
HELIOS-003727,30.1,16.96,basic,10,134,2,0,0,0,6.0,193,0.9413359702801929,0.6678942762160942,-0.2734416940640987,1,1,sleeping_dog,0.2272,0,1,916,1
HELIOS-003728,16.2,19.38,basic,7,42,3,0,0,0,3.0,101,0.9200687052989416,0.8377709196063527,-0.08229778569258883,1,0,sleeping_dog,0.5455,0,1,493,1
HELIOS-003729,31.2,57.59,pro,8,19,3,1,1,0,,206,0.9008382761698196,0.99,0.0891617238301804,1,1,persuadable,0.8338,1,1,950,1
HELIOS-003730,31.2,56.9,pro,9,49,0,0,0,0,,293,0.9525284882693716,0.7901825927924523,-0.16234589547691936,1,1,sleeping_dog,0.5878,1,1,950,1
HELIOS-003731,14.5,20.72,basic,21,2,12,0,0,0,9.0,270,0.9872161368260787,0.9862790422262843,-0.000937094599794408,1,1,sure_thing,0.0055,0,1,441,1
HELIOS-003732,18.3,20.38,basic,5,53,3,1,0,0,,139,0.8655339596609143,0.8224321998984048,-0.04310175976250952,1,1,lost_cause,0.5257,1,1,557,1
HELIOS-003733,15.5,23.71,basic,61,0,27,0,0,0,,639,0.99,0.99,0.0,1,1,sure_thing,0.078,0,1,472,1
HELIOS-003734,20.2,42.95,pro,3,269,1,1,0,0,,53,0.6669399378429702,0.39998200680008844,-0.2669579310428818,1,1,sleeping_dog,0.8915,1,1,615,1
HELIOS-003735,14.7,19.81,basic,7,104,8,1,2,0,,146,0.6197387032619609,0.8830201465383561,0.26328144327639524,1,1,persuadable,0.9734,1,1,447,1
HELIOS-003736,9.0,47.28,pro,5,32,3,0,0,0,4.0,81,0.9289550565170295,0.8684932932825145,-0.06046176323451502,1,1,sleeping_dog,0.6142,1,1,274,1
HELIOS-003737,6.1,14.93,basic,26,3,18,0,0,0,,126,0.99,0.99,0.0,1,1,sure_thing,0.1014,0,1,186,1
HELIOS-003738,27.3,42.67,pro,4,2,1,0,2,0,4.0,141,0.8327402188901395,0.99,0.1572597811098605,1,1,persuadable,0.7792,1,1,831,1
HELIOS-003739,31.2,69.7,pro,2,109,1,0,1,0,,117,0.8244772435336891,0.7294422254067402,-0.09503501812694892,1,1,sleeping_dog,0.7577,0,1,950,1
HELIOS-003740,21.5,15.06,basic,5,1,6,1,0,0,,152,0.941126069333542,0.9528471471321083,0.011721077798566237,1,1,sure_thing,0.8888,1,1,654,1
HELIOS-003741,31.2,14.77,basic,8,0,2,1,0,0,8.0,298,0.9329787376391195,0.929107467702564,-0.0038712699365555103,1,1,sure_thing,0.6903,1,1,950,1
HELIOS-003742,25.3,20.95,basic,3,7,2,0,0,0,,130,0.9206979671172156,0.8815426244976339,-0.03915534261958176,0,0,sure_thing,0.8268,1,0,770,1
HELIOS-003743,31.2,21.54,basic,7,115,1,1,0,0,,159,0.8647203553055576,0.6442419158002866,-0.22047843950527102,0,0,sleeping_dog,0.8498,1,0,950,1
HELIOS-003744,21.7,20.69,basic,4,76,2,0,0,0,,76,0.8963983717819525,0.7128338253790112,-0.1835645464029413,1,1,sleeping_dog,0.2697,0,1,661,1
HELIOS-003745,19.1,59.15,pro,11,11,5,0,0,0,,284,0.9685725640860863,0.9519374062009689,-0.01663515788511738,1,1,sure_thing,0.5695,1,1,581,1
HELIOS-003746,12.8,19.87,basic,1,142,1,2,1,1,6.0,31,0.5587436474520441,0.5862674602079929,0.02752381275594884,1,1,lost_cause,0.9789,1,1,390,1
HELIOS-003747,31.2,120.97,enterprise,6,6,5,2,0,1,,318,0.9532349069214137,0.99,0.03676509307858633,1,1,sure_thing,0.2645,1,1,950,1
HELIOS-003748,31.2,27.2,basic,10,4,6,0,1,0,,242,0.9557177935145499,0.9848772234876932,0.029159429973143358,1,1,sure_thing,0.3658,1,1,950,1
HELIOS-003749,18.3,119.49,enterprise,23,6,10,0,0,1,8.0,291,0.99,0.986876210490555,-0.0031237895094450296,1,1,sure_thing,0.6651,1,1,557,1
HELIOS-003750,25.2,25.22,basic,10,10,6,2,0,0,,275,0.8906715792051549,0.948290015759802,0.057618436554647046,1,1,persuadable,0.7949,1,1,767,1
HELIOS-003751,29.2,38.22,pro,8,0,4,1,0,0,,176,0.940498066799386,0.9514303765168669,0.010932309717480937,1,1,sure_thing,0.7563,1,1,889,1
HELIOS-003752,16.9,16.03,basic,12,3,10,1,0,1,,204,0.945817348405339,0.9512468693174294,0.005429520912090369,1,1,sure_thing,0.0491,0,1,514,1
HELIOS-003753,16.3,19.33,basic,2,0,6,2,0,0,,116,0.8238947669532911,0.913515439057596,0.08962067210430491,1,1,persuadable,0.8997,1,1,496,0
HELIOS-003754,12.4,67.14,pro,17,5,4,0,2,0,8.0,207,0.9137516014443177,0.99,0.07624839855568233,1,1,persuadable,0.0783,0,1,377,1
HELIOS-003755,14.6,41.27,pro,14,18,8,1,0,0,,153,0.9330760183584677,0.9414998403252866,0.0084238219668189,1,1,sure_thing,0.9698,1,1,444,1
HELIOS-003756,14.2,72.63,pro,15,0,5,0,1,0,,174,0.9473793418279884,0.99,0.04262065817201155,1,1,sure_thing,0.2083,0,1,432,1
HELIOS-003757,31.2,22.83,basic,30,0,11,0,1,0,10.0,631,0.9860577409632838,0.99,0.003942259036716189,1,1,sure_thing,0.7477,1,1,950,1
HELIOS-003758,13.2,47.06,pro,4,43,3,0,0,0,5.0,70,0.9135367613601726,0.8328179845962793,-0.08071877676389327,1,0,sleeping_dog,0.8829,1,0,402,1
HELIOS-003759,18.3,19.09,basic,13,2,2,0,1,0,,209,0.8889508489820717,0.899604229976976,0.010653380994904316,1,1,lost_cause,0.9108,1,1,557,1
HELIOS-003760,18.5,38.74,pro,2,20,6,0,0,1,4.0,110,0.9330739105794691,0.8884665020486261,-0.044607408530842996,1,1,sure_thing,0.3522,1,1,563,1
HELIOS-003761,4.8,41.59,pro,8,129,6,0,1,0,,25,0.8439361101421697,0.7562105252139917,-0.08772558492817806,1,1,sleeping_dog,0.3354,1,1,146,1
HELIOS-003762,31.2,50.24,pro,13,18,4,1,0,0,,374,0.9669065312087584,0.9671798985367529,0.0002733673279945448,1,1,sure_thing,0.39,1,1,950,0
HELIOS-003763,10.8,24.49,basic,33,12,16,0,0,0,9.0,251,0.99,0.99,0.0,1,1,sure_thing,0.3115,0,1,329,1
HELIOS-003764,11.9,11.71,basic,14,32,8,0,0,0,,217,0.9488636752431722,0.9331412980673365,-0.01572237717583569,1,1,sure_thing,0.5832,0,1,362,1
HELIOS-003765,3.9,44.26,pro,28,17,15,0,0,0,10.0,84,0.9890762698942499,0.9886953137889993,-0.0003809561052505739,1,1,sure_thing,0.7217,0,1,119,1
HELIOS-003766,31.2,41.63,pro,10,33,1,0,1,1,,328,0.9115884230431057,0.8617961550999549,-0.049792267943150836,0,0,lost_cause,0.3722,1,0,950,1
HELIOS-003767,31.2,26.38,basic,13,223,2,0,0,0,6.0,207,0.9019062759385466,0.6054835201053994,-0.29642275583314714,1,1,sleeping_dog,0.7037,1,1,950,1
HELIOS-003768,24.4,154.05,enterprise,6,58,4,2,0,1,,125,0.9334812728013493,0.99,0.0565187271986507,1,1,persuadable,0.1317,1,1,743,1
HELIOS-003769,12.4,62.62,pro,9,12,3,0,0,1,,138,0.9493348594863825,0.8694771761181443,-0.07985768336823817,0,0,sleeping_dog,0.4643,0,0,377,1
HELIOS-003770,8.6,36.31,pro,4,20,7,0,1,0,,63,0.9068102160945156,0.9604749475111597,0.053664731416644074,1,1,persuadable,0.6472,1,1,262,1
HELIOS-003771,31.2,60.58,pro,5,1,4,1,1,1,7.0,132,0.8968469284667638,0.99,0.09315307153323615,1,1,persuadable,0.0845,0,1,950,1
HELIOS-003772,31.2,14.02,basic,1,32,1,1,0,0,,126,0.896501132910001,0.8611858440908813,-0.03531528881911972,1,1,lost_cause,0.2598,0,1,950,1
HELIOS-003773,11.0,13.37,basic,21,12,9,0,0,0,,209,0.9814559478287159,0.9755660728910669,-0.005889874937649031,1,1,sure_thing,0.2292,0,1,335,1
HELIOS-003774,24.9,22.3,basic,44,6,12,2,0,0,,457,0.99,0.99,0.0,1,1,sure_thing,0.2194,1,1,758,1
HELIOS-003775,20.9,15.63,basic,4,99,2,3,0,0,,79,0.7704320932891203,0.8892358699641869,0.11880377667506659,0,0,persuadable,0.8942,0,0,636,1
HELIOS-003776,21.8,31.99,pro,8,4,2,2,0,0,,133,0.8974852402108835,0.9647642814052306,0.06727904119434713,1,1,persuadable,0.4188,1,1,664,1
HELIOS-003777,26.4,66.75,pro,17,12,10,0,1,0,10.0,430,0.9743782676268317,0.99,0.015621732373168329,1,1,sure_thing,0.7398,1,1,804,1
HELIOS-003778,24.8,13.6,basic,6,17,1,1,0,0,,264,0.9108691101580487,0.887934933706392,-0.02293417645165674,1,1,lost_cause,0.658,1,1,755,1
HELIOS-003779,24.6,140.06,enterprise,7,77,4,1,0,0,,212,0.9356635871954063,0.9535927617940863,0.01792917459867993,0,0,sure_thing,0.6182,1,0,749,1
HELIOS-003780,24.5,37.52,pro,7,8,9,0,0,0,8.0,352,0.9670426097220771,0.9655263959596999,-0.0015162137623772054,1,1,sure_thing,0.3411,0,1,746,1
HELIOS-003781,8.6,58.63,pro,9,1,3,0,0,0,,76,0.9178434024406236,0.8955405840233336,-0.022302818417289982,1,0,lost_cause,0.5314,0,1,262,1
HELIOS-003782,31.2,18.54,basic,10,4,3,3,0,0,,357,0.9001165917075062,0.99,0.08988340829249375,1,1,persuadable,0.6755,1,1,950,1
HELIOS-003783,31.2,19.93,basic,17,5,5,0,0,0,6.0,342,0.9796137955648019,0.9632073247029322,-0.016406470861869638,1,1,sure_thing,0.2955,0,1,950,1
HELIOS-003784,8.6,47.87,pro,8,55,0,0,1,1,4.0,56,0.8050461252663187,0.6921294647972561,-0.11291666046906257,1,1,sleeping_dog,0.2838,0,1,262,1
HELIOS-003785,10.5,20.13,basic,2,37,5,2,0,1,,43,0.7963874289160772,0.861621124919219,0.06523369600314188,1,1,persuadable,0.924,0,1,320,1
HELIOS-003786,27.9,18.34,basic,12,4,2,1,0,0,10.0,363,0.957116882690633,0.9479377709539338,-0.009179111736699164,0,0,sure_thing,0.4657,0,0,849,1
HELIOS-003787,13.3,68.62,pro,11,10,7,0,0,0,,176,0.9678898012583765,0.962047859242057,-0.00584194201631949,1,1,sure_thing,0.8605,1,1,405,1
HELIOS-003788,14.2,16.92,basic,3,33,4,0,1,0,,113,0.8382662661823634,0.8663637778235654,0.028097511641202,0,0,lost_cause,0.9103,0,0,432,1
HELIOS-003789,14.4,22.97,basic,19,26,8,0,0,0,7.0,190,0.9777611956212567,0.9647215771671566,-0.013039618454100177,1,1,sure_thing,0.1302,0,1,438,1
HELIOS-003790,5.6,18.38,basic,4,28,3,0,1,0,,44,0.826377335224986,0.84975905569573,0.02338172047074394,1,1,lost_cause,0.9872,1,1,170,1
HELIOS-003791,13.8,41.65,pro,13,4,7,1,1,1,,191,0.8804740331132037,0.99,0.10952596688679628,1,1,persuadable,0.8211,1,1,420,1
HELIOS-003792,31.2,14.73,basic,30,6,17,0,0,0,,762,0.99,0.99,0.0,1,1,sure_thing,0.8403,1,1,950,1
HELIOS-003793,25.1,22.78,basic,5,107,4,0,1,1,4.0,182,0.8520091198445713,0.6953874481748066,-0.1566216716697647,1,1,sleeping_dog,0.6257,1,1,764,1
HELIOS-003794,29.4,27.37,basic,1,6,1,1,1,0,,94,0.8369142140182146,0.99,0.15308578598178535,1,1,persuadable,0.712,1,1,895,1
HELIOS-003795,3.1,20.5,basic,8,6,3,0,0,0,,29,0.9237545287746541,0.8943430012355279,-0.029411527539126237,1,1,sure_thing,0.9623,1,1,94,1
HELIOS-003796,26.5,23.86,basic,9,14,5,1,0,0,8.0,250,0.9459588029044171,0.9494917230449835,0.003532920140566387,1,1,sure_thing,0.2309,1,1,807,1
HELIOS-003797,13.6,17.47,basic,1,50,5,1,0,0,,91,0.8823349465603469,0.8728899394068295,-0.009445007153517482,1,1,lost_cause,0.2371,1,1,414,1
HELIOS-003798,31.2,18.68,basic,5,21,3,0,0,0,,235,0.9652325866281328,0.9191565887852318,-0.04607599784290106,1,1,sure_thing,0.3237,1,1,950,1
HELIOS-003799,31.2,22.49,basic,6,4,2,0,1,1,9.0,230,0.9154211012536246,0.9232038448875929,0.007782743633968248,0,0,lost_cause,0.2071,0,0,950,1
HELIOS-003800,9.4,157.59,enterprise,2,31,2,1,0,0,,44,0.8987397914137152,0.99,0.09126020858628481,1,1,persuadable,0.8083,1,1,286,1
HELIOS-003801,31.2,24.42,basic,6,35,2,1,1,0,6.0,335,0.8168103359927663,0.9390647371662049,0.12225440117343855,1,1,persuadable,0.9512,1,1,950,1
HELIOS-003802,21.5,130.27,enterprise,18,9,8,0,0,0,,344,0.987497683844329,0.9894058873912663,0.001908203546937326,1,1,sure_thing,0.2068,0,1,654,1
HELIOS-003803,14.4,17.95,basic,5,42,2,0,0,0,4.0,109,0.9040820337586886,0.8021923178806851,-0.10188971587800344,1,1,sleeping_dog,0.7569,0,1,438,1
HELIOS-003804,20.6,19.48,basic,8,0,0,1,1,0,,127,0.8807498471981071,0.99,0.10925015280189287,1,1,persuadable,0.1414,0,1,627,1
HELIOS-003805,31.2,17.15,basic,6,5,9,0,0,0,,388,0.9748194604295932,0.9727020115474428,-0.0021174488821503745,1,1,sure_thing,0.3289,0,1,950,1
HELIOS-003806,6.4,21.57,basic,14,42,5,1,0,0,8.0,53,0.9225842822180935,0.9053869680109232,-0.0171973142071703,1,1,sure_thing,0.3828,0,1,195,1
HELIOS-003807,31.2,93.25,enterprise,3,36,4,0,1,0,,157,0.9393763397681585,0.99,0.050623660231841505,0,1,persuadable,0.6875,1,1,950,1
HELIOS-003808,18.9,30.71,basic,12,5,5,0,1,0,,242,0.9381469781021694,0.9629303217283475,0.024783343626178067,1,1,sure_thing,0.0877,0,1,575,1
HELIOS-003809,14.3,12.22,basic,2,37,4,0,2,0,,63,0.6241017488935396,0.827663108996326,0.20356136010278636,0,1,persuadable,0.7777,1,1,435,1
HELIOS-003810,21.4,16.53,basic,46,1,12,0,0,1,,581,0.99,0.99,0.0,1,1,sure_thing,0.412,0,1,651,1
HELIOS-003811,7.2,59.76,pro,26,0,12,0,0,0,,131,0.99,0.99,0.0,1,1,sure_thing,0.2017,0,1,219,1
HELIOS-003812,31.2,19.44,basic,6,53,6,1,0,0,,249,0.9194822873934415,0.908618509775714,-0.0108637776177275,1,1,lost_cause,0.1463,0,1,950,1
HELIOS-003813,17.8,88.14,enterprise,6,42,4,1,0,1,,126,0.904635427167908,0.8800484659221055,-0.024586961245802508,1,1,lost_cause,0.7554,1,1,542,1
HELIOS-003814,9.3,23.41,basic,6,13,8,0,0,0,,76,0.9259432977297515,0.9201827362615442,-0.005760561468207248,1,1,sure_thing,0.7152,0,1,283,1
HELIOS-003815,21.8,63.05,pro,22,11,12,0,0,1,,437,0.9874935050843402,0.9825424586474817,-0.004951046436858508,1,1,sure_thing,0.3992,0,1,664,1
HELIOS-003816,11.9,21.54,basic,19,11,4,0,0,0,6.0,150,0.9660811681510998,0.9388418960658549,-0.027239272085244903,1,1,sure_thing,0.2614,1,1,362,1
HELIOS-003817,3.9,52.35,pro,12,7,4,4,1,0,7.0,53,0.6550302635575604,0.9523667491947185,0.2973364856371581,1,1,persuadable,0.9232,1,1,119,1
HELIOS-003818,31.2,25.79,basic,3,144,4,1,0,1,6.0,167,0.8790081978164517,0.6291756206977863,-0.24983257711866536,0,0,sleeping_dog,0.9297,1,0,950,1
HELIOS-003819,28.6,38.75,pro,8,42,5,0,0,0,,367,0.9510831622091048,0.9022418342633897,-0.04884132794571516,1,1,sure_thing,0.7102,1,1,871,1
HELIOS-003820,31.2,30.79,basic,20,18,12,0,1,0,,484,0.9819602536759572,0.99,0.008039746324042807,1,1,sure_thing,0.5578,0,1,950,1
HELIOS-003821,31.2,21.51,basic,2,25,1,1,0,1,,67,0.9151834618288827,0.8368408719022837,-0.07834258992659893,1,1,sleeping_dog,0.5472,1,1,950,1
HELIOS-003822,13.1,15.47,basic,11,21,7,1,0,1,,140,0.9333962191648327,0.9241764963835023,-0.00921972278133043,1,1,sure_thing,0.0057,0,1,399,1
HELIOS-003823,21.3,13.55,basic,3,235,1,0,2,0,,86,0.435045902448788,0.34891173487535576,-0.08613416757343223,1,1,sleeping_dog,0.9992,1,1,648,1
HELIOS-003824,24.5,16.03,basic,35,7,7,2,0,1,,622,0.9860298315128515,0.9879106646500413,0.0018808331371897857,1,1,sure_thing,0.296,0,1,746,1
HELIOS-003825,20.3,32.42,pro,3,46,3,3,0,0,8.0,159,0.7209092219879101,0.9284836882906555,0.20757446630274545,1,1,persuadable,0.7025,1,1,618,1
HELIOS-003826,27.9,44.24,pro,15,4,3,0,0,0,7.0,356,0.9742908533123787,0.9463879910272145,-0.027902862285164254,1,1,sure_thing,0.3518,0,1,849,0
HELIOS-003827,24.7,12.73,basic,7,77,6,0,0,0,,220,0.9480529650075866,0.8505657336801209,-0.09748723132746573,1,1,sleeping_dog,0.5274,1,1,752,1
HELIOS-003828,15.6,101.12,enterprise,16,18,8,0,0,0,,208,0.982234292824661,0.9781441121002736,-0.004090180724387382,1,1,sure_thing,0.4214,0,1,475,1
HELIOS-003829,6.3,195.0,enterprise,3,145,0,1,2,0,,14,0.560132695650008,0.6949961643601466,0.13486346871013855,0,1,persuadable,0.6175,1,1,192,1
HELIOS-003830,25.3,56.74,pro,19,62,6,1,0,0,,319,0.9692071934476088,0.9447413688124903,-0.024465824635118483,1,1,sure_thing,0.4969,1,1,770,1
HELIOS-003831,27.9,44.0,pro,13,0,8,0,1,0,7.0,523,0.9559122484829022,0.9892871356077676,0.03337488712486536,1,1,sure_thing,0.0509,0,1,849,1
HELIOS-003832,11.2,20.07,basic,2,73,2,1,0,0,5.0,41,0.8532479328926869,0.7546842932147522,-0.09856363967793469,1,1,sleeping_dog,0.3023,1,1,341,1
HELIOS-003833,31.2,29.44,basic,8,7,6,2,1,0,,177,0.8815725530718914,0.99,0.10842744692810857,1,1,persuadable,0.3242,0,1,950,1
HELIOS-003834,10.8,61.74,pro,15,8,9,0,1,0,,133,0.9392009298166383,0.9783675648424974,0.03916663502585915,1,1,sure_thing,0.384,0,1,329,0
HELIOS-003835,11.8,62.51,pro,21,8,10,1,0,0,9.0,186,0.9773308047996119,0.9867805240604042,0.0094497192607923,1,1,sure_thing,0.3998,0,1,359,1
HELIOS-003836,22.8,39.51,pro,7,2,3,0,0,1,,200,0.9708084791851826,0.9083138683027902,-0.0624946108823925,1,1,sleeping_dog,0.526,1,1,694,0
HELIOS-003837,26.8,16.63,basic,21,3,9,1,1,0,,452,0.9557369530614747,0.99,0.03426304693852533,1,1,sure_thing,0.9155,1,1,816,1
HELIOS-003838,4.1,153.66,enterprise,4,235,2,0,0,0,,29,0.8564234615955293,0.6022089248254675,-0.2542145367700618,1,0,sleeping_dog,0.4455,0,1,125,1
HELIOS-003839,21.6,44.58,pro,2,44,4,1,0,0,6.0,90,0.8654557645486832,0.8641887014957949,-0.001267063052888373,1,1,lost_cause,0.554,1,1,658,1
HELIOS-003840,16.1,20.2,basic,15,44,6,1,0,0,,217,0.9405320861194439,0.9277228954652584,-0.01280919065418551,1,1,sure_thing,0.3477,0,1,490,0
HELIOS-003841,18.3,17.92,basic,7,10,5,0,0,1,9.0,220,0.952754576453378,0.9053272088168705,-0.04742736763650757,1,1,sure_thing,0.3505,1,1,557,1
HELIOS-003842,31.2,108.99,enterprise,17,1,19,0,0,1,,498,0.99,0.99,0.0,1,1,sure_thing,0.3717,0,1,950,1
HELIOS-003843,31.2,18.92,basic,3,131,8,0,1,1,8.0,253,0.8756181353182022,0.7537319710898136,-0.1218861642283886,1,0,sleeping_dog,0.768,1,0,950,1
HELIOS-003844,25.2,150.87,enterprise,3,91,1,0,0,1,4.0,149,0.9509835383980498,0.7238561719114012,-0.22712736648664866,1,0,sleeping_dog,0.6609,1,0,767,1
HELIOS-003845,20.1,15.92,basic,8,12,3,0,2,1,,123,0.7981679460103711,0.9689777197321046,0.17080977372173345,1,1,persuadable,0.8242,1,1,612,1
HELIOS-003846,23.7,23.74,basic,2,161,0,1,0,1,,88,0.776560612849423,0.5063988644801214,-0.2701617483693016,1,1,sleeping_dog,0.9771,1,1,721,0
HELIOS-003847,4.0,54.7,pro,8,44,3,1,1,0,,36,0.7943990267207978,0.9475042921457091,0.15310526542491132,1,1,persuadable,0.8703,1,1,122,1
HELIOS-003848,16.3,114.16,enterprise,11,15,3,0,0,0,,169,0.9709452043348696,0.9422019395909348,-0.02874326474393485,1,1,sure_thing,0.7283,1,1,496,1
HELIOS-003849,25.6,44.79,pro,26,6,11,0,0,0,,645,0.99,0.99,0.0,1,1,sure_thing,0.0135,0,1,779,1
HELIOS-003850,18.0,16.69,basic,7,223,4,1,1,0,6.0,143,0.5988752211990138,0.4385531531311296,-0.16032206806788424,0,0,sleeping_dog,0.9903,1,0,548,1
HELIOS-003851,31.2,24.74,basic,5,66,1,1,0,0,,207,0.908167253025251,0.8007145914410938,-0.10745266158415723,1,1,sleeping_dog,0.06,0,1,950,1
HELIOS-003852,21.7,121.73,enterprise,3,122,3,0,0,0,,159,0.9277659962332804,0.7013120111760688,-0.2264539850572116,1,0,sleeping_dog,0.3512,1,0,661,1
HELIOS-003853,1.6,24.87,basic,11,109,3,0,0,0,,12,0.8444354336996367,0.6113630523067289,-0.23307238139290776,1,1,sleeping_dog,0.4145,1,1,49,0
HELIOS-003854,31.2,50.97,pro,14,7,9,0,0,0,,513,0.9882670220508756,0.9857251575151708,-0.0025418645357048186,1,1,sure_thing,0.2343,0,1,950,1
HELIOS-003855,29.4,18.35,basic,23,35,8,1,0,1,6.0,426,0.9737703409432781,0.9550169953406261,-0.01875334560265196,1,1,sure_thing,0.0686,0,1,895,0
HELIOS-003856,31.2,107.48,enterprise,4,17,6,2,0,0,,343,0.9259582242903779,0.99,0.0640417757096221,1,1,persuadable,0.3438,1,1,950,1
HELIOS-003857,31.2,21.86,basic,5,31,1,2,0,0,,154,0.8374299024009898,0.8884581069610642,0.0510282045600744,1,1,persuadable,0.444,0,1,950,1
HELIOS-003858,22.3,135.47,enterprise,15,40,6,0,0,0,,243,0.9814170709687,0.9571183745610446,-0.024298696407655362,1,1,sure_thing,0.3835,1,1,679,1
HELIOS-003859,11.6,25.13,basic,7,4,8,0,1,0,,213,0.8889803405497056,0.9266198702925154,0.03763952974280971,1,1,lost_cause,0.7128,1,1,353,1
HELIOS-003860,31.2,53.24,pro,17,21,4,1,1,0,6.0,366,0.9421550729521584,0.99,0.0478449270478416,1,1,sure_thing,0.8065,1,1,950,1
HELIOS-003861,22.6,96.79,enterprise,18,2,6,1,0,0,,393,0.975709532260442,0.99,0.014290467739558,1,1,sure_thing,0.4589,1,1,688,1
HELIOS-003862,26.5,14.43,basic,5,75,8,0,0,0,8.0,218,0.9525205251764076,0.8952765774787592,-0.0572439476976484,1,1,sleeping_dog,0.794,1,1,807,1
HELIOS-003863,31.2,19.01,basic,8,123,3,2,1,0,4.0,171,0.7263144901309367,0.8802458095906328,0.15393131945969607,0,1,persuadable,0.8198,0,0,950,1
HELIOS-003864,2.8,99.61,enterprise,54,4,20,0,1,0,,101,0.99,0.99,0.0,1,1,sure_thing,0.2938,0,1,85,1
HELIOS-003865,31.2,32.41,pro,29,3,12,0,0,0,10.0,726,0.99,0.99,0.0,1,1,sure_thing,0.0146,0,1,950,1
HELIOS-003866,31.2,35.42,pro,7,25,3,0,0,0,8.0,357,0.9383911642301928,0.8871739797246031,-0.05121718450558965,1,1,sleeping_dog,0.4486,0,1,950,1
HELIOS-003867,31.2,20.91,basic,5,89,5,0,0,0,,148,0.9501590546256632,0.802708147548681,-0.14745090707698216,1,1,sleeping_dog,0.7762,1,1,950,1
HELIOS-003868,14.5,22.13,basic,15,14,8,0,0,1,,193,0.9635474407476882,0.9401345812537727,-0.023412859493915472,1,1,sure_thing,0.2894,0,1,441,1
HELIOS-003869,28.3,48.19,pro,10,4,1,1,0,0,,161,0.9587314042978494,0.9536052155368244,-0.005126188761024997,1,1,sure_thing,0.5302,1,1,861,1
HELIOS-003870,31.2,11.43,basic,46,0,15,0,0,0,10.0,1055,0.99,0.99,0.0,1,1,sure_thing,0.5355,0,1,950,1
HELIOS-003871,6.8,47.54,pro,5,29,3,1,0,1,,35,0.8861061441378689,0.8437656381327302,-0.04234050600513872,1,1,lost_cause,0.6715,1,1,207,0
HELIOS-003872,31.2,38.52,pro,3,77,1,2,0,1,,222,0.8210385195962282,0.7613536588838435,-0.05968486071238466,1,1,sleeping_dog,0.9448,1,1,950,1
HELIOS-003873,10.7,23.72,basic,11,2,7,0,1,1,,185,0.9342682951394056,0.9559572965827143,0.021689001443308764,1,1,sure_thing,0.4077,1,1,326,1
HELIOS-003874,31.2,17.86,basic,5,295,2,2,0,1,,174,0.7124628185703527,0.4880643477345248,-0.22439847083582787,1,0,sleeping_dog,0.9429,1,0,950,1
HELIOS-003875,11.4,22.61,basic,9,16,1,0,1,1,,140,0.9044862114427332,0.8771547520733192,-0.027331459369414057,0,0,lost_cause,0.5866,1,0,347,1
HELIOS-003876,13.6,55.4,pro,13,31,8,0,0,1,6.0,176,0.9703415068858419,0.9326511284464469,-0.037690378439394934,1,0,sure_thing,0.4454,0,1,414,1
HELIOS-003877,31.2,52.2,pro,19,14,7,0,1,1,,480,0.9691962060739581,0.9844615082145157,0.015265302140557657,1,1,sure_thing,0.8523,1,1,950,1
HELIOS-003878,26.2,53.89,pro,14,2,10,0,0,1,,444,0.9815215761040249,0.975304208112661,-0.0062173679913638535,1,1,sure_thing,0.3557,0,1,798,1
HELIOS-003879,9.5,12.0,basic,25,1,9,0,0,1,,167,0.9840169252426003,0.9720879148318902,-0.01192901041071015,1,1,sure_thing,0.0029,0,1,289,1
HELIOS-003880,31.2,17.93,basic,31,11,9,0,0,1,7.0,556,0.99,0.9746620784619109,-0.015337921538089105,1,1,sure_thing,0.6872,1,1,950,0
HELIOS-003881,31.2,55.15,pro,10,6,2,0,0,1,7.0,270,0.9829086893994343,0.8949316963478956,-0.08797699305153872,1,1,sleeping_dog,0.0706,0,1,950,1
HELIOS-003882,12.0,49.7,pro,7,52,3,0,0,0,,118,0.9117189012252169,0.8102760344985166,-0.10144286672670033,1,1,sleeping_dog,0.4448,1,1,365,1
HELIOS-003883,22.5,20.54,basic,5,11,3,0,0,0,,217,0.9583094735906379,0.9246293976972414,-0.0336800758933965,1,1,sure_thing,0.9291,1,1,685,1
HELIOS-003884,31.2,17.22,basic,4,16,2,1,1,0,,148,0.8256815545827947,0.9575082094883441,0.13182665490554946,1,1,persuadable,0.8755,0,1,950,0
HELIOS-003885,23.0,14.29,basic,4,334,2,1,0,0,,114,0.5645841693353172,0.28294928444089,-0.2816348848944272,0,0,sleeping_dog,0.9875,1,0,700,1
HELIOS-003886,6.9,26.14,basic,1,36,3,2,0,0,,25,0.7655329035232756,0.8527206183480701,0.08718771482479448,1,1,persuadable,0.9026,1,1,210,1
HELIOS-003887,31.2,138.03,enterprise,3,123,3,2,2,0,,100,0.6335426449490101,0.9045490924416424,0.27100644749263225,0,1,persuadable,0.534,1,1,950,1
HELIOS-003888,11.9,137.74,enterprise,18,9,17,1,0,0,,277,0.9818219032607018,0.99,0.008178096739298146,1,1,sure_thing,0.1097,0,1,362,0
HELIOS-003889,5.1,57.08,pro,17,21,6,0,0,1,8.0,65,0.9546146448063809,0.9045878730874153,-0.050026771718965635,1,0,sleeping_dog,0.742,1,0,155,0
HELIOS-003890,16.3,46.34,pro,10,3,8,0,1,0,,192,0.9173653319664173,0.9607385917639601,0.04337325979754281,1,1,lost_cause,0.4946,1,1,496,1
HELIOS-003891,10.3,143.77,enterprise,14,34,4,0,0,1,,90,0.9731734140143274,0.8774378446672111,-0.09573556934711636,1,1,sleeping_dog,0.0574,0,1,314,1
HELIOS-003892,30.1,21.57,basic,24,28,9,0,0,0,9.0,551,0.99,0.9799264780071826,-0.010073521992817414,1,1,sure_thing,0.2326,0,1,916,1
HELIOS-003893,29.5,20.95,basic,38,0,14,0,0,0,,716,0.99,0.99,0.0,1,1,sure_thing,0.3182,0,1,898,1
HELIOS-003894,31.2,129.15,enterprise,5,70,3,0,0,1,,203,0.965387654895727,0.7733467719446057,-0.19204088295112132,1,0,sleeping_dog,0.9185,1,0,950,1
HELIOS-003895,5.3,14.7,basic,28,18,9,0,0,0,,101,0.9868217358788265,0.9791059929450107,-0.007715742933815828,1,1,sure_thing,0.4989,0,1,161,1
HELIOS-003896,18.7,24.74,basic,9,52,6,0,1,0,,195,0.8685948100922474,0.8844549896698756,0.015860179577628197,1,1,lost_cause,0.7366,1,1,569,1
HELIOS-003897,20.0,17.8,basic,11,22,4,0,0,1,,286,0.9508467360915174,0.8658075734416307,-0.08503916264988665,1,1,sleeping_dog,0.1685,0,1,609,1
HELIOS-003898,17.5,17.62,basic,9,64,1,0,0,0,8.0,179,0.9193460880246623,0.7404983393711428,-0.1788477486535195,1,1,sleeping_dog,0.3215,0,1,533,1
HELIOS-003899,10.1,22.19,basic,15,41,9,1,0,0,,119,0.9221340160569814,0.9229561334086127,0.0008221173516312907,1,1,sure_thing,0.5751,0,1,307,1
HELIOS-003900,27.7,43.36,pro,20,34,5,2,0,0,,373,0.9498121924882154,0.9807156683274857,0.030903475839270333,1,1,sure_thing,0.7062,1,1,843,1
HELIOS-003901,21.9,52.15,pro,27,7,10,0,0,0,8.0,436,0.99,0.989499174873866,-0.0005008251261340302,1,1,sure_thing,0.0831,1,1,667,1
HELIOS-003902,14.0,131.03,enterprise,1,16,1,2,1,0,6.0,54,0.7583969721398741,0.99,0.23160302786012588,1,1,persuadable,0.9148,1,1,426,1
HELIOS-003903,11.8,13.99,basic,59,1,16,0,0,1,,425,0.99,0.99,0.0,1,1,sure_thing,0.7271,0,1,359,1
HELIOS-003904,22.4,48.32,pro,7,5,5,2,0,0,8.0,170,0.9107114252186423,0.99,0.07928857478135765,1,1,persuadable,0.7091,1,1,682,1
HELIOS-003905,23.2,140.87,enterprise,8,56,4,0,0,0,,106,0.9663028214669646,0.8981143044985692,-0.06818851696839534,1,1,sleeping_dog,0.3594,1,1,706,1
HELIOS-003906,1.8,67.07,pro,12,18,8,1,0,1,,16,0.9354046064230447,0.9469426684089288,0.01153806198588414,1,1,sure_thing,0.4466,1,1,55,1
HELIOS-003907,25.5,15.63,basic,3,106,2,1,0,0,,107,0.872485065613297,0.6911280613669802,-0.18135700424631673,1,0,sleeping_dog,0.7114,0,1,776,1
HELIOS-003908,31.2,14.06,basic,22,15,9,0,0,0,,680,0.99,0.9835443407899334,-0.006455659210066633,1,1,sure_thing,0.2814,0,1,950,1
HELIOS-003909,31.2,14.92,basic,1,240,1,1,1,1,,62,0.4665529179558551,0.3242870299311404,-0.14226588802471468,1,1,sleeping_dog,0.9442,0,1,950,1
HELIOS-003910,10.2,22.55,basic,8,74,5,0,0,0,,97,0.8797082815874048,0.7680768989424948,-0.11163138264491002,1,1,sleeping_dog,0.6911,1,1,310,1
HELIOS-003911,31.2,21.02,basic,25,8,12,0,0,0,10.0,577,0.99,0.99,0.0,1,1,sure_thing,0.0634,0,1,950,0
HELIOS-003912,16.8,22.67,basic,6,2,2,1,0,0,5.0,118,0.9093798623642613,0.9091025402816189,-0.0002773220826424172,1,1,lost_cause,0.6562,0,1,511,1
HELIOS-003913,16.8,25.47,basic,3,54,8,0,0,0,,118,0.9523247171883236,0.9235651494243584,-0.028759567763965155,1,1,sure_thing,0.0195,0,1,511,1
HELIOS-003914,31.2,13.37,basic,23,5,4,0,0,1,,542,0.984142154061693,0.9280822479565536,-0.056059906105139445,1,1,sleeping_dog,0.1698,0,1,950,1
HELIOS-003915,31.2,81.6,pro,5,95,9,0,0,0,,232,0.9609993784199455,0.8933297593267041,-0.06766961909324143,1,1,sleeping_dog,0.1557,1,1,950,1
HELIOS-003916,31.2,21.39,basic,2,99,1,1,1,1,7.0,109,0.8155872730403503,0.7826257135875021,-0.03296155945284818,1,1,lost_cause,0.9772,1,1,950,1
HELIOS-003917,31.2,15.38,basic,9,68,3,3,0,0,,257,0.7167674464540491,0.8564181093809309,0.13965066292688177,0,1,persuadable,0.3017,0,0,950,1
HELIOS-003918,30.4,153.71,enterprise,21,33,10,1,0,0,,567,0.99,0.99,0.0,1,1,sure_thing,0.2543,1,1,925,1
HELIOS-003919,7.7,20.35,basic,14,0,3,1,0,0,,97,0.9119704075463609,0.9082830834578061,-0.0036873240885548775,1,1,lost_cause,0.5414,0,1,234,1
HELIOS-003920,18.9,134.83,enterprise,9,55,7,0,0,0,,124,0.9708885984703391,0.9480833324980811,-0.02280526597225807,1,1,sure_thing,0.3589,1,1,575,1
HELIOS-003921,20.7,102.67,enterprise,14,4,8,0,0,0,7.0,291,0.982707132267467,0.9841020815104822,0.0013949492430151977,1,1,sure_thing,0.6632,1,1,630,1
HELIOS-003922,2.7,44.19,pro,6,22,3,2,0,0,7.0,26,0.8006100063646585,0.8897280182118,0.08911801184714152,0,1,persuadable,0.1225,0,0,82,1
HELIOS-003923,30.1,152.24,enterprise,8,20,6,0,0,0,,259,0.9814629119922156,0.99,0.00853708800778441,1,1,sure_thing,0.0577,1,1,916,1
HELIOS-003924,12.2,39.76,pro,11,5,6,0,1,0,,167,0.8997819928823155,0.9336990611869864,0.033917068304670894,1,1,lost_cause,0.2615,0,1,371,1
HELIOS-003925,31.2,112.01,enterprise,12,8,6,0,1,0,,358,0.9654091501210639,0.99,0.024590849878936116,1,1,sure_thing,0.0949,0,1,950,1
HELIOS-003926,12.1,15.62,basic,41,3,11,0,1,0,,374,0.987366885434018,0.9888132023399818,0.0014463169059638625,1,1,sure_thing,0.3655,0,1,368,1
HELIOS-003927,31.2,18.16,basic,5,26,1,0,0,0,,180,0.9542643594310696,0.8669415227214549,-0.08732283670961472,1,1,sleeping_dog,0.5632,1,1,950,1
HELIOS-003928,31.2,18.58,basic,16,40,6,1,1,0,8.0,418,0.9413195256449762,0.99,0.04868047435502376,1,1,sure_thing,0.2392,0,1,950,1
HELIOS-003929,31.2,15.74,basic,1,51,2,0,0,0,8.0,294,0.9265366142742628,0.804690051630277,-0.12184656264398586,1,1,sleeping_dog,0.6074,1,1,950,1
HELIOS-003930,30.4,46.97,pro,3,54,2,0,1,0,,137,0.8539242723708282,0.8692671809684118,0.015342908597583582,1,1,lost_cause,0.3795,1,1,925,1
HELIOS-003931,31.0,13.96,basic,9,0,4,1,1,1,2.0,311,0.9154636111871757,0.99,0.07453638881282432,1,1,persuadable,0.4615,1,1,944,1
HELIOS-003932,23.3,10.4,basic,3,100,6,1,0,1,,150,0.8268302285863743,0.6742014215503611,-0.15262880703601323,0,0,sleeping_dog,0.9046,1,0,709,1
HELIOS-003933,11.6,52.0,pro,41,1,14,0,1,1,,324,0.99,0.99,0.0,1,1,sure_thing,0.5406,0,1,353,0
HELIOS-003934,31.2,10.29,basic,7,22,6,0,0,0,,368,0.97107906705924,0.9511761617448008,-0.019902905314439168,1,1,sure_thing,0.3006,1,1,950,1
HELIOS-003935,31.2,51.88,pro,0,69,3,2,0,0,,118,0.8253399397248963,0.9229589413563961,0.09761900163149984,1,1,persuadable,0.8528,1,1,950,1
HELIOS-003936,16.1,16.95,basic,9,6,1,0,0,1,4.0,119,0.944932529669452,0.8338107187000412,-0.11112181096941076,1,1,sleeping_dog,0.9263,1,1,490,1
HELIOS-003937,31.2,28.02,basic,13,7,8,0,0,0,,355,0.9792766399177886,0.973748541619086,-0.0055280982987025995,1,1,sure_thing,0.2385,0,1,950,1
HELIOS-003938,3.3,45.87,pro,7,33,6,1,0,1,6.0,27,0.8852091118234933,0.872704198282187,-0.012504913541306228,1,1,lost_cause,0.5648,0,1,100,1
HELIOS-003939,31.2,25.01,basic,14,0,5,1,0,0,5.0,290,0.9710574535312736,0.9740193185052854,0.002961864974011852,1,1,sure_thing,0.0023,0,1,950,1
HELIOS-003940,31.2,20.53,basic,3,74,1,2,1,0,4.0,106,0.6423245740764931,0.8606891028782,0.21836452880170687,0,0,persuadable,0.9551,1,0,950,1
HELIOS-003941,2.2,49.15,pro,9,11,4,0,0,0,,34,0.9178232808820137,0.8940485544267047,-0.02377472645530898,1,1,lost_cause,0.7448,0,1,67,1
HELIOS-003942,24.4,21.52,basic,3,57,3,0,0,0,,89,0.9432665566976544,0.8291646396874546,-0.11410191701019978,1,1,sleeping_dog,0.7858,0,1,743,1
HELIOS-003943,8.2,55.53,pro,9,61,10,0,0,0,,89,0.9340081114429784,0.915557666530083,-0.01845044491289538,1,1,sure_thing,0.5482,1,1,250,1
HELIOS-003944,11.9,76.77,pro,2,19,0,0,1,0,,42,0.7844309036213003,0.8624156378377859,0.07798473421648555,0,0,persuadable,0.4268,1,0,362,1
HELIOS-003945,14.1,23.13,basic,4,22,3,1,0,0,3.0,78,0.8799736031280566,0.8757705813045095,-0.004203021823547148,0,0,lost_cause,0.7938,1,0,429,1
HELIOS-003946,19.6,29.8,basic,16,5,16,0,0,0,,296,0.9872587989850452,0.9884603636203978,0.0012015646353525922,1,1,sure_thing,0.0815,0,1,597,1
HELIOS-003947,4.5,71.71,pro,3,8,8,1,0,0,,30,0.8861184079964903,0.9345727849376574,0.048454376941167054,1,1,lost_cause,0.564,1,1,137,1
HELIOS-003948,22.7,22.57,basic,7,27,2,0,0,0,,213,0.9522506423975334,0.8811303070731946,-0.07112033532433881,1,1,sleeping_dog,0.4331,0,1,691,1
HELIOS-003949,9.4,21.91,basic,20,3,8,1,0,0,,152,0.9565442738759169,0.9592524061379449,0.00270813226202804,0,0,sure_thing,0.3585,0,0,286,1
HELIOS-003950,31.2,49.91,pro,21,12,8,0,0,0,,731,0.9843809247903306,0.9769999874674492,-0.007380937322881365,1,1,sure_thing,0.4305,1,1,950,1
HELIOS-003951,22.0,15.11,basic,17,22,9,0,0,1,10.0,395,0.9775128148061419,0.9546555556178413,-0.022857259188300616,1,1,sure_thing,0.1697,0,1,670,1
HELIOS-003952,14.5,17.13,basic,14,8,2,0,0,0,,166,0.9567550326573804,0.9135416324197226,-0.04321340023765774,1,1,sure_thing,0.698,1,1,441,1
HELIOS-003953,31.2,17.75,basic,6,5,3,1,0,0,,194,0.9271224827037392,0.9286245729465336,0.0015020902427943517,0,0,sure_thing,0.29,1,0,950,1
HELIOS-003954,19.1,13.57,basic,0,3,1,0,0,0,5.0,111,0.877158756736673,0.8315015231392312,-0.04565723359744178,1,1,lost_cause,0.3985,1,1,581,1
HELIOS-003955,20.3,14.77,basic,6,30,0,2,0,0,,117,0.8459150848420519,0.8768411299624952,0.03092604512044328,0,1,lost_cause,0.7906,0,0,618,1
HELIOS-003956,26.6,20.1,basic,4,43,7,2,0,1,,226,0.824764753237134,0.8885862658204229,0.06382151258328883,1,1,persuadable,0.3212,0,1,810,1
HELIOS-003957,11.1,43.86,pro,21,0,5,0,0,1,,229,0.9619684710468444,0.9254777456454852,-0.036490725401359114,1,1,sure_thing,0.5548,0,1,338,1
HELIOS-003958,16.0,26.85,basic,3,16,7,1,0,1,,116,0.9032014070633388,0.9107705092881178,0.007569102224778912,1,1,lost_cause,0.0511,1,1,487,1
HELIOS-003959,16.7,171.32,enterprise,4,14,2,1,0,0,,78,0.9322643573654442,0.99,0.05773564263455577,1,1,persuadable,0.38,1,1,508,1
HELIOS-003960,31.2,31.83,pro,10,50,7,2,2,0,8.0,361,0.7608590876459472,0.99,0.22914091235405276,0,1,persuadable,0.6185,1,1,950,1
HELIOS-003961,21.5,14.14,basic,14,22,9,1,0,0,9.0,320,0.9559464617653742,0.9598675953605885,0.003921133595214288,1,1,sure_thing,0.3482,1,1,654,1
HELIOS-003962,25.8,22.78,basic,3,15,4,3,1,0,,117,0.6155328107976029,0.9046743665016159,0.289141555704013,1,1,persuadable,0.9688,1,1,785,1
HELIOS-003963,18.4,43.15,pro,5,63,3,1,0,0,6.0,131,0.8796729330719802,0.8280074578161702,-0.05166547525581,1,1,sleeping_dog,0.7386,0,1,560,1
HELIOS-003964,26.7,68.81,pro,5,36,1,0,0,0,,170,0.9540421523166496,0.8502130656767756,-0.103829086639874,1,1,sleeping_dog,0.8015,1,1,813,1
HELIOS-003965,31.2,53.43,pro,5,82,3,2,0,0,,164,0.8453661268727108,0.8939413581339203,0.04857523126120944,1,1,lost_cause,0.5734,1,1,950,1
HELIOS-003966,23.2,42.64,pro,7,7,3,0,1,0,7.0,215,0.9058268431355431,0.9478575716638771,0.042030728528334005,1,1,lost_cause,0.6052,1,1,706,1
HELIOS-003967,22.8,15.8,basic,9,30,7,1,0,0,,238,0.9488376765421624,0.9512808447773369,0.002443168235174431,1,1,sure_thing,0.7197,1,1,694,1
HELIOS-003968,20.3,26.13,basic,6,91,4,0,0,0,9.0,219,0.9458465861490796,0.7706932128084865,-0.1751533733405931,1,1,sleeping_dog,0.1892,0,1,618,1
HELIOS-003969,31.2,53.74,pro,17,12,7,0,0,1,,522,0.99,0.9620373171990788,-0.02796268280092118,1,1,sure_thing,0.7662,1,1,950,1
HELIOS-003970,31.2,22.25,basic,3,18,3,0,0,0,,207,0.9477429326757476,0.9066029922389348,-0.041139940436812794,1,1,sure_thing,0.0397,0,1,950,1
HELIOS-003971,26.1,17.47,basic,3,20,3,0,0,1,5.0,117,0.9394752975089863,0.8407123920400308,-0.0987629054689555,1,1,sleeping_dog,0.4858,1,1,794,1
HELIOS-003972,22.6,41.2,pro,33,2,10,0,0,0,10.0,567,0.99,0.9887341539767497,-0.0012658460232503055,1,1,sure_thing,0.3169,0,1,688,1
HELIOS-003973,15.7,17.71,basic,28,0,8,0,0,0,10.0,316,0.9824448302050929,0.9767675816116123,-0.005677248593480622,1,1,sure_thing,0.1795,0,1,478,0
HELIOS-003974,31.2,15.17,basic,6,9,7,1,0,0,8.0,375,0.96823480758479,0.9789256564923444,0.010690848907554451,1,1,sure_thing,0.6868,1,1,950,1
HELIOS-003975,11.8,51.97,pro,10,188,4,0,0,0,,82,0.878053517738147,0.5905687524447406,-0.2874847652934064,1,1,sleeping_dog,0.6195,1,1,359,1
HELIOS-003976,29.8,15.32,basic,11,93,5,1,0,0,,284,0.9587944690498622,0.8659343401812521,-0.09286012886861006,1,1,sleeping_dog,0.6286,0,1,907,1
HELIOS-003977,31.2,55.87,pro,4,59,5,0,0,0,,177,0.9549422852604387,0.8808029224593956,-0.07413936280104305,1,1,sleeping_dog,0.6508,1,1,950,1
HELIOS-003978,21.1,142.61,enterprise,11,34,5,1,0,0,9.0,210,0.9492818113448559,0.99,0.040718188655144094,0,1,sure_thing,0.4135,1,1,642,0
HELIOS-003979,31.2,24.41,basic,4,6,7,1,0,0,,236,0.9290662034058453,0.946242056655689,0.01717585324984361,1,1,sure_thing,0.392,1,1,950,1
HELIOS-003980,23.5,18.88,basic,1,365,1,0,1,0,5.0,48,0.5096327749577343,0.2643901511773643,-0.24524262378036998,1,1,sleeping_dog,0.9862,0,1,715,0
HELIOS-003981,25.1,23.72,basic,4,2,1,2,0,0,,64,0.8972546409738097,0.9724331347136964,0.07517849373988672,1,1,persuadable,0.4878,1,1,764,1
HELIOS-003982,14.3,28.16,basic,10,2,2,0,1,0,8.0,149,0.8760110190309305,0.8973447838547596,0.021333764823829093,1,1,lost_cause,0.2028,1,1,435,1
HELIOS-003983,15.6,140.07,enterprise,1,15,1,2,0,0,,61,0.8841515242472664,0.99,0.1058484757527336,1,1,persuadable,0.1803,0,1,475,1
HELIOS-003984,9.3,77.63,pro,8,11,6,0,0,0,8.0,98,0.9404329026332352,0.93303146244589,-0.007401440187345232,1,1,sure_thing,0.176,0,1,283,1
HELIOS-003985,31.2,135.47,enterprise,6,75,2,2,1,0,,198,0.8415048368215605,0.99,0.14849516317843947,1,1,persuadable,0.6683,1,1,950,1
HELIOS-003986,2.9,95.26,enterprise,17,15,6,0,1,0,,42,0.9477273608472229,0.99,0.042272639152777125,1,1,sure_thing,0.0249,0,1,88,0
HELIOS-003987,19.0,15.33,basic,17,0,15,0,0,0,,318,0.9875618206127591,0.9881164397924814,0.0005546191797223265,1,1,sure_thing,0.1758,0,1,578,1
HELIOS-003988,5.4,30.44,basic,22,3,6,0,0,0,,79,0.9747175049848993,0.963380570061102,-0.011336934923797282,1,1,sure_thing,0.1965,0,1,164,1
HELIOS-003989,27.4,24.52,basic,84,0,21,0,0,1,,1287,0.99,0.99,0.0,1,1,sure_thing,0.2155,0,1,834,0
HELIOS-003990,26.0,56.41,pro,5,55,4,0,0,1,5.0,123,0.9505246713959628,0.7929510089954535,-0.1575736624005093,1,1,sleeping_dog,0.6665,1,1,791,1
HELIOS-003991,31.2,59.68,pro,36,0,16,0,0,0,10.0,840,0.99,0.99,0.0,1,1,sure_thing,0.0258,1,1,950,1
HELIOS-003992,21.9,23.36,basic,10,99,7,0,1,0,7.0,184,0.8804588820752666,0.8561490520834129,-0.024309829991853715,1,1,lost_cause,0.7449,1,1,667,1
HELIOS-003993,10.5,42.69,pro,4,159,2,0,1,0,,42,0.7805364476405394,0.5794362853673051,-0.20110016227323435,0,0,sleeping_dog,0.786,1,0,320,1
HELIOS-003994,31.2,37.19,pro,9,15,7,1,0,0,,367,0.9378118099855826,0.9501565768183946,0.012344766832812049,1,1,sure_thing,0.8757,1,1,950,1
HELIOS-003995,10.7,47.18,pro,3,4,0,1,0,0,4.0,32,0.8757929806262525,0.8762598966298017,0.0004669160035492004,1,1,lost_cause,0.7617,1,1,326,1
HELIOS-003996,31.2,71.23,pro,8,4,3,0,0,1,5.0,176,0.9682914849193862,0.9053559930511272,-0.06293549186825897,1,1,sleeping_dog,0.1455,0,1,950,1
HELIOS-003997,21.5,25.78,basic,12,0,1,0,0,0,7.0,160,0.9568214389207927,0.9125548155223976,-0.044266623398395155,1,1,sure_thing,0.2058,0,1,654,1
HELIOS-003998,31.2,46.77,pro,6,130,4,0,0,0,,214,0.9219566703465455,0.6746949456551993,-0.24726172469134622,1,1,sleeping_dog,0.1538,0,1,950,1
HELIOS-003999,24.5,50.57,pro,2,2,3,0,0,0,,230,0.948000271961739,0.9277449477459991,-0.020255324215739834,1,1,sure_thing,0.1045,0,1,746,0
HELIOS-004000,23.2,15.72,basic,17,15,6,1,0,0,,273,0.9661915997406783,0.964313661552329,-0.0018779381883492485,1,1,sure_thing,0.2503,0,1,706,1
HELIOS-004001,25.1,18.91,basic,34,1,10,2,2,0,,472,0.9432065196616005,0.99,0.046793480338399474,1,1,sure_thing,0.4051,1,1,764,1
HELIOS-004002,10.8,15.36,basic,7,23,5,0,0,0,7.0,71,0.93367064620243,0.9057783273673855,-0.027892318835044505,1,0,sure_thing,0.7349,1,0,329,1
HELIOS-004003,31.2,40.06,pro,3,7,2,0,1,0,,170,0.9055230379898851,0.9572818313715604,0.05175879338167533,1,1,persuadable,0.2514,0,1,950,1
HELIOS-004004,10.9,24.5,basic,19,4,5,0,0,0,8.0,114,0.9774338860294264,0.9614681300746919,-0.015965755954734484,1,1,sure_thing,0.916,1,1,332,0
HELIOS-004005,15.0,15.43,basic,12,0,4,1,0,0,,148,0.9389241605580722,0.9392329000168793,0.00030873945880716125,1,1,sure_thing,0.206,0,1,457,1
HELIOS-004006,31.2,34.14,pro,10,59,4,2,0,0,,279,0.9155433916377071,0.9564534045506007,0.040910012912893534,1,1,lost_cause,0.5326,0,1,950,1
HELIOS-004007,23.8,110.24,enterprise,5,44,4,1,0,0,,219,0.9500653138996442,0.99,0.039934686100355776,1,1,sure_thing,0.5117,1,1,724,1
HELIOS-004008,6.2,43.02,pro,6,103,3,0,1,1,,31,0.76579452504919,0.610455080807867,-0.15533944424132295,1,1,sleeping_dog,0.9492,1,1,189,1
HELIOS-004009,15.7,17.17,basic,8,34,3,2,0,0,4.0,105,0.9074061230718135,0.9511892286436507,0.04378310557183729,1,1,lost_cause,0.0712,1,1,478,1
HELIOS-004010,31.2,124.68,enterprise,9,0,13,0,0,0,,480,0.986841417896453,0.99,0.003158582103547025,1,1,sure_thing,0.3068,0,1,950,0
HELIOS-004011,11.4,14.64,basic,12,8,3,1,0,0,,116,0.9208775703878374,0.9140126321905186,-0.006864938197318704,1,1,sure_thing,0.4857,0,1,347,1
HELIOS-004012,12.9,69.33,pro,0,137,1,1,0,0,,42,0.7270277227913323,0.5226974303576701,-0.2043302924336622,0,0,sleeping_dog,0.5537,1,0,393,1
HELIOS-004013,24.8,45.69,pro,3,217,0,1,0,0,3.0,120,0.7421101231986728,0.47820066924263405,-0.2639094539560387,1,1,sleeping_dog,0.7888,1,1,755,1
HELIOS-004014,10.8,15.71,basic,12,26,7,0,0,0,9.0,184,0.9690904227467477,0.9518998811119846,-0.01719054163476308,1,1,sure_thing,0.2263,0,1,329,1
HELIOS-004015,24.3,26.24,basic,2,23,1,0,0,0,,79,0.9350010872483419,0.855613954013304,-0.07938713323503788,1,1,sleeping_dog,0.4022,0,1,740,1
HELIOS-004016,4.8,38.36,pro,17,0,8,0,0,0,,62,0.9679640108163048,0.9637307730237777,-0.004233237792527045,1,1,sure_thing,0.4549,1,1,146,1
HELIOS-004017,23.3,145.69,enterprise,6,3,6,0,0,0,,172,0.9800789504354587,0.99,0.009921049564541318,1,1,sure_thing,0.3348,0,1,709,1
HELIOS-004018,23.7,20.95,basic,6,124,1,0,0,0,6.0,143,0.8749466445344412,0.6031706259719825,-0.2717760185624587,1,1,sleeping_dog,0.7638,1,1,721,1
HELIOS-004019,2.7,18.24,basic,5,68,3,0,0,0,,10,0.8368301370998946,0.6949722371582718,-0.1418578999416228,1,1,sleeping_dog,0.6128,1,1,82,1
HELIOS-004020,31.2,41.45,pro,2,97,1,1,0,0,4.0,62,0.8811761165641254,0.7130114779615732,-0.16816463860255226,1,0,sleeping_dog,0.0611,0,1,950,1
HELIOS-004021,26.2,15.5,basic,7,48,4,0,0,0,,219,0.9689411857493988,0.8930038158446242,-0.07593736990477462,1,1,sleeping_dog,0.4911,1,1,798,1
HELIOS-004022,31.2,53.96,pro,11,21,4,1,0,0,,534,0.9530794968620404,0.9559672351131983,0.0028877382511578453,1,1,sure_thing,0.0635,0,1,950,1
HELIOS-004023,11.4,19.89,basic,38,0,17,0,0,0,10.0,374,0.99,0.99,0.0,1,1,sure_thing,0.1071,0,1,347,1
HELIOS-004024,31.2,47.47,pro,4,23,3,0,0,0,,180,0.9758226951430875,0.930093231236497,-0.045729463906590495,1,1,sure_thing,0.8415,1,1,950,1
HELIOS-004025,20.9,89.19,enterprise,5,0,0,1,0,1,,144,0.9291561645345615,0.9180247684848808,-0.01113139604968072,1,1,sure_thing,0.4945,0,1,636,1
HELIOS-004026,6.0,30.85,pro,9,22,2,0,0,1,7.0,68,0.9376217116072215,0.8113323658613755,-0.12628934574584605,1,1,sleeping_dog,0.1808,1,1,183,1
HELIOS-004027,18.7,62.67,pro,4,7,2,1,0,0,5.0,105,0.9188884781064189,0.9394158157435192,0.02052733763710024,1,1,lost_cause,0.7328,1,1,569,1
HELIOS-004028,31.2,20.04,basic,12,36,5,1,0,0,7.0,353,0.9193429331377063,0.907925734829471,-0.011417198308235288,1,1,lost_cause,0.6397,1,1,950,1
HELIOS-004029,31.2,100.23,enterprise,8,46,6,1,0,0,,295,0.9678109177366824,0.99,0.022189082263317617,0,1,sure_thing,0.0255,0,0,950,1
HELIOS-004030,13.0,13.17,basic,7,38,3,0,0,1,,106,0.9133215375797646,0.7700980505354519,-0.14322348704431276,1,1,sleeping_dog,0.5371,1,1,396,1
HELIOS-004031,31.2,113.19,enterprise,22,6,15,0,0,0,8.0,597,0.99,0.99,0.0,1,1,sure_thing,0.1374,1,1,950,1
HELIOS-004032,9.3,32.02,pro,3,64,0,0,0,0,,27,0.8920897872070122,0.6949038862590224,-0.1971859009479897,1,0,sleeping_dog,0.6938,1,0,283,1
HELIOS-004033,31.2,13.16,basic,2,90,3,3,1,0,,132,0.5492408955343749,0.8229778664096651,0.27373697087529014,1,1,persuadable,0.9268,1,1,950,1
HELIOS-004034,31.2,21.04,basic,45,4,9,0,0,0,,683,0.99,0.99,0.0,1,1,sure_thing,0.6778,1,1,950,1
HELIOS-004035,31.2,23.48,basic,3,22,2,0,0,0,,173,0.9458912506356226,0.8850225112774083,-0.06086873935821435,1,1,sleeping_dog,0.474,0,1,950,1
HELIOS-004036,28.0,21.84,basic,13,17,5,1,0,0,,380,0.9698001075603945,0.9678309816186962,-0.001969125941698291,1,1,sure_thing,0.5138,0,1,852,1
HELIOS-004037,29.0,26.42,basic,2,141,1,0,0,0,,72,0.9081435563787796,0.6281497403077156,-0.279993816071064,1,1,sleeping_dog,0.7848,1,1,883,1
HELIOS-004038,28.2,89.72,enterprise,5,37,5,1,1,0,,196,0.8712684419308273,0.99,0.11873155806917268,1,1,persuadable,0.8134,0,1,858,1
HELIOS-004039,23.6,20.34,basic,0,6,2,0,2,0,5.0,58,0.8163570795549376,0.99,0.17364292044506235,1,1,persuadable,0.406,0,1,718,1
HELIOS-004040,12.9,61.69,pro,6,18,0,0,0,0,,102,0.9242159454902055,0.8379941989689419,-0.08622174652126358,1,1,sleeping_dog,0.9192,0,1,393,1
HELIOS-004041,18.0,24.3,basic,1,40,0,2,0,0,,145,0.7213209340174009,0.7762496084006958,0.05492867438329485,1,1,persuadable,0.7423,1,1,548,1
HELIOS-004042,3.0,15.98,basic,9,22,3,1,2,0,,22,0.5849571053525223,0.8466112590842054,0.2616541537316831,1,1,persuadable,0.7765,1,1,91,1
HELIOS-004043,14.1,19.93,basic,3,70,1,0,0,0,6.0,69,0.8946183879189544,0.7037001481483885,-0.19091823977056588,0,0,sleeping_dog,0.0629,0,0,429,1
HELIOS-004044,18.6,14.51,basic,4,9,0,0,1,1,5.0,61,0.886480383647022,0.863784970958956,-0.022695412688065963,0,0,lost_cause,0.8708,1,0,566,0
HELIOS-004045,31.2,13.01,basic,11,3,10,0,0,0,,325,0.9644507472330117,0.96273161244098,-0.0017191347920316735,1,1,sure_thing,0.4266,1,1,950,1
HELIOS-004046,21.2,60.37,pro,6,95,1,0,0,0,8.0,153,0.9362225690614548,0.7005325520563841,-0.23569001700507075,0,0,sleeping_dog,0.7426,1,0,645,1
HELIOS-004047,31.2,67.51,pro,5,16,2,0,0,0,,223,0.9612700022709293,0.9144087281847022,-0.04686127408622709,1,1,sure_thing,0.0058,0,1,950,1
HELIOS-004048,31.2,21.57,basic,1,249,0,0,0,0,,100,0.767012803285412,0.47269793340825744,-0.29431486987715455,1,0,sleeping_dog,0.6412,0,1,950,1
HELIOS-004049,31.2,41.72,pro,15,7,8,1,0,0,,539,0.9659068130511449,0.9749500518783938,0.00904323882724889,1,1,sure_thing,0.6011,1,1,950,1
HELIOS-004050,26.7,27.05,basic,17,10,12,1,0,0,,491,0.9665281766205702,0.973585997362077,0.007057820741506737,1,1,sure_thing,0.246,1,1,813,1
HELIOS-004051,5.3,26.32,basic,6,23,8,0,1,0,,35,0.8240820023740988,0.8636660843381254,0.03958408196402663,1,1,lost_cause,0.6274,1,1,161,1
HELIOS-004052,30.2,55.07,pro,19,28,13,0,0,0,,616,0.99,0.99,0.0,1,1,sure_thing,0.8162,1,1,919,1
HELIOS-004053,31.2,45.03,pro,6,6,1,0,0,0,,286,0.9623622485032288,0.9129118935614036,-0.04945035494182526,1,1,sure_thing,0.736,0,1,950,1
HELIOS-004054,2.4,18.99,basic,3,12,5,1,0,0,,18,0.8312073063851804,0.8422292217376268,0.011021915352446454,1,1,lost_cause,0.5637,1,1,73,1
HELIOS-004055,13.0,15.08,basic,4,29,7,0,0,1,7.0,127,0.9174285585583214,0.8701932737619291,-0.047235284796392274,1,1,lost_cause,0.4502,0,1,396,1
HELIOS-004056,12.8,19.1,basic,23,3,9,0,0,0,,240,0.9880028941935344,0.9837807927597725,-0.004222101433761893,1,1,sure_thing,0.3303,0,1,390,1
HELIOS-004057,31.2,48.08,pro,7,64,10,0,0,0,8.0,323,0.9675250206367336,0.9469375536619042,-0.020587466974829383,1,1,sure_thing,0.3569,1,1,950,1
HELIOS-004058,25.4,15.31,basic,6,65,2,1,0,0,,142,0.8879638351749404,0.8003006727256509,-0.08766316244928951,1,1,sleeping_dog,0.9094,1,1,773,1
HELIOS-004059,31.2,68.27,pro,9,6,8,1,0,0,,367,0.9546009135582456,0.9832385930515284,0.028637679493282775,1,1,sure_thing,0.2352,0,1,950,1
HELIOS-004060,31.2,14.62,basic,22,17,10,0,1,0,,538,0.9788352765111155,0.9875127537969526,0.00867747728583712,1,1,sure_thing,0.28,0,1,950,1
HELIOS-004061,21.1,21.42,basic,2,14,4,3,1,0,5.0,67,0.652920469394448,0.9426239204853089,0.2897034510908608,0,1,persuadable,0.9132,1,1,642,1
HELIOS-004062,24.0,22.6,basic,4,16,10,1,1,0,6.0,217,0.9094071406726192,0.99,0.0805928593273808,1,1,persuadable,0.2985,1,1,731,1
HELIOS-004063,27.1,16.92,basic,11,1,7,0,0,1,,432,0.9673020558816784,0.9469919946207676,-0.02031006126091084,1,1,sure_thing,0.3651,1,1,825,1
HELIOS-004064,23.0,51.28,pro,9,48,7,1,0,0,,254,0.9214803781648602,0.9273521641170885,0.00587178595222837,1,1,sure_thing,0.9249,1,1,700,1
HELIOS-004065,31.2,58.21,pro,17,3,8,0,0,0,,437,0.9819362078457369,0.9779716469386804,-0.003964560907056436,1,1,sure_thing,0.6417,0,1,950,1
HELIOS-004066,25.3,19.0,basic,8,63,3,1,0,1,,156,0.8987471666174468,0.7644113616892471,-0.13433580492819974,1,1,sleeping_dog,0.3685,1,1,770,1
HELIOS-004067,20.4,35.71,pro,10,12,6,2,0,0,,219,0.9318737150234458,0.99,0.05812628497655414,1,1,persuadable,0.8529,1,1,621,1
HELIOS-004068,19.7,22.65,basic,12,5,6,2,0,0,,210,0.9178038317736847,0.9661564940604361,0.04835266228675139,1,1,lost_cause,0.9071,1,1,600,1
HELIOS-004069,31.2,39.14,pro,2,5,2,1,0,0,,182,0.9172954566494603,0.9298968065024731,0.012601349853012755,1,1,lost_cause,0.324,1,1,950,1
HELIOS-004070,5.0,65.67,pro,5,124,3,0,1,0,9.0,30,0.8563180909593203,0.7484961547317169,-0.10782193622760339,1,1,sleeping_dog,0.4672,1,1,152,1
HELIOS-004071,22.4,24.21,basic,5,38,3,1,0,0,,139,0.8490017039742471,0.8281619264748737,-0.02083977749937338,1,1,lost_cause,0.646,0,1,682,1
HELIOS-004072,12.7,52.9,pro,5,43,0,3,0,0,5.0,74,0.7365252143294683,0.9421860847496601,0.20566087042019188,1,1,persuadable,0.9158,1,1,387,1
HELIOS-004073,7.5,23.1,basic,2,48,4,0,0,1,8.0,50,0.8880479552943032,0.7454620678937367,-0.14258588740056655,1,1,sleeping_dog,0.0668,0,1,228,1
HELIOS-004074,19.0,39.58,pro,1,232,4,2,1,0,,92,0.48767137553786766,0.4862711088133922,-0.001400266724475463,1,1,lost_cause,0.9966,1,1,578,1
HELIOS-004075,31.2,57.6,pro,20,3,10,1,0,0,,627,0.9822685212701506,0.99,0.0077314787298493615,1,1,sure_thing,0.1495,0,1,950,1
HELIOS-004076,11.4,154.98,enterprise,2,119,3,1,1,0,5.0,44,0.7371275759142129,0.8956981750763331,0.15857059916212024,1,1,persuadable,0.7345,1,1,347,1
HELIOS-004077,27.8,17.02,basic,1,42,2,1,1,0,,157,0.7428500495882748,0.8816053414042823,0.13875529181600743,1,1,persuadable,0.9385,1,1,846,1
HELIOS-004078,11.1,15.39,basic,4,17,4,1,0,1,,70,0.9119484912411835,0.8897051688625229,-0.022243322378660557,0,0,lost_cause,0.6306,1,0,338,1
HELIOS-004079,7.8,20.12,basic,1,24,2,1,2,1,,40,0.5324866010694915,0.8048420607448958,0.2723554596754043,1,1,persuadable,0.9977,1,1,237,1
HELIOS-004080,4.0,26.02,basic,3,13,8,0,0,0,6.0,21,0.8943140894444065,0.8898171320800801,-0.004496957364326426,1,1,lost_cause,0.8674,1,1,122,1
HELIOS-004081,20.7,44.91,pro,6,38,4,2,0,1,8.0,160,0.8897598852226504,0.9543206417365121,0.06456075651386173,1,1,persuadable,0.5869,0,1,630,1
HELIOS-004082,24.4,14.03,basic,12,6,5,1,0,0,9.0,409,0.9716998959407089,0.9727312476238155,0.0010313516831065295,1,1,sure_thing,0.1812,0,1,743,1
HELIOS-004083,31.2,133.58,enterprise,8,55,1,2,0,1,,200,0.9391150188520844,0.99,0.05088498114791562,1,1,persuadable,0.3905,1,1,950,0
HELIOS-004084,23.7,44.03,pro,10,1,4,1,0,0,,208,0.9367220387366411,0.9463110388947084,0.009589000158067296,1,1,sure_thing,0.0617,1,1,721,1
HELIOS-004085,3.9,106.71,enterprise,36,4,13,0,0,0,,119,0.99,0.99,0.0,1,1,sure_thing,0.2792,0,1,119,1
HELIOS-004086,19.1,58.67,pro,2,2,3,0,0,0,,137,0.9391777568477999,0.9202925832404789,-0.018885173607321004,1,1,sure_thing,0.3635,0,1,581,1
HELIOS-004087,30.2,50.48,pro,7,4,13,1,0,0,,444,0.9549157400938759,0.9816958037325985,0.02678006363872254,1,1,sure_thing,0.0512,0,1,919,1
HELIOS-004088,8.0,62.15,pro,8,17,4,0,0,1,7.0,61,0.953949126820632,0.8830639556634333,-0.07088517115719872,1,1,sleeping_dog,0.6812,1,1,244,1
HELIOS-004089,31.2,16.17,basic,12,4,5,0,0,0,9.0,412,0.9763724212328232,0.9610812136990392,-0.01529120753378399,1,1,sure_thing,0.2803,0,1,950,1
HELIOS-004090,31.2,62.6,pro,7,68,4,0,1,1,,288,0.9083173085338176,0.8723980863270615,-0.03591922220675614,1,1,lost_cause,0.8549,1,1,950,1
HELIOS-004091,12.3,18.41,basic,10,10,5,2,0,0,8.0,98,0.8528096074084394,0.9031780364710542,0.05036842906261485,1,1,persuadable,0.1292,0,1,374,1
HELIOS-004092,27.6,27.07,basic,17,3,10,0,1,0,,436,0.9708066576176555,0.9891117845522146,0.0183051269345591,1,1,sure_thing,0.6788,0,1,840,1
HELIOS-004093,23.9,45.04,pro,10,21,2,0,1,0,9.0,297,0.9063349306079358,0.9285618758669648,0.02222694525902902,1,1,lost_cause,0.6586,1,1,728,1
HELIOS-004094,21.2,33.41,pro,7,23,8,0,0,0,,302,0.9400458729980885,0.9311503330038743,-0.008895539994214219,1,1,sure_thing,0.6694,1,1,645,1
HELIOS-004095,11.9,63.83,pro,8,7,2,1,0,0,,120,0.9149133894762832,0.9254387337790714,0.010525344302788175,1,1,lost_cause,0.7869,1,1,362,1
HELIOS-004096,20.3,48.76,pro,3,365,3,0,1,1,7.0,52,0.5203818320804436,0.29550191257132885,-0.2248799195091148,0,0,sleeping_dog,0.9948,1,0,618,1
HELIOS-004097,29.6,16.54,basic,4,31,5,0,0,0,,251,0.9447526410591518,0.9096310578103041,-0.03512158324884773,1,1,sure_thing,0.1348,0,1,901,1
HELIOS-004098,4.1,57.21,pro,14,9,7,0,1,0,,45,0.8926318543328066,0.9300581889578085,0.03742633462500189,1,1,lost_cause,0.4362,1,1,125,1
HELIOS-004099,27.8,16.24,basic,6,18,1,1,0,0,6.0,136,0.9135567095258342,0.8902544422339835,-0.023302267291850698,1,1,lost_cause,0.3815,0,1,846,1
HELIOS-004100,26.1,56.14,pro,10,30,2,0,0,1,,254,0.9504254125018887,0.8060070382900857,-0.14441837421180304,1,1,sleeping_dog,0.6937,1,1,794,1
HELIOS-004101,20.7,63.95,pro,8,4,8,0,0,0,,175,0.9591601192173631,0.9587884253875717,-0.0003716938297914085,1,1,sure_thing,0.4149,1,1,630,1
HELIOS-004102,17.1,15.25,basic,11,24,3,2,0,0,,210,0.8370689170077914,0.872850198015583,0.03578128100779154,1,1,lost_cause,0.7505,1,1,521,1
HELIOS-004103,29.2,22.8,basic,8,0,4,0,1,0,9.0,252,0.9421944694818658,0.9714429938241992,0.029248524342333382,1,1,sure_thing,0.4512,0,1,889,1
HELIOS-004104,7.8,45.39,pro,12,5,4,1,0,0,,57,0.93293777704079,0.9387738823472128,0.005836105306422867,1,1,sure_thing,0.5051,1,1,237,1
HELIOS-004105,31.2,37.43,pro,10,11,7,0,0,1,,378,0.9791378716285419,0.9522010441298651,-0.026936827498676874,1,1,sure_thing,0.6898,0,1,950,1
HELIOS-004106,5.2,36.5,pro,20,0,6,1,0,0,,81,0.9638808062655346,0.9663128999660564,0.0024320937005217758,1,1,sure_thing,0.7022,1,1,158,1
HELIOS-004107,28.1,71.82,pro,8,13,2,1,0,1,9.0,184,0.9051389632953275,0.8805934958084152,-0.02454546748691233,1,1,lost_cause,0.4165,1,1,855,1
HELIOS-004108,25.5,58.41,pro,12,6,13,0,0,0,8.0,393,0.985085866488139,0.9878083589536875,0.002722492465548454,1,1,sure_thing,0.4383,1,1,776,1
HELIOS-004109,31.2,43.37,pro,5,53,3,1,0,1,5.0,183,0.9430555144442734,0.8469872404609359,-0.0960682739833375,1,1,sleeping_dog,0.8292,1,1,950,1
HELIOS-004110,9.3,50.88,pro,10,10,6,0,2,0,8.0,140,0.7632648728602193,0.9763030125636648,0.21303813970344554,1,1,persuadable,0.9115,1,1,283,1
HELIOS-004111,31.2,17.93,basic,31,13,13,1,0,0,,873,0.99,0.99,0.0,1,1,sure_thing,0.5082,1,1,950,1
HELIOS-004112,16.8,23.5,basic,3,276,0,0,1,0,5.0,29,0.5880909350199025,0.339855767624083,-0.24823516739581952,0,0,sleeping_dog,0.8992,1,0,511,1
HELIOS-004113,14.7,58.43,pro,12,14,7,1,1,0,,213,0.9318002609328286,0.99,0.05819973906717135,1,1,persuadable,0.6535,1,1,447,1
HELIOS-004114,20.8,14.08,basic,8,68,3,0,0,0,6.0,152,0.9456458500963978,0.802779526438404,-0.1428663236579938,1,0,sleeping_dog,0.7237,1,0,633,1
HELIOS-004115,31.2,52.82,pro,20,10,10,1,0,1,,578,0.9854223902582704,0.99,0.004577609741729605,1,1,sure_thing,0.0345,0,1,950,1
HELIOS-004116,27.8,47.7,pro,17,41,2,1,0,1,,325,0.945290026828524,0.8393615550569187,-0.10592847177160536,1,1,sleeping_dog,0.3565,1,1,846,1
HELIOS-004117,31.2,51.84,pro,27,7,10,1,0,0,,757,0.9890537546023644,0.99,0.0009462453976355478,1,1,sure_thing,0.1138,1,1,950,1
HELIOS-004118,17.7,41.44,pro,10,10,7,0,0,0,,230,0.9631414319150945,0.955303217679504,-0.007838214235590502,1,1,sure_thing,0.1608,0,1,539,0
HELIOS-004119,14.7,166.85,enterprise,5,172,3,0,1,0,,98,0.8716228477750216,0.8210037694625683,-0.05061907831245338,1,1,sleeping_dog,0.6663,0,1,447,1
HELIOS-004120,11.1,48.28,pro,7,27,5,0,0,1,7.0,91,0.9590743148230522,0.8858641262841819,-0.07321018853887029,1,1,sleeping_dog,0.3938,1,1,338,0
HELIOS-004121,31.2,124.18,enterprise,9,89,6,1,0,1,,277,0.9547101279008681,0.8881891543824709,-0.06652097351839714,1,1,sleeping_dog,0.7088,1,1,950,1
HELIOS-004122,31.2,76.83,pro,5,15,2,1,1,0,,258,0.870047494374129,0.99,0.11995250562587101,1,1,persuadable,0.8306,1,1,950,1
HELIOS-004123,10.8,16.42,basic,1,60,1,2,0,0,,42,0.7255955664920674,0.7544083516361467,0.028812785144079367,1,1,lost_cause,0.4928,1,1,329,1
HELIOS-004124,10.7,63.27,pro,2,51,3,1,0,0,,39,0.854293983992216,0.8444165166297912,-0.009877467362424786,1,1,lost_cause,0.6846,0,1,326,1
HELIOS-004125,31.2,16.69,basic,1,238,2,1,0,0,,104,0.7661251657346666,0.49201542493993944,-0.27410974079472716,1,1,sleeping_dog,0.8851,1,1,950,1
HELIOS-004126,19.0,26.05,basic,8,40,3,0,0,0,,163,0.9371003102665753,0.8589301703119059,-0.07817013995466937,1,1,sleeping_dog,0.0589,0,1,578,1
HELIOS-004127,31.2,19.27,basic,10,11,3,0,0,0,,249,0.9559553982828983,0.9209370446096552,-0.03501835367324313,1,1,sure_thing,0.4898,1,1,950,1
HELIOS-004128,19.0,34.34,pro,10,42,2,1,0,0,,161,0.9344930595321044,0.8915924241577518,-0.042900635374352625,1,1,sure_thing,0.5842,0,1,578,1
HELIOS-004129,6.3,21.43,basic,20,23,9,0,0,0,,105,0.9722998112064051,0.9637650900712398,-0.00853472113516529,1,1,sure_thing,0.5026,1,1,192,1
HELIOS-004130,19.9,22.2,basic,7,22,3,0,0,0,8.0,144,0.9473871099088836,0.8995812486723231,-0.0478058612365605,1,1,sure_thing,0.2948,0,1,606,1
HELIOS-004131,29.7,18.49,basic,10,18,8,0,0,1,9.0,374,0.9745469817448824,0.9486166871993356,-0.02593029454554685,1,1,sure_thing,0.5332,0,1,904,1
HELIOS-004132,8.2,60.48,pro,10,22,4,0,0,1,,81,0.9395006958405857,0.8575992139428632,-0.0819014818977225,0,0,sleeping_dog,0.5763,0,0,250,1
HELIOS-004133,7.6,17.0,basic,47,2,17,2,0,1,9.0,251,0.99,0.99,0.0,1,1,sure_thing,0.6183,1,1,231,1
HELIOS-004134,10.8,16.26,basic,27,9,12,0,0,0,,227,0.9876739935375783,0.9857804903232104,-0.0018935032143679864,1,1,sure_thing,0.13,0,1,329,1
HELIOS-004135,13.5,56.18,pro,3,211,1,0,1,0,,49,0.6373780698269154,0.42572876021150996,-0.2116493096154054,0,0,sleeping_dog,0.2868,1,0,411,1
HELIOS-004136,12.5,90.4,enterprise,6,7,5,0,1,0,9.0,107,0.8968411285270215,0.99,0.09315887147297852,1,1,persuadable,0.4157,1,1,380,1
HELIOS-004137,27.2,17.24,basic,4,45,4,1,0,0,6.0,194,0.8662318580573575,0.8471354042498338,-0.019096453807523672,0,0,lost_cause,0.8595,1,0,828,1
HELIOS-004138,26.4,20.34,basic,9,2,6,1,0,0,,243,0.9204857079869831,0.9286515131777713,0.008165805190788133,1,1,sure_thing,0.1191,0,1,804,1
HELIOS-004139,14.1,21.95,basic,40,0,9,0,0,1,,352,0.99,0.9836404522690274,-0.006359547730972581,1,1,sure_thing,0.7732,1,1,429,1
HELIOS-004140,25.4,17.44,basic,6,16,4,1,0,1,8.0,269,0.9251754779548249,0.9019889405500853,-0.023186537404739638,1,1,sure_thing,0.3882,0,1,773,1
HELIOS-004141,31.2,19.91,basic,2,41,4,1,0,0,,139,0.9089483711188784,0.89836506853018,-0.010583302588698329,1,1,lost_cause,0.6403,1,1,950,1
HELIOS-004142,27.1,57.99,pro,9,20,4,1,0,1,,276,0.9320128679881391,0.9144004624962409,-0.017612405491898242,1,1,sure_thing,0.5171,0,1,825,0
HELIOS-004143,1.7,45.31,pro,41,4,21,0,0,0,10.0,50,0.99,0.99,0.0,1,1,sure_thing,0.0868,1,1,52,1
HELIOS-004144,31.2,14.44,basic,4,21,4,0,0,0,,304,0.944054401720543,0.9095241589529957,-0.03453024276754735,1,1,sure_thing,0.6785,0,1,950,1
HELIOS-004145,14.1,164.53,enterprise,11,3,6,0,0,0,,191,0.9839659044762664,0.99,0.006034095523733574,1,1,sure_thing,0.0452,0,1,429,1
HELIOS-004146,31.2,18.44,basic,9,6,3,1,0,0,,311,0.9278001529492538,0.9254806271114621,-0.002319525837791714,1,1,sure_thing,0.5875,1,1,950,1
HELIOS-004147,2.8,56.45,pro,19,11,17,0,0,0,7.0,49,0.9863386118545422,0.9881430631351833,0.0018044512806411062,1,1,sure_thing,0.3377,1,1,85,1
HELIOS-004148,10.2,14.68,basic,24,2,12,0,0,0,,214,0.9874148261656589,0.9861670203505848,-0.00124780581507411,1,1,sure_thing,0.0006,0,1,310,1
HELIOS-004149,7.4,16.34,basic,5,29,4,0,0,0,8.0,61,0.8878835069168846,0.8434564250643359,-0.04442708185254862,1,1,lost_cause,0.314,0,1,225,1
HELIOS-004150,2.3,17.53,basic,3,15,6,0,0,0,,17,0.8871877285447148,0.8732380655731345,-0.01394966297158029,1,1,lost_cause,0.1695,0,1,70,1
HELIOS-004151,31.2,14.21,basic,8,15,0,0,0,0,,340,0.959848694055879,0.8749828111468396,-0.0848658829090394,1,1,sleeping_dog,0.7778,1,1,950,1
HELIOS-004152,28.0,168.0,enterprise,7,22,6,1,0,0,7.0,282,0.9563007035826462,0.99,0.03369929641735381,1,1,sure_thing,0.7086,1,1,852,1
HELIOS-004153,31.2,18.32,basic,1,99,0,0,1,0,5.0,114,0.8260940099585738,0.6815174910323656,-0.14457651892620826,1,1,sleeping_dog,0.8592,1,1,950,1
HELIOS-004154,14.6,50.46,pro,8,24,4,0,0,0,,145,0.9290053523016194,0.892576585294901,-0.03642876700671838,1,1,sure_thing,0.46,1,1,444,1
HELIOS-004155,31.2,70.85,pro,9,8,4,0,0,0,,231,0.9822113645047956,0.9632363680277279,-0.018974996477067685,1,1,sure_thing,0.1491,0,1,950,1
HELIOS-004156,9.0,19.37,basic,18,4,5,0,2,1,,95,0.887115753105949,0.99,0.10288424689405096,0,1,persuadable,0.2848,0,0,274,1
HELIOS-004157,31.2,15.17,basic,7,18,4,1,0,1,,218,0.9051468497341233,0.8777568432797114,-0.02739000645441192,1,1,lost_cause,0.3466,0,1,950,1
HELIOS-004158,15.5,140.92,enterprise,14,15,7,0,0,0,,266,0.9775078491467034,0.9809789507251034,0.0034711015784000265,1,1,sure_thing,0.3352,1,1,472,1
HELIOS-004159,31.2,37.97,pro,7,28,4,0,0,0,,199,0.9636462595235873,0.9215021856401058,-0.042144073883481514,1,1,sure_thing,0.1255,0,1,950,1
HELIOS-004160,23.1,21.83,basic,17,5,13,0,1,0,,401,0.9761787361016762,0.99,0.013821263898323832,1,1,sure_thing,0.0852,0,1,703,0
HELIOS-004161,25.5,17.0,basic,12,175,6,0,1,0,,272,0.9060625022335181,0.69233782413888,-0.21372467809463813,1,1,sleeping_dog,0.6102,1,1,776,0
HELIOS-004162,11.7,18.74,basic,5,90,3,0,0,1,,70,0.8196502346306682,0.5709287703444208,-0.24872146428624742,1,1,sleeping_dog,0.8802,1,1,356,1
HELIOS-004163,9.6,19.3,basic,11,14,4,0,0,1,6.0,108,0.9592921534315021,0.8897531065100864,-0.06953904692141566,1,1,sleeping_dog,0.1565,1,1,292,1
HELIOS-004164,19.4,17.06,basic,5,108,2,0,1,1,,143,0.8072984769797639,0.6089789016277921,-0.19831957535197176,1,1,sleeping_dog,0.5365,0,1,591,1
HELIOS-004165,31.2,171.36,enterprise,27,27,12,1,1,1,7.0,680,0.9848854561432848,0.99,0.00511454385671517,1,1,sure_thing,0.1988,1,1,950,1
HELIOS-004166,6.1,48.47,pro,28,32,10,1,0,0,,134,0.9788300958308017,0.979433423590992,0.0006033277601902309,1,1,sure_thing,0.6005,1,1,186,1
HELIOS-004167,31.2,150.19,enterprise,12,24,6,0,0,0,,449,0.9792801620418149,0.978745883724992,-0.0005342783168228449,1,1,sure_thing,0.2763,1,1,950,1
HELIOS-004168,12.8,12.41,basic,3,81,3,1,0,0,,45,0.8352588239203359,0.7353563572666645,-0.09990246665367142,1,0,sleeping_dog,0.5335,1,0,390,1
HELIOS-004169,31.2,25.18,basic,3,38,3,0,1,0,3.0,143,0.8866480676146363,0.9112647646456243,0.02461669703098801,1,1,lost_cause,0.6826,0,1,950,1
HELIOS-004170,28.5,20.23,basic,3,135,0,4,1,1,,118,0.3782612673549283,0.5478529481170689,0.16959168076214054,0,0,persuadable,0.9978,1,0,868,1
HELIOS-004171,27.8,23.67,basic,18,7,11,1,1,0,,507,0.9377951570150296,0.99,0.05220484298497041,1,1,persuadable,0.9338,1,1,846,1
HELIOS-004172,8.7,22.28,basic,2,23,3,0,0,1,,54,0.891567546270218,0.7867809608739422,-0.10478658539627572,1,1,sleeping_dog,0.6992,1,1,265,1
HELIOS-004173,31.2,20.59,basic,1,53,6,0,0,1,,199,0.9453703233653806,0.8362069395127407,-0.1091633838526399,1,0,sleeping_dog,0.644,0,1,950,1
HELIOS-004174,31.2,17.27,basic,23,6,15,0,0,0,,880,0.99,0.99,0.0,1,1,sure_thing,0.4134,0,1,950,1
HELIOS-004175,2.2,13.42,basic,8,30,2,1,2,0,6.0,18,0.6479615885421465,0.9088226877744515,0.26086109923230505,1,1,persuadable,0.9854,1,1,67,1
HELIOS-004176,27.7,18.95,basic,5,13,4,0,0,0,9.0,226,0.9028914320410292,0.8763644606207122,-0.026526971420317014,1,1,lost_cause,0.4655,0,1,843,1
HELIOS-004177,3.7,42.53,pro,9,0,8,0,1,0,,42,0.905997677736816,0.9499651997084456,0.043967521971629564,1,1,lost_cause,0.1149,0,1,113,1
HELIOS-004178,31.2,40.89,pro,20,0,10,2,0,0,,431,0.9777729598846098,0.99,0.01222704011539022,1,1,sure_thing,0.5078,0,1,950,0
HELIOS-004179,15.2,42.94,pro,11,44,6,1,0,1,,150,0.9311750149156339,0.8972348193427142,-0.03394019557291972,1,1,sure_thing,0.0835,0,1,463,1
HELIOS-004180,31.2,130.37,enterprise,9,6,8,1,1,1,,346,0.9256616429539908,0.99,0.06433835704600921,1,1,persuadable,0.1183,0,1,950,1
HELIOS-004181,19.5,15.71,basic,15,11,8,0,1,0,,265,0.9482049488618973,0.9640463058757106,0.015841357013813284,1,1,sure_thing,0.3972,1,1,594,1
HELIOS-004182,31.2,27.05,basic,10,55,3,1,0,0,7.0,312,0.9398075310539108,0.8889004568651415,-0.050907074188769275,1,1,sleeping_dog,0.8058,1,1,950,1
HELIOS-004183,31.2,54.49,pro,8,6,6,0,0,0,,340,0.9737084355469184,0.9656195872493968,-0.008088848297521656,1,1,sure_thing,0.4406,1,1,950,1
HELIOS-004184,21.6,18.1,basic,7,8,5,0,0,0,,182,0.9578236978901633,0.9413599344375508,-0.016463763452612468,1,1,sure_thing,0.3708,0,1,658,1
HELIOS-004185,19.3,19.94,basic,9,50,2,1,1,0,,131,0.7992505265036315,0.8874979368466619,0.08824741034303041,1,1,persuadable,0.8678,1,1,587,1
HELIOS-004186,31.2,34.35,pro,14,47,11,0,0,1,8.0,304,0.9842918184749152,0.9574353817658013,-0.026856436709113862,1,1,sure_thing,0.4248,0,1,950,0
HELIOS-004187,7.1,16.75,basic,2,103,3,2,0,0,,34,0.6777410166304629,0.6520180469214352,-0.025722969709027765,1,1,lost_cause,0.9632,1,1,216,1
HELIOS-004188,31.2,49.15,pro,4,2,5,1,0,0,,362,0.9527255989884432,0.9787271538546061,0.026001554866162846,1,1,sure_thing,0.8723,1,1,950,1
HELIOS-004189,7.6,19.86,basic,14,32,1,0,0,1,,90,0.9272319488286869,0.7518453246405484,-0.17538662418813844,1,1,sleeping_dog,0.8791,1,1,231,1
HELIOS-004190,11.4,37.09,pro,5,2,4,1,0,0,,60,0.8052661021945541,0.8203598633839759,0.01509376118942185,1,1,lost_cause,0.7049,0,1,347,1
HELIOS-004191,31.2,13.03,basic,6,133,3,0,0,0,5.0,221,0.8865371258331651,0.6225635296024644,-0.2639735962307007,1,0,sleeping_dog,0.3666,0,1,950,1
HELIOS-004192,31.2,46.34,pro,1,26,1,1,0,0,4.0,187,0.9286386004786887,0.9190066106499639,-0.009631989828724818,1,1,sure_thing,0.64,1,1,950,0
HELIOS-004193,2.5,18.29,basic,8,4,4,0,0,1,,36,0.9186311186409747,0.8661745489707465,-0.05245656967022816,1,1,sleeping_dog,0.2992,0,1,76,1
HELIOS-004194,31.2,11.59,basic,13,3,9,0,0,0,,347,0.9713767814543736,0.9679777663737541,-0.0033990150806194608,1,1,sure_thing,0.8491,1,1,950,1
HELIOS-004195,22.7,25.9,pro,13,2,3,0,1,1,8.0,367,0.9507183404465869,0.9529933209884698,0.0022749805418829094,1,1,sure_thing,0.8128,0,1,691,1
HELIOS-004196,31.2,42.88,pro,0,144,4,0,1,1,3.0,115,0.798894126945917,0.6200067722732565,-0.17888735467266048,1,1,sleeping_dog,0.6814,1,1,950,1
HELIOS-004197,19.8,20.0,basic,3,60,3,0,0,0,4.0,106,0.9064731003877676,0.7850528978724571,-0.1214202025153105,1,1,sleeping_dog,0.2435,0,1,603,1
HELIOS-004198,8.2,16.08,basic,0,142,3,1,0,0,,24,0.7429950832089225,0.5190734796251746,-0.2239216035837479,1,0,sleeping_dog,0.7123,1,0,250,1
HELIOS-004199,4.4,49.93,pro,20,2,6,0,0,0,,45,0.975167703906696,0.9650189429827385,-0.010148760923957556,1,1,sure_thing,0.1517,1,1,134,1
HELIOS-004200,31.2,50.23,pro,11,6,1,0,1,0,,218,0.9408741071603417,0.9672764432861666,0.026402336125824877,1,1,sure_thing,0.5703,0,1,950,1
HELIOS-004201,27.2,19.81,basic,3,66,3,0,0,0,6.0,168,0.9085069236257537,0.7723772169006121,-0.13612970672514157,1,1,sleeping_dog,0.5031,1,1,828,1
HELIOS-004202,31.2,23.73,basic,2,53,2,1,0,0,,116,0.9087558520954158,0.8554323668259329,-0.05332348526948283,1,1,sleeping_dog,0.2785,1,1,950,1
HELIOS-004203,31.2,35.09,pro,1,36,3,1,0,0,8.0,260,0.9249578701890676,0.9192377971035456,-0.005720073085522026,1,1,sure_thing,0.2862,0,1,950,1
HELIOS-004204,20.9,40.58,pro,9,166,1,2,0,0,,124,0.7959952174400621,0.6065343630882416,-0.18946085435182047,1,1,sleeping_dog,0.4951,0,1,636,1
HELIOS-004205,16.5,67.6,pro,4,117,5,1,1,0,,72,0.7058491552667072,0.838141772915288,0.1322926176485808,1,1,persuadable,0.9038,1,1,502,1
HELIOS-004206,21.7,137.74,enterprise,16,4,12,0,0,0,10.0,351,0.9848962386893377,0.99,0.005103761310662258,1,1,sure_thing,0.3778,1,1,661,1
HELIOS-004207,14.9,28.64,basic,5,11,6,0,0,0,,132,0.9543471593671495,0.9427260437878329,-0.011621115579316665,1,1,sure_thing,0.0891,1,1,454,1
HELIOS-004208,12.5,21.23,basic,5,19,3,0,0,1,,84,0.8973675222091888,0.800456318874379,-0.09691120333480985,1,1,sleeping_dog,0.6889,1,1,380,1
HELIOS-004209,31.2,25.24,basic,7,56,7,0,0,0,,146,0.9611154243433064,0.918027058171267,-0.04308836617203948,1,1,sure_thing,0.2128,0,1,950,1
HELIOS-004210,31.2,19.17,basic,20,12,10,0,0,1,,579,0.9890382939685909,0.9768851991150873,-0.012153094853503577,1,1,sure_thing,0.0794,0,1,950,1
HELIOS-004211,1.9,126.61,enterprise,9,11,11,2,0,0,,23,0.9016442676969106,0.99,0.08835573230308935,0,1,persuadable,0.7069,1,1,58,1
HELIOS-004212,30.3,58.1,pro,11,8,9,1,0,0,,441,0.9735213921771232,0.99,0.0164786078228768,1,1,sure_thing,0.2865,0,1,922,1
HELIOS-004213,18.5,18.67,basic,11,32,5,1,0,0,,235,0.9099071530899451,0.9016703961568988,-0.008236756933046263,1,1,lost_cause,0.5488,1,1,563,1
HELIOS-004214,22.0,54.13,pro,5,7,4,0,0,0,,181,0.9333680645676634,0.9152598865746863,-0.018108177992977148,1,1,sure_thing,0.2214,0,1,670,1
HELIOS-004215,15.9,91.96,enterprise,12,6,13,0,1,1,,217,0.9443873343894711,0.99,0.0456126656105289,1,1,sure_thing,0.1365,1,1,484,0
HELIOS-004216,27.5,26.56,basic,6,9,3,2,1,0,6.0,174,0.7995476111482602,0.99,0.19045238885173976,1,1,persuadable,0.5325,0,1,837,1
HELIOS-004217,31.2,12.35,basic,24,14,9,1,0,0,,557,0.9804235251052069,0.9806291857672935,0.00020566066208660416,1,1,sure_thing,0.2195,0,1,950,1
HELIOS-004218,31.2,20.74,basic,8,8,7,0,0,0,,307,0.9687206122571304,0.9608413941315744,-0.00787921812555592,1,1,sure_thing,0.4612,1,1,950,1
HELIOS-004219,7.9,20.13,basic,3,112,0,1,0,0,,40,0.6834363662749772,0.45859116170848746,-0.2248452045664897,0,0,sleeping_dog,0.1626,0,0,240,1
HELIOS-004220,21.2,45.87,pro,4,1,3,1,0,0,,104,0.9240041928234536,0.9424259361797341,0.01842174335628055,1,1,sure_thing,0.1672,1,1,645,0
HELIOS-004221,11.2,13.59,basic,15,0,5,1,1,1,10.0,139,0.8670278627520529,0.9359835704705242,0.06895570771847126,1,1,persuadable,0.7238,1,1,341,0
HELIOS-004222,28.4,21.21,basic,6,6,6,1,1,0,6.0,159,0.8807119370773546,0.99,0.10928806292264537,1,1,persuadable,0.2132,1,1,864,1
HELIOS-004223,8.7,16.61,basic,3,4,2,1,0,0,7.0,46,0.8315203099815209,0.8324773686138318,0.000957058632310881,0,0,lost_cause,0.8189,1,0,265,1
HELIOS-004224,23.0,14.23,basic,3,48,2,0,0,0,,125,0.8914914117536592,0.7760096004426177,-0.11548181131104152,1,1,sleeping_dog,0.6546,1,1,700,0
HELIOS-004225,11.0,15.43,basic,8,22,3,1,0,0,7.0,112,0.8592830501647676,0.847314523655823,-0.011968526508944533,1,1,lost_cause,0.4197,0,1,335,1
HELIOS-004226,31.2,16.23,basic,19,5,7,1,0,0,7.0,444,0.9724268480480417,0.9735789840637279,0.0011521360156862004,1,1,sure_thing,0.2949,0,1,950,1
HELIOS-004227,31.2,20.79,basic,1,17,1,1,0,1,8.0,125,0.9472657499986091,0.8875706092326849,-0.05969514076592419,1,1,sleeping_dog,0.1558,0,1,950,1
HELIOS-004228,20.8,41.66,pro,9,4,4,0,0,1,7.0,154,0.9621728911353665,0.9109421213398228,-0.05123076979554375,1,1,sleeping_dog,0.5551,1,1,633,1
HELIOS-004229,25.4,35.59,pro,2,259,5,0,0,0,,119,0.766533423129522,0.47402387351327246,-0.29250954961624953,1,1,sleeping_dog,0.8731,1,1,773,0
HELIOS-004230,19.4,20.04,basic,7,3,3,1,0,1,,203,0.9452926000803665,0.925589679939289,-0.01970292014107755,1,1,sure_thing,0.1714,0,1,591,1
HELIOS-004231,23.0,43.96,pro,3,29,3,0,1,1,5.0,109,0.8778591231204579,0.8961794478759743,0.01832032475551637,1,1,lost_cause,0.4017,0,1,700,1
HELIOS-004232,1.0,49.17,pro,8,0,7,0,0,0,9.0,10,0.9217123843554971,0.9183951104283637,-0.003317273927133324,1,1,sure_thing,0.2932,0,1,30,1
HELIOS-004233,3.1,16.16,basic,7,5,3,0,0,0,,21,0.9055920527284784,0.8771249534410944,-0.028467099287384,1,1,lost_cause,0.5769,0,1,94,1
HELIOS-004234,23.9,19.6,basic,5,75,4,1,2,0,6.0,157,0.739739584573465,0.99,0.250260415426535,1,1,persuadable,0.8677,1,1,728,1
HELIOS-004235,26.1,18.64,basic,4,6,5,0,0,0,,174,0.9728447778849943,0.9584547099993914,-0.01439006788560293,1,1,sure_thing,0.5492,1,1,794,1
HELIOS-004236,13.3,23.57,basic,35,0,16,1,0,0,,250,0.9885991242968476,0.99,0.0014008757031523933,1,1,sure_thing,0.6351,0,1,405,1
HELIOS-004237,22.9,19.57,basic,8,14,3,0,0,0,,201,0.9412511594228772,0.9033094252411082,-0.03794173418176894,1,0,sure_thing,0.5971,1,0,697,1
HELIOS-004238,29.6,16.03,basic,5,112,4,0,1,0,,244,0.8508726437287867,0.7501216416226284,-0.10075100210615828,1,1,sleeping_dog,0.4685,1,1,901,1
HELIOS-004239,31.2,20.16,basic,23,2,11,0,0,0,10.0,602,0.9895262450020119,0.987721670082337,-0.001804574919674895,1,1,sure_thing,0.0878,0,1,950,1
HELIOS-004240,31.2,36.61,pro,7,16,4,0,0,0,,269,0.9666053369778331,0.9379470640092837,-0.028658272968549392,1,1,sure_thing,0.0454,0,1,950,1
HELIOS-004241,8.2,50.99,pro,10,45,8,0,0,1,,74,0.958700158133446,0.902196387259919,-0.05650377087352698,1,1,sleeping_dog,0.8497,1,1,250,1
HELIOS-004242,16.9,23.1,basic,7,144,5,0,0,0,,120,0.903742148704816,0.6483379204445374,-0.25540422826027853,1,1,sleeping_dog,0.8918,1,1,514,1
HELIOS-004243,19.0,44.38,pro,7,23,4,1,0,0,,210,0.9389647141303205,0.9438402910599802,0.004875576929659786,1,1,sure_thing,0.0563,0,1,578,1
HELIOS-004244,31.2,23.95,basic,3,25,2,1,1,0,,274,0.8702150496108245,0.99,0.11978495038917547,1,1,persuadable,0.9566,1,1,950,1
HELIOS-004245,26.9,102.34,enterprise,0,118,1,1,0,0,,91,0.896962413403378,0.7530032329463061,-0.1439591804570719,0,0,sleeping_dog,0.7591,1,0,819,1
HELIOS-004246,16.0,22.1,basic,11,13,2,0,0,0,,148,0.9563769045945854,0.9071622987418055,-0.049214605852779814,1,1,sure_thing,0.6823,1,1,487,1
HELIOS-004247,31.2,19.77,basic,2,59,2,1,1,0,,112,0.7365417548881588,0.8593579853232172,0.1228162304350584,1,1,persuadable,0.1328,1,1,950,1
HELIOS-004248,31.2,52.18,pro,14,21,4,0,0,0,,352,0.9793733003201335,0.9444630050607168,-0.03491029525941669,1,1,sure_thing,0.2495,1,1,950,1
HELIOS-004249,31.2,53.56,pro,9,5,8,0,0,1,6.0,354,0.9777951415686853,0.9638158817505308,-0.01397925981815451,1,1,sure_thing,0.3389,0,1,950,1
HELIOS-004250,16.9,14.95,basic,9,17,12,1,0,0,10.0,231,0.9417556861604641,0.9527786832686549,0.011022997108190769,1,1,sure_thing,0.8606,1,1,514,1
HELIOS-004251,19.2,46.46,pro,9,2,4,0,0,0,,251,0.9610070576400634,0.9438043192229439,-0.0172027384171195,1,1,sure_thing,0.0778,0,1,584,1
HELIOS-004252,14.8,24.48,basic,15,77,3,0,0,0,8.0,169,0.9545861187725467,0.7886343296763749,-0.1659517890961718,1,1,sleeping_dog,0.3086,0,1,451,1
HELIOS-004253,18.8,17.36,basic,9,0,3,1,0,0,9.0,176,0.9269530205641738,0.9270673881140764,0.00011436754990257203,1,1,sure_thing,0.4734,1,1,572,1
HELIOS-004254,31.2,22.71,basic,1,18,3,0,0,1,7.0,130,0.9440146336496288,0.8509423771646129,-0.09307225648501594,1,1,sleeping_dog,0.7917,1,1,950,1
HELIOS-004255,24.7,21.61,basic,3,115,5,0,0,0,,143,0.9251975635809204,0.7178704015194409,-0.2073271620614795,1,1,sleeping_dog,0.4297,1,1,752,1
HELIOS-004256,2.0,29.31,pro,0,269,1,0,1,0,,5,0.527649297629617,0.2968555619195681,-0.2307937357100489,0,0,sleeping_dog,0.9372,1,0,61,1
HELIOS-004257,31.2,35.74,pro,24,27,4,0,1,0,,496,0.9630493104576885,0.9611401526612136,-0.0019091577964749362,1,1,sure_thing,0.6575,1,1,950,1
HELIOS-004258,19.4,183.11,enterprise,13,0,6,0,0,1,8.0,240,0.9809918775078207,0.99,0.009008122492179305,1,1,sure_thing,0.5798,1,1,591,0
HELIOS-004259,13.3,24.11,basic,28,5,10,1,0,0,,212,0.9776529647152947,0.9790063820625129,0.0013534173472181665,1,1,sure_thing,0.2285,0,1,405,1
HELIOS-004260,21.7,23.59,basic,5,25,1,0,0,1,7.0,80,0.9238960161449769,0.767829760892001,-0.1560662552529759,1,1,sleeping_dog,0.4283,0,1,661,1
HELIOS-004261,1.7,78.71,pro,7,3,4,1,0,1,9.0,10,0.9084543484377051,0.9255176791795798,0.017063330741874716,1,1,lost_cause,0.2217,1,1,52,1
HELIOS-004262,11.7,53.52,pro,26,1,6,1,0,1,,213,0.977402727317888,0.9695802665087557,-0.007822460809132292,1,1,sure_thing,0.1949,1,1,356,0
HELIOS-004263,31.2,45.94,pro,15,90,5,2,0,0,7.0,386,0.9269820586925748,0.9335191234848513,0.006537064792276559,1,1,sure_thing,0.0608,0,1,950,1
HELIOS-004264,13.3,131.55,enterprise,29,11,11,0,2,0,,228,0.9691718833393902,0.99,0.020828116660609797,1,1,sure_thing,0.4229,1,1,405,1
HELIOS-004265,9.1,25.1,basic,4,14,1,1,0,0,,36,0.8705600567676575,0.8575415071643371,-0.013018549603320384,1,1,lost_cause,0.5405,0,1,277,1
HELIOS-004266,14.1,19.54,basic,12,0,5,1,2,1,,147,0.8075070675367257,0.99,0.18249293246327425,1,1,persuadable,0.4714,0,1,429,1
HELIOS-004267,17.0,20.84,basic,11,9,2,0,1,0,7.0,178,0.9132690202651397,0.9254731623532712,0.012204142088131475,1,1,lost_cause,0.192,0,1,517,1
HELIOS-004268,17.1,52.69,pro,5,6,2,1,0,1,7.0,104,0.9043768803439517,0.8867918667256929,-0.017585013618258816,1,1,lost_cause,0.17,1,1,521,1
HELIOS-004269,22.1,78.38,pro,2,123,3,3,1,1,3.0,58,0.6137589041077873,0.8191242433571686,0.20536533924938127,1,1,persuadable,0.75,1,1,673,1
HELIOS-004270,11.9,45.65,pro,17,24,10,0,0,1,7.0,181,0.9736943678683112,0.9567055386237111,-0.0169888292446001,1,1,sure_thing,0.3025,0,1,362,1
HELIOS-004271,25.8,55.92,pro,6,7,8,2,0,0,,353,0.9557836092855118,0.99,0.03421639071448823,1,1,sure_thing,0.906,1,1,785,1
HELIOS-004272,16.0,19.57,basic,3,335,0,0,0,0,6.0,75,0.7213039437992536,0.42571618832175584,-0.2955877554774977,1,1,sleeping_dog,0.938,1,1,487,1
HELIOS-004273,31.2,65.31,pro,1,24,4,0,2,0,,192,0.8500789163702918,0.99,0.13992108362970823,1,1,persuadable,0.2549,1,1,950,1
HELIOS-004274,31.2,19.93,basic,23,5,8,0,0,0,,514,0.9887348212458745,0.9822780485401242,-0.006456772705750291,1,1,sure_thing,0.0382,0,1,950,1
HELIOS-004275,20.4,137.01,enterprise,18,5,9,1,0,0,,287,0.9868627104719798,0.99,0.0031372895280201707,1,1,sure_thing,0.2228,0,1,621,1
HELIOS-004276,3.4,19.95,basic,11,10,0,0,0,0,,33,0.9127328231884493,0.8374193087344506,-0.0753135144539987,1,1,sleeping_dog,0.2852,1,1,103,0
HELIOS-004277,21.7,30.92,basic,13,17,6,0,1,0,,208,0.9341368299269796,0.9563412991475649,0.022204469220585388,1,1,sure_thing,0.8686,1,1,661,1
HELIOS-004278,9.8,14.46,basic,5,65,4,1,0,0,,47,0.9120440550566502,0.8625968012234195,-0.049447253833230675,1,0,lost_cause,0.8562,1,0,298,1
HELIOS-004279,15.1,20.92,basic,3,65,5,1,0,0,,76,0.8678613004153768,0.8382781284145323,-0.029583172000844482,0,0,lost_cause,0.0543,0,0,460,1
HELIOS-004280,25.6,16.31,basic,1,30,2,1,1,0,5.0,147,0.8326911723938789,0.9768080099784129,0.14411683758453397,1,1,persuadable,0.5523,0,1,779,1
HELIOS-004281,31.2,11.95,basic,10,22,6,0,0,0,,307,0.9672993775213816,0.9468813728687935,-0.02041800465258814,1,1,sure_thing,0.2612,0,1,950,1
HELIOS-004282,31.2,12.23,basic,0,38,0,1,0,0,,97,0.8566010624347258,0.7948333392276076,-0.06176772320711821,1,1,sleeping_dog,0.1212,0,1,950,1
HELIOS-004283,11.0,33.26,pro,20,2,8,0,0,0,,174,0.9759972896919045,0.9707704085577866,-0.0052268811341178445,1,1,sure_thing,0.7189,1,1,335,1
HELIOS-004284,13.4,20.36,basic,21,0,12,1,0,0,,272,0.9736162555082842,0.9780278324355294,0.004411576927245142,1,1,sure_thing,0.1722,0,1,408,1
HELIOS-004285,6.4,18.36,basic,10,33,3,0,0,0,8.0,53,0.9054085525144037,0.8393635280919467,-0.06604502442245697,1,1,sleeping_dog,0.3245,0,1,195,1
HELIOS-004286,15.8,39.22,pro,16,11,12,0,0,0,,235,0.9770528980023807,0.9766111733335703,-0.00044172466881042816,1,1,sure_thing,0.3074,0,1,481,1
HELIOS-004287,31.2,25.25,basic,25,6,8,0,0,1,,642,0.99,0.9711605469232734,-0.01883945307672663,0,0,sure_thing,0.5006,0,0,950,1
HELIOS-004288,30.6,20.39,basic,8,179,4,2,0,0,10.0,162,0.8642319942656934,0.6741920415955579,-0.19003995267013551,1,1,sleeping_dog,0.6943,0,1,931,1
HELIOS-004289,18.3,16.5,basic,10,4,3,1,0,0,,134,0.9416086654118246,0.9387975506767032,-0.0028111147351214116,1,1,sure_thing,0.9137,1,1,557,1
HELIOS-004290,9.1,67.1,pro,6,52,7,0,1,0,8.0,81,0.8311511298885538,0.8983890466610562,0.06723791677250246,0,1,persuadable,0.8726,1,1,277,1
HELIOS-004291,6.0,13.96,basic,4,14,3,1,0,0,5.0,36,0.8387034037824321,0.8368371880528525,-0.0018662157295796789,0,0,lost_cause,0.3692,0,0,183,1
HELIOS-004292,31.2,69.28,pro,19,11,11,0,0,1,,532,0.99,0.9861866485622224,-0.0038133514377776123,1,1,sure_thing,0.3842,1,1,950,1
HELIOS-004293,11.8,15.16,basic,12,13,3,0,0,0,7.0,181,0.9453654134244754,0.907592101584778,-0.037773311839697454,1,1,sure_thing,0.6017,1,1,359,1
HELIOS-004294,16.9,50.04,pro,0,144,0,2,2,0,,55,0.33598411856192295,0.5298793949483133,0.19389527638639031,1,1,persuadable,0.9962,1,1,514,1
HELIOS-004295,29.7,55.01,pro,5,54,1,1,0,0,,173,0.9409600236061543,0.8755254805235291,-0.0654345430826252,1,1,sleeping_dog,0.4058,0,1,904,1
HELIOS-004296,31.2,52.77,pro,25,20,15,1,0,1,10.0,756,0.99,0.99,0.0,1,1,sure_thing,0.1674,0,1,950,1
HELIOS-004297,19.7,21.08,basic,1,146,0,0,0,0,6.0,99,0.744510779588878,0.4590775284103647,-0.2854332511785133,1,0,sleeping_dog,0.9589,1,0,600,1
HELIOS-004298,12.1,19.34,basic,26,1,11,2,0,0,,231,0.9729957846099733,0.9895807570432722,0.016584972433298928,1,1,sure_thing,0.6998,1,1,368,1
HELIOS-004299,22.5,11.7,basic,7,28,6,1,2,0,8.0,264,0.6737842329749102,0.9392733292270509,0.2654890962521407,1,1,persuadable,0.7635,1,1,685,1
HELIOS-004300,16.4,36.48,pro,18,0,12,1,0,0,,351,0.9599055576209476,0.9680990710327673,0.00819351341181962,1,1,sure_thing,0.3483,0,1,499,1
HELIOS-004301,12.7,16.88,basic,6,15,6,0,1,0,,142,0.9153765758550444,0.9470345284390042,0.03165795258395976,1,1,lost_cause,0.3251,0,1,387,1
HELIOS-004302,31.2,42.02,pro,29,0,12,0,0,0,10.0,662,0.99,0.99,0.0,1,1,sure_thing,0.1689,0,1,950,1
HELIOS-004303,31.2,14.51,basic,10,73,6,1,0,0,,267,0.9532475567198017,0.9147432540235629,-0.038504302696238724,1,1,sure_thing,0.2125,0,1,950,1
HELIOS-004304,11.0,10.61,basic,13,31,9,0,0,1,,130,0.9712216962731473,0.941227270794194,-0.029994425478953257,1,1,sure_thing,0.5322,1,1,335,1
HELIOS-004305,31.2,17.35,basic,5,12,5,1,0,0,,247,0.935350122488162,0.9427589529062681,0.007408830418106138,1,1,sure_thing,0.9066,1,1,950,1
HELIOS-004306,23.5,29.82,basic,11,10,3,1,0,0,10.0,255,0.9633428109415809,0.9596044062866386,-0.003738404654942351,1,1,sure_thing,0.232,0,1,715,1
HELIOS-004307,7.5,13.82,basic,4,11,1,0,2,0,,70,0.7002739417036284,0.8946542857935046,0.19438034408987614,1,1,persuadable,0.4977,1,1,228,1
HELIOS-004308,31.2,27.23,basic,14,5,8,1,1,0,,477,0.9265996053726095,0.99,0.06340039462739044,1,1,persuadable,0.3991,0,1,950,1
HELIOS-004309,31.2,14.07,basic,7,27,2,0,1,0,4.0,235,0.9268403252819196,0.9331732933455786,0.006332968063659017,1,1,sure_thing,0.6511,1,1,950,1
HELIOS-004310,3.4,15.32,basic,8,92,4,0,0,1,7.0,37,0.9093374690256254,0.6701807612626092,-0.23915670776301623,0,0,sleeping_dog,0.6385,1,0,103,1
HELIOS-004311,31.2,36.22,pro,12,9,5,1,1,0,9.0,379,0.9081518106051184,0.99,0.08184818939488159,1,1,persuadable,0.7075,1,1,950,1
HELIOS-004312,24.3,39.21,pro,4,24,3,0,0,0,,147,0.938964204733122,0.8908109540264059,-0.048153250706716166,1,1,sure_thing,0.2728,1,1,740,0
HELIOS-004313,31.2,157.56,enterprise,11,90,3,0,1,0,9.0,277,0.9494160726849129,0.99,0.04058392731508709,1,1,sure_thing,0.9389,1,1,950,0
HELIOS-004314,5.9,200.78,enterprise,9,97,5,0,0,0,,40,0.954858201166228,0.8503837455248533,-0.1044744556413747,1,1,sleeping_dog,0.6534,1,1,180,1
HELIOS-004315,19.6,21.45,basic,6,92,3,0,0,0,,179,0.870449994365993,0.671290826279332,-0.199159168086661,1,1,sleeping_dog,0.9369,1,1,597,0
HELIOS-004316,12.3,16.6,basic,10,18,2,1,2,0,6.0,104,0.728292743234502,0.9871723066579163,0.25887956342341434,1,1,persuadable,0.9709,1,1,374,1
HELIOS-004317,19.5,10.61,basic,39,3,14,1,0,0,9.0,521,0.99,0.99,0.0,1,1,sure_thing,0.084,0,1,594,1
HELIOS-004318,27.8,46.15,pro,11,4,4,0,0,1,,419,0.9705192199006731,0.9189780395956042,-0.051541180305068934,1,1,sleeping_dog,0.7828,1,1,846,1
HELIOS-004319,11.1,44.97,pro,18,11,8,0,0,0,8.0,217,0.9787373055181833,0.9719406748363084,-0.00679663068187486,1,1,sure_thing,0.3782,1,1,338,1
HELIOS-004320,11.0,26.02,basic,7,58,2,1,0,0,10.0,109,0.8711904126369062,0.8005583823219471,-0.07063203031495913,1,1,sleeping_dog,0.0791,0,1,335,1
HELIOS-004321,31.2,29.74,basic,6,14,5,0,0,0,7.0,236,0.93973149703271,0.9203923717304012,-0.019339125302308746,1,1,sure_thing,0.7782,0,1,950,0
HELIOS-004322,21.2,20.88,basic,8,1,3,1,0,0,9.0,180,0.906118362410676,0.9078215383627205,0.0017031759520445,0,0,lost_cause,0.2363,0,0,645,1
HELIOS-004323,30.3,20.42,basic,9,32,4,0,0,1,8.0,242,0.9493289475402104,0.843028667069608,-0.10630028047060236,1,1,sleeping_dog,0.6078,1,1,922,1
HELIOS-004324,28.9,16.22,basic,13,17,11,0,1,0,9.0,353,0.9349082842116142,0.9554259682398967,0.020517684028282468,1,1,sure_thing,0.5055,0,1,880,1
HELIOS-004325,10.8,24.73,basic,4,121,3,0,0,0,,56,0.8290875338170923,0.5801227727400446,-0.24896476107704768,1,0,sleeping_dog,0.5077,1,0,329,0
HELIOS-004326,6.9,25.08,basic,3,335,0,0,0,0,6.0,34,0.5820068823178471,0.28689731280545383,-0.2951095695123933,0,0,sleeping_dog,0.9711,1,0,210,1
HELIOS-004327,13.7,16.38,basic,4,16,1,0,0,0,6.0,73,0.9007260951949347,0.8331096426681234,-0.06761645252681137,1,1,sleeping_dog,0.1515,0,1,417,1
HELIOS-004328,27.2,13.66,basic,5,13,1,0,0,1,,235,0.9553203073677611,0.8282274180950953,-0.12709288927266582,1,1,sleeping_dog,0.7712,1,1,828,0
HELIOS-004329,31.2,17.08,basic,6,24,1,0,0,0,7.0,204,0.9366283354767285,0.8530920197667257,-0.08353631571000286,1,1,sleeping_dog,0.2491,1,1,950,1
HELIOS-004330,30.3,13.48,basic,3,41,3,1,0,0,,139,0.8840095856083604,0.8588108922371216,-0.02519869337123881,1,1,lost_cause,0.7371,1,1,922,1
HELIOS-004331,16.9,61.88,pro,25,12,14,0,0,1,10.0,461,0.9873832616078168,0.9850167651575862,-0.0023664964502305708,1,1,sure_thing,0.2423,0,1,514,1
HELIOS-004332,20.2,101.52,enterprise,72,5,28,0,1,0,,947,0.99,0.99,0.0,1,1,sure_thing,0.0305,0,1,615,1
HELIOS-004333,31.2,50.68,pro,1,1,1,2,1,0,6.0,139,0.7901820893575646,0.99,0.19981791064243537,1,1,persuadable,0.6557,1,1,950,1
HELIOS-004334,12.5,17.78,basic,7,50,4,1,0,0,7.0,108,0.8824750135222305,0.853612390668135,-0.028862622854095465,1,1,lost_cause,0.342,1,1,380,1
HELIOS-004335,30.8,109.19,enterprise,13,0,5,0,0,1,,482,0.9786530761847813,0.9509324909859378,-0.02772058519884346,1,1,sure_thing,0.3868,1,1,938,1
HELIOS-004336,9.8,19.65,basic,3,8,2,1,0,0,8.0,69,0.8655702795945553,0.8650918929824836,-0.00047838661207177946,1,1,lost_cause,0.586,1,1,298,1
HELIOS-004337,16.2,22.82,basic,9,5,3,2,0,0,6.0,113,0.8876680108933553,0.9433862061566515,0.05571819526329613,1,1,persuadable,0.4332,0,1,493,1
HELIOS-004338,11.8,38.66,pro,1,22,0,0,1,0,,53,0.8601408872554857,0.8937904627719014,0.033649575516415786,1,1,lost_cause,0.85,1,1,359,1
HELIOS-004339,3.2,26.29,basic,2,76,1,2,1,0,,9,0.4399270503173157,0.6633684964933975,0.22344144617608175,1,1,persuadable,0.9717,1,1,97,1
HELIOS-004340,21.1,19.52,basic,7,9,3,1,1,0,,198,0.8876795692525729,0.99,0.10232043074742714,1,1,persuadable,0.138,0,1,642,1
HELIOS-004341,31.2,32.57,pro,5,63,5,0,0,1,6.0,194,0.9483447691618418,0.7913909046385186,-0.15695386452332327,1,1,sleeping_dog,0.0306,0,1,950,0
HELIOS-004342,27.4,18.02,basic,2,12,1,0,2,0,,69,0.7112253479894723,0.9209388189678468,0.20971347097837445,1,1,persuadable,0.4254,0,1,834,1
HELIOS-004343,31.2,67.03,pro,4,51,3,0,0,0,,107,0.9444181130258054,0.8494695390704299,-0.09494857395537548,1,0,sleeping_dog,0.0575,1,0,950,1
HELIOS-004344,31.2,56.85,pro,1,114,0,0,0,0,,122,0.8431932789430471,0.5787283669517225,-0.2644649119913246,1,1,sleeping_dog,0.8383,1,1,950,1
HELIOS-004345,7.5,131.32,enterprise,10,4,6,1,0,0,9.0,89,0.9436561926687014,0.99,0.046343807331298614,1,1,sure_thing,0.5097,0,1,228,1
HELIOS-004346,5.2,21.79,basic,9,15,3,0,0,0,,44,0.9147006581340982,0.8754616296224238,-0.03923902851167438,1,0,lost_cause,0.2562,0,1,158,1
HELIOS-004347,24.9,14.91,basic,18,2,8,0,0,0,9.0,389,0.9651874386009285,0.9597254300781978,-0.00546200852273071,1,1,sure_thing,0.3152,1,1,758,1
HELIOS-004348,23.0,62.03,pro,5,142,3,3,0,0,,156,0.6987900978779902,0.7881871939648912,0.08939709608690105,1,1,persuadable,0.9423,1,1,700,1
HELIOS-004349,9.9,40.97,pro,5,22,6,0,1,1,7.0,68,0.8880070008326996,0.9284022319188464,0.04039523108614684,1,1,lost_cause,0.464,1,1,301,1
HELIOS-004350,26.0,17.44,basic,22,26,13,0,0,0,10.0,433,0.9893783205855217,0.9870928385269585,-0.0022854820585631597,1,1,sure_thing,0.5477,1,1,791,1
HELIOS-004351,31.2,15.05,basic,12,3,9,0,0,1,,311,0.9817086193120622,0.9702649074485175,-0.011443711863544759,1,1,sure_thing,0.4068,0,1,950,1
HELIOS-004352,19.5,52.43,pro,9,4,3,0,0,0,,150,0.950967693676517,0.9254355978161104,-0.02553209586040661,1,1,sure_thing,0.2917,1,1,594,1
HELIOS-004353,11.8,20.54,basic,9,34,3,0,0,0,9.0,60,0.9299630987516713,0.8624711944931905,-0.06749190425848073,1,1,sleeping_dog,0.4606,0,1,359,1
HELIOS-004354,31.2,58.51,pro,9,15,4,0,0,0,,289,0.9712457237518992,0.9447704221071065,-0.026475301644792726,1,1,sure_thing,0.1166,1,1,950,1
HELIOS-004355,4.8,12.63,basic,12,17,9,0,0,0,,61,0.9565054976891342,0.9503811993959577,-0.006124298293176511,1,1,sure_thing,0.2786,0,1,146,1
HELIOS-004356,31.2,51.16,pro,4,16,3,0,0,0,6.0,174,0.9535860350050379,0.9176419178155402,-0.03594411718949775,1,1,sure_thing,0.6382,1,1,950,1
HELIOS-004357,31.2,24.48,basic,4,55,2,0,0,1,,175,0.9188047938209967,0.7150597602674768,-0.20374503355351992,1,1,sleeping_dog,0.4043,0,1,950,1
HELIOS-004358,31.2,23.08,basic,5,29,4,0,0,0,9.0,227,0.9504027335646217,0.9064500751754835,-0.0439526583891382,1,1,sure_thing,0.6757,1,1,950,1
HELIOS-004359,24.0,52.31,pro,2,54,4,0,1,1,,153,0.8991990965996557,0.9052918548532148,0.00609275825355915,1,1,lost_cause,0.3765,1,1,731,1
HELIOS-004360,13.3,14.57,basic,23,14,13,1,1,0,,211,0.964208733118648,0.99,0.025791266881352026,1,1,sure_thing,0.3248,1,1,405,1
HELIOS-004361,17.4,15.16,basic,32,12,13,1,0,0,8.0,360,0.984833548160467,0.9858518820428028,0.0010183338823358534,1,1,sure_thing,0.0011,0,1,530,1
HELIOS-004362,2.6,14.53,basic,11,44,4,0,0,1,,37,0.9295561535878131,0.7938511716166302,-0.13570498197118286,1,1,sleeping_dog,0.134,0,1,79,1
HELIOS-004363,10.8,18.4,basic,4,18,4,1,0,0,8.0,71,0.8102262166253802,0.8129198650606043,0.0026936484352241274,1,1,lost_cause,0.8646,1,1,329,1
HELIOS-004364,5.2,19.25,basic,13,4,4,1,0,0,10.0,56,0.9275590196014184,0.9264606110058308,-0.00109840859558763,1,1,sure_thing,0.7657,1,1,158,1
HELIOS-004365,31.2,10.51,basic,10,6,6,0,0,0,,381,0.9779197248188146,0.9662957174796628,-0.01162400733915181,1,1,sure_thing,0.0217,0,1,950,0
HELIOS-004366,31.2,63.25,pro,4,18,3,0,0,0,8.0,194,0.9624888038477579,0.9258705710745633,-0.03661823277319465,1,1,sure_thing,0.7414,1,1,950,1
HELIOS-004367,18.3,21.75,basic,6,2,3,2,0,1,5.0,80,0.8714080487201427,0.9294574996997409,0.05804945097959824,1,1,persuadable,0.9331,1,1,557,1
HELIOS-004368,16.4,141.77,enterprise,13,8,7,0,1,0,,183,0.9656582060507579,0.99,0.024341793949242074,1,1,sure_thing,0.0842,1,1,499,1
HELIOS-004369,5.8,16.04,basic,33,1,15,0,0,0,,131,0.99,0.99,0.0,1,1,sure_thing,0.1889,0,1,177,1
HELIOS-004370,26.9,36.26,pro,9,43,4,0,0,0,,245,0.96451602611923,0.8985627716935307,-0.06595325442569933,1,1,sleeping_dog,0.4505,1,1,819,1
HELIOS-004371,8.8,40.94,pro,9,11,4,1,0,0,7.0,78,0.9403223591472218,0.946640719174117,0.00631836002689512,1,1,sure_thing,0.1417,0,1,268,1
HELIOS-004372,31.2,45.59,pro,18,0,4,0,0,0,,626,0.9863600875975603,0.9680884899863935,-0.018271597611166812,1,1,sure_thing,0.4411,0,1,950,1
HELIOS-004373,27.0,87.43,enterprise,4,104,1,1,0,0,,130,0.9055018823329267,0.7507260590591481,-0.1547758232737786,1,0,sleeping_dog,0.2025,0,1,822,1
HELIOS-004374,18.9,55.22,pro,5,80,0,0,0,0,3.0,147,0.9195149620602272,0.6928702660165638,-0.22664469604366344,1,1,sleeping_dog,0.0226,0,1,575,1
HELIOS-004375,4.7,49.29,pro,8,20,4,0,0,0,,38,0.916025426060033,0.8840082916845668,-0.03201713437546616,1,1,lost_cause,0.9648,1,1,143,1
HELIOS-004376,19.8,57.05,pro,13,17,11,2,0,0,,239,0.9334530311789184,0.99,0.05654696882108157,1,1,persuadable,0.5008,1,1,603,1
HELIOS-004377,14.3,18.28,basic,8,2,8,1,0,0,,182,0.9352044309296229,0.9465146857981649,0.01131025486854198,1,1,sure_thing,0.8454,1,1,435,1
HELIOS-004378,3.4,112.98,enterprise,25,15,13,0,0,1,,65,0.99,0.99,0.0,1,1,sure_thing,0.1051,0,1,103,1
HELIOS-004379,26.9,56.77,pro,23,5,17,0,0,0,,477,0.99,0.99,0.0,1,1,sure_thing,0.1011,0,1,819,1
HELIOS-004380,16.8,16.55,basic,3,177,0,1,0,0,,36,0.7349299350657298,0.4628490802835679,-0.2720808547821619,1,1,sleeping_dog,0.5106,1,1,511,1
HELIOS-004381,22.0,41.41,pro,4,28,3,0,1,0,,154,0.897251101792502,0.9397899369724808,0.04253883517997881,1,1,lost_cause,0.3082,0,1,670,1
HELIOS-004382,27.1,42.19,pro,4,66,6,0,0,0,,207,0.9407746095164589,0.869371979014641,-0.07140263050181783,1,1,sleeping_dog,0.3829,1,1,825,1
HELIOS-004383,18.8,134.3,enterprise,8,24,7,0,0,0,,154,0.971330644644447,0.9774236294797609,0.006092984835313953,1,1,sure_thing,0.3706,1,1,572,1
HELIOS-004384,31.2,30.14,basic,6,16,4,0,0,0,6.0,271,0.9717509713119268,0.9429227709228944,-0.028828200389032332,1,1,sure_thing,0.6506,1,1,950,1
HELIOS-004385,31.2,12.32,basic,1,47,2,0,0,0,7.0,197,0.9220942695294493,0.809524521912139,-0.11256974761731031,1,1,sleeping_dog,0.4257,0,1,950,1
HELIOS-004386,17.3,14.79,basic,24,2,8,0,0,0,9.0,380,0.980540910917676,0.9746190341386579,-0.00592187677901812,1,1,sure_thing,0.0632,0,1,527,1
HELIOS-004387,30.0,115.48,enterprise,7,10,6,0,0,1,,264,0.9730669445775814,0.9528994277546825,-0.020167516822898857,1,1,sure_thing,0.6298,1,1,913,1
HELIOS-004388,26.3,18.47,basic,4,29,5,2,0,0,5.0,163,0.81203524304994,0.8844697956180614,0.07243455256812137,1,1,persuadable,0.7738,1,1,801,1
HELIOS-004389,4.1,14.74,basic,7,54,3,1,1,0,7.0,17,0.722884521796183,0.8197972315516427,0.09691270975545974,1,1,persuadable,0.3562,1,1,125,1
HELIOS-004390,31.2,48.91,pro,12,12,7,0,0,0,,398,0.9771755584688772,0.9684917465077405,-0.008683811961136656,1,1,sure_thing,0.01,0,1,950,1
HELIOS-004391,10.0,56.53,pro,1,210,0,0,0,0,,17,0.7655662415026663,0.4769843650760735,-0.2885818764265928,1,1,sleeping_dog,0.8342,1,1,304,0
HELIOS-004392,12.2,66.15,pro,1,158,2,0,0,0,5.0,37,0.8100218173874832,0.5337212450765197,-0.2763005723109635,1,1,sleeping_dog,0.1134,1,1,371,1
HELIOS-004393,11.0,12.87,basic,5,51,2,0,0,0,8.0,77,0.8959871258442224,0.7726147823346159,-0.12337234350960646,1,1,sleeping_dog,0.2105,0,1,335,1
HELIOS-004394,8.0,59.43,pro,3,73,3,2,0,0,4.0,22,0.7979519995679465,0.881939227264785,0.08398722769683853,1,1,persuadable,0.992,1,1,244,1
HELIOS-004395,6.9,19.74,basic,5,4,3,0,0,0,7.0,68,0.879942204844836,0.8531675195843141,-0.026774685260521847,1,1,lost_cause,0.7957,0,1,210,1
HELIOS-004396,31.2,20.9,basic,6,56,2,0,0,0,,266,0.9362370343442341,0.8008602113933021,-0.135376822950932,1,1,sleeping_dog,0.6206,1,1,950,1
HELIOS-004397,31.2,18.96,basic,3,22,1,0,1,1,,169,0.9245764015430419,0.9019095735959944,-0.02266682794704744,1,1,sure_thing,0.0555,0,1,950,1
HELIOS-004398,20.7,20.74,basic,51,2,34,0,0,1,,763,0.99,0.99,0.0,1,1,sure_thing,0.2052,0,1,630,1
HELIOS-004399,7.2,33.47,pro,3,4,4,0,0,0,,34,0.9172228693005126,0.8998940700897317,-0.0173287992107809,1,1,lost_cause,0.3318,0,1,219,1
HELIOS-004400,31.2,53.59,pro,4,65,2,0,1,0,,193,0.9362163049218748,0.9350677792778275,-0.0011485256440473268,1,1,sure_thing,0.044,0,1,950,1
HELIOS-004401,20.8,50.75,pro,7,18,11,1,0,1,,149,0.9510942998995536,0.9731785343591205,0.022084234459566865,1,1,sure_thing,0.6449,0,1,633,0
HELIOS-004402,8.2,22.24,basic,14,29,7,0,0,0,8.0,87,0.9536481210050566,0.9345205091042297,-0.019127611900826902,1,1,sure_thing,0.18,0,1,250,1
HELIOS-004403,31.2,48.95,pro,6,6,5,0,0,0,7.0,359,0.9579900341477713,0.945584495032219,-0.012405539115552311,1,1,sure_thing,0.0409,0,1,950,1
HELIOS-004404,31.2,54.42,pro,23,0,10,0,0,0,9.0,557,0.99,0.99,0.0,1,1,sure_thing,0.8329,1,1,950,1
HELIOS-004405,20.0,15.6,basic,12,77,1,0,0,0,,160,0.9409006691523486,0.7323185304326199,-0.20858213871972875,1,1,sleeping_dog,0.5391,1,1,609,1
HELIOS-004406,18.6,18.52,basic,2,95,1,2,0,0,,67,0.7393750356375037,0.6899528245327249,-0.049422211104778846,1,1,lost_cause,0.8112,1,1,566,1
HELIOS-004407,14.7,20.03,basic,3,22,1,1,0,0,,60,0.7877944815911234,0.7654077888247296,-0.022386692766393823,1,1,lost_cause,0.9062,1,1,447,1
HELIOS-004408,15.7,20.39,basic,14,11,9,1,0,0,,209,0.953977655270104,0.9602140126378984,0.006236357367794376,1,1,sure_thing,0.3297,0,1,478,1
HELIOS-004409,26.5,23.08,basic,10,26,8,0,0,1,,521,0.9529263000192911,0.9196494070521954,-0.033276892967095684,1,1,sure_thing,0.5603,0,1,807,1
HELIOS-004410,14.4,17.03,basic,8,4,7,1,1,0,6.0,155,0.869691261284946,0.9846082876080653,0.11491702632311929,1,1,persuadable,0.8111,0,1,438,1
HELIOS-004411,31.2,16.87,basic,14,4,6,0,0,0,10.0,566,0.9719439388206924,0.9607666502179393,-0.011177288602753133,1,1,sure_thing,0.0943,1,1,950,1
HELIOS-004412,25.1,51.4,pro,16,0,7,0,0,0,,534,0.9825773760054438,0.9769284044873886,-0.0056489715180552125,1,1,sure_thing,0.0108,0,1,764,1
HELIOS-004413,16.1,19.75,basic,3,2,5,1,0,1,,107,0.8605981960313492,0.862604777428937,0.0020065813975878033,1,1,lost_cause,0.3126,0,1,490,1
HELIOS-004414,31.2,18.7,basic,8,12,3,2,0,0,,313,0.9323675566240648,0.9865177049602963,0.05415014833623155,1,1,persuadable,0.5143,0,1,950,1
HELIOS-004415,31.2,42.9,pro,17,19,7,1,0,0,9.0,469,0.976329529508832,0.9801500748259036,0.003820545317071544,1,1,sure_thing,0.3498,0,1,950,1
HELIOS-004416,31.2,16.63,basic,8,45,3,0,0,1,,305,0.9470407647252187,0.7864314916344219,-0.16060927309079676,1,1,sleeping_dog,0.0775,0,1,950,1
HELIOS-004417,12.1,23.07,basic,5,26,5,0,0,0,,99,0.9172882003960119,0.887599439937186,-0.029688760458825847,1,1,lost_cause,0.5235,1,1,368,1
HELIOS-004418,20.5,19.89,basic,12,35,7,0,0,0,9.0,244,0.9625353388683354,0.9394218781001911,-0.023113460768144356,1,1,sure_thing,0.1185,0,1,624,1
HELIOS-004419,31.2,42.52,pro,6,30,5,0,0,0,,205,0.9693881588084604,0.9368379163353234,-0.03255024247313698,1,1,sure_thing,0.828,1,1,950,1
HELIOS-004420,19.6,41.17,pro,21,8,12,1,0,0,,385,0.9786194779827648,0.9852644714313848,0.006644993448620018,1,1,sure_thing,0.2405,0,1,597,1
HELIOS-004421,18.9,23.21,basic,11,1,6,0,0,0,6.0,199,0.9555479301677914,0.9462896651446263,-0.009258265023165069,1,1,sure_thing,0.3669,1,1,575,1
HELIOS-004422,31.2,18.17,basic,14,17,10,1,0,0,9.0,497,0.9750459952278985,0.9812230963473042,0.006177101119405726,1,1,sure_thing,0.1651,0,1,950,1
HELIOS-004423,31.2,16.9,basic,9,3,3,0,0,1,,432,0.9592806099940357,0.8929943922660829,-0.06628621772795285,1,1,sleeping_dog,0.5698,1,1,950,1
HELIOS-004424,20.0,18.67,basic,2,31,5,0,0,0,9.0,159,0.9245925107849148,0.8903339309981846,-0.03425857978673019,1,1,sure_thing,0.5297,0,1,609,1
HELIOS-004425,18.3,55.05,pro,16,0,5,0,0,0,,217,0.9753309370710104,0.9630556756236004,-0.01227526144740998,1,1,sure_thing,0.6225,1,1,557,1
HELIOS-004426,6.7,40.33,pro,20,0,11,0,0,1,,106,0.9781365080668053,0.9730662776069201,-0.005070230459885194,1,1,sure_thing,0.9042,1,1,204,1
HELIOS-004427,21.1,31.76,pro,3,4,3,1,0,0,5.0,154,0.9158391511841737,0.9280314123292931,0.012192261145119399,1,1,lost_cause,0.2085,0,1,642,1
HELIOS-004428,5.3,21.44,basic,5,55,7,1,2,0,7.0,63,0.6518609428429748,0.9254943655861536,0.2736334227431788,0,0,persuadable,0.4803,0,0,161,1
HELIOS-004429,26.8,25.16,basic,12,21,3,0,1,0,,360,0.9415718058326321,0.9524243959719365,0.010852590139304397,1,1,sure_thing,0.5571,1,1,816,0
HELIOS-004430,8.8,45.98,pro,15,6,4,0,1,0,,117,0.9333281178213553,0.9570898115809114,0.02376169375955617,1,1,sure_thing,0.4158,0,1,268,0
HELIOS-004431,31.2,44.59,pro,6,2,4,0,0,1,10.0,304,0.967336078654991,0.9204524639525056,-0.04688361470248548,1,1,sure_thing,0.6974,1,1,950,1
HELIOS-004432,6.1,50.69,pro,9,13,7,1,0,1,,65,0.8796871870551249,0.8878222951882694,0.008135108133144442,1,1,lost_cause,0.4582,1,1,186,1
HELIOS-004433,15.2,17.99,basic,4,59,4,1,0,0,7.0,122,0.8818675657046056,0.8446896068322184,-0.03717795887238717,1,1,lost_cause,0.2208,0,1,463,1
HELIOS-004434,31.2,50.77,pro,10,5,8,1,0,0,9.0,355,0.9665402215246092,0.9851587522561568,0.018618530731547622,1,1,sure_thing,0.0731,1,1,950,1
HELIOS-004435,10.4,20.62,basic,23,6,10,0,1,0,,192,0.9624375972538657,0.9719731552137335,0.009535557959867824,1,1,sure_thing,0.1058,0,1,317,0
HELIOS-004436,18.4,128.99,enterprise,8,30,6,1,0,0,6.0,197,0.9299440183109643,0.99,0.0600559816890357,0,1,persuadable,0.1582,0,0,560,1
HELIOS-004437,29.8,22.45,basic,0,260,1,1,0,1,,90,0.7191889647908037,0.4480964118436326,-0.27109255294717116,0,0,sleeping_dog,0.9075,0,0,907,1
HELIOS-004438,9.1,21.75,basic,28,25,8,0,0,1,10.0,154,0.980481793741923,0.946177296052156,-0.034304497689767066,1,1,sure_thing,0.0172,0,1,277,1
HELIOS-004439,16.4,22.79,basic,0,40,2,1,0,0,,49,0.7923189261757401,0.7649387151540562,-0.027380211021683865,0,0,lost_cause,0.8178,0,0,499,1
HELIOS-004440,29.0,27.05,basic,18,2,10,1,0,0,,402,0.9888382877127856,0.99,0.0011617122872144003,1,1,sure_thing,0.16,0,1,883,1
HELIOS-004441,12.8,134.66,enterprise,17,5,11,0,0,1,,314,0.9831757010268857,0.9873280256679148,0.004152324641029104,1,1,sure_thing,0.5342,1,1,390,1
HELIOS-004442,21.0,44.3,pro,18,2,6,0,1,1,9.0,381,0.9495041032787825,0.9640846701565557,0.014580566877773204,1,1,sure_thing,0.15,0,1,639,1
HELIOS-004443,12.5,21.16,basic,10,7,2,0,0,1,,104,0.9511357715331259,0.8587396411082997,-0.0923961304248262,1,1,sleeping_dog,0.3005,1,1,380,1
HELIOS-004444,31.2,32.62,pro,21,9,7,0,0,0,8.0,505,0.9850653325512821,0.9751319204817135,-0.009933412069568659,1,1,sure_thing,0.1718,0,1,950,1
HELIOS-004445,12.5,19.99,basic,4,61,1,0,0,0,,75,0.911963650270839,0.7417951689528121,-0.17016848131802698,1,1,sleeping_dog,0.576,1,1,380,1
HELIOS-004446,28.7,21.51,basic,1,55,3,0,0,0,,176,0.9418146032574796,0.8332322976521863,-0.10858230560529325,1,1,sleeping_dog,0.0528,0,1,874,1
HELIOS-004447,18.1,55.8,pro,8,4,3,0,0,0,8.0,211,0.9452374224347657,0.9204800721953018,-0.024757350239463904,1,1,sure_thing,0.1266,0,1,551,1
HELIOS-004448,31.2,18.36,basic,5,3,2,1,0,0,,173,0.9370453712454672,0.9362005674022071,-0.0008448038432600224,1,1,sure_thing,0.0571,1,1,950,1
HELIOS-004449,5.2,16.1,basic,12,5,8,0,0,1,9.0,51,0.9420800817022642,0.9249751300413812,-0.017104951660882994,1,1,sure_thing,0.7903,1,1,158,1
HELIOS-004450,17.3,148.1,enterprise,9,0,3,0,0,0,,137,0.9705965985784373,0.9719015977993539,0.0013049992209166472,1,1,sure_thing,0.6135,1,1,527,0
HELIOS-004451,7.1,49.61,pro,20,2,10,0,1,0,,123,0.9630508097637495,0.9849396280035911,0.02188881823984168,0,0,sure_thing,0.7348,1,0,216,1
HELIOS-004452,31.2,23.0,basic,16,2,3,0,0,0,,447,0.9814308453393864,0.9542920592607057,-0.0271387860786807,1,1,sure_thing,0.1182,0,1,950,1
HELIOS-004453,31.2,17.28,basic,11,25,6,0,1,0,7.0,358,0.9246646461200995,0.9427875720456351,0.01812292592553566,1,1,sure_thing,0.8255,0,1,950,1
HELIOS-004454,31.2,43.52,pro,1,24,1,1,0,0,,128,0.8806314281151945,0.871854940664069,-0.00877648745112547,1,1,lost_cause,0.7038,0,1,950,1
HELIOS-004455,12.5,50.03,pro,3,251,1,1,0,0,5.0,41,0.7020365305575968,0.439598519629006,-0.26243801092859087,1,1,sleeping_dog,0.9712,1,1,380,1
HELIOS-004456,16.5,71.53,pro,16,16,9,0,0,0,,276,0.9761105128866124,0.9724249551665672,-0.003685557720045196,1,1,sure_thing,0.7474,1,1,502,1
HELIOS-004457,18.6,12.89,basic,21,20,11,0,0,0,8.0,284,0.9827880506351335,0.978874650222359,-0.003913400412774548,1,1,sure_thing,0.222,0,1,566,1
HELIOS-004458,16.8,22.5,basic,18,2,7,0,0,0,7.0,257,0.9663978241417618,0.9587874032366837,-0.00761042090507813,1,1,sure_thing,0.1062,0,1,511,1
HELIOS-004459,6.0,17.81,basic,16,21,9,0,0,0,,104,0.9730176277529594,0.9654190290120813,-0.007598598740878093,1,1,sure_thing,0.7595,1,1,183,1
HELIOS-004460,14.0,50.15,pro,25,20,11,0,0,0,,256,0.985916740827861,0.9824058791351655,-0.003510861692695433,1,1,sure_thing,0.0605,0,1,426,1
HELIOS-004461,17.9,131.21,enterprise,16,29,4,0,0,1,,183,0.9774495474855275,0.8874136710611924,-0.09003587642433508,1,0,sleeping_dog,0.5166,0,1,545,1
HELIOS-004462,8.9,22.89,basic,20,19,10,0,0,0,,132,0.9838648313427067,0.97873615039131,-0.005128680951396736,1,1,sure_thing,0.0211,0,1,271,1
HELIOS-004463,22.8,18.92,basic,5,148,1,1,2,0,9.0,115,0.42831974137370826,0.5543354520978714,0.12601571072416312,0,1,persuadable,0.9937,1,1,694,1
HELIOS-004464,15.1,95.03,enterprise,6,22,5,0,0,1,,207,0.9677592871243001,0.9122894066002728,-0.05546988052402735,1,0,sleeping_dog,0.1928,1,0,460,1
HELIOS-004465,8.1,47.63,pro,6,74,3,1,0,0,6.0,52,0.8855842303543505,0.8109467901273905,-0.07463744022696006,1,1,sleeping_dog,0.7911,1,1,247,1
HELIOS-004466,17.4,45.44,pro,10,10,14,0,0,0,8.0,262,0.9703416252190405,0.972993085496839,0.002651460277798501,1,1,sure_thing,0.1366,1,1,530,1
HELIOS-004467,31.2,20.14,basic,5,4,3,2,1,0,,194,0.8361298181645228,0.99,0.15387018183547718,0,0,persuadable,0.4906,1,0,950,1
HELIOS-004468,18.9,137.14,enterprise,6,71,1,1,0,0,,115,0.9194903202309581,0.888377024667036,-0.03111329556392206,1,1,lost_cause,0.4815,0,1,575,1
HELIOS-004469,24.6,44.53,pro,9,2,4,2,0,0,,180,0.8936998279112902,0.9747090927773887,0.0810092648660985,1,1,persuadable,0.5157,0,1,749,1
HELIOS-004470,29.2,24.18,basic,5,13,1,0,0,0,7.0,131,0.9504861870453772,0.88838720504501,-0.06209898200036723,1,1,sleeping_dog,0.7374,1,1,889,1
HELIOS-004471,31.2,70.0,pro,4,7,0,0,0,1,,176,0.9485489578709198,0.8202819414813344,-0.12826701638958538,1,1,sleeping_dog,0.8974,1,1,950,1
HELIOS-004472,9.2,26.35,basic,4,64,2,2,0,0,,68,0.7282111756270573,0.7617630425692932,0.033551866942235886,0,0,lost_cause,0.5851,0,0,280,1
HELIOS-004473,12.4,21.91,basic,6,35,6,0,0,0,,109,0.935934361457225,0.9061835685669951,-0.02975079289022986,1,1,sure_thing,0.6892,1,1,377,1
HELIOS-004474,16.7,23.95,basic,16,9,9,0,0,0,,329,0.9746899374987169,0.9701799225069677,-0.004510014991749189,1,1,sure_thing,0.4832,1,1,508,1
HELIOS-004475,31.2,51.29,pro,7,6,4,1,0,0,,234,0.934670970016003,0.9509052567872474,0.01623428677124439,1,1,sure_thing,0.6817,1,1,950,1
HELIOS-004476,31.2,16.08,basic,16,9,2,0,1,1,10.0,502,0.9497835506403725,0.928704128459106,-0.02107942218126646,1,1,sure_thing,0.3734,0,1,950,1
HELIOS-004477,13.1,67.63,pro,6,66,1,1,0,0,6.0,94,0.8150961584832405,0.7268110726622691,-0.08828508582097139,1,1,sleeping_dog,0.8291,1,1,399,1
HELIOS-004478,25.5,12.89,basic,5,19,7,0,0,0,6.0,245,0.9189864591544143,0.9068896746317097,-0.012096784522704684,1,1,lost_cause,0.1458,1,1,776,1
HELIOS-004479,9.8,57.83,pro,23,4,10,1,0,0,9.0,212,0.9711804471533487,0.9783760006691329,0.007195553515784159,1,1,sure_thing,0.5628,0,1,298,1
HELIOS-004480,20.6,25.63,basic,4,52,2,1,0,0,,118,0.8771019110158357,0.8228462174046295,-0.05425569361120619,0,0,sleeping_dog,0.5191,1,0,627,1
HELIOS-004481,31.2,13.73,basic,7,0,5,0,0,0,,332,0.959577463255018,0.9471855567590529,-0.01239190649596511,1,1,sure_thing,0.8569,1,1,950,1
HELIOS-004482,14.3,17.11,basic,0,180,2,2,1,1,3.0,60,0.3772689507757698,0.3680366142966219,-0.009232336479147896,0,0,lost_cause,0.9646,1,0,435,1
HELIOS-004483,9.7,59.46,pro,14,5,2,0,1,0,,140,0.9315332009864403,0.9603821722369855,0.028848971250545197,1,1,sure_thing,0.4469,0,1,295,1
HELIOS-004484,31.2,17.82,basic,21,11,8,0,0,0,,412,0.9826328270383325,0.9747316474293402,-0.007901179608992392,1,1,sure_thing,0.5968,0,1,950,1
HELIOS-004485,18.8,41.12,pro,2,99,2,0,0,0,6.0,109,0.9283689309911164,0.7010253771501321,-0.22734355384098426,0,0,sleeping_dog,0.6458,1,0,572,1
HELIOS-004486,22.3,49.74,pro,10,19,5,4,0,0,,187,0.796003049988876,0.99,0.19399695001112394,0,1,persuadable,0.4482,0,0,679,1
HELIOS-004487,31.2,195.62,enterprise,7,24,4,0,0,1,,347,0.9847095936035214,0.9633983430990514,-0.021311250504470025,1,1,sure_thing,0.5032,0,1,950,1
HELIOS-004488,18.5,144.44,enterprise,8,131,4,1,0,1,,121,0.9206626906569426,0.7659325527573213,-0.1547301378996213,1,1,sleeping_dog,0.8472,1,1,563,1
HELIOS-004489,10.6,45.62,pro,3,200,3,2,1,1,,46,0.4071166778167345,0.39854715393339873,-0.008569523883335761,0,0,lost_cause,0.9963,1,0,323,1
HELIOS-004490,31.2,22.86,basic,13,2,5,1,1,0,,398,0.9508705350860939,0.99,0.03912946491390612,1,1,sure_thing,0.0114,0,1,950,1
HELIOS-004491,20.2,24.47,basic,5,7,6,1,0,0,9.0,203,0.9274077820953814,0.941100540433417,0.013692758338035516,1,1,sure_thing,0.6391,1,1,615,1
HELIOS-004492,20.5,17.27,basic,0,70,0,0,1,0,,54,0.7991076632558153,0.7273812839036663,-0.07172637935214898,1,1,sleeping_dog,0.4985,1,1,624,1
HELIOS-004493,10.2,20.46,basic,5,70,3,0,0,0,,46,0.9224183806749491,0.7757525836096968,-0.1466657970652523,1,0,sleeping_dog,0.0463,0,1,310,1
HELIOS-004494,31.2,21.76,basic,3,11,3,0,0,1,3.0,115,0.9318254751495865,0.8525286961385301,-0.07929677901105636,1,1,sleeping_dog,0.0722,1,1,950,1
HELIOS-004495,31.2,121.28,enterprise,8,7,3,0,1,0,,224,0.9639991860659629,0.99,0.02600081393403708,1,1,sure_thing,0.2652,1,1,950,1
HELIOS-004496,31.2,21.13,basic,11,5,8,1,0,0,9.0,310,0.9560636427172963,0.964622489176948,0.00855884645965177,1,1,sure_thing,0.3225,0,1,950,1
HELIOS-004497,16.6,25.23,basic,10,23,5,1,1,0,,198,0.8749627251674725,0.9859661551156789,0.11100342994820633,1,1,persuadable,0.9366,1,1,505,1
HELIOS-004498,31.0,35.65,basic,21,6,11,0,0,0,7.0,587,0.99,0.9884651087381868,-0.001534891261813165,1,1,sure_thing,0.3554,0,1,944,1
HELIOS-004499,14.8,14.52,basic,6,365,2,0,0,1,,58,0.5547193467518899,0.2578495799945631,-0.29686976675732685,0,0,sleeping_dog,0.9725,1,0,451,1
HELIOS-004500,22.2,19.89,basic,15,0,5,0,0,0,8.0,284,0.9569793725781943,0.9434006171192221,-0.013578755458972247,1,1,sure_thing,0.3465,0,1,676,1
HELIOS-004501,22.6,18.02,basic,5,14,4,1,0,1,6.0,137,0.9356979100719747,0.9162705682114419,-0.019427341860532743,1,1,sure_thing,0.5475,1,1,688,1
HELIOS-004502,31.2,54.38,pro,11,51,3,1,0,0,,277,0.9447424460750836,0.9076642572322234,-0.03707818884286018,1,1,sure_thing,0.1777,0,1,950,1
HELIOS-004503,31.2,108.71,enterprise,17,5,8,0,1,0,,457,0.9651347558034628,0.99,0.02486524419653724,1,1,sure_thing,0.5525,0,1,950,0
HELIOS-004504,31.2,25.03,basic,2,43,2,1,1,0,,111,0.8208871724104325,0.9641936221235008,0.14330644971306827,1,1,persuadable,0.9126,1,1,950,1
HELIOS-004505,31.2,60.55,pro,6,2,4,0,0,0,,373,0.9664297152157567,0.9521704762656255,-0.014259238950131259,1,1,sure_thing,0.3345,1,1,950,1
HELIOS-004506,31.2,22.2,basic,6,14,6,1,0,1,9.0,248,0.9420606007509491,0.9386311637114908,-0.003429437039458305,1,1,sure_thing,0.2162,0,1,950,1
HELIOS-004507,5.9,14.34,basic,17,9,4,0,0,0,,61,0.9559979194166814,0.9304542800946061,-0.025543639322075373,0,0,sure_thing,0.3474,0,0,180,1
HELIOS-004508,11.7,56.32,pro,7,12,4,1,0,0,,88,0.9002452276772591,0.9165613968180378,0.016316169140778713,0,0,lost_cause,0.2909,0,0,356,1
HELIOS-004509,31.2,58.15,pro,3,5,4,0,0,0,,150,0.9589136986620084,0.9441882357720487,-0.014725462889959684,0,0,sure_thing,0.4774,1,0,950,1
HELIOS-004510,10.4,64.13,pro,10,23,4,1,0,0,,115,0.9431315088213527,0.9510537395517126,0.007922230730359914,1,1,sure_thing,0.3885,1,1,317,1
HELIOS-004511,31.2,17.2,basic,1,57,4,0,0,0,8.0,164,0.9296205076090877,0.8372129434123241,-0.09240756419676355,1,1,sleeping_dog,0.6682,1,1,950,1
HELIOS-004512,5.9,21.83,basic,4,15,2,0,0,1,,36,0.8784636216975727,0.7697912942259209,-0.1086723274716519,0,0,sleeping_dog,0.6308,1,0,180,1
HELIOS-004513,12.3,52.2,pro,8,45,6,2,0,0,6.0,123,0.8816420302810885,0.9716685334216546,0.09002650314056615,1,1,persuadable,0.3138,0,1,374,1
HELIOS-004514,14.5,23.14,basic,6,0,8,0,0,0,9.0,148,0.9591129464551545,0.9565713100220576,-0.0025416364330969055,1,1,sure_thing,0.7649,1,1,441,1
HELIOS-004515,7.2,18.24,basic,25,4,10,1,0,0,,149,0.9607049167353882,0.9625778407630663,0.0018729240276781356,1,1,sure_thing,0.3558,0,1,219,1
HELIOS-004516,31.2,137.07,enterprise,13,4,9,0,0,0,8.0,369,0.9842715943687098,0.99,0.005728405631290179,1,1,sure_thing,0.0298,0,1,950,1
HELIOS-004517,12.4,15.89,basic,1,168,1,1,0,0,,37,0.7363889858830053,0.47330644844503494,-0.26308253743797033,1,0,sleeping_dog,0.9048,0,1,377,1
HELIOS-004518,31.2,118.11,enterprise,11,5,2,1,0,0,9.0,317,0.9762824629161999,0.99,0.01371753708380008,1,1,sure_thing,0.2251,0,1,950,0
HELIOS-004519,15.5,16.02,basic,1,11,0,2,1,0,,45,0.5891847511840231,0.8387085663086445,0.2495238151246214,0,0,persuadable,0.9814,1,0,472,1
HELIOS-004520,18.3,18.47,basic,9,5,4,0,0,0,,167,0.9667361346789558,0.9456257766366688,-0.021110358042287003,1,1,sure_thing,0.2555,0,1,557,1
HELIOS-004521,31.2,21.09,basic,11,13,3,1,0,0,,298,0.9575036483343566,0.9499821362479244,-0.007521512086432258,1,1,sure_thing,0.8246,1,1,950,1
HELIOS-004522,29.4,70.26,pro,2,185,1,1,0,0,,122,0.8327532495580116,0.5950134949037802,-0.23773975465423136,1,0,sleeping_dog,0.5275,0,1,895,1
HELIOS-004523,9.7,18.11,basic,13,2,10,0,1,1,9.0,141,0.9363319661267148,0.9559748578730931,0.019642891746378344,1,1,sure_thing,0.8512,1,1,295,0
HELIOS-004524,16.2,21.64,basic,5,9,1,0,0,0,,151,0.9422933945043886,0.886579493259164,-0.055713901245224684,1,1,sleeping_dog,0.3226,0,1,493,1
HELIOS-004525,31.2,19.04,basic,1,126,1,1,1,0,,189,0.8274065759118416,0.8047477277226341,-0.022658848189207492,1,1,lost_cause,0.6431,1,1,950,1
HELIOS-004526,15.9,14.88,basic,18,3,6,0,0,0,,242,0.9775848131792976,0.966288375266336,-0.011296437912961532,1,1,sure_thing,0.1305,1,1,484,1
HELIOS-004527,13.9,19.92,basic,1,8,0,0,1,0,6.0,27,0.8309429734156107,0.860108251214341,0.029165277798730238,1,1,lost_cause,0.5062,0,1,423,1
HELIOS-004528,2.9,19.95,basic,9,5,8,0,0,0,10.0,43,0.9458596275246121,0.9412566287345634,-0.004602998790048662,1,1,sure_thing,0.4597,0,1,88,1
HELIOS-004529,27.8,23.77,basic,8,3,3,0,0,1,,230,0.9621126241311605,0.8964288712993416,-0.06568375283181893,1,1,sleeping_dog,0.91,1,1,846,1
HELIOS-004530,9.0,37.72,pro,8,40,6,0,1,0,,70,0.8415269620079405,0.8744701847971116,0.032943222789171056,1,1,lost_cause,0.7495,0,1,274,1
HELIOS-004531,24.7,21.54,basic,3,233,1,0,0,0,,153,0.8244584938445881,0.5297459136246204,-0.2947125802199677,1,1,sleeping_dog,0.9572,1,1,752,1
HELIOS-004532,24.1,18.15,basic,0,17,2,3,0,0,,87,0.6510555027927489,0.8630053418070831,0.21194983901433417,1,1,persuadable,0.9272,1,1,734,1
HELIOS-004533,31.2,18.93,basic,6,62,4,0,0,0,,220,0.9402727088861788,0.8351318083841316,-0.10514090050204716,1,0,sleeping_dog,0.3843,0,1,950,1
HELIOS-004534,31.2,22.83,basic,2,312,0,2,0,0,,78,0.7294015148431017,0.5259280499343572,-0.20347346490874452,0,0,sleeping_dog,0.8905,1,0,950,1
HELIOS-004535,16.8,14.5,basic,4,178,3,2,0,0,,92,0.7292989437932855,0.5414493068000619,-0.18784963699322366,1,1,sleeping_dog,0.6831,1,1,511,1
HELIOS-004536,9.2,54.72,pro,26,5,16,0,2,0,10.0,196,0.938189753861898,0.99,0.051810246138102034,1,1,persuadable,0.0071,0,1,280,1
HELIOS-004537,24.1,19.25,basic,31,25,16,1,1,0,,562,0.9805928865331514,0.99,0.009407113466848638,1,1,sure_thing,0.3174,1,1,734,1
HELIOS-004538,29.3,22.82,basic,8,35,0,2,0,0,,186,0.8487012350394706,0.87329760705166,0.02459637201218945,1,1,lost_cause,0.7694,1,1,892,1
HELIOS-004539,22.6,15.99,basic,3,37,3,1,0,0,,136,0.8571207112841058,0.8376147404662976,-0.01950597081780825,1,1,lost_cause,0.2542,0,1,688,1
HELIOS-004540,27.4,56.92,pro,12,2,11,0,0,0,,375,0.9814530109776196,0.9830371127767329,0.00158410179911328,1,1,sure_thing,0.248,0,1,834,1
HELIOS-004541,22.6,41.56,pro,11,3,3,2,0,0,,261,0.9476117699907992,0.99,0.04238823000920078,1,1,sure_thing,0.1314,1,1,688,1
HELIOS-004542,20.6,40.87,pro,5,28,1,0,1,0,9.0,109,0.9065897387162775,0.9290278554531293,0.02243811673685181,1,1,lost_cause,0.4046,1,1,627,1
HELIOS-004543,31.2,17.05,basic,2,15,2,1,1,0,7.0,193,0.7939578866125756,0.9382492989976028,0.14429141238502718,1,1,persuadable,0.9418,1,1,950,1
HELIOS-004544,15.0,17.11,basic,9,52,2,0,0,1,8.0,154,0.9264434117078999,0.7272686955467149,-0.19917471616118498,1,1,sleeping_dog,0.3334,1,1,457,1
HELIOS-004545,31.2,15.99,basic,6,36,3,1,0,0,,261,0.9546806128061887,0.9320607214120125,-0.022619891394176195,1,1,sure_thing,0.3977,0,1,950,1
HELIOS-004546,31.2,18.68,basic,24,25,8,0,0,0,7.0,442,0.9883988795565617,0.975312597900171,-0.013086281656390697,1,0,sure_thing,0.3371,0,1,950,1
HELIOS-004547,18.1,17.59,basic,6,36,4,2,0,0,,95,0.859134099767765,0.9155121403652607,0.05637804059749574,1,1,persuadable,0.1018,0,1,551,1
HELIOS-004548,31.2,17.92,basic,23,5,9,1,0,0,10.0,711,0.9804179096823964,0.9821982217704062,0.0017803120880097723,1,1,sure_thing,0.2771,0,1,950,1
HELIOS-004549,31.2,18.42,basic,8,17,5,0,1,0,,389,0.9239294939672082,0.9488653363171367,0.024935842349928405,0,1,sure_thing,0.82,1,1,950,1
HELIOS-004550,25.7,38.64,pro,12,17,6,0,0,1,8.0,310,0.9738183891058674,0.9294942822905957,-0.04432410681527166,1,1,sure_thing,0.036,0,1,782,1
HELIOS-004551,31.2,38.2,pro,2,59,4,0,0,0,,183,0.9545391964643105,0.8595332502302065,-0.09500594623410397,1,1,sleeping_dog,0.588,1,1,950,1
HELIOS-004552,31.2,18.79,basic,10,5,4,0,0,0,,416,0.9606151759620499,0.9393117937309358,-0.021303382231114165,1,1,sure_thing,0.1563,0,1,950,1
HELIOS-004553,12.3,18.53,basic,4,58,2,0,0,0,,61,0.8973941250731826,0.7575158756691077,-0.1398782494040749,1,1,sleeping_dog,0.8652,1,1,374,1
HELIOS-004554,31.2,21.32,basic,17,6,14,1,0,1,,534,0.9845012099292151,0.99,0.005498790070784909,1,1,sure_thing,0.2523,0,1,950,1
HELIOS-004555,12.1,14.55,basic,14,13,3,0,0,0,10.0,119,0.9577486617785121,0.919662996993049,-0.03808566478546316,0,0,sure_thing,0.2974,0,0,368,1
HELIOS-004556,12.6,20.07,basic,2,278,0,2,1,0,3.0,24,0.31825091658002397,0.2759888869381709,-0.04226202964185305,1,1,lost_cause,0.9886,1,1,384,0
HELIOS-004557,24.1,162.03,enterprise,8,40,2,2,0,0,4.0,128,0.922813385461331,0.99,0.06718661453866903,1,1,persuadable,0.4671,0,1,734,1
HELIOS-004558,14.1,12.72,basic,9,25,7,0,1,0,9.0,153,0.9152790021145437,0.9373580894727528,0.02207908735820907,1,1,lost_cause,0.1991,0,1,429,1
HELIOS-004559,31.2,16.49,basic,22,3,10,0,0,0,,688,0.99,0.9874174936168896,-0.0025825063831104167,1,1,sure_thing,0.04,0,1,950,1
HELIOS-004560,22.4,13.54,basic,5,76,2,0,1,0,3.0,143,0.8970616807151309,0.8356667812051726,-0.061394899509958356,1,1,sleeping_dog,0.1802,1,1,682,1
HELIOS-004561,19.2,44.83,pro,3,65,1,1,1,1,,148,0.7130835884229447,0.7889241087601574,0.07584052033721267,0,0,persuadable,0.9257,1,0,584,1
HELIOS-004562,6.8,58.13,pro,17,8,4,0,0,0,10.0,89,0.9798326785128642,0.9567099820959627,-0.023122696416901456,1,1,sure_thing,0.3428,0,1,207,1
HELIOS-004563,17.9,20.88,basic,7,17,4,0,0,1,,126,0.9514548584103998,0.8773311218999996,-0.07412373651040016,1,1,sleeping_dog,0.6689,0,1,545,1
HELIOS-004564,1.0,37.2,pro,24,9,7,0,1,0,,22,0.9463290153547698,0.9563816600964709,0.010052644741701089,1,1,sure_thing,0.3555,0,1,30,1
HELIOS-004565,31.2,17.37,basic,13,8,4,0,0,1,,266,0.9707988353923864,0.9111267365044923,-0.059672098887894154,1,1,sleeping_dog,0.7763,1,1,950,1
HELIOS-004566,25.4,34.82,pro,5,15,4,0,0,0,6.0,182,0.9588951935632462,0.9318011479195321,-0.027094045643714093,1,1,sure_thing,0.4446,0,1,773,1
HELIOS-004567,31.2,30.27,basic,3,14,2,0,0,0,,144,0.9543233029036533,0.9066568353663009,-0.047666467537352375,1,1,sure_thing,0.0209,0,1,950,1
HELIOS-004568,31.2,173.67,enterprise,9,3,11,1,0,0,8.0,360,0.9769312957234311,0.99,0.013068704276568921,1,1,sure_thing,0.1189,1,1,950,1
HELIOS-004569,20.1,15.59,basic,6,128,1,1,0,0,,88,0.8634054024041607,0.6236680245503898,-0.23973737785377092,1,1,sleeping_dog,0.8335,1,1,612,1
HELIOS-004570,21.8,51.02,pro,16,4,6,0,0,0,,286,0.963809501662394,0.9536773333121074,-0.01013216835028663,1,1,sure_thing,0.8589,0,1,664,1
HELIOS-004571,4.8,20.52,basic,8,1,1,0,0,0,8.0,42,0.9279210562991466,0.8829450377301619,-0.0449760185689847,1,1,sure_thing,0.3777,0,1,146,1
HELIOS-004572,31.2,18.97,basic,13,18,12,0,0,0,,506,0.9775064347198734,0.9761076354660512,-0.0013987992538222471,1,1,sure_thing,0.6642,1,1,950,1
HELIOS-004573,11.4,33.14,basic,11,1,0,0,0,1,6.0,89,0.9319873763454057,0.8109620173518675,-0.12102535899353828,1,1,sleeping_dog,0.4032,0,1,347,1
HELIOS-004574,31.2,12.6,basic,7,104,4,1,0,0,,238,0.9014978796159191,0.7630345123295431,-0.13846336728637598,1,0,sleeping_dog,0.9357,1,0,950,1
HELIOS-004575,31.2,129.48,enterprise,5,35,4,1,1,0,,315,0.8184276175525924,0.99,0.17157238244740758,1,1,persuadable,0.6283,1,1,950,1
HELIOS-004576,12.4,16.83,basic,15,9,6,0,0,0,,213,0.9718984275421269,0.9583864085882079,-0.013512018953918958,1,1,sure_thing,0.002,0,1,377,1
HELIOS-004577,25.9,12.63,basic,15,59,9,0,0,1,,319,0.9713990705311795,0.9040167365450321,-0.06738233398614735,1,1,sleeping_dog,0.1632,0,1,788,1
HELIOS-004578,28.6,45.65,pro,5,63,4,0,0,0,,239,0.9421633971399432,0.8374051890905371,-0.10475820804940617,1,1,sleeping_dog,0.548,0,1,871,1
HELIOS-004579,19.4,16.62,basic,8,64,4,1,0,1,7.0,151,0.94268199283805,0.8282691592482841,-0.11441283358976584,1,1,sleeping_dog,0.7726,0,1,591,0
HELIOS-004580,31.2,27.81,basic,16,0,9,1,0,0,9.0,583,0.9757842243652969,0.9827172347196211,0.006933010354324254,1,1,sure_thing,0.1688,1,1,950,1
HELIOS-004581,21.1,50.24,pro,4,72,1,3,0,0,,85,0.73586943672297,0.9226234128690443,0.18675397614607425,0,0,persuadable,0.9002,0,0,642,1
HELIOS-004582,31.2,41.46,pro,25,36,7,0,0,0,,504,0.98913426183385,0.9642209795229719,-0.024913282310878082,1,1,sure_thing,0.0269,0,1,950,1
HELIOS-004583,9.6,17.69,basic,5,15,1,0,0,0,9.0,66,0.8940022859964875,0.8279591922257346,-0.0660430937707529,1,1,sleeping_dog,0.0705,0,1,292,1
HELIOS-004584,10.7,47.85,pro,10,73,3,2,0,1,,106,0.8064182894964355,0.7758120926747452,-0.0306061968216903,1,1,lost_cause,0.8786,1,1,326,1
HELIOS-004585,11.6,137.33,enterprise,2,98,2,0,0,1,,65,0.8920739150171497,0.6604894132565396,-0.23158450176061007,1,1,sleeping_dog,0.4234,1,1,353,1
HELIOS-004586,12.5,18.41,basic,2,64,4,1,1,0,,66,0.6427875839546973,0.7751230388745494,0.1323354549198521,1,1,persuadable,0.9743,1,1,380,1
HELIOS-004587,26.4,17.4,basic,16,2,11,0,0,0,,378,0.9820314402167691,0.9808194867800982,-0.0012119534366709095,1,1,sure_thing,0.4186,0,1,804,1
HELIOS-004588,18.4,22.8,basic,3,23,4,1,0,0,6.0,109,0.911206228502548,0.9143415434390193,0.003135314936471345,1,1,lost_cause,0.758,1,1,560,1
HELIOS-004589,18.6,12.99,basic,18,34,3,0,0,0,,274,0.9679353684551861,0.8988366158255414,-0.06909875262964471,0,0,sleeping_dog,0.1529,0,0,566,0
HELIOS-004590,31.2,46.83,pro,23,14,9,0,0,1,,590,0.99,0.976184113082551,-0.01381588691744895,1,1,sure_thing,0.1451,0,1,950,1
HELIOS-004591,31.2,15.16,basic,4,123,2,0,1,0,4.0,128,0.7824486460984618,0.6139988406641288,-0.16844980543433297,1,1,sleeping_dog,0.9237,0,1,950,1
HELIOS-004592,19.9,54.31,pro,19,2,5,0,1,1,9.0,320,0.9612726625777017,0.9749861614079348,0.013713498830233095,1,1,sure_thing,0.648,0,1,606,1
HELIOS-004593,31.2,47.27,pro,2,16,1,0,0,0,5.0,158,0.9369995308472742,0.8735609489271472,-0.06343858192012697,1,1,sleeping_dog,0.0091,0,1,950,1
HELIOS-004594,10.6,64.47,pro,8,5,7,0,0,0,,126,0.9463136357009468,0.9432156847796094,-0.0030979509213374667,1,1,sure_thing,0.428,0,1,323,1
HELIOS-004595,26.1,20.51,basic,6,16,3,1,0,0,5.0,191,0.9052455107409009,0.9014159065815569,-0.003829604159343969,1,1,lost_cause,0.6269,1,1,794,1
HELIOS-004596,8.8,44.24,pro,9,43,4,1,0,0,,104,0.872732139464738,0.8576736445534259,-0.01505849491131217,1,1,lost_cause,0.2146,0,1,268,0
HELIOS-004597,23.5,22.92,basic,4,154,6,1,0,0,,164,0.8186519785746036,0.6165968179249776,-0.20205516064962603,0,0,sleeping_dog,0.978,0,0,715,1
HELIOS-004598,3.4,18.76,basic,3,2,4,0,0,0,8.0,32,0.858970242915687,0.8416374644663925,-0.017332778449294484,1,1,lost_cause,0.8302,1,1,103,1
HELIOS-004599,10.2,50.98,pro,1,102,4,0,0,0,,35,0.8662035465295284,0.6713193500731378,-0.19488419645639055,1,1,sleeping_dog,0.3309,1,1,310,1
HELIOS-004600,30.1,24.69,basic,4,13,4,1,1,0,,157,0.8449663676215299,0.99,0.1450336323784701,1,1,persuadable,0.8035,1,1,916,1
HELIOS-004601,13.6,19.9,basic,3,88,2,1,1,0,6.0,47,0.6329679486605009,0.7086429436760215,0.07567499501552066,1,1,persuadable,0.9834,1,1,414,1
HELIOS-004602,31.2,84.64,enterprise,2,197,2,2,0,0,,203,0.8099131697305277,0.7066286431502882,-0.10328452658023957,1,1,sleeping_dog,0.5209,1,1,950,1
HELIOS-004603,28.5,14.92,basic,4,111,6,2,0,1,,217,0.8439999550661541,0.781572069678288,-0.062427885387866144,1,1,sleeping_dog,0.572,1,1,868,1
HELIOS-004604,5.5,11.32,basic,9,0,3,0,0,0,,44,0.9372534146998535,0.9124780329754824,-0.024775381724371104,1,1,sure_thing,0.3129,0,1,167,1
HELIOS-004605,31.2,21.69,basic,5,4,2,0,1,0,9.0,255,0.9312411734326195,0.9614998158719024,0.03025864243928289,1,1,sure_thing,0.5463,0,1,950,1
HELIOS-004606,4.9,47.15,pro,4,19,6,0,0,1,,40,0.930494522761403,0.8872444497613028,-0.0432500730001002,1,1,sure_thing,0.2872,0,1,149,1
HELIOS-004607,6.1,19.7,basic,1,2,2,1,2,1,,30,0.475020244857778,0.7520258395837034,0.2770055947259254,0,1,persuadable,0.9828,1,1,186,1
HELIOS-004608,2.1,59.91,pro,15,3,8,0,0,0,,31,0.9619623895651359,0.9586233381063922,-0.0033390514587436915,1,1,sure_thing,0.0191,0,1,64,1
HELIOS-004609,12.0,44.15,pro,7,2,2,0,0,0,6.0,114,0.9367741932890915,0.9039545080338002,-0.03281968525529133,1,1,sure_thing,0.7218,1,1,365,1
HELIOS-004610,31.2,24.16,basic,3,20,5,0,1,0,,223,0.9224353548615081,0.9653684598194112,0.042933104957903145,1,1,sure_thing,0.6588,1,1,950,1
HELIOS-004611,13.6,53.58,pro,9,4,3,1,0,0,7.0,112,0.9375381162474616,0.9477927344627803,0.0102546182153187,1,1,sure_thing,0.1929,0,1,414,1
HELIOS-004612,3.8,52.9,pro,68,3,25,0,0,0,,167,0.99,0.99,0.0,1,1,sure_thing,0.364,1,1,116,1
HELIOS-004613,22.8,52.75,pro,1,6,1,1,1,0,6.0,123,0.8051647324235623,0.99,0.18483526757643765,0,1,persuadable,0.8957,0,0,694,1
HELIOS-004614,31.2,175.58,enterprise,4,3,5,0,0,0,,289,0.9837398854045705,0.99,0.006260114595429522,1,1,sure_thing,0.0646,1,1,950,1
HELIOS-004615,8.6,18.07,basic,6,3,10,1,0,1,,119,0.9197664908082351,0.931912725099844,0.012146234291608882,1,1,lost_cause,0.1043,0,1,262,1
HELIOS-004616,28.5,14.69,basic,21,6,8,0,0,0,,396,0.9795914934370699,0.9729529811066991,-0.006638512330370716,1,1,sure_thing,0.0811,0,1,868,1
HELIOS-004617,31.2,18.79,basic,5,13,1,0,1,0,6.0,176,0.9061094720585161,0.9242707104443234,0.0181612383858073,1,1,lost_cause,0.1274,0,1,950,1
HELIOS-004618,28.8,121.8,enterprise,18,7,9,0,1,1,9.0,520,0.9838511746899739,0.99,0.00614882531002614,1,1,sure_thing,0.4155,0,1,877,1
HELIOS-004619,31.2,56.53,pro,7,20,4,1,0,1,7.0,265,0.9595855897392971,0.9455515397990745,-0.014034049940222615,1,1,sure_thing,0.1091,0,1,950,1
HELIOS-004620,15.9,55.08,pro,2,41,3,0,0,1,,110,0.9439851624123079,0.7997430079966208,-0.1442421544156871,1,1,sleeping_dog,0.1598,1,1,484,1
HELIOS-004621,31.2,36.47,pro,3,5,1,1,1,0,,189,0.896339786045471,0.99,0.09366021395452895,1,1,persuadable,0.1049,0,1,950,1
HELIOS-004622,6.7,18.62,basic,2,53,1,0,0,1,,38,0.893399415467578,0.6751942751400216,-0.21820514032755634,1,0,sleeping_dog,0.6751,1,0,204,1
HELIOS-004623,23.8,22.32,basic,4,134,2,1,0,1,,118,0.8796235266324275,0.6206301944561095,-0.25899333217631804,1,1,sleeping_dog,0.4652,1,1,724,1
HELIOS-004624,4.3,38.6,pro,2,52,6,1,0,1,,27,0.8122216970352508,0.7808221007446595,-0.0313995962905913,1,1,lost_cause,0.9106,1,1,131,1
HELIOS-004625,31.2,14.19,basic,3,34,3,0,0,1,9.0,234,0.9389796327348824,0.8068110139588514,-0.13216861877603103,1,1,sleeping_dog,0.5595,1,1,950,1
HELIOS-004626,20.1,13.01,basic,13,2,8,1,0,0,,260,0.9671494340969425,0.9728494401030932,0.005700006006150615,1,1,sure_thing,0.6146,0,1,612,1
HELIOS-004627,31.2,137.29,enterprise,6,19,4,0,1,0,7.0,258,0.9641242791878949,0.99,0.025875720812105096,1,1,sure_thing,0.484,1,1,950,1
HELIOS-004628,31.2,24.38,basic,24,6,8,0,0,0,9.0,689,0.9865909350224661,0.9798959448839033,-0.006694990138562784,1,1,sure_thing,0.4835,0,1,950,1
HELIOS-004629,4.5,42.68,pro,1,46,1,1,0,0,6.0,21,0.8559082665525605,0.8103388507041909,-0.0455694158483696,1,1,lost_cause,0.8374,1,1,137,1
HELIOS-004630,31.2,42.16,pro,5,71,1,0,0,0,,154,0.9387205859968667,0.7468329293389446,-0.19188765665792207,1,1,sleeping_dog,0.7905,1,1,950,1
HELIOS-004631,6.6,151.37,enterprise,9,8,8,4,1,0,,88,0.6283197096246174,0.92793949297698,0.2996197833523626,0,0,persuadable,0.8286,1,0,201,1
HELIOS-004632,25.1,66.19,pro,3,188,2,0,0,0,,170,0.8586796405441083,0.5734804214599425,-0.2851992190841658,1,0,sleeping_dog,0.5535,0,1,764,1
HELIOS-004633,16.3,130.1,enterprise,6,13,4,1,0,1,,102,0.9490995367521926,0.99,0.040900463247807384,1,1,sure_thing,0.3626,1,1,496,0
HELIOS-004634,15.6,24.71,basic,7,3,3,1,0,1,,108,0.8861677831930446,0.8678697092540789,-0.018298073938965653,1,1,lost_cause,0.9849,1,1,475,0
HELIOS-004635,4.0,21.32,basic,1,132,3,1,0,1,,33,0.7024364853214871,0.45663035535281854,-0.24580612996866852,0,0,sleeping_dog,0.6914,1,0,122,1
HELIOS-004636,23.0,19.54,basic,2,30,3,1,1,0,,83,0.7884483098550705,0.9345616517893702,0.1461133419342997,1,1,persuadable,0.8798,0,1,700,1
HELIOS-004637,7.5,68.08,pro,1,90,3,0,0,0,,39,0.9030728787219949,0.7174491728692125,-0.18562370585278243,1,1,sleeping_dog,0.6058,1,1,228,1
HELIOS-004638,31.2,21.8,basic,8,14,3,2,0,0,,287,0.9210475861749544,0.9775991070336463,0.05655152085869186,1,1,persuadable,0.7372,0,1,950,1
HELIOS-004639,31.2,19.06,basic,27,2,6,0,0,0,8.0,717,0.9882877030827444,0.9768120465480231,-0.011475656534721268,1,1,sure_thing,0.7112,1,1,950,1
HELIOS-004640,16.8,101.56,enterprise,19,2,12,1,0,0,,307,0.9815851911056334,0.99,0.008414808894366632,1,1,sure_thing,0.524,0,1,511,1
HELIOS-004641,31.2,21.42,basic,1,88,1,0,0,0,,161,0.8932695698940235,0.6670169976480562,-0.2262525722459673,1,0,sleeping_dog,0.4966,1,0,950,1
HELIOS-004642,17.8,123.48,enterprise,10,15,3,0,0,0,,198,0.9396832010931939,0.9146705709101836,-0.025012630183010365,1,1,sure_thing,0.6869,1,1,542,0
HELIOS-004643,21.2,45.32,pro,3,24,4,2,1,0,8.0,128,0.7638607540573951,0.99,0.22613924594260493,1,1,persuadable,0.9609,1,1,645,1
HELIOS-004644,31.2,71.1,pro,10,2,5,0,1,1,8.0,428,0.9420394550939322,0.99,0.047960544906067826,0,0,sure_thing,0.2712,0,0,950,1
HELIOS-004645,31.2,16.04,basic,3,49,4,1,0,0,,188,0.8892985614182174,0.8666615479464581,-0.022637013471759282,1,1,lost_cause,0.6772,1,1,950,1
HELIOS-004646,6.3,35.65,pro,3,103,1,2,0,0,,22,0.6471412037251705,0.5940103030914826,-0.05313090063368786,0,0,sleeping_dog,0.9172,0,0,192,1
HELIOS-004647,3.4,25.97,basic,16,11,5,0,0,0,,49,0.9306490230073658,0.9109152976705202,-0.019733725336845698,1,1,sure_thing,0.7437,1,1,103,1
HELIOS-004648,25.7,67.97,pro,6,8,2,1,0,0,,174,0.9363687138464495,0.9539323268006731,0.017563612954223595,1,1,sure_thing,0.6746,0,1,782,1
HELIOS-004649,31.2,190.28,enterprise,13,28,5,0,0,1,8.0,443,0.9854807539927608,0.9479333328756455,-0.03754742111711529,1,1,sure_thing,0.0165,1,1,950,1
HELIOS-004650,31.2,29.33,basic,3,35,4,0,0,0,9.0,217,0.9441600232520458,0.8929499929222684,-0.051210030329777445,1,1,sleeping_dog,0.3958,0,1,950,0
HELIOS-004651,5.8,25.51,basic,3,0,4,1,1,0,,33,0.7553592386236297,0.9112901416672545,0.15593090304362478,1,1,persuadable,0.92,0,1,177,1
HELIOS-004652,4.6,43.15,pro,16,10,6,0,0,0,,50,0.9525862213390363,0.9393956909078705,-0.013190530431165803,1,1,sure_thing,0.2934,0,1,140,1
HELIOS-004653,8.6,143.59,enterprise,9,68,2,1,1,0,,68,0.8271902507411114,0.99,0.16280974925888858,1,1,persuadable,0.9205,1,1,262,1
HELIOS-004654,9.0,28.25,basic,4,18,4,1,1,1,,77,0.8098776346818104,0.9525973639976368,0.14271972931582644,1,1,persuadable,0.9022,1,1,274,1
HELIOS-004655,29.0,37.49,pro,2,101,1,2,0,0,6.0,136,0.7841115770130423,0.7441849946369574,-0.03992658237608493,1,1,lost_cause,0.4306,1,1,883,1
HELIOS-004656,21.6,15.67,basic,9,115,9,0,0,0,,246,0.9422891638856985,0.8213763792778463,-0.12091278460785215,1,0,sleeping_dog,0.2988,0,1,658,1
HELIOS-004657,31.2,17.28,basic,4,5,8,0,1,0,,324,0.9425088762064979,0.9836270257645177,0.041118149558019734,1,1,sure_thing,0.168,0,1,950,1
HELIOS-004658,11.0,16.05,basic,33,9,14,0,0,0,,262,0.99,0.989292248427304,-0.0007077515726959804,1,1,sure_thing,0.0462,1,1,335,1
HELIOS-004659,31.2,51.22,pro,5,127,4,0,0,0,,265,0.9239977218968395,0.681829237120396,-0.24216848477644348,1,1,sleeping_dog,0.6157,0,1,950,1
HELIOS-004660,11.7,52.23,pro,9,1,5,0,0,0,,103,0.9646948635898086,0.9539474481024356,-0.010747415487373013,1,1,sure_thing,0.354,0,1,356,1
HELIOS-004661,18.7,44.6,pro,1,8,6,1,0,0,,103,0.9024833095415107,0.9344065780230777,0.03192326848156701,1,1,lost_cause,0.8008,1,1,569,1
HELIOS-004662,31.2,32.24,pro,6,21,2,1,0,1,,225,0.9453357125662949,0.8917396343398193,-0.05359607822647561,1,1,sleeping_dog,0.0755,0,1,950,1
HELIOS-004663,10.9,45.43,pro,3,39,0,0,1,0,,58,0.7387729682704642,0.7466199828942355,0.007847014623771242,1,1,lost_cause,0.9629,1,1,332,1
HELIOS-004664,31.2,17.98,basic,33,1,10,1,1,0,,694,0.9799982193373816,0.99,0.010001780662618365,1,1,sure_thing,0.3954,0,1,950,1
HELIOS-004665,14.7,18.83,basic,4,3,3,1,0,0,,129,0.8581422289457089,0.8637530074757995,0.005610778530090621,1,1,lost_cause,0.9142,1,1,447,1
HELIOS-004666,31.2,33.54,pro,8,66,6,1,1,0,,204,0.8446871701638347,0.9704947024144174,0.12580753225058272,1,1,persuadable,0.7454,1,1,950,1
HELIOS-004667,17.4,175.4,enterprise,26,1,15,0,0,0,,514,0.99,0.99,0.0,1,1,sure_thing,0.6769,1,1,530,1
HELIOS-004668,1.1,19.55,basic,4,0,3,2,1,0,,6,0.704883628864819,0.9518051314190841,0.24692150255426504,0,1,persuadable,0.9474,1,1,33,1
HELIOS-004669,31.2,60.32,pro,23,6,9,2,0,0,7.0,545,0.9733805616305117,0.99,0.016619438369488315,1,1,sure_thing,0.5063,0,1,950,1
HELIOS-004670,4.7,46.6,pro,6,31,3,0,1,1,,53,0.860556235679687,0.8658896235722761,0.005333387892589081,1,1,lost_cause,0.8563,1,1,143,1
HELIOS-004671,3.3,21.19,basic,7,136,2,0,0,0,,22,0.8330688351765925,0.5591034740157463,-0.27396536116084613,1,0,sleeping_dog,0.3078,0,1,100,1
HELIOS-004672,31.2,17.75,basic,7,44,4,0,0,0,8.0,270,0.9282169522958769,0.8598580649373828,-0.06835888735849405,0,0,sleeping_dog,0.3617,0,0,950,1
HELIOS-004673,17.5,50.84,pro,15,14,8,2,1,1,,224,0.8276118768161107,0.99,0.1623881231838893,1,1,persuadable,0.5635,1,1,533,0
HELIOS-004674,15.4,179.95,enterprise,13,2,3,0,0,0,,170,0.9806710681450395,0.988193920114428,0.007522851969388511,1,1,sure_thing,0.3711,1,1,469,1
HELIOS-004675,18.2,18.12,basic,3,123,4,1,0,0,,131,0.8695423125512415,0.692789317973329,-0.1767529945779125,1,1,sleeping_dog,0.4205,0,1,554,1
HELIOS-004676,20.1,17.68,basic,5,13,10,2,1,0,,225,0.7702487562160927,0.99,0.2197512437839073,1,1,persuadable,0.8274,1,1,612,0
HELIOS-004677,13.6,137.74,enterprise,7,10,3,1,1,1,,133,0.8928998132774923,0.99,0.09710018672250764,1,1,persuadable,0.6498,1,1,414,1
HELIOS-004678,20.7,62.4,pro,22,17,10,0,0,1,,373,0.9856537430754982,0.9722372901809364,-0.013416452894561837,1,1,sure_thing,0.5497,1,1,630,1
HELIOS-004679,29.3,20.5,basic,6,5,1,0,0,0,,202,0.9580286764114593,0.9080049237817513,-0.05002375262970793,1,1,sleeping_dog,0.5005,0,1,892,0
HELIOS-004680,25.1,49.6,pro,27,3,19,0,0,0,9.0,569,0.99,0.99,0.0,1,1,sure_thing,0.0957,1,1,764,1
HELIOS-004681,15.9,16.46,basic,5,8,4,1,0,0,,61,0.9146215579263725,0.919810980454174,0.005189422527801524,1,1,lost_cause,0.6522,1,1,484,1
HELIOS-004682,31.2,28.68,basic,2,212,1,0,0,0,,125,0.8605483088556067,0.5676574808983808,-0.292890827957226,1,0,sleeping_dog,0.8865,1,0,950,1
HELIOS-004683,24.1,45.09,pro,6,61,3,0,0,0,,187,0.9376383863995088,0.8149132362594208,-0.122725150140088,1,0,sleeping_dog,0.36,1,0,734,1
HELIOS-004684,22.1,18.86,basic,4,230,1,1,1,0,,137,0.5148590731377426,0.3638766989936055,-0.15098237414413712,0,0,sleeping_dog,0.9991,1,0,673,1
HELIOS-004685,31.2,20.25,basic,19,12,8,0,0,0,,603,0.9761465401320127,0.9681835428143395,-0.007962997317673248,1,1,sure_thing,0.7257,0,1,950,1
HELIOS-004686,13.4,65.88,pro,3,47,3,1,0,0,,74,0.9113316059128262,0.9061162129532299,-0.005215392959596388,1,1,lost_cause,0.1078,1,1,408,1
HELIOS-004687,11.4,26.93,basic,13,7,5,1,1,0,6.0,160,0.8653615707523564,0.9632775049603407,0.09791593420798428,1,1,persuadable,0.8045,1,1,347,1
HELIOS-004688,31.2,32.61,basic,9,57,6,2,0,0,,305,0.9139729970069927,0.9713075508736355,0.05733455386664277,1,1,persuadable,0.5612,1,1,950,1
HELIOS-004689,31.2,48.34,pro,12,7,6,0,0,1,,407,0.9725406486222862,0.9405751595117833,-0.0319654891105029,1,1,sure_thing,0.2686,0,1,950,1
HELIOS-004690,18.5,24.51,basic,14,9,5,1,0,0,,270,0.962442166587148,0.9629218192859144,0.0004796526987663752,1,1,sure_thing,0.7262,1,1,563,1
HELIOS-004691,29.5,22.91,basic,34,3,24,0,0,0,,892,0.99,0.99,0.0,1,1,sure_thing,0.3362,0,1,898,1
HELIOS-004692,30.2,18.51,basic,4,8,12,0,1,0,6.0,226,0.9568467390388772,0.99,0.03315326096112281,1,1,sure_thing,0.2826,1,1,919,1
HELIOS-004693,16.5,38.87,pro,4,0,0,1,1,0,,73,0.8030392623388413,0.9648213565675711,0.1617820942287298,1,1,persuadable,0.6037,1,1,502,1
HELIOS-004694,25.4,42.73,pro,6,21,7,1,0,0,,275,0.9410256367683906,0.9592653645547041,0.018239727786313553,1,1,sure_thing,0.4769,0,1,773,1
HELIOS-004695,31.2,16.45,basic,3,0,2,0,0,1,3.0,205,0.9369035007798066,0.8604607461887746,-0.076442754591032,1,1,sleeping_dog,0.1729,0,1,950,1
HELIOS-004696,1.5,14.67,basic,20,1,8,0,0,1,10.0,23,0.9742285141050456,0.9583782690017919,-0.015850245103253724,1,1,sure_thing,0.1969,0,1,46,1
HELIOS-004697,8.7,51.15,pro,7,24,7,0,1,0,8.0,50,0.8746231457315207,0.9292223132600248,0.05459916752850413,1,1,persuadable,0.5718,0,1,265,1
HELIOS-004698,16.3,20.1,basic,3,61,3,1,1,0,,136,0.7368879982636046,0.8606319742655684,0.12374397600196374,0,1,persuadable,0.8397,1,1,496,1
HELIOS-004699,13.9,22.47,basic,3,247,3,1,0,1,7.0,87,0.6417687405193382,0.3652993049047717,-0.2764694356145665,1,1,sleeping_dog,0.8978,1,1,423,1
HELIOS-004700,31.2,50.05,pro,3,5,0,3,1,0,5.0,190,0.7026635795544524,0.99,0.28733642044554764,1,1,persuadable,0.9308,1,1,950,1
HELIOS-004701,5.3,23.11,basic,1,105,1,0,1,0,,29,0.7768892313395055,0.6440141799108219,-0.1328750514286836,1,1,sleeping_dog,0.5583,1,1,161,1
HELIOS-004702,13.6,16.23,basic,16,24,4,0,0,0,,231,0.9587823190339615,0.9185580930510838,-0.04022422598287767,1,1,sure_thing,0.4894,0,1,414,0
HELIOS-004703,7.2,83.75,enterprise,7,0,9,0,0,1,8.0,79,0.9709837057331477,0.9693096877346097,-0.0016740179985380577,1,1,sure_thing,0.1028,0,1,219,1
HELIOS-004704,23.2,18.99,basic,16,2,9,0,0,0,,368,0.9743312495577031,0.9709252562323498,-0.003405993325353296,1,1,sure_thing,0.4091,1,1,706,1
HELIOS-004705,19.6,165.59,enterprise,10,6,7,0,1,0,10.0,210,0.9572779829248748,0.99,0.03272201707512523,1,1,sure_thing,0.6758,1,1,597,1
HELIOS-004706,22.4,50.93,pro,13,10,4,1,0,0,,305,0.9415378199021708,0.9458032317732066,0.004265411871035796,1,1,sure_thing,0.5231,1,1,682,1
HELIOS-004707,18.9,52.73,pro,5,20,3,0,0,0,,112,0.9340228694541354,0.8925754649447251,-0.04144740450941031,1,1,sure_thing,0.3266,0,1,575,1
HELIOS-004708,31.2,19.32,basic,0,9,1,1,0,0,8.0,251,0.892587618401759,0.8893894798051467,-0.003198138596612332,1,1,lost_cause,0.1186,0,1,950,1
HELIOS-004709,21.4,159.99,enterprise,2,57,0,0,0,0,,90,0.9441237641499509,0.8141003045581275,-0.13002345959182338,1,1,sleeping_dog,0.3134,1,1,651,1
HELIOS-004710,31.2,19.34,basic,21,5,9,0,0,0,9.0,477,0.9859238188974206,0.9815170123836815,-0.004406806513739148,1,1,sure_thing,0.5357,1,1,950,1
HELIOS-004711,31.2,23.61,basic,10,14,6,1,0,0,,373,0.9642817523104018,0.9695196181227845,0.005237865812382725,1,1,sure_thing,0.6628,0,1,950,1
HELIOS-004712,1.1,18.04,basic,43,5,16,0,0,0,,28,0.99,0.99,0.0,1,1,sure_thing,0.0803,0,1,33,1
HELIOS-004713,21.6,14.43,basic,14,17,3,0,1,0,6.0,195,0.9387160101847284,0.9435745980932059,0.004858587908477485,1,1,sure_thing,0.4515,1,1,658,1
HELIOS-004714,31.2,43.54,pro,10,2,8,1,0,0,,326,0.955543705851488,0.971831825504579,0.01628811965309107,1,1,sure_thing,0.7078,1,1,950,1
HELIOS-004715,1.0,59.31,pro,0,28,1,1,0,0,,0,0.8012680324043753,0.8016821462658367,0.00041411386146139595,1,1,lost_cause,0.4711,1,1,30,1
HELIOS-004716,31.2,42.86,pro,7,2,5,1,0,0,9.0,378,0.944631400605144,0.9611105810197241,0.016479180414580186,1,1,sure_thing,0.8137,1,1,950,0
HELIOS-004717,25.4,21.2,basic,20,13,7,0,0,0,10.0,401,0.9837654308099619,0.9721516015168628,-0.011613829293099176,1,1,sure_thing,0.552,1,1,773,1
HELIOS-004718,25.6,82.81,enterprise,1,4,1,0,0,0,5.0,106,0.9342397555281267,0.8987373122226752,-0.03550244330545149,1,1,sure_thing,0.9198,1,1,779,1
HELIOS-004719,31.2,26.86,basic,3,40,3,0,0,0,10.0,242,0.9377634107347166,0.861334232868081,-0.07642917786663561,1,1,sleeping_dog,0.8837,1,1,950,1
HELIOS-004720,30.1,145.55,enterprise,5,9,1,1,1,1,,226,0.9382361906133279,0.99,0.05176380938667213,1,1,persuadable,0.306,0,1,916,1
HELIOS-004721,9.0,14.76,basic,7,3,3,0,0,0,,84,0.8888370692441021,0.8621072738011524,-0.026729795442949733,1,1,lost_cause,0.3803,1,1,274,1
HELIOS-004722,9.3,20.84,basic,10,61,7,2,0,1,,79,0.8393338820313246,0.86379848640358,0.024464604372255394,1,1,lost_cause,0.5945,1,1,283,1
HELIOS-004723,31.2,25.8,basic,11,26,5,0,0,0,7.0,298,0.9791417768944085,0.9480329494766869,-0.031108827417721585,1,1,sure_thing,0.3785,0,1,950,1
HELIOS-004724,13.1,40.21,pro,1,121,2,0,0,0,,30,0.8163960743152817,0.5596631990717775,-0.2567328752435042,1,1,sleeping_dog,0.5188,0,1,399,1
HELIOS-004725,14.0,12.62,basic,10,41,10,1,1,0,,173,0.8416608728855618,0.9389107594882711,0.09724988660270928,0,1,persuadable,0.8583,1,1,426,1
HELIOS-004726,31.2,21.25,basic,7,32,2,0,1,1,4.0,290,0.906346206362498,0.8720219526168173,-0.03432425374568071,1,1,lost_cause,0.6548,1,1,950,1
HELIOS-004727,23.0,21.79,basic,10,20,2,1,0,0,5.0,195,0.91737332072654,0.8985471178918913,-0.018826202834648642,1,1,lost_cause,0.5835,0,1,700,1
HELIOS-004728,3.5,26.17,basic,10,3,5,0,0,0,,55,0.9531371900688336,0.9392112635210937,-0.01392592654773983,1,1,sure_thing,0.2914,0,1,107,1
HELIOS-004729,3.1,13.02,basic,8,17,4,0,1,0,,23,0.8436912271704328,0.8628927784736997,0.01920155130326695,1,1,lost_cause,0.6485,1,1,94,1
HELIOS-004730,27.2,21.59,basic,3,95,2,2,0,1,,158,0.8820441008989645,0.7803499280601202,-0.1016941728388443,1,1,sleeping_dog,0.4162,1,1,828,1
HELIOS-004731,3.1,21.19,basic,13,52,2,0,0,1,,37,0.9067188055200092,0.7069726193913713,-0.19974618612863781,1,1,sleeping_dog,0.5717,0,1,94,1
HELIOS-004732,10.7,49.1,pro,2,28,0,1,0,0,,38,0.80360931435042,0.7754393156984807,-0.028169998651939365,1,1,lost_cause,0.4246,1,1,326,1
HELIOS-004733,31.2,42.05,pro,13,98,4,1,0,1,,284,0.9534479875621834,0.7591451908216078,-0.1943027967405756,1,1,sleeping_dog,0.3043,1,1,950,1
HELIOS-004734,9.1,27.47,basic,3,135,2,0,1,0,,49,0.6394585348470133,0.46093974859319464,-0.17851878625381867,0,0,sleeping_dog,0.9197,1,0,277,1
HELIOS-004735,12.8,15.59,basic,8,7,5,1,1,0,6.0,155,0.8245820411117276,0.9361793452281886,0.11159730411646096,1,1,persuadable,0.5609,1,1,390,1
HELIOS-004736,31.2,37.65,pro,18,45,8,1,0,1,,457,0.9713210380917788,0.9493993782083096,-0.02192165988346928,1,1,sure_thing,0.9166,1,1,950,1
HELIOS-004737,16.2,16.22,basic,7,31,7,0,0,0,,134,0.9431742482606729,0.9238164785110734,-0.019357769749599463,1,1,sure_thing,0.4728,0,1,493,1
HELIOS-004738,9.4,24.52,basic,7,11,9,1,0,0,8.0,105,0.9127168426153003,0.9270841063532347,0.0143672637379344,0,0,lost_cause,0.1425,0,0,286,1
HELIOS-004739,7.5,15.77,basic,7,49,2,1,1,0,,36,0.7334814227541826,0.8286776642248533,0.09519624147067074,1,1,persuadable,0.922,1,1,228,0
HELIOS-004740,31.2,12.56,basic,4,198,3,2,0,1,6.0,148,0.7433379598519106,0.5251981303479184,-0.21813982950399224,1,1,sleeping_dog,0.844,1,1,950,1
HELIOS-004741,21.4,39.65,pro,3,39,1,0,0,0,6.0,127,0.9195870789319145,0.8057285389083302,-0.11385854002358431,1,1,sleeping_dog,0.9737,1,1,651,1
HELIOS-004742,22.5,33.09,pro,7,15,6,1,0,0,6.0,298,0.8916962729279004,0.9034151392501485,0.011718866322248056,1,1,lost_cause,0.062,0,1,685,1
HELIOS-004743,6.3,46.23,pro,10,2,11,1,0,1,,65,0.9434011263100771,0.9604080896856295,0.01700696337555241,1,1,sure_thing,0.0322,0,1,192,1
HELIOS-004744,13.7,21.93,basic,9,7,6,1,0,0,,105,0.9396317329477053,0.9472138336399003,0.007582100692195004,1,1,sure_thing,0.1528,0,1,417,1
HELIOS-004745,31.2,42.54,pro,1,95,1,1,1,0,,73,0.7217424358266779,0.8065887758059805,0.08484633997930269,1,1,persuadable,0.9355,1,1,950,1
HELIOS-004746,15.2,124.28,enterprise,27,3,11,1,0,1,10.0,263,0.984994669734562,0.99,0.005005330265438035,1,1,sure_thing,0.4932,0,1,463,1
HELIOS-004747,28.7,56.78,pro,5,54,5,1,1,0,,218,0.8051047408532358,0.9828292794126401,0.1777245385594043,1,1,persuadable,0.734,1,1,874,1
HELIOS-004748,13.0,17.07,basic,23,8,9,0,0,0,9.0,206,0.9863905515140182,0.9812438877782049,-0.005146663735813295,1,1,sure_thing,0.188,0,1,396,1
HELIOS-004749,24.7,19.42,basic,2,191,3,2,0,0,,112,0.6995283177578842,0.5158961915310732,-0.1836321262268109,0,0,sleeping_dog,0.9594,1,0,752,1
HELIOS-004750,31.2,18.25,basic,8,22,5,1,1,0,,224,0.881630643604161,0.99,0.108369356395839,1,1,persuadable,0.5822,0,1,950,1
HELIOS-004751,31.2,52.03,pro,8,12,3,1,0,1,,226,0.9285609064447217,0.9085063692682639,-0.020054537176457776,1,1,sure_thing,0.1868,1,1,950,1
HELIOS-004752,25.4,20.28,basic,22,2,5,0,0,0,,463,0.9876939083026993,0.9724120565827947,-0.015281851719904593,1,1,sure_thing,0.436,1,1,773,1
HELIOS-004753,30.8,17.47,basic,13,20,10,0,0,1,8.0,392,0.9826111989599481,0.9674562685360817,-0.015154930423866397,1,1,sure_thing,0.0508,1,1,938,1
HELIOS-004754,30.9,37.01,pro,16,5,5,0,1,0,,559,0.973090340410925,0.99,0.016909659589074977,1,1,sure_thing,0.1054,0,1,941,1
HELIOS-004755,30.2,15.28,basic,7,35,10,2,0,1,,350,0.9314671188493634,0.9893788169663439,0.05791169811698049,1,1,persuadable,0.9202,1,1,919,0
HELIOS-004756,2.6,151.8,enterprise,7,82,3,0,0,1,9.0,25,0.9399137018864291,0.734162234696512,-0.2057514671899171,1,1,sleeping_dog,0.4808,1,1,79,1
HELIOS-004757,9.8,16.89,basic,14,1,4,0,1,0,,147,0.9206689245694178,0.9345685766281582,0.01389965205874033,1,1,sure_thing,0.6122,1,1,298,1
HELIOS-004758,25.2,21.01,basic,13,11,6,1,0,0,,268,0.9686740652491709,0.9713089136692488,0.0026348484200778843,1,1,sure_thing,0.2772,0,1,767,1
HELIOS-004759,31.2,19.96,basic,12,2,3,0,0,0,,360,0.9735868844006499,0.9469519069061344,-0.026634977494515488,1,1,sure_thing,0.2998,0,1,950,0
HELIOS-004760,24.2,26.19,basic,12,5,7,1,0,0,7.0,274,0.9539346745134785,0.9614490425009791,0.007514367987500603,1,1,sure_thing,0.5334,0,1,737,1
HELIOS-004761,31.2,63.49,pro,2,1,4,0,0,0,,176,0.9740815585747452,0.9638562298054747,-0.010225328769270514,1,1,sure_thing,0.2971,1,1,950,1
HELIOS-004762,31.2,17.95,basic,8,38,4,1,1,0,,207,0.8679070212247953,0.9754063025660019,0.10749928134120657,1,1,persuadable,0.8732,1,1,950,1
HELIOS-004763,16.7,15.91,basic,5,14,4,0,0,0,4.0,80,0.9485035030972917,0.9208603005505215,-0.027643202546770218,1,1,sure_thing,0.0922,1,1,508,1
HELIOS-004764,20.8,11.43,basic,9,10,4,1,0,1,,149,0.9306405397212869,0.9089708621534454,-0.02166967756784155,1,1,sure_thing,0.4414,1,1,633,1
HELIOS-004765,31.2,58.36,pro,13,30,10,0,0,0,,445,0.9785407132519116,0.9735978085557987,-0.004942904696112915,1,1,sure_thing,0.7106,1,1,950,1
HELIOS-004766,31.2,15.69,basic,8,30,4,0,1,0,,267,0.9353533982494244,0.950402988413357,0.015049590163932591,1,1,sure_thing,0.0374,0,1,950,1
HELIOS-004767,31.2,20.24,basic,20,14,23,2,0,0,10.0,497,0.9814458566612639,0.99,0.008554143338736053,1,1,sure_thing,0.1592,0,1,950,1
HELIOS-004768,12.6,50.95,pro,5,102,1,0,0,1,,109,0.8633370410673968,0.5892432991512131,-0.27409374191618374,1,1,sleeping_dog,0.4828,0,1,384,1
HELIOS-004769,8.7,16.89,basic,41,1,17,0,0,0,10.0,280,0.99,0.99,0.0,1,1,sure_thing,0.3994,1,1,265,1
HELIOS-004770,16.7,50.24,pro,9,24,7,0,1,0,8.0,142,0.9190936792808022,0.9653646835340384,0.04627100425323616,1,1,lost_cause,0.3417,0,1,508,1
HELIOS-004771,22.6,19.17,basic,3,80,2,1,0,0,6.0,102,0.8771149730846707,0.7593936771374546,-0.11772129594721603,0,0,sleeping_dog,0.7231,1,0,688,1
HELIOS-004772,31.2,42.21,pro,4,6,1,0,0,0,,204,0.9356630998518941,0.8868567157296907,-0.048806384122203395,1,1,sure_thing,0.2409,0,1,950,1
HELIOS-004773,30.2,24.11,basic,2,71,1,0,0,0,,148,0.8758641483946098,0.6834690072211782,-0.1923951411734316,1,1,sleeping_dog,0.3698,1,1,919,1
HELIOS-004774,13.0,109.54,enterprise,2,23,2,2,0,0,,72,0.8249401738764659,0.99,0.1650598261235341,1,1,persuadable,0.5711,1,1,396,1
HELIOS-004775,5.5,59.19,pro,6,17,6,1,1,0,,60,0.8340657243545224,0.99,0.15593427564547757,1,1,persuadable,0.7465,1,1,167,1
HELIOS-004776,28.3,95.77,enterprise,10,6,3,1,0,0,,219,0.9494572090715406,0.9809394594877213,0.03148225041618069,1,1,sure_thing,0.3645,1,1,861,1
HELIOS-004777,31.2,23.85,basic,4,10,4,1,0,0,9.0,246,0.9100140839157684,0.9184813543250356,0.008467270409267202,1,1,lost_cause,0.3526,0,1,950,1
HELIOS-004778,26.5,185.98,enterprise,14,20,14,2,0,1,,334,0.9720904390025723,0.99,0.017909560997427687,1,1,sure_thing,0.418,1,1,807,1
HELIOS-004779,16.8,118.07,enterprise,14,23,6,1,0,0,,242,0.97122320028302,0.99,0.018776799716979986,1,1,sure_thing,0.536,1,1,511,1
HELIOS-004780,9.6,15.26,basic,7,0,5,1,0,0,,66,0.9053152027283865,0.9129132222266293,0.007598019498242792,1,1,lost_cause,0.8057,0,1,292,1
HELIOS-004781,31.2,44.4,pro,24,24,8,0,0,0,,557,0.9825169393059221,0.9703440126226149,-0.012172926683307161,1,1,sure_thing,0.0951,0,1,950,1
HELIOS-004782,31.2,41.87,pro,14,0,10,0,0,0,9.0,422,0.9796402540688193,0.9789704831977245,-0.0006697708710947659,1,1,sure_thing,0.0535,0,1,950,1
HELIOS-004783,31.2,49.84,pro,14,7,9,0,0,0,,420,0.9821109424868728,0.9795011987100192,-0.0026097437768536347,1,1,sure_thing,0.1271,0,1,950,1
HELIOS-004784,6.6,15.6,basic,2,90,1,2,0,0,3.0,29,0.7100088985872758,0.6693679436431169,-0.04064095494415887,1,1,lost_cause,0.9786,1,1,201,1
HELIOS-004785,11.9,33.53,pro,13,13,11,0,0,0,8.0,230,0.9694447892095661,0.9681474292803381,-0.0012973599292279703,1,1,sure_thing,0.2698,0,1,362,1
HELIOS-004786,8.2,13.36,basic,1,365,0,1,0,0,6.0,29,0.40273797609928796,0.12543375409854862,-0.27730422200073934,1,0,sleeping_dog,0.9885,1,0,250,1
HELIOS-004787,20.2,16.77,basic,2,365,2,1,0,0,,78,0.47788148326442603,0.2002161393903994,-0.27766534387402664,0,0,sleeping_dog,0.9189,1,0,615,0
HELIOS-004788,4.5,42.12,pro,2,1,0,5,0,0,5.0,19,0.5278666989499665,0.8233618509956742,0.29549515204570764,1,1,persuadable,0.8878,1,1,137,0
HELIOS-004789,12.8,35.18,pro,5,27,2,0,0,0,,60,0.9000613819611035,0.8305909222159091,-0.06947045974519439,1,1,sleeping_dog,0.7494,1,1,390,1
HELIOS-004790,31.2,23.39,basic,5,32,3,0,1,0,,160,0.8904982530014782,0.9116482981526456,0.021150045151167363,1,1,lost_cause,0.234,0,1,950,1
HELIOS-004791,22.1,39.52,pro,27,10,10,1,0,0,9.0,394,0.9862534379135266,0.9887103450588489,0.002456907145322318,1,1,sure_thing,0.5035,0,1,673,1
HELIOS-004792,10.0,16.66,basic,6,66,6,0,0,0,,59,0.9321939778084365,0.8578614368801355,-0.074332540928301,1,1,sleeping_dog,0.7248,1,1,304,1
HELIOS-004793,24.1,24.97,basic,11,50,1,1,0,0,,211,0.9297478954839788,0.8512658063993728,-0.07848208908460608,1,0,sleeping_dog,0.5592,0,1,734,1
HELIOS-004794,19.0,19.7,basic,1,30,6,0,0,0,5.0,222,0.9144459572462703,0.8908862055797554,-0.023559751666514916,1,1,lost_cause,0.3814,1,1,578,1
HELIOS-004795,31.2,43.4,pro,3,256,3,1,0,0,7.0,190,0.8183447988975368,0.5525351144182036,-0.2658096844793332,1,0,sleeping_dog,0.4211,0,1,950,1
HELIOS-004796,23.5,47.35,pro,17,2,9,0,0,0,7.0,266,0.9881815904137755,0.9856344118542593,-0.00254717855951625,1,1,sure_thing,0.2494,0,1,715,1
HELIOS-004797,10.2,181.06,enterprise,9,6,4,1,1,1,,125,0.916270935842564,0.99,0.07372906415743596,1,1,persuadable,0.2538,0,1,310,1
HELIOS-004798,14.8,21.15,basic,16,6,6,1,0,1,,182,0.9476311209067028,0.9388736482681252,-0.008757472638577513,1,1,sure_thing,0.2802,1,1,451,1
HELIOS-004799,15.8,80.46,pro,16,2,11,0,1,1,10.0,294,0.9621377744657688,0.99,0.027862225534231233,1,1,sure_thing,0.6332,1,1,481,1
HELIOS-004800,31.2,18.73,basic,2,92,1,2,0,0,,106,0.8500852508984642,0.8083040038567703,-0.04178124704169395,1,1,lost_cause,0.7572,1,1,950,1
HELIOS-004801,31.2,17.14,basic,12,11,4,0,1,1,7.0,456,0.9220496536431135,0.9226499018342736,0.0006002481911601132,1,1,sure_thing,0.6985,1,1,950,1
HELIOS-004802,18.2,16.73,basic,1,50,2,1,0,0,6.0,62,0.8528613361028147,0.8040170091543821,-0.04884432694843255,0,0,lost_cause,0.7637,1,0,554,1
HELIOS-004803,31.2,17.28,basic,1,69,1,0,0,0,5.0,160,0.8988377529821484,0.710717951310891,-0.18811980167125741,1,1,sleeping_dog,0.65,0,1,950,1
HELIOS-004804,31.2,16.75,basic,3,40,2,0,0,0,,156,0.9380447437227581,0.8411854698929188,-0.09685927382983939,0,0,sleeping_dog,0.3317,0,0,950,1
HELIOS-004805,11.9,41.6,pro,1,138,1,0,1,0,8.0,49,0.6095772455225454,0.4343811296484098,-0.17519611587413564,1,1,sleeping_dog,0.9752,1,1,362,1
HELIOS-004806,31.2,91.86,enterprise,8,41,2,0,0,0,,229,0.973395757691796,0.8813727415938792,-0.09202301609791674,1,1,sleeping_dog,0.3094,0,1,950,1
HELIOS-004807,31.2,15.8,basic,7,96,2,0,1,0,,206,0.8509723718822249,0.7381232895078065,-0.11284908237441837,1,0,sleeping_dog,0.8518,0,1,950,1
HELIOS-004808,8.1,16.1,basic,12,8,7,0,1,0,,127,0.9021674427572142,0.9223738909449543,0.02020644818774009,1,1,lost_cause,0.7252,1,1,247,1
HELIOS-004809,23.4,16.89,basic,5,107,0,1,0,0,,129,0.7414503069967107,0.5200446974751869,-0.22140560952152377,0,0,sleeping_dog,0.9398,1,0,712,1
HELIOS-004810,31.2,59.31,pro,7,4,5,0,0,0,,310,0.9698673482454546,0.9592771657345237,-0.010590182510930912,1,1,sure_thing,0.5148,1,1,950,1
HELIOS-004811,14.7,17.84,basic,9,14,8,1,0,1,6.0,153,0.9398539759041444,0.9410544048451703,0.0012004289410258995,1,1,sure_thing,0.8382,0,1,447,1
HELIOS-004812,13.4,186.63,enterprise,8,4,5,0,0,0,,183,0.9676025824337954,0.99,0.022397417566204614,1,1,sure_thing,0.3195,0,1,408,0
HELIOS-004813,18.0,15.54,basic,12,26,7,1,0,1,,264,0.9610475312064952,0.9476991161974614,-0.013348415009033832,1,1,sure_thing,0.1171,1,1,548,1
HELIOS-004814,12.9,16.78,basic,3,36,4,2,0,0,7.0,53,0.825366213512491,0.8950924946282142,0.06972628111572321,0,0,persuadable,0.7315,1,0,393,1
HELIOS-004815,21.5,29.26,basic,17,1,9,1,0,0,,369,0.9562315907410809,0.9626222103176982,0.006390619576617351,1,1,sure_thing,0.3192,0,1,654,1
HELIOS-004816,9.1,44.05,pro,6,10,5,0,1,0,5.0,81,0.8399944991873598,0.8912082206894261,0.05121372150206627,1,1,persuadable,0.2349,0,1,277,1
HELIOS-004817,28.3,23.12,basic,13,37,4,0,0,1,6.0,314,0.9748139322269163,0.856127602907752,-0.11868632931916423,1,1,sleeping_dog,0.4598,0,1,861,1
HELIOS-004818,26.6,21.68,basic,9,2,6,0,0,1,,346,0.9485138137159875,0.9206024749171612,-0.027911338798826346,1,1,sure_thing,0.8848,1,1,810,1
HELIOS-004819,24.0,47.73,pro,52,0,22,0,0,1,,842,0.99,0.99,0.0,0,0,sure_thing,0.3877,1,0,731,1
HELIOS-004820,31.2,37.82,pro,3,17,2,2,0,1,,123,0.9025047140348674,0.9773285178295873,0.07482380379471987,1,1,persuadable,0.4608,1,1,950,1
HELIOS-004821,16.8,14.61,basic,22,6,6,1,0,0,,360,0.9679221660616263,0.9658787259629326,-0.0020434400986937273,1,1,sure_thing,0.4069,0,1,511,1
HELIOS-004822,14.1,60.57,pro,20,8,5,0,0,0,,298,0.9800384397242548,0.9628537964785182,-0.01718464324573654,1,1,sure_thing,0.0792,0,1,429,1
HELIOS-004823,31.2,223.79,enterprise,3,0,4,0,0,1,6.0,218,0.9820517989934268,0.99,0.00794820100657323,1,1,sure_thing,0.1635,1,1,950,1
HELIOS-004824,5.5,106.33,enterprise,5,5,1,1,1,0,6.0,30,0.754594306336834,0.99,0.235405693663166,1,1,persuadable,0.5805,1,1,167,1
HELIOS-004825,6.2,17.5,basic,6,52,4,0,1,0,,58,0.7652072896994397,0.7706015390686533,0.005394249369213511,1,1,lost_cause,0.5195,0,1,189,1
HELIOS-004826,7.4,16.46,basic,5,22,6,0,0,0,6.0,52,0.9359240712957383,0.9168816079065986,-0.01904246338913973,1,1,sure_thing,0.0066,1,1,225,1
HELIOS-004827,31.0,23.21,basic,9,87,1,1,0,0,9.0,294,0.9003376238576435,0.7354330625239752,-0.16490456133366826,1,1,sleeping_dog,0.6926,1,1,944,1
HELIOS-004828,25.5,23.46,basic,11,44,3,1,1,0,,313,0.8574118893779571,0.9485610835471714,0.0911491941692143,1,1,persuadable,0.7122,1,1,776,1
HELIOS-004829,4.1,62.06,pro,5,88,4,2,0,0,,20,0.7047594797532973,0.7711133431517583,0.06635386339846094,1,1,persuadable,0.9622,1,1,125,1
HELIOS-004830,16.1,39.72,pro,2,54,3,0,0,0,6.0,86,0.902708099855896,0.7980371885706687,-0.10467091128522721,1,1,sleeping_dog,0.8071,1,1,490,1
HELIOS-004831,9.0,38.52,pro,10,21,6,0,0,0,,97,0.9473779897147931,0.9290357848897587,-0.018342204825034458,1,1,sure_thing,0.1937,0,1,274,1
HELIOS-004832,31.2,20.77,basic,28,8,8,0,0,0,,543,0.99,0.9835355287181466,-0.006464471281853346,1,1,sure_thing,0.0355,0,1,950,1
HELIOS-004833,22.6,16.07,basic,14,20,5,0,0,0,,208,0.9772256332923578,0.9507138865558245,-0.026511746736533337,1,1,sure_thing,0.3995,0,1,688,1
HELIOS-004834,31.2,23.85,basic,19,4,8,0,0,1,,600,0.9873323674957595,0.9701222074152016,-0.017210160080557868,1,1,sure_thing,0.4089,1,1,950,1
HELIOS-004835,31.2,46.47,pro,8,8,2,0,0,0,,364,0.9660262410545428,0.9259501012853474,-0.04007613976919544,1,1,sure_thing,0.5238,1,1,950,0
HELIOS-004836,7.8,17.55,basic,6,49,10,1,0,1,,87,0.8445494555361431,0.8411702713869894,-0.0033791841491537244,1,1,lost_cause,0.97,0,1,237,1
HELIOS-004837,15.1,128.93,enterprise,3,17,0,1,0,0,,117,0.9010369851132974,0.9665519950636927,0.06551500995039528,1,1,persuadable,0.9534,1,1,460,1
HELIOS-004838,22.3,29.75,basic,8,25,5,0,1,0,5.0,158,0.9402468229811121,0.9697077415532087,0.02946091857209665,1,1,sure_thing,0.7357,1,1,679,1
HELIOS-004839,31.2,62.4,pro,21,10,6,0,0,1,,579,0.9866160442459635,0.95005368177443,-0.03656236247153355,1,1,sure_thing,0.3437,1,1,950,1
HELIOS-004840,31.2,17.53,basic,0,156,1,0,0,0,8.0,170,0.8463556358372926,0.5608078734998347,-0.2855477623374578,1,0,sleeping_dog,0.8831,1,0,950,1
HELIOS-004841,26.8,21.21,basic,13,26,9,0,0,0,,369,0.9680148944469301,0.9593779222359622,-0.00863697221096793,1,1,sure_thing,0.1152,0,1,816,1
HELIOS-004842,19.7,185.52,enterprise,7,26,5,3,1,0,6.0,112,0.827060113850424,0.99,0.162939886149576,1,1,persuadable,0.8077,1,1,600,1
HELIOS-004843,15.2,52.01,pro,2,7,1,1,0,0,6.0,121,0.8822901075914441,0.8944355472133991,0.012145439621955023,1,1,lost_cause,0.5086,0,1,463,1
HELIOS-004844,24.8,29.74,basic,24,8,15,1,1,0,,410,0.9729278067172912,0.99,0.017072193282708814,1,1,sure_thing,0.0446,0,1,755,1
HELIOS-004845,31.2,57.54,pro,6,3,3,2,0,0,4.0,292,0.9201733685698403,0.99,0.06982663143015966,0,1,persuadable,0.1995,1,1,950,1
HELIOS-004846,31.2,14.59,basic,7,9,7,1,0,0,,316,0.9687464890492693,0.9780815389333427,0.00933504988407341,1,1,sure_thing,0.0932,0,1,950,0
HELIOS-004847,22.5,122.03,enterprise,12,9,4,0,1,0,,325,0.961385700055753,0.99,0.028614299944247024,1,1,sure_thing,0.1089,1,1,685,1
HELIOS-004848,7.3,47.9,pro,7,34,5,2,0,0,,68,0.8700751402744511,0.9607090425947586,0.09063390232030755,1,1,persuadable,0.6371,1,1,222,1
HELIOS-004849,26.7,19.52,basic,10,11,4,2,0,1,7.0,205,0.9255338519297847,0.9647422637764159,0.039208411846631264,1,1,sure_thing,0.2306,1,1,813,1
HELIOS-004850,8.0,12.91,basic,9,3,4,1,0,0,8.0,49,0.9237951951576865,0.9252521075767396,0.0014569124190531024,0,0,sure_thing,0.7286,1,0,244,1
HELIOS-004851,31.2,19.48,basic,7,4,2,1,0,0,,195,0.9344301738228175,0.9306683762034891,-0.0037617976193283775,1,1,sure_thing,0.0534,0,1,950,1
HELIOS-004852,29.1,31.68,basic,6,93,4,0,1,1,5.0,142,0.925363395849475,0.8048566290166561,-0.12050676683281891,1,0,sleeping_dog,0.8295,1,0,886,1
HELIOS-004853,31.2,128.38,enterprise,5,37,8,1,0,0,,283,0.9533254426862148,0.99,0.03667455731378522,1,1,sure_thing,0.3058,0,1,950,1
HELIOS-004854,31.2,16.02,basic,6,10,3,1,0,0,,290,0.9489322048017483,0.9473595994443911,-0.0015726053573572596,1,1,sure_thing,0.714,0,1,950,1
HELIOS-004855,5.6,179.66,enterprise,91,2,24,0,0,0,10.0,240,0.99,0.99,0.0,1,1,sure_thing,0.0548,0,1,170,1
HELIOS-004856,17.6,21.83,basic,25,6,5,0,1,0,9.0,380,0.9459925902378248,0.9496881022646179,0.0036955120267930797,1,1,sure_thing,0.7382,0,1,536,1
HELIOS-004857,29.5,91.04,pro,22,0,11,0,0,1,9.0,530,0.99,0.987885114374209,-0.0021148856257909854,1,1,sure_thing,0.5443,0,1,898,1
HELIOS-004858,16.7,17.13,basic,1,98,1,1,0,0,,58,0.7942023047936299,0.6139372631990903,-0.1802650415945396,1,0,sleeping_dog,0.5251,0,1,508,1
HELIOS-004859,12.3,43.18,pro,6,26,3,2,0,0,,106,0.8743950858818869,0.9605799642622089,0.08618487838032207,0,1,persuadable,0.8345,1,1,374,1
HELIOS-004860,20.5,35.69,pro,7,5,4,1,0,0,,153,0.9149042694617477,0.924847323719097,0.009943054257349204,1,1,lost_cause,0.6094,1,1,624,1
HELIOS-004861,17.8,27.57,basic,9,62,5,2,0,0,7.0,264,0.8878529284857749,0.9315348867707681,0.043681958284993216,1,1,lost_cause,0.6455,1,1,542,1
HELIOS-004862,31.2,17.42,basic,17,4,7,0,0,0,10.0,503,0.9812882374620913,0.9730654367534597,-0.008222800708631572,1,1,sure_thing,0.4011,0,1,950,1
HELIOS-004863,31.2,19.43,basic,11,0,7,0,0,0,10.0,430,0.9747389916745423,0.9686069596410813,-0.00613203203346091,1,1,sure_thing,0.3531,0,1,950,1
HELIOS-004864,31.2,16.66,basic,22,1,7,0,1,1,,502,0.9771117701886437,0.9809307322494066,0.0038189620607629315,1,1,sure_thing,0.0363,0,1,950,1
HELIOS-004865,20.3,63.91,pro,4,193,3,1,0,0,,92,0.7489382038181087,0.5026682099071378,-0.24626999391097093,1,1,sleeping_dog,0.942,1,1,618,1
HELIOS-004866,14.7,16.81,basic,8,106,4,1,0,1,,145,0.8711214271710676,0.6600654964865194,-0.2110559306845482,0,0,sleeping_dog,0.8126,1,0,447,1
HELIOS-004867,17.2,29.38,basic,12,2,7,0,1,0,,187,0.9099721427785129,0.9368636397495697,0.02689149697105675,1,1,lost_cause,0.7451,1,1,524,1
HELIOS-004868,31.2,20.39,basic,6,177,3,0,0,1,,206,0.8786830693630965,0.5853191364190018,-0.2933639329440947,1,1,sleeping_dog,0.6949,1,1,950,1
HELIOS-004869,28.3,44.3,pro,20,6,8,1,1,1,,458,0.9616413065457262,0.99,0.028358693454273776,1,1,sure_thing,0.0065,0,1,861,1
HELIOS-004870,13.7,20.37,basic,5,23,4,2,0,1,6.0,105,0.8143818304033619,0.8683669514657788,0.05398512106241693,1,1,persuadable,0.3374,0,1,417,0
HELIOS-004871,31.2,14.16,basic,8,70,5,1,1,1,7.0,187,0.7785497035713458,0.8412907649107213,0.06274106133937551,1,1,persuadable,0.8795,1,1,950,1
HELIOS-004872,7.2,28.55,basic,3,12,5,0,0,0,,65,0.9232070979055204,0.9062995830726439,-0.016907514832876447,1,1,sure_thing,0.3946,1,1,219,1
HELIOS-004873,18.8,20.78,basic,8,36,8,1,0,0,,241,0.9164030363641278,0.9222266330001299,0.005823596636002071,1,1,lost_cause,0.9543,1,1,572,1
HELIOS-004874,15.6,16.05,basic,9,1,4,1,1,0,,191,0.9022811784417846,0.99,0.08771882155821542,1,1,persuadable,0.3018,0,1,475,1
HELIOS-004875,24.8,48.23,pro,2,14,0,0,0,0,8.0,191,0.9385881990336397,0.8612573512923072,-0.07733084774133248,1,1,sleeping_dog,0.2774,0,1,755,1
HELIOS-004876,31.2,17.24,basic,4,25,8,0,0,0,,207,0.96027534813912,0.9502978662074062,-0.009977481931713772,1,1,sure_thing,0.2617,1,1,950,1
HELIOS-004877,11.6,20.94,basic,2,64,3,1,1,0,,48,0.7422751402934229,0.87085472899266,0.12857958869923714,1,1,persuadable,0.7429,0,1,353,1
HELIOS-004878,25.2,20.78,basic,18,18,15,0,0,0,9.0,500,0.987922815850569,0.9879137470484922,-9.068802076739324e-06,1,1,sure_thing,0.5009,1,1,767,1
HELIOS-004879,31.2,18.3,basic,11,9,3,0,1,0,,466,0.9396588340505395,0.9545984046092844,0.014939570558744841,1,1,sure_thing,0.4203,0,1,950,1
HELIOS-004880,31.2,46.04,pro,6,115,2,0,0,0,6.0,214,0.949497500158273,0.697540164178739,-0.25195733597953396,0,0,sleeping_dog,0.6262,1,0,950,1
HELIOS-004881,26.1,15.85,basic,7,16,6,0,0,0,,197,0.9632075079767596,0.94740794877361,-0.01579955920314957,1,1,sure_thing,0.3709,0,1,794,1
HELIOS-004882,31.2,48.14,pro,5,9,5,0,1,0,,267,0.9400115053920204,0.99,0.049988494607979606,1,1,sure_thing,0.8311,1,1,950,1
HELIOS-004883,31.2,127.28,enterprise,2,32,1,0,0,0,,172,0.9673536186409283,0.8968143155910522,-0.0705393030498761,1,1,sleeping_dog,0.0263,0,1,950,1
HELIOS-004884,6.5,50.07,pro,12,13,5,0,1,0,,90,0.9042531047278315,0.939023667329654,0.03477056260182254,1,1,lost_cause,0.3509,1,1,198,1
HELIOS-004885,17.2,59.23,pro,16,3,10,0,1,0,7.0,233,0.9605150590421097,0.99,0.029484940957890338,1,1,sure_thing,0.2046,0,1,524,1
HELIOS-004886,26.3,38.68,pro,4,3,9,1,1,0,7.0,288,0.8967992919774551,0.99,0.09320070802254488,1,1,persuadable,0.8168,1,1,801,1
HELIOS-004887,21.6,14.97,basic,4,13,4,0,2,1,4.0,177,0.7840523243443536,0.9788874295715536,0.19483510522720004,0,0,persuadable,0.9722,1,0,658,1
HELIOS-004888,1.5,52.44,pro,9,156,5,2,1,0,,14,0.6515848212799801,0.7997326909950605,0.14814786971508043,0,1,persuadable,0.9169,1,1,46,1
HELIOS-004889,31.2,21.68,basic,1,254,0,0,0,0,6.0,140,0.7947683366064485,0.5004164908769295,-0.294351845729519,1,1,sleeping_dog,0.8629,1,1,950,1
HELIOS-004890,31.2,22.61,basic,3,98,5,1,0,1,7.0,179,0.9110803247838983,0.7454448545282905,-0.16563547025560788,1,1,sleeping_dog,0.4689,1,1,950,1
HELIOS-004891,26.2,18.63,basic,3,3,5,0,0,0,5.0,159,0.9479257325115327,0.9355132132453682,-0.01241251926616449,1,1,sure_thing,0.1022,0,1,798,1
HELIOS-004892,31.2,101.12,enterprise,13,26,3,3,0,1,,355,0.9443114251803824,0.99,0.04568857481961763,0,1,sure_thing,0.5372,1,1,950,1
HELIOS-004893,31.2,63.73,pro,6,87,5,1,0,0,,224,0.9194358415089491,0.8659527977655826,-0.05348304374336643,1,1,sleeping_dog,0.5911,0,1,950,1
HELIOS-004894,24.1,17.63,basic,9,2,4,0,1,0,7.0,243,0.9204713806400135,0.9439904059740435,0.02351902533402994,1,1,sure_thing,0.6735,1,1,734,1
HELIOS-004895,21.6,54.26,pro,28,7,12,0,0,1,,378,0.99,0.9890926060932467,-0.0009073939067533177,1,1,sure_thing,0.3642,0,1,658,1
HELIOS-004896,4.0,23.55,basic,19,0,15,0,0,0,,84,0.9700224726703051,0.9705652887170427,0.0005428160467376708,1,1,sure_thing,0.3752,1,1,122,1
HELIOS-004897,31.2,17.66,basic,12,26,8,0,1,0,,371,0.9572560627969845,0.9770342891662855,0.019778226369301044,1,1,sure_thing,0.4909,1,1,950,1
HELIOS-004898,27.1,17.87,basic,7,27,10,1,0,0,,380,0.9486909516958075,0.9603617768225683,0.011670825126760764,1,1,sure_thing,0.3197,0,1,825,1
HELIOS-004899,31.2,13.6,basic,9,7,2,0,0,0,9.0,349,0.9629891613618149,0.9217255297483368,-0.041263631613478124,1,1,sure_thing,0.5066,1,1,950,1
HELIOS-004900,31.2,40.73,pro,1,13,2,1,1,0,,84,0.83856096282625,0.99,0.15143903717374996,1,1,persuadable,0.4408,1,1,950,1
HELIOS-004901,31.2,25.21,basic,11,29,8,0,0,0,,429,0.9722803782939916,0.9591052905397179,-0.013175087754273673,1,1,sure_thing,0.6726,1,1,950,1
HELIOS-004902,15.1,16.3,basic,14,59,5,0,0,0,8.0,172,0.9390742243929227,0.8586333418298641,-0.08044088256305859,1,1,sleeping_dog,0.1789,0,1,460,1
HELIOS-004903,31.2,33.81,pro,0,22,0,1,0,0,,78,0.9153089554034302,0.8928594824291876,-0.0224494729742426,1,1,lost_cause,0.5515,1,1,950,1
HELIOS-004904,6.3,19.9,basic,20,19,10,1,0,0,10.0,109,0.9558982569674119,0.9586545114394696,0.0027562544720576287,1,1,sure_thing,0.6331,0,1,192,1
HELIOS-004905,31.2,20.74,basic,7,72,2,0,0,1,,276,0.9546450463827155,0.7181234155550836,-0.2365216308276319,1,1,sleeping_dog,0.8298,1,1,950,1
HELIOS-004906,24.8,142.42,enterprise,24,15,8,0,0,0,,476,0.99,0.9882380155071339,-0.001761984492866131,1,1,sure_thing,0.3551,0,1,755,1
HELIOS-004907,14.9,61.53,pro,3,51,2,1,1,0,,79,0.7730059994486732,0.9534115595657067,0.18040556011703346,1,1,persuadable,0.3515,1,1,454,1
HELIOS-004908,1.3,41.16,pro,22,0,5,1,0,0,,24,0.9570078550715289,0.9570257634916075,1.7908420078649456e-05,1,1,sure_thing,0.2554,0,1,40,1
HELIOS-004909,19.5,54.29,pro,1,315,1,1,0,0,,80,0.5823940874729673,0.3278981139595694,-0.25449597351339787,1,1,sleeping_dog,0.9649,1,1,594,1
HELIOS-004910,11.7,155.32,enterprise,19,28,10,0,1,0,,210,0.9642463150940993,0.99,0.025753684905900687,1,1,sure_thing,0.3402,1,1,356,1
HELIOS-004911,1.0,20.31,basic,15,6,9,2,0,0,,15,0.8971513023768216,0.9358942707173754,0.038742968340553796,1,1,lost_cause,0.0937,0,1,30,1
HELIOS-004912,25.6,41.71,pro,9,38,6,0,0,0,,223,0.9686776667624084,0.9363538791218117,-0.032323787640596735,1,1,sure_thing,0.4545,0,1,779,1
HELIOS-004913,19.7,53.44,pro,6,65,0,2,0,0,7.0,115,0.841149289923373,0.8623032559051278,0.021153965981754785,1,1,lost_cause,0.7531,1,1,600,1
HELIOS-004914,31.2,19.55,basic,11,6,5,0,0,1,9.0,273,0.9741015494139368,0.9312017254055044,-0.0428998240084324,1,1,sure_thing,0.1142,0,1,950,0
HELIOS-004915,25.0,112.18,enterprise,12,84,3,1,0,0,10.0,244,0.9527006725468834,0.8797178833094548,-0.07298278923742862,1,1,sleeping_dog,0.3646,1,1,761,1
HELIOS-004916,10.7,106.77,enterprise,20,6,11,0,0,0,,162,0.9825969894872615,0.9851875941568632,0.0025906046696017038,1,1,sure_thing,0.1435,1,1,326,1
HELIOS-004917,15.5,42.72,pro,5,187,3,0,0,0,3.0,57,0.878198524701475,0.5900363991252918,-0.28816212557618315,1,1,sleeping_dog,0.3218,0,1,472,1
HELIOS-004918,27.3,19.87,basic,5,279,2,0,0,0,7.0,152,0.8239008141889006,0.527869573219038,-0.29603124096986255,1,1,sleeping_dog,0.6775,0,1,831,1
HELIOS-004919,6.8,20.34,basic,12,0,13,0,0,0,,122,0.9701180935099005,0.9709000199517788,0.0007819264418782446,1,1,sure_thing,0.1838,0,1,207,1
HELIOS-004920,28.2,16.95,basic,35,0,14,1,0,0,10.0,795,0.99,0.99,0.0,1,1,sure_thing,0.2845,0,1,858,1
HELIOS-004921,31.2,46.13,pro,6,15,1,2,0,1,,177,0.8981243818128702,0.9584515783585491,0.06032719654567886,1,1,persuadable,0.6512,1,1,950,1
HELIOS-004922,27.5,20.12,basic,5,28,5,2,0,1,,180,0.9083089286126301,0.9650161102981517,0.05670718168552158,1,1,persuadable,0.4718,1,1,837,1
HELIOS-004923,31.2,24.14,basic,13,41,9,0,1,0,,415,0.9598393522277382,0.9796451262996134,0.019805774071875226,1,1,sure_thing,0.4628,0,1,950,1
HELIOS-004924,29.5,21.69,basic,86,4,29,1,1,0,10.0,1486,0.99,0.99,0.0,1,1,sure_thing,0.7389,0,1,898,1
HELIOS-004925,31.2,37.51,pro,16,1,7,1,0,0,,405,0.9687515351524744,0.9755484034878891,0.0067968683354147075,1,1,sure_thing,0.582,1,1,950,1
HELIOS-004926,14.0,49.3,pro,2,50,3,0,0,0,,90,0.9075379193834273,0.8133296536298601,-0.09420826575356722,1,1,sleeping_dog,0.3263,0,1,426,1
HELIOS-004927,31.2,83.55,pro,14,9,8,0,1,0,,463,0.9698346283532339,0.99,0.020165371646766128,1,1,sure_thing,0.1575,1,1,950,1
HELIOS-004928,31.2,25.23,basic,28,0,14,0,1,0,,705,0.9876842745377676,0.99,0.002315725462232354,1,1,sure_thing,0.2846,0,1,950,1
HELIOS-004929,30.7,54.59,pro,6,28,1,0,0,0,,238,0.9435157856633534,0.8549353252991079,-0.0885804603642455,1,1,sleeping_dog,0.4437,1,1,935,1
HELIOS-004930,30.8,19.52,basic,11,0,6,0,0,0,,197,0.981599472040271,0.972543262086706,-0.009056209953564931,1,1,sure_thing,0.5988,1,1,938,1
HELIOS-004931,15.1,36.23,pro,4,44,5,2,0,1,,106,0.8098716198792497,0.8779563701462708,0.0680847502670211,1,1,persuadable,0.7754,1,1,460,1
HELIOS-004932,28.0,42.41,pro,12,16,3,0,0,1,,321,0.968007305541157,0.8770107030546038,-0.09099660248655317,1,1,sleeping_dog,0.0123,0,1,852,1
HELIOS-004933,31.2,19.28,basic,7,10,3,0,1,0,,132,0.9410273483871752,0.9653236548092635,0.024296306422088354,1,1,sure_thing,0.9475,1,1,950,0
HELIOS-004934,31.2,20.07,basic,5,94,2,0,0,0,,155,0.9253908273976239,0.7035522050290207,-0.2218386223686032,0,0,sleeping_dog,0.5708,0,0,950,1
HELIOS-004935,31.2,13.64,basic,5,2,4,1,1,0,,290,0.8608647657335787,0.9873481264105355,0.12648336067695676,1,1,persuadable,0.9271,0,1,950,1
HELIOS-004936,28.8,22.7,basic,2,87,2,1,0,1,6.0,155,0.8479797104862005,0.6483098327296962,-0.19966987775650424,1,1,sleeping_dog,0.2015,0,1,877,1
HELIOS-004937,24.3,25.48,basic,14,3,8,0,0,0,8.0,340,0.9754350926479615,0.9705744331825019,-0.004860659465459549,1,1,sure_thing,0.2277,1,1,740,1
HELIOS-004938,1.7,51.42,pro,9,42,6,0,1,0,10.0,16,0.9112157664944608,0.9506411876738409,0.03942542117938008,1,1,lost_cause,0.7609,0,1,52,0
HELIOS-004939,31.2,17.72,basic,9,2,7,0,0,1,,259,0.9668054108384466,0.9462240365888646,-0.020581374249582063,1,1,sure_thing,0.3694,1,1,950,1
HELIOS-004940,21.4,46.81,pro,13,15,4,0,0,0,,280,0.9774066598179273,0.9485796353852358,-0.028827024432691473,1,1,sure_thing,0.2108,1,1,651,1
HELIOS-004941,21.2,14.58,basic,13,15,6,0,0,1,6.0,287,0.9772597614782289,0.9342647079687357,-0.042995053509493175,1,1,sure_thing,0.4654,0,1,645,0
HELIOS-004942,31.2,102.24,enterprise,6,20,2,0,0,0,,242,0.963482727513183,0.9171109258276084,-0.04637180168557453,1,1,sure_thing,0.5134,0,1,950,1
HELIOS-004943,31.2,57.92,pro,10,15,6,1,1,0,,262,0.9134619402841802,0.99,0.07653805971581984,1,1,persuadable,0.1388,1,1,950,1
HELIOS-004944,31.2,34.96,pro,40,1,14,0,1,0,,868,0.99,0.99,0.0,1,1,sure_thing,0.2609,0,1,950,1
HELIOS-004945,13.5,24.79,basic,14,30,7,1,1,0,,154,0.8470808384598236,0.936492261559901,0.08941142310007733,1,1,persuadable,0.0917,0,1,411,1
HELIOS-004946,31.2,21.31,basic,3,35,5,1,0,0,9.0,231,0.9013056054304248,0.9021483551262187,0.0008427496957938985,1,1,lost_cause,0.0989,1,1,950,1
HELIOS-004947,29.4,19.16,basic,11,17,3,0,0,0,,294,0.9782744367835371,0.9360450823571766,-0.042229354426360444,1,1,sure_thing,0.1792,1,1,895,0
HELIOS-004948,10.1,11.55,basic,5,68,2,1,1,0,,44,0.6283155658800312,0.7108576883514834,0.0825421224714522,1,1,persuadable,0.9325,1,1,307,1
HELIOS-004949,25.4,55.93,pro,2,58,2,0,0,1,,96,0.9418202696789444,0.7368128492785614,-0.205007420400383,1,1,sleeping_dog,0.0614,0,1,773,1
HELIOS-004950,31.2,22.87,basic,3,20,3,2,0,0,,143,0.8495598798316724,0.9291598842553748,0.07960000442370241,1,1,persuadable,0.1546,0,1,950,0
HELIOS-004951,31.2,20.33,basic,20,0,14,2,0,1,,615,0.9784324077404752,0.99,0.01156759225952475,1,1,sure_thing,0.5029,0,1,950,1
HELIOS-004952,14.7,116.56,enterprise,1,127,6,0,0,1,5.0,105,0.910297661696237,0.6771837614961126,-0.23311390020012446,1,1,sleeping_dog,0.7032,1,1,447,1
HELIOS-004953,16.7,21.66,basic,3,1,2,0,0,0,,100,0.9284653063866265,0.8962707575676068,-0.03219454881901973,1,1,sure_thing,0.498,0,1,508,1
HELIOS-004954,25.9,58.51,pro,1,1,3,0,1,0,,195,0.9086094297011819,0.99,0.08139057029881813,1,1,persuadable,0.5192,1,1,788,0
HELIOS-004955,25.0,12.5,basic,2,76,1,0,0,1,6.0,122,0.8923547178064136,0.6382658539025099,-0.25408886390390373,1,0,sleeping_dog,0.9503,1,0,761,1
HELIOS-004956,16.2,44.88,pro,16,5,9,1,0,0,10.0,314,0.9427098121293438,0.9525951118028627,0.009885299673518921,1,1,sure_thing,0.1106,0,1,493,1
HELIOS-004957,29.8,43.82,pro,4,9,9,0,0,0,,210,0.978030176704059,0.9782543521082006,0.00022417540414154669,1,1,sure_thing,0.2982,0,1,907,1
HELIOS-004958,31.2,18.49,basic,9,7,8,0,0,1,,354,0.9682999557265539,0.9506449406367439,-0.017655015089810044,1,1,sure_thing,0.5528,1,1,950,1
HELIOS-004959,14.6,59.36,pro,8,26,3,0,1,0,6.0,101,0.9016315840913954,0.945921658400365,0.044290074308969585,1,1,lost_cause,0.208,0,1,444,0
HELIOS-004960,5.3,17.04,basic,3,21,4,0,0,1,2.0,15,0.9018854804838895,0.8208650662231247,-0.08102041426076478,1,1,sleeping_dog,0.1338,0,1,161,1
HELIOS-004961,20.2,18.5,basic,6,8,4,0,0,0,,140,0.9658251885990491,0.9431881389328932,-0.022637049666155873,1,1,sure_thing,0.1978,0,1,615,1
HELIOS-004962,2.6,125.35,enterprise,3,167,6,0,0,1,,22,0.8740489827493245,0.61490196491933,-0.2591470178299945,1,1,sleeping_dog,0.4189,1,1,79,1
HELIOS-004963,31.2,23.88,basic,6,17,11,0,0,0,,245,0.9475022148174134,0.9468828543289861,-0.0006193604884272563,1,1,sure_thing,0.3823,0,1,950,1
HELIOS-004964,21.5,14.22,basic,16,8,8,0,0,0,,316,0.970488381497986,0.9638006613549961,-0.006687720142989906,1,1,sure_thing,0.404,0,1,654,1
HELIOS-004965,20.9,18.01,basic,12,3,5,1,2,1,,255,0.7971121355060918,0.99,0.19288786449390816,1,1,persuadable,0.8308,1,1,636,1
HELIOS-004966,31.2,46.47,pro,7,159,2,0,0,0,,150,0.9057900394680085,0.6221226337547656,-0.2836674057132429,1,1,sleeping_dog,0.7592,0,1,950,1
HELIOS-004967,31.2,47.31,pro,3,14,3,1,0,0,8.0,144,0.939846740116384,0.954844035498742,0.014997295382357945,1,1,sure_thing,0.0785,0,1,950,0
HELIOS-004968,21.3,14.97,basic,17,14,11,0,0,0,8.0,337,0.9738956406660412,0.9712283013215327,-0.002667339344508468,1,1,sure_thing,0.3306,1,1,648,1
HELIOS-004969,1.8,96.0,enterprise,9,8,4,1,1,0,,22,0.826322025847527,0.99,0.16367797415247298,1,1,persuadable,0.4957,1,1,55,1
HELIOS-004970,12.9,28.04,basic,12,4,1,0,1,0,,124,0.9153768074342563,0.9267391134089158,0.011362305974659481,0,0,lost_cause,0.1015,0,0,393,1
HELIOS-004971,31.2,19.57,basic,10,8,5,0,0,0,,310,0.971485093715368,0.9544162686549941,-0.017068825060373882,1,1,sure_thing,0.0043,0,1,950,1
HELIOS-004972,13.3,15.13,basic,1,173,1,1,0,0,3.0,43,0.7021259882515288,0.4367909405082236,-0.26533504774330524,1,1,sleeping_dog,0.6657,1,1,405,1
HELIOS-004973,19.7,76.64,pro,9,40,6,0,0,1,10.0,221,0.9744034101357162,0.8963555585923607,-0.07804785154335547,1,1,sleeping_dog,0.8989,1,1,600,0
HELIOS-004974,6.1,17.56,basic,4,113,0,1,0,0,4.0,37,0.7001933142515633,0.47138176802720877,-0.2288115462243545,1,1,sleeping_dog,0.3678,0,1,186,1
HELIOS-004975,31.2,79.61,pro,14,8,10,0,0,1,7.0,325,0.9862157721151192,0.9800788727837293,-0.0061368993313899445,1,1,sure_thing,0.1891,1,1,950,1
HELIOS-004976,31.2,6.93,basic,16,2,9,0,0,0,,421,0.9748951824419695,0.9711839349743798,-0.0037112474675896623,1,1,sure_thing,0.4586,1,1,950,1
HELIOS-004977,30.5,46.04,pro,4,72,3,0,0,1,,143,0.9294089963514436,0.7125416795368285,-0.21686731681461513,1,1,sleeping_dog,0.6754,1,1,928,0
HELIOS-004978,26.2,19.59,basic,8,52,4,0,0,1,,235,0.945288688467175,0.7906056385548271,-0.15468304991234783,1,1,sleeping_dog,0.8237,0,1,798,1
HELIOS-004979,26.1,17.81,basic,5,2,7,1,0,1,5.0,203,0.9304662118813569,0.9374943035132233,0.007028091631866351,1,1,sure_thing,0.6578,1,1,794,1
HELIOS-004980,24.7,18.61,basic,7,38,8,1,0,0,,223,0.9344967759536342,0.9403160109809299,0.005819235027295644,1,1,sure_thing,0.7502,1,1,752,1
HELIOS-004981,31.2,17.68,basic,24,31,13,1,0,0,,640,0.99,0.99,0.0,1,1,sure_thing,0.3165,0,1,950,1
HELIOS-004982,31.2,29.99,pro,5,14,5,0,0,0,6.0,273,0.9279232772273063,0.9089597018742774,-0.01896357535302884,1,1,sure_thing,0.0411,0,1,950,1
HELIOS-004983,8.6,23.82,basic,11,3,7,1,0,0,,131,0.9466129607489103,0.9548610314607769,0.008248070711866617,1,1,sure_thing,0.5754,0,1,262,1
HELIOS-004984,24.0,54.66,pro,2,24,2,0,0,0,5.0,108,0.9514676851766581,0.8915770428639881,-0.05989064231267005,1,1,sleeping_dog,0.0814,0,1,731,1
HELIOS-004985,23.7,24.68,basic,2,7,1,0,1,0,,89,0.8946718427385362,0.9313590978864018,0.03668725514786564,1,1,lost_cause,0.4311,1,1,721,1
HELIOS-004986,18.0,18.21,basic,19,18,7,0,0,0,,301,0.9823196876292654,0.9685576123747559,-0.013762075254509454,1,1,sure_thing,0.0471,0,1,548,1
HELIOS-004987,15.5,16.24,basic,24,11,10,1,0,0,,305,0.977322059952095,0.978903093533906,0.0015810335818110532,1,1,sure_thing,0.2566,0,1,472,1
HELIOS-004988,26.5,21.05,basic,14,5,6,1,0,0,7.0,350,0.9548490692266367,0.9580331646792668,0.003184095452630098,1,1,sure_thing,0.6357,0,1,807,1
HELIOS-004989,23.0,22.82,basic,18,3,10,1,1,0,,384,0.9459290664886829,0.99,0.04407093351131708,1,1,sure_thing,0.0489,1,1,700,1
HELIOS-004990,10.4,11.93,basic,5,13,4,2,1,0,,106,0.6348361325802169,0.8710963786702675,0.23626024609005059,1,1,persuadable,0.9085,1,1,317,1
HELIOS-004991,13.0,16.4,basic,7,25,2,0,0,0,,105,0.9370262873432612,0.8691818643761898,-0.06784442296707138,1,1,sleeping_dog,0.5788,1,1,396,1
HELIOS-004992,31.2,32.66,basic,22,21,5,0,0,0,,524,0.9857018256174609,0.9578465463630506,-0.027855279254410337,1,1,sure_thing,0.5202,1,1,950,1
HELIOS-004993,23.4,18.57,basic,14,13,5,0,0,0,9.0,300,0.977715486482735,0.956668883970547,-0.02104660251218804,1,1,sure_thing,0.1522,0,1,712,1
HELIOS-004994,31.2,23.2,basic,16,25,5,0,0,0,10.0,467,0.9781749811974912,0.9470959107649938,-0.03107907043249747,1,1,sure_thing,0.2322,0,1,950,1
HELIOS-004995,1.1,28.25,basic,17,2,5,0,0,0,,11,0.9318753572686166,0.9172999873332515,-0.014575369935365123,1,1,sure_thing,0.1863,0,1,33,0
HELIOS-004996,31.2,66.33,pro,9,0,2,0,1,0,,303,0.9330152405087746,0.9877832292730797,0.05476798876430511,1,1,persuadable,0.706,0,1,950,1
HELIOS-004997,31.2,133.36,enterprise,3,104,5,1,1,0,1.0,227,0.8299810395946463,0.99,0.16001896040535368,1,1,persuadable,0.9011,1,1,950,1
HELIOS-004998,17.3,43.39,pro,9,2,1,1,0,0,,194,0.9162973232201554,0.9125420792111149,-0.0037552440090405925,1,1,lost_cause,0.0237,1,1,527,1
HELIOS-004999,18.8,17.78,basic,11,1,5,0,0,1,,212,0.9819053609465819,0.9449208321140583,-0.03698452883252357,1,1,sure_thing,0.1782,0,1,572,1
HELIOS-005000,25.9,48.5,pro,9,7,2,0,0,0,8.0,227,0.9697855199146104,0.9307525430230217,-0.03903297689158869,1,1,sure_thing,0.4182,1,1,788,1
HELIOS-005001,31.2,16.84,basic,28,21,10,0,0,0,8.0,617,0.99,0.987452922895852,-0.0025470771041480322,1,1,sure_thing,0.0072,0,1,950,1
HELIOS-005002,31.2,15.52,basic,3,34,3,1,1,0,,167,0.7759221775467277,0.9086655689754752,0.13274339142874758,1,1,persuadable,0.4008,1,1,950,1
HELIOS-005003,31.2,19.81,basic,31,2,11,0,0,0,,590,0.99,0.99,0.0,1,1,sure_thing,0.5491,1,1,950,1
HELIOS-005004,18.4,57.98,pro,13,8,7,1,2,1,,243,0.8510239176730888,0.99,0.13897608232691117,0,1,persuadable,0.4491,1,1,560,1
HELIOS-005005,4.2,59.88,pro,13,21,3,0,1,0,7.0,40,0.8597132009898193,0.8888272311777439,0.029114030187924578,1,1,lost_cause,0.3368,1,1,128,1
HELIOS-005006,30.9,17.6,basic,31,0,9,0,0,0,,806,0.99,0.9891395943028068,-0.0008604056971931451,1,1,sure_thing,0.424,0,1,941,1
HELIOS-005007,7.9,16.27,basic,4,29,4,0,0,0,7.0,62,0.9123032524718867,0.8681707848419633,-0.0441324676299234,1,1,lost_cause,0.124,0,1,240,1
HELIOS-005008,10.9,25.04,basic,10,38,7,0,0,0,,155,0.9664521150737063,0.941579935257379,-0.024872179816327278,1,1,sure_thing,0.4038,1,1,332,1
HELIOS-005009,23.4,21.08,basic,4,186,3,2,0,0,,117,0.7044836975997242,0.5164630744866121,-0.18802062311311207,0,0,sleeping_dog,0.9225,0,0,712,1
HELIOS-005010,15.5,27.18,basic,8,44,2,0,2,0,7.0,98,0.7159466949031642,0.8974467807339003,0.18150008583073607,0,0,persuadable,0.9006,1,0,472,0
HELIOS-005011,8.2,23.39,basic,4,27,0,0,1,0,,68,0.8286312685779798,0.8303902928098531,0.0017590242318733518,1,1,lost_cause,0.5588,1,1,250,1
HELIOS-005012,31.2,117.26,enterprise,6,10,4,0,0,1,,163,0.9696086255832924,0.9255753330039661,-0.04403329257932631,1,1,sure_thing,0.3325,0,1,950,1
HELIOS-005013,28.6,16.59,basic,1,9,4,2,0,0,,258,0.8652174405822314,0.9532699364093807,0.08805249582714936,1,1,persuadable,0.466,0,1,871,1
HELIOS-005014,18.3,58.45,pro,11,8,7,0,0,1,7.0,170,0.9736952299668822,0.950640062793085,-0.023055167173797186,1,1,sure_thing,0.5626,0,1,557,1
HELIOS-005015,13.9,21.85,basic,22,8,13,0,0,1,,242,0.9864066630975512,0.9826443060251552,-0.0037623570723960276,0,0,sure_thing,0.2969,0,0,423,1
HELIOS-005016,14.6,23.17,basic,14,11,8,0,0,0,,136,0.9772690839585444,0.970307571499857,-0.006961512458687369,1,1,sure_thing,0.2235,1,1,444,1
HELIOS-005017,16.1,33.73,pro,5,11,1,0,0,0,7.0,144,0.9147695846924742,0.8568194421734723,-0.05795014251900188,1,1,sleeping_dog,0.8362,1,1,490,1
HELIOS-005018,18.8,112.62,enterprise,13,4,4,0,0,0,8.0,179,0.9738857454962222,0.9618841390423151,-0.012001606453907132,1,1,sure_thing,0.1908,1,1,572,1
HELIOS-005019,17.4,43.53,pro,7,5,4,0,0,0,9.0,137,0.9396914581575001,0.9209164782313956,-0.01877497992610455,1,1,sure_thing,0.5494,1,1,530,1
HELIOS-005020,21.6,14.4,basic,3,15,4,0,0,0,,122,0.9297482768634576,0.9016744063426886,-0.02807387052076904,1,1,sure_thing,0.0451,1,1,658,1
HELIOS-005021,31.2,21.04,basic,4,119,4,0,0,0,,209,0.8969367686739451,0.6644012381453646,-0.23253553052858056,1,1,sleeping_dog,0.5268,1,1,950,1
HELIOS-005022,24.8,52.76,pro,6,112,4,3,0,0,,159,0.7547825328120841,0.917263634076248,0.16248110126416393,1,1,persuadable,0.9515,1,1,755,1
HELIOS-005023,20.8,11.91,basic,8,56,7,0,1,0,,182,0.9043179578013808,0.9183975719428423,0.014079614141461527,0,0,lost_cause,0.5146,1,0,633,1
HELIOS-005024,7.6,15.79,basic,0,365,1,0,1,0,,26,0.37680607664878657,0.132648371619086,-0.24415770502970058,0,0,sleeping_dog,0.9825,1,0,231,1
HELIOS-005025,31.2,29.45,basic,3,70,1,0,0,1,4.0,177,0.9028659372249975,0.6575473708425124,-0.24531856638248517,1,1,sleeping_dog,0.7508,0,1,950,1
HELIOS-005026,21.3,21.4,basic,19,7,15,1,0,0,10.0,337,0.9775554671065634,0.9834328762351312,0.005877409128567823,1,1,sure_thing,0.31,1,1,648,1
HELIOS-005027,27.9,34.81,pro,9,54,7,1,0,0,7.0,232,0.9359220165895876,0.9320493295065818,-0.00387268708300581,1,1,sure_thing,0.7011,1,1,849,1
HELIOS-005028,20.2,22.1,basic,12,12,16,0,0,1,10.0,316,0.9749971959065166,0.9750472856543396,5.008974782305664e-05,1,1,sure_thing,0.3468,0,1,615,1
HELIOS-005029,28.7,55.92,pro,3,214,3,1,0,0,,108,0.7965227236568521,0.5424568820955081,-0.25406584156134393,0,0,sleeping_dog,0.4569,1,0,874,1
HELIOS-005030,13.3,100.27,enterprise,71,5,17,0,0,0,10.0,515,0.99,0.99,0.0,1,1,sure_thing,0.1306,0,1,405,0
HELIOS-005031,29.2,15.28,basic,0,15,2,0,0,1,,90,0.8971835505166861,0.7894654789547256,-0.10771807156196045,1,1,sleeping_dog,0.9243,0,1,889,1
HELIOS-005032,31.2,13.83,basic,27,7,7,1,0,0,,775,0.9839359188007843,0.9819055339705415,-0.0020303848302428706,1,1,sure_thing,0.3014,0,1,950,1
HELIOS-005033,1.5,14.28,basic,7,46,2,1,1,0,,8,0.7528406937025963,0.8482016369409047,0.09536094323830835,1,1,persuadable,0.8478,0,1,46,0
HELIOS-005034,31.2,15.84,basic,13,1,8,0,1,0,,593,0.9542238064311354,0.973965239857415,0.019741433426279653,1,1,sure_thing,0.6849,1,1,950,1
HELIOS-005035,21.3,12.34,basic,10,33,11,0,0,1,,273,0.9721789552836888,0.9552704430592217,-0.016908512224467098,1,1,sure_thing,0.1894,0,1,648,1
HELIOS-005036,25.3,16.66,basic,25,4,9,0,1,0,,480,0.9783300074302631,0.9852871243381965,0.006957116907933436,1,1,sure_thing,0.2311,0,1,770,1
HELIOS-005037,15.5,22.58,basic,10,16,1,4,0,0,,145,0.7543307079091421,0.99,0.23566929209085785,0,0,persuadable,0.6865,1,0,472,1
HELIOS-005038,11.9,18.48,basic,4,12,4,2,0,1,7.0,86,0.8765183577495853,0.9401821419391821,0.06366378418959684,1,1,persuadable,0.1077,0,1,362,1
HELIOS-005039,12.6,129.95,enterprise,19,0,11,0,0,0,7.0,214,0.99,0.99,0.0,1,1,sure_thing,0.1814,1,1,384,1
HELIOS-005040,31.2,22.45,basic,4,16,4,0,0,0,9.0,215,0.9423331043770732,0.9135857638734037,-0.02874734050366945,1,1,sure_thing,0.6795,1,1,950,1
HELIOS-005041,6.7,24.35,basic,6,133,3,0,0,1,,38,0.8222973059083157,0.5391001168300701,-0.28319718907824565,1,0,sleeping_dog,0.7857,1,0,204,1
HELIOS-005042,31.2,117.53,enterprise,8,28,4,1,1,0,8.0,268,0.8714738768236244,0.99,0.11852612317637556,1,1,persuadable,0.6572,1,1,950,1
HELIOS-005043,23.7,75.15,pro,10,5,4,1,0,0,9.0,173,0.922149187163589,0.9443995946352283,0.02225040747163931,1,1,sure_thing,0.0692,1,1,721,1
HELIOS-005044,31.2,168.43,enterprise,4,13,8,1,0,0,,288,0.959628941651396,0.99,0.030371058348603985,1,1,sure_thing,0.2169,0,1,950,1
HELIOS-005045,31.2,76.44,pro,9,6,8,1,0,0,7.0,420,0.9742838266369486,0.99,0.015716173363051422,1,1,sure_thing,0.8995,1,1,950,1
HELIOS-005046,31.2,68.42,pro,15,49,4,0,1,1,,411,0.9508402290538979,0.9278612704722803,-0.02297895858161758,1,1,sure_thing,0.2248,0,1,950,1
HELIOS-005047,31.2,40.77,pro,10,1,3,0,0,1,,338,0.9599567808132166,0.898254644869428,-0.061702135943788594,1,1,sleeping_dog,0.0198,0,1,950,1
HELIOS-005048,16.1,60.72,pro,7,41,2,0,0,0,,98,0.9248022818137328,0.8283935346341766,-0.09640874717955616,1,1,sleeping_dog,0.772,1,1,490,1
HELIOS-005049,31.2,20.82,basic,4,174,5,0,0,0,6.0,167,0.9183561832793358,0.6392159033729701,-0.2791402799063657,1,1,sleeping_dog,0.23,1,1,950,1
HELIOS-005050,31.2,22.21,basic,10,23,6,0,0,0,4.0,277,0.9727620202440438,0.9521021523617609,-0.020659867882282912,1,1,sure_thing,0.4697,0,1,950,0
HELIOS-005051,24.6,11.52,basic,14,7,6,0,1,0,7.0,353,0.9404249473869848,0.9546688480899539,0.014243900702969103,1,1,sure_thing,0.6566,0,1,749,1
HELIOS-005052,9.9,26.78,basic,15,2,5,0,1,0,6.0,142,0.9668510743857601,0.9844033107884761,0.01755223640271597,1,1,sure_thing,0.6228,0,1,301,1
HELIOS-005053,31.2,35.76,pro,47,0,19,0,0,0,10.0,1165,0.99,0.99,0.0,1,1,sure_thing,0.1912,0,1,950,1
HELIOS-005054,7.3,14.39,basic,3,81,2,1,0,0,,31,0.8536068142628715,0.731662085734947,-0.1219447285279246,1,1,sleeping_dog,0.4409,1,1,222,1
HELIOS-005055,12.1,85.97,pro,1,143,1,0,0,0,3.0,20,0.8511110137493085,0.5823533999611418,-0.26875761378816676,1,0,sleeping_dog,0.2928,0,1,368,1
HELIOS-005056,19.1,13.76,basic,20,1,12,0,0,1,9.0,300,0.9859074208835649,0.9817833031469325,-0.004124117736632349,1,1,sure_thing,0.5909,0,1,581,0
HELIOS-005057,24.4,23.44,basic,17,41,5,0,0,0,7.0,299,0.9772284804505708,0.9271272741815012,-0.050101206269069554,1,1,sleeping_dog,0.5791,1,1,743,0
HELIOS-005058,11.7,50.24,pro,4,27,3,0,0,0,4.0,66,0.9096856123036162,0.8583297497401057,-0.051355862563510546,1,1,sleeping_dog,0.8377,1,1,356,1
HELIOS-005059,25.4,19.66,basic,9,92,2,0,0,0,,155,0.9103338018274658,0.6911855457809843,-0.21914825604648147,1,1,sleeping_dog,0.3049,1,1,773,0
HELIOS-005060,31.1,20.77,basic,11,8,4,0,0,0,7.0,324,0.9637108348428914,0.9400369985939363,-0.023673836248955138,1,1,sure_thing,0.2606,1,1,947,1
HELIOS-005061,4.8,19.47,basic,10,69,5,1,0,0,8.0,34,0.8897314934684404,0.8445237123723813,-0.04520778109605905,1,1,lost_cause,0.7509,0,1,146,1
HELIOS-005062,28.3,18.39,basic,5,29,2,2,2,0,,150,0.7163038098520699,0.99,0.2736961901479301,1,1,persuadable,0.2871,1,1,861,1
HELIOS-005063,3.0,44.89,pro,4,17,2,0,1,0,7.0,32,0.7686459337640765,0.8155940208246615,0.04694808706058495,1,1,lost_cause,0.9523,1,1,91,1
HELIOS-005064,7.5,40.32,pro,3,29,1,0,0,0,,39,0.8939682848263021,0.803076473054095,-0.09089181177220707,1,1,sleeping_dog,0.778,0,1,228,0
HELIOS-005065,31.2,41.49,pro,3,8,2,1,0,0,,206,0.9389046754433785,0.948448459135373,0.00954378369199449,1,1,sure_thing,0.5503,1,1,950,1
HELIOS-005066,15.0,48.72,pro,9,14,2,0,0,0,6.0,127,0.9441621811202441,0.8957772238264694,-0.04838495729377468,1,1,sure_thing,0.6918,0,1,457,1
HELIOS-005067,25.3,19.55,basic,0,109,1,1,0,1,,105,0.8146314071298445,0.5738910314600781,-0.24074037566976636,1,1,sleeping_dog,0.2172,0,1,770,1
HELIOS-005068,31.2,18.53,basic,4,99,3,0,1,1,4.0,156,0.8354104708939033,0.675950353200576,-0.15946011769332735,1,1,sleeping_dog,0.7963,1,1,950,1
HELIOS-005069,10.0,24.17,basic,10,1,1,2,0,1,8.0,93,0.8697508061937609,0.9008377041165939,0.031086897922833034,1,1,lost_cause,0.4475,1,1,304,1
HELIOS-005070,31.2,39.99,pro,10,3,4,0,0,0,,388,0.974740303179239,0.9560427630707382,-0.018697540108500776,1,1,sure_thing,0.4194,1,1,950,1
HELIOS-005071,16.0,46.75,pro,2,89,3,4,0,0,,62,0.6128883198321876,0.876665540708231,0.2637772208760434,1,1,persuadable,0.9955,1,1,487,1
HELIOS-005072,26.9,18.8,basic,9,17,5,0,0,0,,343,0.943789257422805,0.9206942556861797,-0.023095001736625265,1,1,sure_thing,0.4208,0,1,819,1
HELIOS-005073,15.0,18.36,basic,24,10,10,0,0,0,,282,0.9791001538654697,0.9751712356078166,-0.003928918257653069,1,1,sure_thing,0.1811,0,1,457,1
HELIOS-005074,31.2,129.57,enterprise,16,25,11,1,0,0,6.0,517,0.9838531252567648,0.99,0.0061468747432351645,1,1,sure_thing,0.0638,1,1,950,1
HELIOS-005075,8.4,14.85,basic,7,43,2,0,0,0,5.0,58,0.8823238977701341,0.7774377457939793,-0.1048861519761548,1,1,sleeping_dog,0.318,0,1,256,1
HELIOS-005076,29.0,15.99,basic,3,32,2,0,0,0,,71,0.9245025257465437,0.8444954181905031,-0.08000710755604057,1,1,sleeping_dog,0.9051,1,1,883,1
HELIOS-005077,31.2,55.08,pro,1,227,2,1,0,1,,124,0.8655421939354658,0.6125012985359228,-0.253040895399543,0,0,sleeping_dog,0.9008,1,0,950,1
HELIOS-005078,6.2,35.1,pro,33,2,12,0,1,0,9.0,150,0.9770647281306615,0.9827692576392154,0.005704529508553935,1,1,sure_thing,0.1678,0,1,189,1
HELIOS-005079,8.8,54.71,pro,8,68,3,1,0,0,6.0,48,0.9252172949000363,0.8627714314619866,-0.0624458634380497,1,1,sleeping_dog,0.4462,0,1,268,1
HELIOS-005080,18.2,16.6,basic,28,2,11,0,0,0,9.0,451,0.9844830306029315,0.9823512440574431,-0.002131786545488401,1,1,sure_thing,0.1438,0,1,554,1
HELIOS-005081,29.5,16.4,basic,6,57,3,1,1,1,,320,0.8110561565932158,0.880517269948304,0.0694611133550882,1,1,persuadable,0.7255,1,1,898,1
HELIOS-005082,19.8,24.42,basic,12,35,6,1,0,0,8.0,269,0.9519489754830766,0.9475218205196377,-0.004427154963438817,1,1,sure_thing,0.9715,1,1,603,1
HELIOS-005083,5.4,22.09,basic,5,171,5,0,1,0,,24,0.5904412590665984,0.38820161679270204,-0.20223964227389635,1,1,sleeping_dog,0.8909,1,1,164,1
HELIOS-005084,24.7,25.83,basic,18,4,9,0,2,0,,443,0.9227320405242527,0.99,0.06726795947574726,1,1,persuadable,0.9188,1,1,752,1
HELIOS-005085,16.3,17.42,basic,41,12,9,1,0,1,,426,0.99,0.9877571647541524,-0.002242835245847563,1,1,sure_thing,0.6666,0,1,496,1
HELIOS-005086,19.2,37.83,basic,3,26,3,1,0,0,,143,0.8328532682863238,0.8338048080221564,0.0009515397358326183,1,1,lost_cause,0.8386,1,1,584,1
HELIOS-005087,31.2,39.29,pro,6,23,5,0,1,0,7.0,261,0.9266996005721917,0.9704427473693076,0.043743146797115884,1,1,sure_thing,0.1074,0,1,950,0
HELIOS-005088,10.0,16.65,basic,18,1,4,0,2,0,10.0,135,0.8143132992624861,0.933045010398126,0.11873171113563996,0,1,persuadable,0.6782,1,1,304,1
HELIOS-005089,7.7,24.57,basic,6,12,1,2,0,0,8.0,59,0.802524989482777,0.8644258237609407,0.06190083427816373,1,1,persuadable,0.2695,0,1,234,1
HELIOS-005090,19.7,41.98,pro,1,74,3,1,0,0,,74,0.8073822996118958,0.7416246634583311,-0.06575763615356467,0,0,sleeping_dog,0.8783,1,0,600,1
HELIOS-005091,8.8,46.05,pro,15,0,4,1,0,0,9.0,149,0.9340361060604396,0.9381019928614887,0.0040658868010490234,1,1,sure_thing,0.2546,1,1,268,1
HELIOS-005092,31.2,23.79,basic,38,5,14,0,1,1,,777,0.99,0.99,0.0,1,1,sure_thing,0.1452,0,1,950,1
HELIOS-005093,8.2,17.68,basic,12,147,7,0,0,0,7.0,100,0.9308353397901372,0.6961734317676079,-0.2346619080225293,1,1,sleeping_dog,0.0685,0,1,250,1
HELIOS-005094,2.2,57.68,pro,20,2,7,0,0,0,,29,0.9649891600930108,0.958259335855098,-0.006729824237912796,1,1,sure_thing,0.3338,1,1,67,1
HELIOS-005095,6.6,72.44,pro,4,21,1,2,0,0,,49,0.82338903466306,0.9544548158453701,0.13106578118231005,1,1,persuadable,0.7648,1,1,201,1
HELIOS-005096,13.0,23.33,basic,29,0,12,0,0,0,,285,0.99,0.9896781983197722,-0.00032180168022777345,1,1,sure_thing,0.2225,0,1,396,1
HELIOS-005097,31.2,29.57,basic,9,97,7,0,0,1,,371,0.9430666437736853,0.7482727919715306,-0.1947938518021547,1,1,sleeping_dog,0.5292,0,1,950,1
HELIOS-005098,15.5,18.94,basic,6,95,3,0,1,0,,112,0.8050936033493721,0.7220999194467608,-0.0829936839026113,1,1,sleeping_dog,0.7574,1,1,472,1
HELIOS-005099,31.2,17.37,basic,11,8,6,1,0,0,8.0,379,0.9597595984356392,0.9640769713638182,0.00431737292817902,1,1,sure_thing,0.1502,0,1,950,1
HELIOS-005100,9.3,16.8,basic,1,365,3,0,1,0,,24,0.2892429050044123,0.042277033606124365,-0.24696587139828793,0,0,sleeping_dog,0.9997,1,0,283,1
HELIOS-005101,21.2,14.84,basic,0,20,2,4,0,0,6.0,125,0.5469924401537445,0.822560357607963,0.2755679174542185,0,0,persuadable,0.9751,1,0,645,1
HELIOS-005102,15.2,64.34,pro,9,7,4,1,0,0,,129,0.9213025620869206,0.9393230429756069,0.01802048088868624,1,1,sure_thing,0.2732,0,1,463,1
HELIOS-005103,31.2,64.41,pro,9,23,4,0,0,0,7.0,248,0.978957029195871,0.9447244643014988,-0.03423256489437221,1,1,sure_thing,0.0248,0,1,950,1
HELIOS-005104,10.1,22.76,basic,9,6,3,1,0,0,,98,0.8778798715011532,0.8766465368984125,-0.0012333346027406655,1,1,lost_cause,0.0925,0,1,307,1
HELIOS-005105,5.4,13.97,basic,6,22,9,2,0,0,,63,0.8803844965423877,0.9452704564609223,0.06488595991853463,1,1,persuadable,0.5162,0,1,164,1
HELIOS-005106,31.2,45.5,pro,4,33,2,0,1,0,,220,0.900726511124684,0.9360012238235035,0.03527471269881943,1,1,lost_cause,0.1942,0,1,950,1
HELIOS-005107,1.1,17.37,basic,12,19,10,1,0,0,10.0,19,0.8984953556604134,0.9058829666388294,0.007387610978416004,1,1,lost_cause,0.1872,0,1,33,1
HELIOS-005108,31.2,19.32,basic,14,18,5,0,0,0,7.0,257,0.964589798874517,0.9398289923229591,-0.02476080655155788,1,1,sure_thing,0.042,0,1,950,1
HELIOS-005109,7.8,23.9,basic,12,3,3,3,0,0,,86,0.8457211067889749,0.99,0.14427889321102505,1,1,persuadable,0.4142,0,1,237,1
HELIOS-005110,19.0,16.39,basic,14,39,2,0,0,1,7.0,178,0.9531326287909744,0.7832753614193028,-0.16985726737167162,1,1,sleeping_dog,0.6014,1,1,578,1
HELIOS-005111,10.4,23.6,basic,2,92,3,1,0,0,,65,0.8404017224785405,0.7196783161294394,-0.12072340634910106,1,0,sleeping_dog,0.9302,1,0,317,1
HELIOS-005112,5.0,57.79,pro,1,3,0,0,1,0,,25,0.8197921729110103,0.8927211940557012,0.07292902114469091,1,1,persuadable,0.2265,0,1,152,1
HELIOS-005113,25.7,18.7,basic,23,6,5,1,0,0,,394,0.9822500714471627,0.9779400605919123,-0.004310010855250401,1,1,sure_thing,0.3675,0,1,782,1
HELIOS-005114,26.7,50.39,pro,6,4,4,0,0,0,,177,0.9404278152521607,0.9235247749205299,-0.016903040331630814,1,1,sure_thing,0.1905,0,1,813,1
HELIOS-005115,20.3,83.92,pro,20,0,10,0,0,0,8.0,375,0.9895436185090719,0.9898238927765906,0.00028027426751864315,1,1,sure_thing,0.8465,1,1,618,1
HELIOS-005116,31.2,15.32,basic,0,78,0,1,1,1,,85,0.6770079628070372,0.6756261175503734,-0.0013818452566638495,0,0,lost_cause,0.9377,1,0,950,1
HELIOS-005117,11.6,16.33,basic,5,3,1,2,1,0,,96,0.6532699130647667,0.8918957766290914,0.2386258635643247,1,1,persuadable,0.9891,1,1,353,1
HELIOS-005118,5.0,25.04,basic,1,36,1,0,0,1,6.0,35,0.8717561900924162,0.6908332758249244,-0.18092291426749185,1,1,sleeping_dog,0.7077,1,1,152,1
HELIOS-005119,24.0,42.46,pro,2,19,1,3,0,0,,76,0.7594514317284862,0.9849336545012981,0.22548222277281194,1,1,persuadable,0.3857,1,1,731,1
HELIOS-005120,31.2,37.41,pro,5,12,4,0,0,1,7.0,265,0.9529541420093574,0.8899136463651243,-0.06304049564423309,1,1,sleeping_dog,0.5311,0,1,950,0
HELIOS-005121,31.2,21.35,basic,6,29,2,1,0,0,,282,0.9049117974188104,0.881238706525004,-0.023673090893806426,1,1,lost_cause,0.984,1,1,950,1
HELIOS-005122,18.3,14.05,basic,8,24,3,0,0,0,9.0,175,0.9090058265784573,0.8576318065543088,-0.05137402002414848,1,1,sleeping_dog,0.7698,0,1,557,1
HELIOS-005123,20.3,30.66,pro,10,35,6,0,0,0,10.0,216,0.958114268935709,0.9278226384788028,-0.030291630456906193,1,1,sure_thing,0.2531,1,1,618,1
HELIOS-005124,31.2,34.76,pro,1,202,1,0,0,0,,84,0.8702976780343549,0.5791881667070804,-0.2911095113272745,1,1,sleeping_dog,0.6234,1,1,950,1
HELIOS-005125,20.5,47.32,pro,18,23,5,0,0,1,8.0,284,0.9729025282115364,0.9038650549404668,-0.06903747327106968,1,1,sleeping_dog,0.27,1,1,624,1
HELIOS-005126,8.3,21.27,basic,31,5,18,0,0,0,8.0,205,0.99,0.99,0.0,1,1,sure_thing,0.0098,0,1,253,0
HELIOS-005127,30.4,19.61,basic,12,107,2,1,0,0,,248,0.9033641276790974,0.7102970453567559,-0.1930670823223415,1,1,sleeping_dog,0.3837,1,1,925,1
HELIOS-005128,7.3,17.26,basic,5,41,5,1,0,1,8.0,55,0.808482748419175,0.7650955067254857,-0.04338724169368935,1,1,lost_cause,0.9692,1,1,222,1
HELIOS-005129,31.2,82.46,pro,1,19,1,0,0,0,,169,0.9443737947044053,0.8838763498078992,-0.0604974448965061,1,1,sleeping_dog,0.0594,0,1,950,1
HELIOS-005130,21.5,48.92,pro,8,36,8,0,0,0,5.0,197,0.9713660653483085,0.9568904380632083,-0.014475627285100212,1,1,sure_thing,0.3485,1,1,654,1
HELIOS-005131,9.5,32.31,pro,3,24,5,0,1,0,,54,0.7949515023940641,0.8436619812409951,0.04871047884693103,0,0,lost_cause,0.4074,0,0,289,1
HELIOS-005132,26.9,17.7,basic,28,15,6,0,0,0,,447,0.99,0.9749360532328983,-0.015063946767101655,1,1,sure_thing,0.2029,1,1,819,1
HELIOS-005133,8.8,19.48,basic,41,2,15,1,0,0,8.0,272,0.99,0.99,0.0,1,1,sure_thing,0.0426,0,1,268,1
HELIOS-005134,8.4,171.76,enterprise,3,30,0,0,0,1,6.0,34,0.9371939694369671,0.8065764210436324,-0.13061754839333473,0,0,sleeping_dog,0.5128,1,0,256,1
HELIOS-005135,31.2,58.41,pro,9,46,6,0,1,1,,392,0.9407386759872902,0.9616335082038517,0.02089483221656152,1,1,sure_thing,0.362,0,1,950,1
HELIOS-005136,14.6,19.2,basic,5,9,0,1,1,0,5.0,72,0.788227935033279,0.9126335542292603,0.12440561919598125,1,1,persuadable,0.6223,1,1,444,1
HELIOS-005137,31.2,52.11,pro,21,8,11,1,0,0,,657,0.9828292839157576,0.99,0.007170716084242357,1,1,sure_thing,0.4829,1,1,950,1
HELIOS-005138,31.2,11.11,basic,21,7,11,1,0,0,,652,0.9795807217220445,0.9825609786631448,0.0029802569411003788,1,1,sure_thing,0.08,0,1,950,1
HELIOS-005139,11.8,19.74,basic,42,12,13,2,0,0,,301,0.99,0.99,0.0,1,1,sure_thing,0.0965,0,1,359,1
HELIOS-005140,23.7,11.43,basic,13,6,8,1,0,0,,213,0.9532512596722906,0.9582726168990796,0.0050213572267889806,1,1,sure_thing,0.1351,1,1,721,1
HELIOS-005141,23.6,15.94,basic,13,1,6,0,0,0,10.0,420,0.9716689686820906,0.9617739291674392,-0.009895039514651427,1,1,sure_thing,0.6048,1,1,718,1
HELIOS-005142,17.7,23.88,basic,14,19,6,0,0,0,,156,0.9652970397220937,0.9466540396465188,-0.018643000075574845,1,1,sure_thing,0.7549,1,1,539,1
HELIOS-005143,17.0,20.27,basic,13,5,9,0,1,0,,228,0.945380594766279,0.9671913896250298,0.021810794858750815,1,1,sure_thing,0.5015,1,1,517,1
HELIOS-005144,17.8,44.37,pro,11,27,4,0,2,0,,176,0.8629946708946029,0.99,0.12700532910539708,1,1,persuadable,0.7697,1,1,542,0
HELIOS-005145,10.8,12.74,basic,10,5,6,0,0,0,,87,0.9583005029673705,0.9471928688934335,-0.011107634073937,1,1,sure_thing,0.6532,1,1,329,1
HELIOS-005146,17.4,47.54,pro,10,59,4,2,0,0,,136,0.8564993312080516,0.9119692724255486,0.05546994121749704,1,1,persuadable,0.9655,1,1,530,1
HELIOS-005147,25.5,26.69,basic,10,2,9,0,0,0,,438,0.9728502919217231,0.9707820328330544,-0.0020682590886687002,1,1,sure_thing,0.624,1,1,776,1
HELIOS-005148,12.3,20.94,basic,5,53,2,0,0,1,,75,0.8935729144908914,0.6934868064312921,-0.20008610805959925,1,1,sleeping_dog,0.4845,0,1,374,1
HELIOS-005149,25.5,153.66,enterprise,0,63,0,0,0,0,5.0,49,0.9456107516994207,0.8040914960503518,-0.14151925564906886,1,0,sleeping_dog,0.3897,1,0,776,1
HELIOS-005150,11.2,21.52,basic,26,0,13,0,0,0,,256,0.9838591516258383,0.9831964729319712,-0.000662678693867047,1,1,sure_thing,0.4506,1,1,341,1
HELIOS-005151,6.0,51.98,pro,14,30,8,0,0,0,7.0,96,0.9633992325920411,0.9504722705295734,-0.012926962062467684,1,1,sure_thing,0.2528,0,1,183,1
HELIOS-005152,17.5,29.27,basic,18,20,13,0,0,1,10.0,284,0.967569763695464,0.962135988207274,-0.005433775488190018,1,1,sure_thing,0.6235,0,1,533,0
HELIOS-005153,13.4,19.62,basic,9,0,8,0,0,0,,141,0.9550032199651718,0.9514751312932737,-0.003528088671898133,1,1,sure_thing,0.4629,1,1,408,1
HELIOS-005154,31.2,16.72,basic,23,0,10,0,1,0,6.0,479,0.9760977384583867,0.9851093743669428,0.009011635908556137,1,1,sure_thing,0.0765,0,1,950,1
HELIOS-005155,31.2,51.73,pro,24,5,13,0,1,0,10.0,595,0.9879263352895946,0.99,0.0020736647104053763,1,1,sure_thing,0.0103,0,1,950,1
HELIOS-005156,8.9,51.63,pro,3,8,2,0,0,0,6.0,49,0.8737251368888468,0.8368035655946421,-0.0369215712942047,1,1,lost_cause,0.5957,1,1,271,1
HELIOS-005157,8.2,156.89,enterprise,8,2,5,0,1,0,,109,0.9144839467031922,0.99,0.07551605329680777,1,1,persuadable,0.3268,1,1,250,1
HELIOS-005158,20.1,126.75,enterprise,16,0,12,0,0,1,,308,0.99,0.99,0.0,1,1,sure_thing,0.3077,1,1,612,1
HELIOS-005159,4.4,17.04,basic,1,4,6,3,1,1,,23,0.40381724447359096,0.6934659841178317,0.2896487396442407,0,1,persuadable,0.9969,1,1,134,1
HELIOS-005160,16.4,19.14,basic,8,33,4,0,0,1,10.0,191,0.9398619968556,0.8314174883164223,-0.10844450853917775,1,1,sleeping_dog,0.8932,1,1,499,0
HELIOS-005161,19.2,16.26,basic,6,0,3,1,0,0,,176,0.9193842074442456,0.9226557683570171,0.003271560912771476,1,1,lost_cause,0.0498,0,1,584,0
HELIOS-005162,31.2,20.14,basic,12,0,7,0,1,0,,339,0.9671199195751273,0.9898091271569831,0.022689207581855775,1,1,sure_thing,0.8394,0,1,950,1
HELIOS-005163,18.3,45.99,pro,8,6,2,0,0,1,,98,0.9547664651845489,0.8667486402131336,-0.0880178249714153,1,1,sleeping_dog,0.0252,1,1,557,1
HELIOS-005164,24.1,23.54,basic,2,93,1,1,0,1,,62,0.7951098259613316,0.5707946323801599,-0.2243151935811717,0,0,sleeping_dog,0.8389,1,0,734,1
HELIOS-005165,24.5,115.49,enterprise,3,26,1,1,1,0,,70,0.8303606262593453,0.99,0.15963937374065473,1,1,persuadable,0.7565,1,1,746,1
HELIOS-005166,31.2,112.74,enterprise,8,19,2,2,0,0,,225,0.9204841632500936,0.99,0.06951583674990636,1,1,persuadable,0.7332,1,1,950,1
HELIOS-005167,24.8,15.63,basic,8,0,8,1,0,0,,291,0.9524080467010658,0.9632373509965884,0.010829304295522535,1,1,sure_thing,0.326,0,1,755,1
HELIOS-005168,29.1,23.63,basic,18,9,12,0,0,0,,634,0.9892237409511259,0.9881416264199953,-0.0010821145311306068,1,1,sure_thing,0.7898,1,1,886,0
HELIOS-005169,29.0,19.51,basic,3,31,0,1,1,0,,79,0.832621118001059,0.9571207486633092,0.12449963066225023,1,1,persuadable,0.6717,1,1,883,1
HELIOS-005170,1.6,20.2,basic,7,1,3,0,0,0,,17,0.9217190112616529,0.8970223421448944,-0.024696669116758496,1,1,sure_thing,0.3355,1,1,49,1
HELIOS-005171,7.1,21.2,basic,6,21,7,0,0,1,10.0,82,0.9134018455318573,0.8762345052194962,-0.03716734031236113,1,1,lost_cause,0.3463,0,1,216,0
HELIOS-005172,8.4,38.45,pro,16,48,6,0,0,0,,102,0.9551006026224639,0.9088806939108669,-0.04621990871159698,1,1,sure_thing,0.5295,1,1,256,1
HELIOS-005173,24.7,44.73,pro,11,34,5,0,1,0,,298,0.9240447517385361,0.9513192940630157,0.027274542324479678,1,1,sure_thing,0.0142,1,1,752,1
HELIOS-005174,15.6,20.92,basic,9,27,2,0,0,0,,198,0.9473320778722722,0.8756174372205866,-0.07171464065168565,1,1,sleeping_dog,0.4417,1,1,475,0
HELIOS-005175,12.1,37.7,pro,4,21,4,1,0,1,6.0,96,0.8958908121244386,0.8777065819333796,-0.01818423019105897,1,1,lost_cause,0.4634,0,1,368,1
HELIOS-005176,23.3,144.2,enterprise,8,4,3,1,0,0,,159,0.9536250155890216,0.99,0.03637498441097842,1,1,sure_thing,0.1888,1,1,709,0
HELIOS-005177,31.2,54.22,pro,4,13,5,1,0,0,,201,0.9540440877129964,0.979822923149445,0.025778835436448544,1,1,sure_thing,0.6703,1,1,950,0
HELIOS-005178,31.2,46.47,pro,1,55,2,2,0,0,,168,0.8421326244388831,0.9319916465460497,0.08985902210716656,0,1,persuadable,0.7862,1,1,950,0
HELIOS-005179,31.2,19.84,basic,4,22,6,0,0,1,7.0,208,0.9817648292999267,0.9315244245684743,-0.050240404731452415,0,0,sleeping_dog,0.0751,0,0,950,1
HELIOS-005180,20.8,17.65,basic,0,116,3,1,0,0,7.0,121,0.7379687577463369,0.5613039394666542,-0.1766648182796826,1,1,sleeping_dog,0.9531,1,1,633,1
HELIOS-005181,31.2,43.11,pro,0,13,2,0,0,0,5.0,109,0.9325261513571111,0.8896132728744078,-0.04291287848270331,1,0,sure_thing,0.5937,1,0,950,1
HELIOS-005182,27.3,31.39,basic,17,4,5,1,1,0,,499,0.9583974599033876,0.99,0.03160254009661234,1,1,sure_thing,0.4611,0,1,831,0
HELIOS-005183,31.2,22.82,basic,8,88,4,0,0,0,,182,0.9598796926145328,0.7911700833578511,-0.16870960925668166,1,1,sleeping_dog,0.3292,0,1,950,1
HELIOS-005184,31.2,18.27,basic,20,58,14,1,0,1,,508,0.9824520549054593,0.9797818376981308,-0.002670217207328518,1,1,sure_thing,0.9431,1,1,950,1
HELIOS-005185,20.5,20.27,basic,8,9,3,0,0,0,9.0,236,0.9407537057347363,0.9083477370555881,-0.032405968679148134,1,1,sure_thing,0.0178,0,1,624,1
HELIOS-005186,31.2,20.77,basic,25,7,6,0,0,0,,526,0.9896459022670517,0.976231070034381,-0.013414832232670704,1,1,sure_thing,0.3418,0,1,950,1
HELIOS-005187,21.2,17.71,basic,16,7,8,0,0,0,,285,0.9844828200450056,0.9781437275333448,-0.006339092511660871,1,1,sure_thing,0.1135,1,1,645,1
HELIOS-005188,31.2,46.63,pro,0,77,0,0,0,1,,112,0.8727744365699377,0.612941713579642,-0.2598327229902957,1,1,sleeping_dog,0.9086,1,1,950,1
HELIOS-005189,8.7,18.49,basic,8,26,2,0,1,0,,54,0.8315248162081474,0.8386895231222193,0.007164706914071894,0,0,lost_cause,0.2834,1,0,265,1
HELIOS-005190,1.0,36.25,pro,10,9,1,1,1,0,,6,0.7824046367576448,0.9034991207472594,0.12109448398961453,1,1,persuadable,0.9228,0,1,30,0
HELIOS-005191,16.2,14.91,basic,7,26,6,0,1,0,,127,0.8733552632105414,0.8988536597794138,0.025498396568872428,1,1,lost_cause,0.7992,0,1,493,1
HELIOS-005192,22.7,21.58,basic,2,40,4,0,2,0,,89,0.8277821660324173,0.99,0.16221783396758271,1,1,persuadable,0.9808,1,1,691,1
HELIOS-005193,18.5,21.92,basic,6,102,0,0,0,0,,81,0.8995256505976363,0.6391295202787327,-0.26039613031890363,1,0,sleeping_dog,0.2937,1,0,563,1
HELIOS-005194,27.4,21.25,basic,4,87,2,0,0,0,6.0,174,0.9178535701222756,0.7101274608784663,-0.2077261092438093,1,1,sleeping_dog,0.2086,0,1,834,0
HELIOS-005195,12.3,16.63,basic,9,8,4,1,1,0,8.0,139,0.7909687173450334,0.8970511267298997,0.10608240938486635,1,1,persuadable,0.7223,1,1,374,1
HELIOS-005196,25.5,27.84,basic,5,3,10,0,0,0,6.0,235,0.9474767904310442,0.9481017359183083,0.0006249454872641058,1,1,sure_thing,0.7812,1,1,776,1
HELIOS-005197,31.2,14.07,basic,2,11,3,0,0,0,,181,0.9507031448625302,0.9175238895703326,-0.03317925529219756,1,1,sure_thing,0.3631,0,1,950,1
HELIOS-005198,27.3,16.78,basic,16,18,10,0,1,0,,422,0.9697396491931131,0.985377468489692,0.015637819296578925,1,1,sure_thing,0.1434,0,1,831,1
HELIOS-005199,31.2,44.24,pro,5,88,6,0,0,0,,186,0.9463202441416375,0.8264090978404983,-0.1199111463011392,1,1,sleeping_dog,0.4357,1,1,950,1
HELIOS-005200,20.2,182.67,enterprise,15,21,8,0,0,0,10.0,226,0.9871036532291415,0.99,0.0028963467708584822,1,1,sure_thing,0.0834,0,1,615,1
HELIOS-005201,31.2,20.89,basic,2,115,7,0,0,1,,195,0.9118746135847532,0.6830746653829457,-0.2287999482018075,1,1,sleeping_dog,0.6063,1,1,950,1
HELIOS-005202,14.3,17.6,basic,9,36,7,0,0,1,,230,0.9393506425028469,0.8804226890068713,-0.05892795349597568,1,1,sleeping_dog,0.3311,0,1,435,1
HELIOS-005203,3.4,10.17,basic,6,12,4,0,0,0,8.0,27,0.923348496783127,0.8969008308652583,-0.026447665917868735,1,1,sure_thing,0.1898,0,1,103,1
HELIOS-005204,4.0,32.54,pro,10,20,4,0,0,0,,40,0.9395064892815098,0.9055507710988285,-0.03395571818268128,1,1,sure_thing,0.8129,1,1,122,1
HELIOS-005205,31.2,41.82,pro,81,1,33,0,0,0,10.0,1396,0.99,0.99,0.0,1,1,sure_thing,0.5926,0,1,950,1
HELIOS-005206,15.0,16.08,basic,15,11,7,0,0,1,,182,0.9715831281456909,0.9427148960611785,-0.02886823208451239,1,1,sure_thing,0.4322,0,1,457,1
HELIOS-005207,13.3,19.93,basic,7,144,4,2,1,0,6.0,50,0.6841554107026815,0.8188661552362053,0.13471074453352383,1,1,persuadable,0.9749,0,1,405,1
HELIOS-005208,19.9,47.13,pro,2,32,6,0,1,0,6.0,128,0.8492977515353592,0.9176241093516327,0.0683263578162735,1,1,persuadable,0.7705,1,1,606,1
HELIOS-005209,9.5,65.05,pro,6,30,8,0,0,1,,90,0.9570582642115344,0.9247809095090964,-0.03227735470243798,1,1,sure_thing,0.0945,0,1,289,1
HELIOS-005210,13.1,69.75,pro,10,23,3,0,0,1,6.0,185,0.957267203586657,0.8538167828936764,-0.1034504206929806,1,1,sleeping_dog,0.7337,0,1,399,1
HELIOS-005211,8.0,14.82,basic,11,59,5,0,0,0,5.0,70,0.9401594609800523,0.860128727814716,-0.08003073316533627,1,1,sleeping_dog,0.3566,0,1,244,0
HELIOS-005212,17.3,26.07,basic,1,21,3,0,0,1,,66,0.9397667295727085,0.8403708775554843,-0.09939585201722412,1,1,sleeping_dog,0.5774,1,1,527,1
HELIOS-005213,31.2,56.68,pro,6,8,3,1,1,0,,249,0.893674003028495,0.99,0.09632599697150501,1,1,persuadable,0.7837,1,1,950,1
HELIOS-005214,15.8,16.93,basic,11,15,4,2,0,0,,222,0.9160831505414451,0.958954515356396,0.04287136481495091,1,1,lost_cause,0.6468,1,1,481,1
HELIOS-005215,31.2,18.82,basic,15,43,6,0,1,0,7.0,349,0.9682381732566215,0.9740106978844469,0.005772524627825404,1,1,sure_thing,0.1742,0,1,950,1
HELIOS-005216,31.2,14.89,basic,7,12,6,1,0,0,4.0,350,0.9306786039456406,0.937539522232916,0.006860918287275419,1,1,sure_thing,0.3151,1,1,950,1
HELIOS-005217,23.6,18.09,basic,1,111,1,2,0,1,,72,0.6793885049285182,0.5344790300555838,-0.14490947487293437,1,1,sleeping_dog,0.9072,1,1,718,1
HELIOS-005218,17.5,111.54,enterprise,6,96,3,0,1,0,7.0,166,0.9122318149245308,0.9270226495151098,0.01479083459057906,1,1,lost_cause,0.9231,1,1,533,1
HELIOS-005219,31.2,43.26,pro,8,26,12,0,0,0,,336,0.9714894980251711,0.9717447714482161,0.00025527342304498823,1,1,sure_thing,0.0369,0,1,950,1
HELIOS-005220,31.2,19.87,basic,4,36,3,1,0,0,7.0,166,0.9069315911223241,0.888385505420969,-0.018546085701355186,1,1,lost_cause,0.8662,1,1,950,1
HELIOS-005221,11.5,26.51,basic,12,1,11,1,1,0,10.0,167,0.8564392845949393,0.961770442105821,0.10533115751088162,1,1,persuadable,0.8897,1,1,350,1
HELIOS-005222,27.6,77.88,enterprise,5,23,8,0,0,0,,277,0.9628402871064943,0.9608814252194989,-0.0019588618869953445,1,1,sure_thing,0.14,0,1,840,1
HELIOS-005223,13.6,21.42,basic,8,26,4,2,0,1,7.0,144,0.8313102972800955,0.8705246609879346,0.03921436370783904,1,1,lost_cause,0.2098,1,1,414,1
HELIOS-005224,22.2,16.59,basic,23,25,9,1,1,1,8.0,405,0.9564511614766094,0.99,0.033548838523390634,1,1,sure_thing,0.202,0,1,676,1
HELIOS-005225,31.2,14.58,basic,0,101,1,2,0,0,,78,0.7932356181456173,0.7347928856915703,-0.058442732454046964,0,0,sleeping_dog,0.3951,0,0,950,1
HELIOS-005226,31.2,21.62,basic,4,25,4,1,0,0,4.0,277,0.9216533961632,0.9213883425776186,-0.00026505358558137626,1,1,sure_thing,0.7735,1,1,950,1
HELIOS-005227,22.6,161.35,enterprise,3,81,2,1,0,0,,110,0.8810152035350771,0.9003969524944386,0.01938174895936151,1,1,lost_cause,0.5385,1,1,688,1
HELIOS-005228,31.2,24.24,basic,8,7,6,0,0,0,,306,0.9709245168803547,0.9599609627615434,-0.010963554118811336,0,0,sure_thing,0.4355,0,0,950,1
HELIOS-005229,10.7,50.2,pro,2,5,4,0,0,0,6.0,56,0.9255429095160399,0.9102373959097454,-0.015305513606294507,1,1,sure_thing,0.9658,1,1,326,0
HELIOS-005230,18.6,21.68,basic,21,11,11,0,0,0,,285,0.9855400259750702,0.9830066173228339,-0.0025334086522362798,1,1,sure_thing,0.596,1,1,566,1
HELIOS-005231,3.9,45.67,pro,7,1,3,0,1,0,,45,0.8526035839848278,0.8990618594166317,0.04645827543180392,1,1,lost_cause,0.9638,1,1,119,1
HELIOS-005232,5.4,121.78,enterprise,10,7,4,1,0,0,6.0,67,0.9483973538131929,0.99,0.04160264618680709,1,1,sure_thing,0.3834,1,1,164,1
HELIOS-005233,5.1,67.03,pro,15,3,8,0,0,0,,99,0.9689936984423078,0.966157935423545,-0.0028357630187627603,1,1,sure_thing,0.2968,0,1,155,1
HELIOS-005234,21.2,15.84,basic,2,95,0,0,1,0,,139,0.7513652454823205,0.6103025392659456,-0.14106270621637496,0,0,sleeping_dog,0.522,1,0,645,1
HELIOS-005235,27.0,54.99,pro,0,53,2,0,0,0,5.0,176,0.916449121914141,0.7957407959054517,-0.1207083260086893,1,1,sleeping_dog,0.5623,0,1,822,1
HELIOS-005236,31.2,23.57,basic,6,74,7,0,1,0,6.0,334,0.9291543825744186,0.9438178976207313,0.014663515046312692,1,1,sure_thing,0.7009,1,1,950,1
HELIOS-005237,31.2,17.47,basic,7,87,7,3,0,1,8.0,259,0.7790417941677178,0.9234287011109209,0.1443869069432031,1,1,persuadable,0.3791,0,1,950,1
HELIOS-005238,31.2,43.41,pro,14,21,9,1,0,0,,421,0.982604275041748,0.99,0.007395724958252026,1,1,sure_thing,0.3452,0,1,950,1
HELIOS-005239,21.5,56.66,pro,15,12,7,0,0,0,10.0,314,0.9799789014926419,0.9709476701064496,-0.009031231386192329,1,1,sure_thing,0.3652,0,1,654,1
HELIOS-005240,31.2,56.5,pro,4,112,2,2,0,1,,139,0.8739129889537475,0.7769888535512719,-0.09692413540247558,1,1,sleeping_dog,0.1902,0,1,950,1
HELIOS-005241,4.7,14.81,basic,8,6,5,2,0,1,,26,0.8258713726892862,0.8746916235561504,0.048820250866864146,1,1,lost_cause,0.3762,0,1,143,1
HELIOS-005242,20.7,195.91,enterprise,14,4,9,1,0,1,,363,0.9723707191914361,0.99,0.017629280808563852,1,1,sure_thing,0.4591,1,1,630,1
HELIOS-005243,15.3,11.64,basic,7,40,2,1,0,1,5.0,123,0.9066055264956261,0.8047923059154889,-0.1018132205801372,1,1,sleeping_dog,0.5994,1,1,466,1
HELIOS-005244,14.4,180.37,enterprise,3,80,0,2,1,0,,34,0.7357976403607309,0.9798430641801156,0.24404542381938465,1,1,persuadable,0.8511,1,1,438,1
HELIOS-005245,19.7,63.35,pro,8,0,4,0,1,0,,206,0.9490170001676144,0.99,0.040982999832385625,1,1,sure_thing,0.0637,0,1,600,1
HELIOS-005246,9.5,187.61,enterprise,5,16,3,0,0,1,,64,0.9342636047863806,0.9108355122300492,-0.02342809255633138,1,1,sure_thing,0.2817,1,1,289,1
HELIOS-005247,13.3,18.14,basic,22,3,8,0,0,0,,266,0.9797564757507795,0.973799728577203,-0.0059567471735765265,1,1,sure_thing,0.1208,0,1,405,1
HELIOS-005248,26.8,14.07,basic,18,1,5,1,0,0,,417,0.9619302614559803,0.960538601045205,-0.0013916604107752084,1,1,sure_thing,0.1249,1,1,816,0
HELIOS-005249,9.6,124.6,enterprise,5,2,3,1,0,0,7.0,76,0.9259381264903579,0.99,0.0640618735096421,1,1,persuadable,0.216,1,1,292,1
HELIOS-005250,26.0,17.95,basic,8,21,5,0,0,0,,206,0.9714625846940977,0.9452573584113041,-0.026205226282793648,1,1,sure_thing,0.0331,1,1,791,1
HELIOS-005251,23.4,19.72,basic,3,7,3,1,0,0,,147,0.91485154614728,0.9204890773217631,0.005637531174483068,1,1,lost_cause,0.5728,0,1,712,1
HELIOS-005252,31.2,44.67,pro,49,0,18,1,0,0,,874,0.99,0.99,0.0,1,1,sure_thing,0.4705,0,1,950,1
HELIOS-005253,15.2,18.02,basic,2,73,1,0,0,0,,44,0.8616184914706029,0.664246973856548,-0.19737151761405491,1,0,sleeping_dog,0.2305,0,1,463,1
HELIOS-005254,13.7,45.79,pro,2,12,2,2,1,0,6.0,91,0.6865363507886058,0.9541565111495073,0.2676201603609015,0,0,persuadable,0.7311,1,0,417,1
HELIOS-005255,31.2,97.97,enterprise,21,23,6,0,0,1,,547,0.99,0.9388447122939171,-0.05115528770608291,1,1,sleeping_dog,0.5783,1,1,950,1
HELIOS-005256,17.8,136.88,enterprise,12,0,3,0,0,0,9.0,212,0.976373459194026,0.9678205680367816,-0.008552891157244336,1,1,sure_thing,0.9843,1,1,542,1
HELIOS-005257,27.3,15.08,basic,11,59,4,0,0,1,9.0,267,0.9604378660718171,0.7877772913718547,-0.17266057469996243,1,0,sleeping_dog,0.0002,0,1,831,1
HELIOS-005258,13.4,82.52,enterprise,10,20,5,0,0,0,8.0,208,0.9661817396146778,0.9460571938234743,-0.020124545791203485,1,1,sure_thing,0.0769,0,1,408,1
HELIOS-005259,22.0,13.22,basic,4,4,3,1,0,1,,115,0.8997005339532329,0.8808453439057649,-0.01885519004746805,1,1,lost_cause,0.5617,1,1,670,1
HELIOS-005260,22.6,61.78,pro,10,5,4,0,0,0,9.0,262,0.9588945773202086,0.9406260880172063,-0.01826848930300229,0,0,sure_thing,0.0566,0,0,688,1
HELIOS-005261,22.9,47.06,pro,0,84,2,1,0,0,,88,0.8690471505403313,0.7631919725061062,-0.10585517803422517,0,0,sleeping_dog,0.8574,1,0,697,1
HELIOS-005262,7.9,20.73,basic,3,234,2,1,0,0,5.0,29,0.5612269270451143,0.28548233419460906,-0.2757445928505053,1,0,sleeping_dog,0.9422,1,0,240,1
HELIOS-005263,31.2,22.79,basic,1,76,2,0,0,1,,159,0.9495511776536276,0.7091637912324602,-0.24038738642116741,1,1,sleeping_dog,0.5155,0,1,950,1
HELIOS-005264,23.5,17.61,basic,4,18,0,0,1,0,,85,0.8196813991420665,0.8276363065466538,0.007954907404587264,1,1,lost_cause,0.5417,1,1,715,1
HELIOS-005265,26.1,39.91,pro,27,0,7,0,0,1,,561,0.99,0.9698623947673911,-0.02013760523260888,1,1,sure_thing,0.8354,1,1,794,1
HELIOS-005266,1.5,28.13,basic,5,27,2,1,0,1,5.0,8,0.9127093913615755,0.8474790434147843,-0.06523034794679117,0,0,sleeping_dog,0.4378,1,0,46,1
HELIOS-005267,16.4,13.81,basic,9,13,4,0,0,1,,159,0.9397107410194266,0.8721059217883341,-0.06760481923109252,1,1,sleeping_dog,0.3903,0,1,499,1
HELIOS-005268,27.1,38.93,pro,11,6,8,0,2,0,8.0,312,0.9179457779982171,0.99,0.07205422200178291,1,1,persuadable,0.7,0,1,825,1
HELIOS-005269,25.0,14.42,basic,2,18,1,2,0,0,,109,0.8837644001300168,0.9506114204231286,0.06684702029311185,1,1,persuadable,0.2468,0,1,761,1
HELIOS-005270,8.7,128.92,enterprise,17,14,14,0,0,0,9.0,140,0.9794281168093408,0.9886595732138577,0.009231456404516836,1,1,sure_thing,0.0118,0,1,265,1
HELIOS-005271,11.1,142.93,enterprise,2,203,3,1,0,0,9.0,50,0.8415554749480234,0.6904596703793198,-0.15109580456870364,1,1,sleeping_dog,0.7605,1,1,338,0
HELIOS-005272,31.2,48.68,pro,4,19,1,1,0,0,,118,0.9160738392501058,0.9087466814018165,-0.007327157848289301,1,1,lost_cause,0.6894,1,1,950,1
HELIOS-005273,19.6,17.09,basic,12,14,4,2,0,0,8.0,244,0.9340231505310276,0.9738796956176841,0.03985654508665648,1,1,sure_thing,0.2111,0,1,597,1
HELIOS-005274,3.2,54.44,pro,11,40,5,0,0,0,8.0,48,0.9523274891894873,0.9065258778563093,-0.04580161133317795,1,1,sure_thing,0.3629,0,1,97,1
HELIOS-005275,4.3,20.63,basic,3,35,4,2,0,1,,36,0.6842925519931056,0.7381311122046811,0.053838560211575515,1,1,persuadable,0.9694,1,1,131,1
HELIOS-005276,8.5,37.81,pro,24,1,8,0,0,0,7.0,142,0.9825878743701068,0.9772677131301835,-0.005320161239923293,1,1,sure_thing,0.0194,0,1,259,1
HELIOS-005277,25.0,30.01,basic,43,1,20,0,0,0,10.0,740,0.99,0.99,0.0,1,1,sure_thing,0.3909,0,1,761,1
HELIOS-005278,6.3,19.71,basic,3,33,2,0,0,0,,32,0.8659332449099915,0.7842054857669002,-0.08172775914309127,1,1,sleeping_dog,0.7028,1,1,192,0
HELIOS-005279,23.7,11.86,basic,3,21,3,0,0,0,,143,0.8735190755118198,0.8275756387230957,-0.045943436788724146,1,1,lost_cause,0.9063,1,1,721,1
HELIOS-005280,31.2,50.94,pro,9,7,5,1,0,0,,325,0.9625489437989605,0.9774401012495572,0.01489115745059666,1,1,sure_thing,0.1769,0,1,950,0
HELIOS-005281,17.5,61.77,pro,26,9,14,0,0,1,,361,0.99,0.9885218925538726,-0.001478107446127419,1,1,sure_thing,0.2323,0,1,533,0
HELIOS-005282,29.3,143.47,enterprise,6,77,1,0,0,0,4.0,238,0.9495473525233871,0.7717997902671299,-0.1777475622562572,1,1,sleeping_dog,0.2286,0,1,892,1
HELIOS-005283,31.2,18.54,basic,5,55,2,0,0,0,8.0,185,0.9330952937872233,0.8003185514973952,-0.13277674228982816,1,1,sleeping_dog,0.4537,1,1,950,1
HELIOS-005284,23.6,26.26,basic,2,12,2,2,0,0,5.0,81,0.8703214031104602,0.9590369327054604,0.08871552959500018,1,1,persuadable,0.3768,0,1,718,1
HELIOS-005285,4.7,17.16,basic,6,31,4,2,0,0,,30,0.8503518028980649,0.90835839060941,0.05800658771134515,1,1,persuadable,0.4892,0,1,143,1
HELIOS-005286,2.0,16.81,basic,6,2,7,1,0,1,9.0,29,0.9083986000862334,0.9137756995273183,0.005377099441084887,1,1,lost_cause,0.1363,0,1,61,1
HELIOS-005287,30.3,22.99,basic,6,21,2,1,0,0,,186,0.9357849038677823,0.921222712337184,-0.014562191530598345,1,1,sure_thing,0.3612,1,1,922,1
HELIOS-005288,31.2,165.78,enterprise,7,4,2,0,0,0,8.0,239,0.9767528330461711,0.9808424575780724,0.004089624531901315,1,1,sure_thing,0.8037,1,1,950,1
HELIOS-005289,14.1,42.34,pro,22,12,4,2,0,1,,212,0.960311975803439,0.9777989648721901,0.017486989068751124,1,1,sure_thing,0.4983,1,1,429,1
HELIOS-005290,10.5,183.92,enterprise,2,4,0,0,0,0,8.0,33,0.9577076382192822,0.9718673653121179,0.01415972709283575,0,0,sure_thing,0.2578,1,0,320,1
HELIOS-005291,12.0,53.54,pro,5,7,2,0,0,0,2.0,63,0.9321895883007153,0.8955697783514641,-0.03661980994925118,1,1,sure_thing,0.3871,0,1,365,1
HELIOS-005292,14.8,17.99,basic,13,6,6,2,1,1,,212,0.8540412779031361,0.99,0.13595872209686388,1,1,persuadable,0.9552,1,1,451,1
HELIOS-005293,4.9,14.47,basic,3,79,1,0,1,0,2.0,17,0.788864014107045,0.7052711039988968,-0.08359291010814818,1,0,sleeping_dog,0.3794,0,1,149,1
HELIOS-005294,25.1,19.34,basic,25,4,10,1,1,0,,646,0.971258801053048,0.99,0.01874119894695203,1,1,sure_thing,0.2692,0,1,764,0
HELIOS-005295,31.2,53.95,pro,11,30,3,0,0,0,,294,0.9711834766323946,0.9121805095902409,-0.05900296704215369,1,1,sleeping_dog,0.4802,1,1,950,1
HELIOS-005296,31.2,16.33,basic,6,25,7,1,0,0,,247,0.9409784357311372,0.9484811129198705,0.00750267718873332,1,1,sure_thing,0.5282,1,1,950,1
HELIOS-005297,31.2,15.15,basic,12,4,5,1,0,0,,353,0.9605143410090854,0.9622849971090262,0.0017706560999407595,1,1,sure_thing,0.1923,0,1,950,0
HELIOS-005298,25.1,13.52,basic,7,7,4,0,0,0,7.0,345,0.9626286371411257,0.9402235744256732,-0.022405062715452506,1,1,sure_thing,0.8355,0,1,764,1
HELIOS-005299,31.2,48.56,pro,10,36,8,0,0,0,,469,0.9824599089878803,0.9671925409277392,-0.015267368060141062,1,1,sure_thing,0.0875,0,1,950,1
HELIOS-005300,2.2,142.63,enterprise,2,40,1,1,1,0,,9,0.714761469918643,0.9649915904842254,0.25023012056558247,1,1,persuadable,0.7334,1,1,67,1
HELIOS-005301,26.7,147.95,enterprise,14,17,3,1,0,0,,300,0.9562816797369397,0.99,0.03371832026306032,1,1,sure_thing,0.33,1,1,813,1
HELIOS-005302,18.3,46.19,pro,6,16,6,1,1,0,,196,0.848945298343438,0.99,0.14105470165656198,1,1,persuadable,0.8455,1,1,557,1
HELIOS-005303,15.1,57.92,pro,5,0,2,2,1,0,7.0,134,0.7889399489129433,0.99,0.2010600510870567,1,1,persuadable,0.3172,1,1,460,1
HELIOS-005304,31.2,148.87,enterprise,2,22,4,0,1,0,,258,0.9587993981276275,0.99,0.031200601872372502,1,1,sure_thing,0.7298,1,1,950,0
HELIOS-005305,14.3,114.79,enterprise,20,24,4,0,0,0,,226,0.9656491568997218,0.9305400018339985,-0.03510915506572321,1,1,sure_thing,0.2748,0,1,435,1
HELIOS-005306,18.9,25.56,basic,6,22,3,1,1,0,,112,0.8158458405332889,0.9480629859306593,0.1322171453973704,1,1,persuadable,0.8477,1,1,575,1
HELIOS-005307,26.8,47.03,pro,5,93,9,0,0,0,,213,0.9475156585622704,0.8780691661084827,-0.06944649245378764,1,1,sleeping_dog,0.3757,1,1,816,1
HELIOS-005308,31.2,56.26,pro,11,37,5,0,0,0,,424,0.9672131480924875,0.9255785045960774,-0.041634643496410106,1,1,sure_thing,0.6697,1,1,950,1
HELIOS-005309,31.2,16.41,basic,7,5,6,1,0,0,,254,0.9742784805514739,0.9831170797822303,0.008838599230756361,1,1,sure_thing,0.3383,1,1,950,1
HELIOS-005310,21.5,52.32,pro,4,50,5,0,1,0,8.0,190,0.9074983533831436,0.9587999632727475,0.05130160988960397,1,1,persuadable,0.1609,0,1,654,1
HELIOS-005311,20.9,20.77,basic,26,6,4,0,0,0,,412,0.9847022576177539,0.9609022540185819,-0.023800003599172004,0,0,sure_thing,0.7851,1,0,636,1
HELIOS-005312,31.2,20.09,basic,13,12,6,1,1,0,,402,0.9326802570460124,0.99,0.05731974295398756,1,1,persuadable,0.2688,0,1,950,1
HELIOS-005313,19.4,23.14,basic,4,343,2,1,1,0,,61,0.3774975088831907,0.22693936891823716,-0.15055813996495357,0,0,sleeping_dog,0.9994,1,0,591,1
HELIOS-005314,19.8,121.09,enterprise,5,56,1,0,1,0,,125,0.9053296573900419,0.9865255456903429,0.081195888300301,1,1,persuadable,0.3832,1,1,603,1
HELIOS-005315,3.2,34.29,pro,8,3,8,1,1,0,,46,0.8407049670393851,0.9800793674413869,0.13937440040200177,1,1,persuadable,0.9186,1,1,97,1
HELIOS-005316,30.6,20.59,basic,10,55,5,0,0,0,5.0,335,0.9565917086159713,0.8846550524810162,-0.07193665613495515,1,1,sleeping_dog,0.3238,1,1,931,1
HELIOS-005317,3.7,55.17,pro,6,12,7,0,1,0,,24,0.8331738484634911,0.897608658973092,0.06443481050960098,1,1,persuadable,0.4405,1,1,113,1
HELIOS-005318,18.4,23.56,basic,48,7,16,0,0,0,,609,0.99,0.99,0.0,1,1,sure_thing,0.2717,0,1,560,1
HELIOS-005319,31.2,10.46,basic,23,2,7,1,0,0,,564,0.9785813390560816,0.9781438863527677,-0.00043745270331385644,1,1,sure_thing,0.5102,1,1,950,1
HELIOS-005320,16.7,54.78,pro,3,208,1,1,0,0,9.0,53,0.7979382717031874,0.5412615114984519,-0.2566767602047355,1,0,sleeping_dog,0.2048,0,1,508,1
HELIOS-005321,25.9,44.09,pro,18,3,3,2,0,0,,275,0.951173970266139,0.99,0.038826029733860956,1,1,sure_thing,0.3932,1,1,788,1
HELIOS-005322,17.1,36.29,pro,15,19,7,2,1,1,,244,0.8469551162137898,0.99,0.14304488378621016,0,0,persuadable,0.3786,0,0,521,1
HELIOS-005323,31.2,23.23,basic,12,159,6,0,0,0,6.0,365,0.9379711970756158,0.6752090681676429,-0.2627621289079729,1,0,sleeping_dog,0.6997,0,1,950,0
HELIOS-005324,20.3,21.56,basic,2,365,2,0,0,0,6.0,76,0.5901128419090104,0.2950742221387853,-0.29503861977022505,1,1,sleeping_dog,0.7557,1,1,618,1
HELIOS-005325,10.8,70.98,pro,24,12,4,0,0,0,,166,0.9784258928911911,0.951165586344241,-0.027260306546950108,1,1,sure_thing,0.5834,0,1,329,1
HELIOS-005326,14.5,11.51,basic,5,1,2,0,0,0,,74,0.9188382273218032,0.8852798159257547,-0.03355841139604854,1,1,lost_cause,0.8895,1,1,441,1
HELIOS-005327,31.2,20.16,basic,6,24,1,1,1,0,8.0,177,0.8672058401997566,0.9842665922986048,0.11706075209884825,1,1,persuadable,0.6168,1,1,950,0
HELIOS-005328,1.5,38.27,pro,10,25,4,1,0,0,,7,0.8857819837651069,0.8822797510880346,-0.003502232677072281,1,1,lost_cause,0.8695,1,1,46,0
HELIOS-005329,31.2,24.43,basic,5,31,4,3,0,0,8.0,204,0.8089134069521735,0.99,0.18108659304782648,1,1,persuadable,0.1508,1,1,950,1
HELIOS-005330,20.1,25.02,basic,12,4,3,1,1,0,8.0,217,0.8878751342475579,0.9871217729186896,0.0992466386711317,1,1,persuadable,0.1146,0,1,612,1
HELIOS-005331,9.9,67.04,pro,5,12,4,2,0,0,8.0,114,0.8513534572247053,0.9831588329616935,0.13180537573698814,1,1,persuadable,0.7923,1,1,301,1
HELIOS-005332,18.7,15.94,basic,4,30,4,0,0,0,7.0,177,0.9025436330651098,0.8570395386359427,-0.04550409442916703,0,0,lost_cause,0.8665,1,0,569,1
HELIOS-005333,31.2,15.82,basic,9,25,11,1,0,0,7.0,339,0.9554395393538992,0.9655379298434718,0.010098390489572506,1,1,sure_thing,0.5095,1,1,950,1
HELIOS-005334,20.8,14.98,basic,4,127,3,1,1,1,,100,0.545798678005564,0.47099731037405157,-0.07480136763151246,1,1,sleeping_dog,0.9951,1,1,633,1
HELIOS-005335,28.9,117.58,enterprise,8,11,2,0,0,1,,250,0.9559963340990707,0.8701653674445089,-0.0858309666545618,1,1,sleeping_dog,0.2512,0,1,880,1
HELIOS-005336,2.3,19.37,basic,4,6,6,0,0,0,6.0,15,0.9381068536329991,0.9284309347578243,-0.009675918875174716,1,1,sure_thing,0.1485,0,1,70,1
HELIOS-005337,31.2,51.46,pro,3,57,3,0,0,0,,138,0.9318245669704596,0.8211321385569019,-0.11069242841355764,1,1,sleeping_dog,0.7269,1,1,950,1
HELIOS-005338,9.9,23.25,basic,6,21,0,2,1,0,5.0,61,0.7324525888787837,0.9680724367068546,0.23561984782807088,1,1,persuadable,0.6725,0,1,301,1
HELIOS-005339,11.7,133.34,enterprise,6,27,1,1,0,0,,62,0.9351237495048014,0.9882584728223701,0.053134723317568744,1,1,persuadable,0.1831,1,1,356,1
HELIOS-005340,19.6,44.04,pro,4,25,1,1,0,0,,123,0.8533605533396126,0.8360083316449073,-0.017352221694705294,0,0,lost_cause,0.7258,1,0,597,1
HELIOS-005341,31.2,14.45,basic,5,33,7,0,0,0,5.0,277,0.9331273201796715,0.9127774697293869,-0.02034985045028459,1,1,sure_thing,0.7614,1,1,950,0
HELIOS-005342,31.2,23.78,basic,12,23,7,1,0,0,5.0,262,0.9475990494013827,0.9509772863428189,0.00337823694143613,1,1,sure_thing,0.4495,1,1,950,1
HELIOS-005343,14.6,25.01,basic,5,7,10,2,0,0,,126,0.89900041678667,0.9814275985124256,0.08242718172575558,1,1,persuadable,0.4752,0,1,444,1
HELIOS-005344,3.6,22.16,basic,3,19,1,1,1,1,,20,0.6998780976442094,0.8203400507882876,0.12046195314407826,1,1,persuadable,0.9295,1,1,110,0
HELIOS-005345,31.2,21.6,basic,15,16,9,0,0,0,,487,0.9829757772876572,0.9769669066788992,-0.006008870608757988,1,1,sure_thing,0.0391,0,1,950,1
HELIOS-005346,9.7,17.85,basic,46,8,14,0,0,0,,308,0.99,0.99,0.0,1,1,sure_thing,0.3971,0,1,295,1
HELIOS-005347,4.8,26.65,basic,5,130,5,1,0,0,,35,0.7724706612907782,0.6009192411947077,-0.1715514200960705,1,1,sleeping_dog,0.5328,1,1,146,0
HELIOS-005348,24.5,18.56,basic,59,0,23,0,0,0,10.0,974,0.99,0.99,0.0,1,1,sure_thing,0.2218,0,1,746,1
HELIOS-005349,13.7,24.1,basic,1,43,1,0,0,1,,55,0.8750443400711596,0.6782022195051562,-0.19684212056600336,1,0,sleeping_dog,0.7589,0,1,417,1
HELIOS-005350,3.8,50.29,pro,4,5,4,0,1,0,,37,0.8803224265054945,0.9449908851368252,0.06466845863133064,1,1,persuadable,0.6349,1,1,116,1
HELIOS-005351,17.2,43.2,pro,6,5,1,2,1,0,,132,0.7006415172490514,0.9564358864992857,0.25579436925023424,1,1,persuadable,0.9908,1,1,524,1
HELIOS-005352,10.7,23.32,basic,2,79,1,1,1,0,,40,0.7010856875104274,0.7872107943541741,0.08612510684374663,0,0,persuadable,0.8823,1,0,326,0
HELIOS-005353,28.8,24.02,basic,6,14,1,2,0,0,,183,0.8708963697367211,0.9311597634954782,0.06026339375875711,1,1,persuadable,0.728,1,1,877,1
HELIOS-005354,16.3,17.02,basic,9,125,2,0,0,1,6.0,150,0.8576258232710751,0.5726884068134583,-0.2849374164576167,0,0,sleeping_dog,0.6829,0,0,496,0
HELIOS-005355,7.0,59.92,pro,12,14,11,0,1,0,,87,0.9399936126482693,0.9879448934335336,0.04795128078526434,1,1,sure_thing,0.2474,1,1,213,1
HELIOS-005356,11.4,36.52,pro,3,105,3,0,1,0,5.0,70,0.8345986241950872,0.7513015997879571,-0.08329702440713016,1,1,sleeping_dog,0.3591,0,1,347,1
HELIOS-005357,24.2,62.49,pro,19,1,13,0,0,0,,488,0.9898602330800036,0.99,0.000139766919996398,1,1,sure_thing,0.4195,1,1,737,1
HELIOS-005358,31.2,126.85,enterprise,13,1,6,1,1,0,,372,0.9639058221141728,0.99,0.02609417788582724,1,1,sure_thing,0.2271,1,1,950,1
HELIOS-005359,18.8,15.56,basic,14,5,2,0,0,0,3.0,182,0.9514634148787674,0.9118616219668664,-0.039601792911901024,1,1,sure_thing,0.5486,1,1,572,1
HELIOS-005360,31.2,15.82,basic,11,24,2,0,1,0,,318,0.9384027540811567,0.9392487559739744,0.0008460018928176938,1,1,sure_thing,0.1468,0,1,950,1
HELIOS-005361,1.8,9.94,basic,92,0,23,0,0,0,,117,0.99,0.99,0.0,1,1,sure_thing,0.0678,0,1,55,0
HELIOS-005362,8.2,125.41,enterprise,3,204,1,1,1,0,5.0,26,0.5383207768825076,0.5167300487251201,-0.021590728157387495,1,1,lost_cause,0.9902,1,1,250,1
HELIOS-005363,11.2,26.64,basic,1,263,2,0,1,0,7.0,60,0.5245074351787821,0.28739644133055553,-0.23711099384822654,0,0,sleeping_dog,0.9663,1,0,341,1
HELIOS-005364,31.2,15.48,basic,8,48,3,1,0,1,,252,0.9345270822060243,0.8357096876337953,-0.09881739457222904,1,1,sleeping_dog,0.1622,0,1,950,1
HELIOS-005365,15.2,25.78,basic,4,13,5,0,2,0,,113,0.7956182253169759,0.99,0.1943817746830241,1,1,persuadable,0.3392,1,1,463,1
HELIOS-005366,31.2,15.98,basic,6,64,3,0,1,0,10.0,306,0.9053232013127566,0.8831596180631948,-0.022163583249561802,1,1,lost_cause,0.8363,0,1,950,1
HELIOS-005367,31.2,37.53,pro,4,31,2,0,2,1,,178,0.7899506085177985,0.99,0.20004939148220147,1,1,persuadable,0.4538,1,1,950,1
HELIOS-005368,23.6,198.32,enterprise,8,47,7,0,1,0,5.0,165,0.9622212570764773,0.99,0.02777874292352267,1,1,sure_thing,0.9122,1,1,718,1
HELIOS-005369,9.9,25.95,basic,6,66,10,0,0,0,7.0,90,0.8994646691001328,0.8757287614346295,-0.023735907665503264,1,0,lost_cause,0.4968,1,0,301,1
HELIOS-005370,7.2,30.07,pro,3,3,3,0,0,0,,50,0.9211084549033639,0.8968353995191577,-0.02427305538420621,1,1,sure_thing,0.9017,1,1,219,1
HELIOS-005371,31.2,134.33,enterprise,16,19,9,0,1,0,9.0,494,0.9748127167634437,0.99,0.01518728323655627,1,1,sure_thing,0.2597,1,1,950,1
HELIOS-005372,6.9,17.74,basic,1,31,0,1,1,0,,20,0.6526530585569423,0.7870448553004743,0.13439179674353197,1,1,persuadable,0.9731,1,1,210,1
HELIOS-005373,31.2,25.9,basic,12,20,8,0,0,1,,423,0.980163018569354,0.9524282830480576,-0.02773473552129635,1,1,sure_thing,0.2186,1,1,950,1
HELIOS-005374,4.7,12.91,basic,10,38,8,2,0,0,7.0,53,0.8658783792022103,0.9117046794674363,0.04582630026522594,1,1,lost_cause,0.7275,1,1,143,1
HELIOS-005375,21.8,12.26,basic,13,3,6,0,0,1,,325,0.9732626868113495,0.9433143897206757,-0.029948297090673814,1,1,sure_thing,0.1318,0,1,664,1
HELIOS-005376,22.8,43.17,pro,40,1,8,0,1,1,,658,0.99,0.99,0.0,1,1,sure_thing,0.1852,1,1,694,1
HELIOS-005377,20.2,41.93,pro,8,8,4,0,0,0,,204,0.9665751219778623,0.9450121037769169,-0.021563018200945416,1,1,sure_thing,0.7109,0,1,615,1
HELIOS-005378,9.3,70.9,pro,2,16,0,1,0,0,,44,0.8536181487619623,0.8601592122932031,0.006541063531240843,0,0,lost_cause,0.9625,1,0,283,1
HELIOS-005379,28.8,31.41,basic,6,26,4,0,0,0,7.0,210,0.9620575836349089,0.922279279927598,-0.03977830370731095,1,1,sure_thing,0.9508,1,1,877,1
HELIOS-005380,5.2,14.85,basic,10,25,4,0,0,0,,51,0.9571218813208688,0.9165431825949375,-0.04057869872593134,0,0,sure_thing,0.2397,0,0,158,1
HELIOS-005381,30.3,17.05,basic,15,18,5,0,0,0,,382,0.9800455749174863,0.9550758315220205,-0.02496974339546587,1,1,sure_thing,0.5374,1,1,922,1
HELIOS-005382,10.6,17.83,basic,9,26,4,1,2,0,,162,0.6751171807891888,0.9382614452650346,0.2631442644758458,1,1,persuadable,0.4003,1,1,323,1
HELIOS-005383,30.6,53.2,pro,32,1,14,0,0,1,9.0,757,0.99,0.99,0.0,1,1,sure_thing,0.6409,1,1,931,1
HELIOS-005384,31.2,116.34,enterprise,5,7,3,1,1,0,4.0,312,0.9304630832743647,0.99,0.059536916725635325,1,1,persuadable,0.1032,1,1,950,1
HELIOS-005385,22.2,15.65,basic,10,5,5,0,0,0,,244,0.9627763419807536,0.9472684621011316,-0.015507879879621989,1,1,sure_thing,0.1415,0,1,676,1
HELIOS-005386,24.0,137.08,enterprise,23,0,10,2,0,0,9.0,479,0.9770671698854495,0.99,0.012932830114550486,1,1,sure_thing,0.3034,0,1,731,1
HELIOS-005387,31.2,44.89,pro,7,38,0,1,0,0,8.0,234,0.9298934525382696,0.8690603270974977,-0.06083312544077191,1,1,sleeping_dog,0.0415,1,1,950,1
HELIOS-005388,31.2,16.02,basic,3,88,4,2,0,0,,237,0.8285206589891888,0.8465410205193953,0.018020361530206475,1,1,lost_cause,0.0468,0,1,950,1
HELIOS-005389,31.2,47.07,pro,25,14,8,0,0,0,7.0,549,0.99,0.9826323322558473,-0.007367667744152651,1,1,sure_thing,0.6448,1,1,950,1
HELIOS-005390,31.2,17.09,basic,0,13,1,1,0,1,,128,0.9168579864900848,0.8653175774244399,-0.05154040906564483,1,1,sleeping_dog,0.0874,0,1,950,0
HELIOS-005391,10.9,17.68,basic,2,201,4,1,0,0,,47,0.7585196772196956,0.4924565086353466,-0.266063168584349,1,1,sleeping_dog,0.9588,1,1,332,1
HELIOS-005392,28.8,49.69,pro,4,144,3,1,1,0,,186,0.7105965325997361,0.7139210915614828,0.0033245589617466598,1,1,lost_cause,0.8055,0,1,877,1
HELIOS-005393,30.5,19.37,basic,1,137,5,0,0,0,,132,0.933767130099824,0.6890793097778165,-0.24468782032200753,1,0,sleeping_dog,0.0865,0,1,928,1
HELIOS-005394,21.2,17.85,basic,0,18,0,0,2,1,7.0,50,0.6451965424603169,0.8420292029564594,0.19683266049614256,1,1,persuadable,0.9652,1,1,645,1
HELIOS-005395,28.3,64.55,pro,23,1,9,0,0,0,,549,0.9860462039537111,0.9832908782520738,-0.002755325701637279,1,1,sure_thing,0.12,0,1,861,0
HELIOS-005396,15.0,23.47,basic,2,148,2,0,0,1,,85,0.8337063094062408,0.5448073888429792,-0.2888989205632616,1,1,sleeping_dog,0.0518,1,1,457,1
HELIOS-005397,28.5,21.54,basic,9,22,6,0,0,0,8.0,276,0.9775604567161887,0.9577882077524701,-0.019772248963718653,1,1,sure_thing,0.1268,1,1,868,1
HELIOS-005398,28.4,29.5,basic,25,13,3,2,0,0,,367,0.9596073372062026,0.9726239284301207,0.013016591223918073,1,1,sure_thing,0.5914,0,1,864,1
HELIOS-005399,31.2,52.73,pro,15,1,6,2,0,0,,379,0.957257188749454,0.99,0.03274281125054601,1,1,sure_thing,0.6171,0,1,950,1
HELIOS-005400,11.0,51.93,pro,1,365,0,1,0,1,,35,0.37585082637654277,0.11954942963217069,-0.2563013967443721,0,0,sleeping_dog,0.9882,1,0,335,0
HELIOS-005401,19.0,20.63,basic,2,23,1,1,0,0,,98,0.8456865422551887,0.8240285856761317,-0.021657956579057003,1,1,lost_cause,0.9326,1,1,578,1
HELIOS-005402,3.0,33.12,pro,13,10,7,0,1,0,,32,0.8744316673369311,0.9002007289585179,0.025769061621586764,1,1,lost_cause,0.5068,0,1,91,1
HELIOS-005403,11.0,16.46,basic,8,11,7,0,0,0,,101,0.9420617959754461,0.9328626666002894,-0.009199129375156767,1,1,sure_thing,0.2874,0,1,335,1
HELIOS-005404,30.0,15.72,basic,3,365,3,0,0,0,,68,0.7913873792528665,0.49549207876258394,-0.29589530049028256,1,1,sleeping_dog,0.7071,1,1,913,1
HELIOS-005405,19.6,62.88,pro,9,33,9,1,1,0,7.0,275,0.9333865349889333,0.99,0.05661346501106668,1,1,persuadable,0.7551,1,1,597,0
HELIOS-005406,14.3,38.79,pro,11,213,4,0,0,0,,108,0.8752601388688075,0.5820692363497185,-0.29319090251908897,1,1,sleeping_dog,0.5572,1,1,435,1
HELIOS-005407,3.1,52.61,pro,1,35,4,0,0,0,,24,0.8654416061145698,0.8185157412573817,-0.04692586485718808,1,1,lost_cause,0.402,0,1,94,1
HELIOS-005408,13.7,19.47,basic,3,125,2,0,1,0,,54,0.7498597321728495,0.583604836414966,-0.16625489575788355,0,0,sleeping_dog,0.8283,1,0,417,0
HELIOS-005409,22.9,15.96,basic,5,2,3,0,0,1,,209,0.9400533665842867,0.8764376447264816,-0.06361572185780517,1,1,sleeping_dog,0.7342,1,1,697,1
HELIOS-005410,31.2,41.83,pro,18,7,6,1,1,0,,443,0.9497228670914807,0.99,0.04027713290851931,1,1,sure_thing,0.8142,1,1,950,1
HELIOS-005411,30.8,153.67,enterprise,30,24,3,1,0,0,,477,0.9895172654949178,0.99,0.00048273450508218296,1,1,sure_thing,0.2368,0,1,938,1
HELIOS-005412,11.0,34.48,pro,4,128,1,0,1,1,,65,0.7418023134540744,0.5254123454694649,-0.21638996798460952,0,0,sleeping_dog,0.8115,1,0,335,1
HELIOS-005413,31.2,17.11,basic,8,6,2,1,1,0,,278,0.9150272362654293,0.99,0.07497276373457074,1,1,persuadable,0.1288,1,1,950,1
HELIOS-005414,14.6,45.77,pro,10,11,8,0,0,0,8.0,167,0.9685085088169207,0.963695601548658,-0.004812907268262778,1,1,sure_thing,0.3874,1,1,444,1
HELIOS-005415,31.2,39.11,pro,14,7,9,0,0,1,9.0,423,0.9876757837353651,0.975084062007608,-0.012591721727757132,1,1,sure_thing,0.4905,0,1,950,1
HELIOS-005416,15.5,44.61,pro,24,3,10,0,0,0,,278,0.9889486003457834,0.98646988069723,-0.0024787196485533958,1,1,sure_thing,0.0738,0,1,472,1
HELIOS-005417,14.7,57.92,pro,2,157,7,1,2,0,,93,0.5480954584930656,0.7866715458153153,0.23857608732224966,0,1,persuadable,0.9952,1,1,447,1
HELIOS-005418,31.2,22.52,basic,17,20,8,0,0,0,,495,0.9865418825899986,0.976188762107458,-0.010353120482540668,1,1,sure_thing,0.0997,0,1,950,0
HELIOS-005419,14.7,21.25,basic,9,54,3,0,0,0,7.0,148,0.9016428045868011,0.7927998285133825,-0.10884297607341864,1,1,sleeping_dog,0.8963,1,1,447,1
HELIOS-005420,31.2,110.72,enterprise,6,40,6,0,0,1,4.0,238,0.961941083420657,0.8945736997731618,-0.06736738364749517,1,1,sleeping_dog,0.1643,1,1,950,1
HELIOS-005421,31.2,53.75,pro,8,34,2,0,0,0,7.0,312,0.9600005589449726,0.8773646286867686,-0.08263593025820404,1,1,sleeping_dog,0.8025,1,1,950,1
HELIOS-005422,14.0,48.43,pro,37,1,12,0,0,0,,398,0.99,0.99,0.0,1,1,sure_thing,0.0542,0,1,426,1
HELIOS-005423,15.9,42.74,pro,37,2,16,0,0,0,,419,0.99,0.99,0.0,1,1,sure_thing,0.0428,0,1,484,1
HELIOS-005424,12.2,12.39,basic,10,9,3,0,0,1,,130,0.9470439710651113,0.8692709741376405,-0.07777299692747075,1,0,sleeping_dog,0.3065,1,0,371,1
HELIOS-005425,8.2,125.69,enterprise,5,21,5,1,0,0,5.0,63,0.9269235869991905,0.99,0.06307641300080946,1,1,persuadable,0.7651,1,1,250,1
HELIOS-005426,26.6,20.11,basic,8,9,5,0,1,0,,217,0.900580812127181,0.9283224561891903,0.027741644062009296,1,1,lost_cause,0.7525,1,1,810,0
HELIOS-005427,31.2,20.3,basic,4,5,4,0,1,0,10.0,341,0.9190964504545484,0.9571479495210762,0.03805149906652783,1,1,lost_cause,0.1029,0,1,950,1
HELIOS-005428,28.0,116.32,enterprise,30,8,9,0,0,0,,422,0.99,0.99,0.0,1,1,sure_thing,0.4451,0,1,852,1
HELIOS-005429,17.9,17.95,basic,7,45,2,2,0,0,,91,0.799618030526145,0.8331201200008767,0.033502089474731656,1,1,lost_cause,0.5034,0,1,545,1
HELIOS-005430,31.2,36.22,pro,5,21,3,0,0,0,9.0,296,0.9539326010445524,0.909286799525651,-0.04464580151890141,1,1,sure_thing,0.7385,1,1,950,0
HELIOS-005431,31.2,26.53,basic,8,1,11,2,1,0,,492,0.8466635781623387,0.99,0.14333642183766127,1,1,persuadable,0.7914,1,1,950,1
HELIOS-005432,20.8,26.89,basic,1,31,4,1,0,1,,119,0.8990447269157825,0.8675903392949377,-0.03145438762084485,0,0,lost_cause,0.6317,0,0,633,1
HELIOS-005433,31.2,15.8,basic,6,4,3,1,0,0,8.0,285,0.9426686134916002,0.9440653211509787,0.0013967076593784933,1,1,sure_thing,0.0995,0,1,950,1
HELIOS-005434,18.5,35.18,pro,28,0,12,0,0,0,,517,0.99,0.99,0.0,1,1,sure_thing,0.3185,0,1,563,1
HELIOS-005435,31.2,25.26,basic,7,27,2,1,2,0,4.0,165,0.7605198470657965,0.99,0.22948015293420354,1,1,persuadable,0.7469,0,1,950,1
HELIOS-005436,7.3,25.04,basic,4,44,2,1,0,0,,61,0.8413440768366066,0.8009665296469489,-0.04037754718965769,1,1,lost_cause,0.4626,0,1,222,0
HELIOS-005437,20.6,49.87,pro,25,1,4,1,1,0,,390,0.9572528225418204,0.99,0.032747177458179566,1,1,sure_thing,0.4111,1,1,627,1
HELIOS-005438,7.3,12.49,basic,3,126,2,2,1,0,,14,0.4520205095400094,0.5940899654494037,0.14206945590939435,0,0,persuadable,0.9915,1,0,222,1
HELIOS-005439,22.0,49.96,pro,22,31,9,0,0,0,,410,0.9828394978401,0.9720113152941245,-0.010828182545975507,1,1,sure_thing,0.1172,0,1,670,1
HELIOS-005440,1.8,48.64,pro,11,34,6,0,0,1,,15,0.9235862790398579,0.8532920578318978,-0.07029422120796014,1,1,sleeping_dog,0.37,0,1,55,1
HELIOS-005441,31.2,41.91,pro,4,90,2,0,0,0,,185,0.9290975826717517,0.7172951497590372,-0.2118024329127145,1,1,sleeping_dog,0.212,0,1,950,1
HELIOS-005442,18.2,15.6,basic,14,14,11,1,0,1,,253,0.9636458745511994,0.9672636041054085,0.003617729554209026,1,1,sure_thing,0.7483,1,1,554,0
HELIOS-005443,3.9,53.3,pro,10,13,2,0,1,0,,38,0.8561487275857602,0.8895492767508122,0.033400549165051974,1,1,lost_cause,0.952,1,1,119,1
HELIOS-005444,24.0,21.24,basic,5,56,4,1,0,0,,136,0.8853717248567933,0.8522395907516308,-0.03313213410516247,1,1,lost_cause,0.2708,1,1,731,0
HELIOS-005445,31.2,21.37,basic,4,24,1,0,0,0,7.0,307,0.9445291199785288,0.8619010459878763,-0.08262807399065253,1,1,sleeping_dog,0.8466,0,1,950,1
HELIOS-005446,17.4,22.81,basic,6,9,4,0,0,0,7.0,128,0.9396923998512796,0.916543091310072,-0.02314930854120767,1,1,sure_thing,0.8977,1,1,530,1
HELIOS-005447,12.3,43.05,pro,3,277,3,0,0,1,10.0,61,0.70535287266759,0.4122838539134314,-0.29306901875415853,1,0,sleeping_dog,0.9134,1,0,374,0
HELIOS-005448,16.3,106.92,enterprise,2,9,3,0,0,1,,93,0.9384344068921361,0.8820578219572506,-0.05637658493488551,1,1,sleeping_dog,0.5002,1,1,496,1
HELIOS-005449,12.0,13.28,basic,5,33,2,2,1,0,9.0,121,0.695502175773463,0.927849862548031,0.23234768677456807,1,1,persuadable,0.79,1,1,365,0
HELIOS-005450,18.7,59.56,pro,20,0,10,0,0,1,,334,0.99,0.9838973160913569,-0.006102683908643103,1,1,sure_thing,0.5165,0,1,569,1
HELIOS-005451,31.2,35.81,pro,1,197,0,0,0,0,,89,0.8577736886761174,0.5665308973065373,-0.2912427913695801,0,0,sleeping_dog,0.9306,1,0,950,1
HELIOS-005452,20.7,45.09,pro,0,365,0,1,1,0,,32,0.3667914250665751,0.2699125284354731,-0.096878896631102,0,0,sleeping_dog,0.9982,1,0,630,1
HELIOS-005453,11.0,16.94,basic,21,5,5,0,0,0,9.0,168,0.9688179167433816,0.95196211622841,-0.016855800514971597,1,1,sure_thing,0.434,0,1,335,1
HELIOS-005454,21.9,19.85,basic,6,7,3,0,0,0,7.0,215,0.9407245836913101,0.9108312539655077,-0.029893329725802387,1,1,sure_thing,0.3302,0,1,667,1
HELIOS-005455,25.4,44.28,pro,36,2,8,0,0,0,,676,0.99,0.9880615460594346,-0.0019384539405653545,1,1,sure_thing,0.0443,1,1,773,1
HELIOS-005456,23.3,98.95,enterprise,5,110,5,1,0,0,6.0,162,0.920810811007027,0.8457579157220804,-0.07505289528494663,1,1,sleeping_dog,0.0702,0,1,709,1
HELIOS-005457,17.1,17.45,basic,4,27,2,0,1,1,,110,0.8595735047064547,0.840028537953556,-0.01954496675289863,0,0,lost_cause,0.8331,1,0,521,1
HELIOS-005458,31.2,51.42,pro,13,12,4,0,1,1,9.0,316,0.9649491771268152,0.9807688005071401,0.015819623380324943,0,1,sure_thing,0.4791,1,1,950,1
HELIOS-005459,20.8,20.72,basic,5,5,6,1,0,1,,161,0.8846921818829916,0.8874411857577971,0.002749003874805478,1,1,lost_cause,0.9434,1,1,633,1
HELIOS-005460,2.2,18.54,basic,1,74,1,3,0,1,,5,0.5547399079541782,0.6631408710857567,0.10840096313157854,0,0,persuadable,0.7532,0,0,67,0
HELIOS-005461,22.4,179.53,enterprise,2,71,3,0,0,0,5.0,88,0.9504881090717263,0.8736049402194284,-0.07688316885229796,1,1,sleeping_dog,0.2126,0,1,682,1
HELIOS-005462,29.6,22.75,basic,3,146,3,1,0,0,,118,0.8385460043719746,0.6065971884646276,-0.23194881590734695,1,1,sleeping_dog,0.476,0,1,901,1
HELIOS-005463,10.2,23.75,basic,34,9,13,0,0,0,,248,0.99,0.99,0.0,1,1,sure_thing,0.0786,1,1,310,1
HELIOS-005464,31.2,42.13,pro,13,27,7,0,0,0,8.0,428,0.9807666305961114,0.9639836795600161,-0.016782951036095284,1,1,sure_thing,0.0352,0,1,950,1
HELIOS-005465,25.1,22.11,basic,2,193,3,7,0,0,,91,0.1756948288023133,0.4184591450225714,0.24276431622025813,1,1,persuadable,0.9995,1,1,764,0
HELIOS-005466,6.9,19.35,basic,7,34,2,1,1,0,5.0,33,0.669379836058268,0.7788837174975585,0.10950388143929046,1,1,persuadable,0.9,1,1,210,1
HELIOS-005467,15.0,48.58,pro,7,189,2,1,1,1,5.0,71,0.6633430567932431,0.5414295156601642,-0.12191354113307895,1,1,sleeping_dog,0.3457,1,1,457,1
HELIOS-005468,31.2,14.41,basic,9,45,6,0,0,0,,301,0.9716897990320539,0.9296436699725196,-0.04204612905953431,1,1,sure_thing,0.2269,0,1,950,1
HELIOS-005469,31.2,54.25,pro,8,30,4,0,0,0,7.0,229,0.9549819947912005,0.9112916569974083,-0.04369033779379217,1,1,sure_thing,0.0888,0,1,950,1
HELIOS-005470,5.4,19.46,basic,1,11,4,0,0,0,,26,0.8831630320817673,0.8598620540980475,-0.023300977983719773,1,1,lost_cause,0.2274,0,1,164,1
HELIOS-005471,31.2,23.62,basic,28,39,15,0,1,0,,663,0.987788976880914,0.99,0.002211023119085942,1,1,sure_thing,0.0385,0,1,950,1
HELIOS-005472,27.4,19.53,basic,6,18,4,0,1,0,,195,0.935813422913431,0.9634766792485969,0.027663256335165975,1,1,sure_thing,0.2408,0,1,834,1
HELIOS-005473,13.5,18.08,basic,15,2,6,0,0,0,,218,0.9661658140840326,0.9556818073253698,-0.01048400675866279,1,1,sure_thing,0.3243,0,1,411,1
HELIOS-005474,31.2,40.92,pro,7,1,8,0,0,0,8.0,323,0.979523338095389,0.9778310661788175,-0.0016922719165715083,1,1,sure_thing,0.9095,1,1,950,1
HELIOS-005475,31.2,26.1,basic,7,9,2,0,0,0,,263,0.9661467333829561,0.9235354725905679,-0.042611260792388195,0,0,sure_thing,0.3854,1,0,950,1
HELIOS-005476,10.1,64.82,pro,9,3,5,0,0,1,6.0,62,0.9403713036077007,0.9051562400216212,-0.03521506358607951,1,1,sure_thing,0.5285,1,1,307,1
HELIOS-005477,16.6,21.48,basic,2,16,3,1,0,0,,76,0.8793960268729606,0.8823063651623219,0.0029103382893612695,1,1,lost_cause,0.9031,1,1,505,1
HELIOS-005478,15.0,43.54,pro,7,10,4,1,2,0,,99,0.7299483060146557,0.99,0.26005169398534433,1,1,persuadable,0.9171,1,1,457,0
HELIOS-005479,11.7,15.55,basic,19,4,13,0,1,0,10.0,218,0.9691766386479127,0.9822107586968744,0.01303412004896165,1,1,sure_thing,0.0883,0,1,356,1
HELIOS-005480,13.0,19.68,basic,2,16,6,0,0,1,5.0,114,0.914556691188841,0.873304756314604,-0.04125193487423695,1,1,lost_cause,0.6383,1,1,396,1
HELIOS-005481,20.6,22.82,basic,12,19,4,1,1,1,,278,0.9212432108059028,0.99,0.06875678919409722,1,1,persuadable,0.2766,1,1,627,1
HELIOS-005482,31.2,15.25,basic,3,159,1,1,1,0,4.0,65,0.7529489637203132,0.6491115585543248,-0.10383740516598838,1,1,sleeping_dog,0.5426,1,1,950,1
HELIOS-005483,9.2,20.88,basic,0,365,0,0,0,0,4.0,22,0.610703614307149,0.31646087563899006,-0.294242738668159,1,0,sleeping_dog,0.9683,1,0,280,1
HELIOS-005484,25.7,15.14,basic,13,9,4,0,0,0,,308,0.963609206684443,0.9385845668201637,-0.025024639864279385,1,1,sure_thing,0.1446,1,1,782,1
HELIOS-005485,31.2,20.63,basic,13,8,7,0,0,1,,331,0.9771014597509644,0.951278546172664,-0.025822913578300355,1,1,sure_thing,0.2182,0,1,950,1
HELIOS-005486,11.6,106.54,enterprise,4,24,3,0,0,0,,100,0.9473930876659704,0.9134549466716527,-0.03393814099431769,1,1,sure_thing,0.1497,1,1,353,1
HELIOS-005487,9.5,71.04,pro,5,17,6,0,0,0,4.0,65,0.923773461583818,0.9141714486437947,-0.009602012940023275,1,1,sure_thing,0.9214,1,1,289,1
HELIOS-005488,31.2,55.29,pro,11,38,4,0,0,0,9.0,307,0.9794710936257927,0.9227596498818099,-0.05671144374398274,1,1,sleeping_dog,0.0854,0,1,950,1
HELIOS-005489,7.2,18.33,basic,6,120,5,0,0,1,,44,0.836368039461206,0.5741546619895476,-0.2622133774716584,1,1,sleeping_dog,0.4368,0,1,219,1
HELIOS-005490,8.0,16.94,basic,21,5,7,0,0,0,,128,0.9751407780992599,0.9662226629019465,-0.008918115197313448,1,1,sure_thing,0.6015,0,1,244,1
HELIOS-005491,31.2,136.27,enterprise,6,1,5,1,0,1,6.0,300,0.9604152032114927,0.99,0.02958479678850734,0,1,sure_thing,0.538,1,1,950,1
HELIOS-005492,4.2,39.66,pro,4,23,3,0,0,0,8.0,56,0.904301223847445,0.8576473827661057,-0.0466538410813393,1,1,lost_cause,0.1177,0,1,128,1
HELIOS-005493,31.2,18.73,basic,2,8,3,1,0,0,,265,0.910095442563491,0.9165491854940591,0.006453742930568107,1,1,lost_cause,0.1405,0,1,950,1
HELIOS-005494,10.5,17.95,basic,15,17,8,0,0,0,8.0,142,0.9637134155280352,0.9545577021109998,-0.009155713417035471,1,1,sure_thing,0.7951,0,1,320,1
HELIOS-005495,19.8,48.93,pro,6,235,1,0,0,0,7.0,141,0.831520771026949,0.5381635585043214,-0.2933572125226276,1,0,sleeping_dog,0.4488,0,1,603,1
HELIOS-005496,31.2,110.8,enterprise,7,64,3,1,0,0,7.0,227,0.9469896005529108,0.937616681268436,-0.009372919284474812,0,0,sure_thing,0.1165,0,0,950,1
HELIOS-005497,10.4,40.82,pro,13,0,6,0,0,0,,139,0.9654575158946169,0.95701258811149,-0.008444927783126888,1,1,sure_thing,0.9386,1,1,317,0
HELIOS-005498,10.9,63.9,pro,28,0,13,2,0,0,8.0,228,0.9799094555599359,0.99,0.010090544440064075,1,1,sure_thing,0.41,1,1,332,1
HELIOS-005499,27.3,37.13,pro,7,13,4,1,0,0,9.0,199,0.9531027815426925,0.9603420438069924,0.007239262264299939,1,1,sure_thing,0.7772,1,1,831,1
HELIOS-005500,25.0,16.67,basic,11,21,9,2,2,1,,370,0.7679888335179025,0.99,0.2220111664820975,1,1,persuadable,0.7994,1,1,761,1
HELIOS-005501,7.9,17.19,basic,8,29,1,2,0,0,7.0,59,0.7289550151998773,0.7634958019202008,0.03454078672032357,1,1,lost_cause,0.7274,0,1,240,1
HELIOS-005502,26.8,24.04,basic,15,24,5,2,0,0,8.0,268,0.9504875760248496,0.9857733378976838,0.035285761872834276,1,1,sure_thing,0.5383,1,1,816,1
HELIOS-005503,11.8,16.18,basic,4,1,10,1,0,0,5.0,88,0.8722543039866433,0.8895717803231139,0.017317476336470627,1,1,lost_cause,0.5657,1,1,359,1
HELIOS-005504,22.7,40.07,pro,20,10,12,2,1,0,,420,0.9363957994904818,0.99,0.053604200509518196,1,1,persuadable,0.2012,0,1,691,1
HELIOS-005505,17.5,191.7,enterprise,5,1,2,1,0,0,7.0,104,0.9420736939383535,0.99,0.047926306061646495,1,1,sure_thing,0.2486,0,1,533,1
HELIOS-005506,31.2,51.59,pro,7,29,2,0,0,1,,422,0.9600796741072486,0.8189930030502517,-0.1410866710569969,1,1,sleeping_dog,0.6365,1,1,950,1
HELIOS-005507,3.8,23.05,basic,9,35,7,0,0,0,,41,0.9124379915544645,0.8900817440287679,-0.022356247525696538,1,1,lost_cause,0.9514,0,1,116,0
HELIOS-005508,1.9,24.51,basic,23,0,14,0,0,0,10.0,45,0.978536663610777,0.9784757118553734,-6.09517554035488e-05,1,1,sure_thing,0.2925,0,1,58,1
HELIOS-005509,10.2,30.19,pro,6,33,5,1,0,1,,105,0.8791601948731509,0.8506193740124451,-0.02854082086070575,1,1,lost_cause,0.7826,1,1,310,1
HELIOS-005510,31.2,20.31,basic,10,24,5,1,0,0,7.0,248,0.9567155976137759,0.9541329854608108,-0.002582612152965069,1,1,sure_thing,0.0069,0,1,950,1
HELIOS-005511,31.2,23.53,basic,2,14,3,0,0,0,,283,0.9179292488513795,0.8822048669269541,-0.0357243819244254,1,1,lost_cause,0.7138,1,1,950,1
HELIOS-005512,31.0,15.7,basic,2,55,2,0,1,0,,202,0.8471905280313249,0.8363732082677321,-0.010817319763592792,1,1,lost_cause,0.1897,0,1,944,1
HELIOS-005513,31.2,23.94,basic,22,11,9,0,0,0,9.0,480,0.99,0.9854473575564241,-0.004552642443575894,1,1,sure_thing,0.114,1,1,950,1
HELIOS-005514,12.6,117.36,enterprise,7,51,2,2,0,0,6.0,89,0.8911176495930923,0.99,0.09888235040690774,1,1,persuadable,0.7855,1,1,384,0
HELIOS-005515,22.4,160.47,enterprise,28,34,8,0,0,0,,340,0.99,0.9818142018348793,-0.008185798165120661,1,1,sure_thing,0.0892,1,1,682,1
HELIOS-005516,10.2,42.26,pro,9,39,2,1,0,0,,84,0.9106217423278007,0.8763277793458785,-0.03429396298192222,1,1,lost_cause,0.9311,1,1,310,1
HELIOS-005517,31.2,23.03,basic,8,19,4,0,0,0,5.0,273,0.9660119374082834,0.9330718704621839,-0.03294006694609952,1,1,sure_thing,0.928,0,1,950,1
HELIOS-005518,6.8,16.19,basic,17,15,9,0,0,0,9.0,107,0.9574894528602274,0.9513254525161657,-0.006164000344061615,1,1,sure_thing,0.4472,1,1,207,1
HELIOS-005519,15.1,30.7,pro,38,3,15,1,0,0,10.0,408,0.99,0.99,0.0,1,1,sure_thing,0.0506,0,1,460,1
HELIOS-005520,8.3,40.02,pro,19,3,9,2,0,0,7.0,96,0.955086890100237,0.99,0.03491310989976304,1,1,sure_thing,0.4302,1,1,253,1
HELIOS-005521,25.3,21.48,basic,7,17,3,0,0,0,,152,0.9170981457801933,0.875889430267919,-0.04120871551227434,1,1,lost_cause,0.5489,1,1,770,1
HELIOS-005522,11.5,64.26,pro,6,34,1,0,1,0,7.0,116,0.8257477814370436,0.8603703022832243,0.03462252084618067,1,1,lost_cause,0.5394,1,1,350,1
HELIOS-005523,10.6,15.49,basic,19,2,8,0,0,0,,242,0.9788064032647432,0.9732634215346319,-0.005542981730111363,1,1,sure_thing,0.0729,1,1,323,1
HELIOS-005524,31.1,14.67,basic,2,292,3,0,0,0,7.0,144,0.7892141990125529,0.49375530490365804,-0.2954588941088948,1,1,sleeping_dog,0.6611,0,1,947,1
HELIOS-005525,22.0,21.05,basic,6,16,3,0,0,0,,176,0.9509334522330259,0.9112159892989093,-0.0397174629341166,1,1,sure_thing,0.5,1,1,670,1
HELIOS-005526,13.1,92.4,pro,16,3,15,0,1,0,,219,0.9670078321271137,0.99,0.02299216787288627,1,1,sure_thing,0.8315,1,1,399,1
HELIOS-005527,31.2,19.13,basic,7,5,4,1,0,0,,283,0.9474986162472909,0.9520062556052717,0.004507639357980819,1,1,sure_thing,0.2588,0,1,950,1
HELIOS-005528,16.6,171.55,enterprise,10,7,8,0,0,0,9.0,241,0.9788918038867834,0.99,0.011108196113216562,1,1,sure_thing,0.0246,1,1,505,1
HELIOS-005529,22.1,41.21,pro,7,32,5,0,0,0,,145,0.9534373345526818,0.9181115969063828,-0.03532573764629898,1,1,sure_thing,0.8411,1,1,673,1
HELIOS-005530,7.5,16.88,basic,6,20,9,0,1,0,6.0,60,0.8704793550905926,0.9051071592137975,0.034627804123204875,0,0,lost_cause,0.8205,1,0,228,1
HELIOS-005531,6.3,17.0,basic,3,14,4,0,0,1,,49,0.8793698056684731,0.8117495016179619,-0.06762030405051123,1,1,sleeping_dog,0.2685,0,1,192,1
HELIOS-005532,15.8,56.21,pro,15,21,8,1,1,0,,204,0.9378074369734103,0.99,0.0521925630265897,1,1,persuadable,0.4548,0,1,481,1
HELIOS-005533,2.4,15.06,basic,5,91,0,1,0,0,,14,0.6815557341485943,0.4892489591108665,-0.19230677503772775,0,0,sleeping_dog,0.9671,0,0,73,1
HELIOS-005534,8.7,128.13,enterprise,5,20,3,0,0,0,8.0,66,0.9199844288578992,0.898751840330895,-0.02123258852700427,1,0,lost_cause,0.1291,1,0,265,1
HELIOS-005535,31.2,93.29,enterprise,19,2,4,1,0,0,,452,0.9765794125884502,0.9896518042758403,0.013072391687390161,1,1,sure_thing,0.2915,0,1,950,1
HELIOS-005536,31.2,34.51,basic,4,34,1,4,0,0,8.0,211,0.7374406133365932,0.99,0.2525593866634068,0,1,persuadable,0.7154,0,0,950,1
HELIOS-005537,31.2,126.01,enterprise,13,9,6,0,0,0,7.0,515,0.9857180205576864,0.9847286876685598,-0.000989332889126615,1,1,sure_thing,0.1257,1,1,950,1
HELIOS-005538,20.5,17.27,basic,5,7,9,0,1,0,,235,0.9079606052559936,0.9465608103355003,0.03860020507950668,1,1,lost_cause,0.2725,1,1,624,1
HELIOS-005539,30.3,62.58,pro,11,27,5,0,0,0,,317,0.9594920304751239,0.9299384412360272,-0.029553589239096678,1,1,sure_thing,0.0109,0,1,922,1
HELIOS-005540,5.0,20.85,basic,7,73,4,1,1,0,6.0,33,0.7707857379790032,0.868625906595743,0.09784016861673983,1,1,persuadable,0.5175,1,1,152,0
HELIOS-005541,21.4,42.52,pro,10,28,4,0,1,0,,271,0.9198307468561073,0.9470342077020951,0.027203460845987792,1,1,lost_cause,0.3534,1,1,651,1
HELIOS-005542,12.0,24.87,basic,2,13,4,1,0,0,,37,0.8417700234686356,0.8529582200095236,0.011188196540887985,0,0,lost_cause,0.8146,0,0,365,1
HELIOS-005543,31.2,24.16,basic,3,152,5,0,1,0,,243,0.8641834635650598,0.7037000714871819,-0.16048339207787787,1,1,sleeping_dog,0.4002,0,1,950,0
HELIOS-005544,3.3,120.58,enterprise,26,1,9,1,1,0,,105,0.9574548115495594,0.99,0.03254518845044063,1,1,sure_thing,0.1442,0,1,100,1
HELIOS-005545,31.2,14.95,basic,7,13,9,0,0,0,,304,0.9737542321938255,0.969655948556017,-0.004098283637808509,1,1,sure_thing,0.386,0,1,950,1
HELIOS-005546,8.5,37.39,pro,4,29,4,0,1,0,7.0,61,0.803885185144657,0.8474162800764949,0.04353109493183793,1,1,lost_cause,0.4175,1,1,259,1
HELIOS-005547,31.2,19.46,basic,6,29,5,0,0,1,9.0,218,0.9657721851092544,0.8866623003476582,-0.0791098847615962,1,1,sleeping_dog,0.8946,0,1,950,1
HELIOS-005548,9.4,54.73,pro,2,7,6,1,1,0,,69,0.7438901337214276,0.9461388660783229,0.20224873235689522,1,1,persuadable,0.6705,0,1,286,1
HELIOS-005549,31.2,19.66,basic,15,6,10,0,0,1,10.0,580,0.9773153578526688,0.9680237082119895,-0.0092916496406793,1,1,sure_thing,0.6902,1,1,950,1
HELIOS-005550,31.2,61.22,pro,9,32,4,0,0,0,9.0,245,0.965002661412771,0.9188052731841517,-0.046197388228619296,1,1,sure_thing,0.7048,1,1,950,1
HELIOS-005551,20.7,16.12,basic,11,40,6,0,0,0,,217,0.9669141737408091,0.9304781757925864,-0.03643599794822272,1,1,sure_thing,0.4432,0,1,630,1
HELIOS-005552,21.1,41.66,pro,0,365,1,3,0,0,,54,0.33807633846558016,0.2804020543472977,-0.05767428411828246,0,0,sleeping_dog,0.9848,1,0,642,1
HELIOS-005553,31.2,21.15,basic,7,162,2,0,2,1,,187,0.7310568167164021,0.6630555532071342,-0.06800126350926794,1,1,sleeping_dog,0.7908,1,1,950,1
HELIOS-005554,2.4,131.71,enterprise,8,38,6,0,1,1,,24,0.8831520027615868,0.99,0.1068479972384132,1,1,persuadable,0.0289,0,1,73,1
HELIOS-005555,9.8,41.58,pro,7,20,1,0,0,0,8.0,58,0.9088477407520302,0.8347550149002579,-0.07409272585177229,1,1,sleeping_dog,0.4369,0,1,298,1
HELIOS-005556,14.1,21.08,basic,5,29,5,1,1,0,7.0,130,0.8253059758703812,0.9598799121683176,0.13457393629793635,1,1,persuadable,0.8043,1,1,429,1
HELIOS-005557,10.6,151.61,enterprise,13,3,7,0,0,0,,100,0.9716327159263428,0.984644654041006,0.013011938114663169,1,1,sure_thing,0.3662,1,1,323,1
HELIOS-005558,31.2,32.72,basic,3,9,1,0,0,0,,195,0.9466254510308842,0.892653353102325,-0.05397209792855928,1,1,sleeping_dog,0.0565,0,1,950,1
HELIOS-005559,31.2,94.99,enterprise,6,3,3,1,0,1,7.0,245,0.938643137454547,0.9639918622934887,0.025348724838941683,1,1,sure_thing,0.9131,1,1,950,1
HELIOS-005560,19.3,56.57,pro,7,36,7,1,0,0,5.0,180,0.9175886842147928,0.9357099601034095,0.018121275888616672,1,1,lost_cause,0.7926,1,1,587,1
HELIOS-005561,23.5,14.57,basic,3,0,0,0,1,0,,116,0.8783535100183281,0.9021222619205417,0.023768751902213614,1,1,lost_cause,0.4006,0,1,715,1
HELIOS-005562,7.9,27.53,basic,3,56,3,0,1,0,,59,0.8477450496325654,0.855070997554573,0.007325947922007692,0,0,lost_cause,0.2002,0,0,240,1
HELIOS-005563,8.6,18.52,basic,11,8,9,0,0,0,10.0,100,0.959828353548082,0.9561089303668499,-0.0037194231812321954,1,1,sure_thing,0.2651,0,1,262,1
HELIOS-005564,15.3,38.02,pro,6,34,3,1,0,0,,114,0.907159448351811,0.8944551701649516,-0.012704278186859375,1,1,lost_cause,0.7942,1,1,466,1
HELIOS-005565,8.7,23.44,basic,2,202,2,0,1,0,,21,0.6501297796660278,0.4141155662259036,-0.2360142134401242,1,1,sleeping_dog,0.7543,1,1,265,1
HELIOS-005566,16.8,97.9,enterprise,1,186,1,1,0,0,,72,0.7726769164394349,0.5671994580692523,-0.2054774583701826,1,0,sleeping_dog,0.9092,1,0,511,1
HELIOS-005567,4.9,20.3,basic,4,109,2,1,0,1,,38,0.7688656215253983,0.5311767206335978,-0.2376889008918005,1,1,sleeping_dog,0.4742,1,1,149,1
HELIOS-005568,17.1,45.15,pro,11,21,8,0,0,0,,148,0.9503033423394927,0.9417911581018161,-0.008512184237676523,1,1,sure_thing,0.1845,0,1,521,1
HELIOS-005569,24.6,18.05,basic,2,94,3,1,0,0,5.0,99,0.8630764573682258,0.7350596102367356,-0.1280168471314902,1,1,sleeping_dog,0.7791,1,1,749,1
HELIOS-005570,28.5,42.11,pro,11,4,9,1,0,0,,462,0.9565860525709448,0.971626814711218,0.015040762140273278,1,1,sure_thing,0.4351,1,1,868,1
HELIOS-005571,10.7,33.7,pro,24,9,11,0,0,0,9.0,177,0.9850753718928567,0.9827479449181709,-0.002327426974685798,1,1,sure_thing,0.8517,0,1,326,1
HELIOS-005572,27.5,60.68,pro,10,0,5,0,1,1,,226,0.957049907701277,0.99,0.03295009229872303,1,1,sure_thing,0.0243,0,1,837,1
HELIOS-005573,21.1,15.66,basic,37,16,19,0,0,0,10.0,625,0.99,0.99,0.0,1,1,sure_thing,0.0275,0,1,642,1
HELIOS-005574,10.8,49.66,pro,4,66,2,0,0,1,4.0,53,0.9193589841648163,0.6968357209565501,-0.2225232632082662,1,1,sleeping_dog,0.0342,1,1,329,1
HELIOS-005575,31.1,39.84,pro,6,10,7,1,0,0,7.0,307,0.9476179915178965,0.9668825259135726,0.019264534395676103,1,1,sure_thing,0.7872,1,1,947,0
HELIOS-005576,5.3,10.64,basic,1,55,2,2,0,0,5.0,23,0.6863293382532166,0.7291409048008526,0.04281156654763596,1,1,lost_cause,0.9755,1,1,161,1
HELIOS-005577,31.2,17.89,basic,3,13,3,1,0,0,,219,0.9125411412007053,0.9141734057994864,0.0016322645987810747,1,1,lost_cause,0.4509,0,1,950,1
HELIOS-005578,12.0,48.59,pro,17,1,13,0,2,0,,190,0.9185992124430226,0.99,0.07140078755697743,1,1,persuadable,0.1514,0,1,365,1
HELIOS-005579,10.7,20.78,basic,25,7,1,0,0,0,,137,0.9739311655836468,0.9181710299357847,-0.055760135647862086,1,1,sleeping_dog,0.2325,0,1,326,1
HELIOS-005580,8.1,16.25,basic,19,31,12,0,0,0,,147,0.9660162237988221,0.9620624771450114,-0.0039537466538107635,1,1,sure_thing,0.3838,0,1,247,1
HELIOS-005581,31.2,23.59,basic,8,18,5,1,1,1,5.0,296,0.9016205632384735,0.99,0.08837943676152649,1,1,persuadable,0.6425,1,1,950,1
HELIOS-005582,17.6,23.06,basic,10,57,4,1,1,0,8.0,157,0.8769536922661154,0.9713807415142512,0.09442704924813583,1,1,persuadable,0.4982,0,1,536,0
HELIOS-005583,19.5,45.38,pro,4,56,7,0,0,0,,185,0.9374440111990004,0.8973948635914143,-0.040049147607586155,1,1,sure_thing,0.4649,1,1,594,1
HELIOS-005584,31.2,35.87,pro,9,1,6,0,1,0,,435,0.9260932747509382,0.9636560511207443,0.037562776369806095,1,1,sure_thing,0.8689,1,1,950,1
HELIOS-005585,9.0,16.85,basic,6,32,2,2,0,0,,37,0.8224921534440565,0.8699341947633594,0.04744204131930296,1,1,lost_cause,0.8023,1,1,274,1
HELIOS-005586,7.9,18.72,basic,7,0,6,1,0,1,8.0,57,0.9168761448161673,0.9186680593944447,0.0017919145782774315,1,1,lost_cause,0.856,1,1,240,1
HELIOS-005587,31.2,21.24,basic,19,2,15,0,0,0,8.0,387,0.99,0.99,0.0,1,1,sure_thing,0.5305,0,1,950,1
HELIOS-005588,31.2,18.65,basic,5,50,3,1,0,1,9.0,275,0.8764796754307838,0.7776132098337122,-0.09886646559707157,1,1,sleeping_dog,0.0157,0,1,950,1
HELIOS-005589,11.8,49.33,pro,10,10,9,0,0,1,,147,0.9544696996695964,0.9421412376641953,-0.012328462005401053,1,1,sure_thing,0.3775,0,1,359,1
HELIOS-005590,9.4,25.78,basic,4,2,2,0,1,0,,79,0.8441912805683564,0.8815658472959186,0.03737456672756223,1,1,lost_cause,0.3962,0,1,286,1
HELIOS-005591,8.3,16.05,basic,12,14,9,1,0,0,,128,0.9216810636360003,0.9283816402025464,0.0067005765665461015,1,1,sure_thing,0.0414,0,1,253,1
HELIOS-005592,31.2,103.88,enterprise,5,5,2,1,0,0,,166,0.9385695578472493,0.99,0.05143044215275072,1,1,persuadable,0.7786,1,1,950,1
HELIOS-005593,31.2,17.48,basic,11,19,4,1,0,1,,353,0.9562875949730475,0.9241512569571754,-0.03213633801587212,1,0,sure_thing,0.722,0,1,950,1
HELIOS-005594,10.7,29.06,basic,12,56,5,0,0,0,5.0,98,0.950490133106516,0.8766741153237879,-0.07381601778272806,1,1,sleeping_dog,0.4118,1,1,326,1
HELIOS-005595,31.2,62.21,pro,9,12,9,0,0,0,,397,0.9642228654862725,0.9634302244505846,-0.0007926410356878799,1,1,sure_thing,0.2662,0,1,950,1
HELIOS-005596,3.9,62.37,pro,4,123,3,1,0,0,4.0,14,0.7884174811952773,0.6126917604953046,-0.17572572069997272,0,0,sleeping_dog,0.2458,1,0,119,1
HELIOS-005597,23.3,18.52,basic,18,19,6,1,0,0,,351,0.9642125206955696,0.9609751733533176,-0.003237347342252006,1,1,sure_thing,0.6686,1,1,709,1
HELIOS-005598,8.7,20.31,basic,7,15,7,0,0,1,9.0,119,0.9339960424943966,0.9029915026377245,-0.031004539856672064,1,1,sure_thing,0.152,0,1,265,1
HELIOS-005599,4.5,18.8,basic,8,20,2,0,0,0,,33,0.9455902148224257,0.8861979404521292,-0.05939227437029648,1,1,sleeping_dog,0.1265,0,1,137,1
HELIOS-005600,3.7,41.24,pro,12,28,11,0,0,0,8.0,63,0.9699734340802064,0.9669176994190466,-0.0030557346611598257,1,1,sure_thing,0.0303,0,1,113,1
HELIOS-005601,26.4,12.37,basic,13,35,7,0,0,0,,328,0.9747980414610311,0.9512594946801443,-0.02353854678088685,1,1,sure_thing,0.1088,0,1,804,1
HELIOS-005602,31.2,18.72,basic,9,1,2,0,0,0,,296,0.9775463493691646,0.9434267693915379,-0.03411957997762671,1,1,sure_thing,0.3229,0,1,950,1
HELIOS-005603,28.2,47.66,pro,16,47,8,1,0,0,,338,0.978958363440901,0.9788979653138229,-6.039812707814285e-05,1,1,sure_thing,0.7377,0,1,858,1
HELIOS-005604,10.3,130.95,enterprise,11,3,7,1,0,1,,93,0.9503918361226864,0.99,0.039608163877313585,1,1,sure_thing,0.4617,1,1,314,1
HELIOS-005605,30.3,22.68,basic,14,3,5,1,0,0,7.0,339,0.9761078250979975,0.9779234106263456,0.0018155855283480404,1,1,sure_thing,0.1734,0,1,922,1
HELIOS-005606,31.2,16.85,basic,10,76,4,0,1,0,,281,0.8967053608947129,0.8612482827666389,-0.03545707812807397,1,1,lost_cause,0.6825,1,1,950,1
HELIOS-005607,31.2,15.86,basic,5,2,1,1,1,0,,181,0.873939753332874,0.99,0.116060246667126,1,1,persuadable,0.7323,0,1,950,1
HELIOS-005608,3.4,11.9,basic,2,3,2,0,1,0,,16,0.7766978935980481,0.8097270014415122,0.033029107843464134,1,1,lost_cause,0.9631,0,1,103,1
HELIOS-005609,7.0,15.99,basic,13,4,8,0,2,0,7.0,107,0.8022840148341469,0.9521135942261233,0.1498295793919764,1,1,persuadable,0.9454,1,1,213,1
HELIOS-005610,21.1,158.81,enterprise,13,18,3,0,0,1,7.0,276,0.9885016303119278,0.915208646886171,-0.07329298342575685,1,0,sleeping_dog,0.5575,1,0,642,1
HELIOS-005611,31.2,61.6,pro,7,36,4,0,1,1,,209,0.9488782547061005,0.9706557655302188,0.021777510824118274,1,1,sure_thing,0.5645,0,1,950,1
HELIOS-005612,16.2,18.8,basic,20,53,12,0,0,0,,295,0.9764111851431985,0.9671854256309971,-0.009225759512201392,1,1,sure_thing,0.3632,0,1,493,1
HELIOS-005613,19.2,166.25,enterprise,1,81,0,0,1,0,7.0,51,0.8818225868827485,0.9618997546059822,0.0800771677232337,1,1,persuadable,0.4423,1,1,584,1
HELIOS-005614,31.2,117.39,enterprise,15,10,8,0,1,0,6.0,494,0.96460511578423,0.99,0.025394884215769964,1,1,sure_thing,0.0145,1,1,950,1
HELIOS-005615,15.1,21.76,basic,24,20,10,1,2,0,,264,0.8893327450510375,0.99,0.10066725494896245,0,1,persuadable,0.6042,1,1,460,1
HELIOS-005616,22.7,123.23,enterprise,13,14,5,0,0,1,,284,0.9819437563405286,0.9390263221671382,-0.042917434173390334,1,1,sure_thing,0.408,1,1,691,0
HELIOS-005617,21.7,15.01,basic,6,11,4,1,0,0,,212,0.839261418343833,0.8414727086369614,0.0022112902931283873,1,1,lost_cause,0.9334,0,1,661,0
HELIOS-005618,31.2,34.99,basic,13,32,4,1,0,0,8.0,368,0.9559093376434605,0.9428839031197274,-0.01302543452373317,1,1,sure_thing,0.0737,0,1,950,1
HELIOS-005619,4.4,46.54,pro,9,31,5,0,1,1,,52,0.889386474020691,0.9061083845031797,0.01672191048248861,0,0,lost_cause,0.1285,0,0,134,1
HELIOS-005620,12.6,35.41,pro,11,1,3,0,0,0,,100,0.9364285976267351,0.9116015183960314,-0.024827079230703708,1,1,sure_thing,0.7058,1,1,384,1
HELIOS-005621,6.6,51.4,pro,7,20,7,0,1,1,9.0,74,0.8980976873631492,0.945575910756463,0.047478223393313757,1,1,lost_cause,0.5838,1,1,201,1
HELIOS-005622,26.4,20.17,basic,2,128,0,1,2,0,6.0,90,0.5865351360680601,0.7443568718830434,0.15782173581498338,1,1,persuadable,0.8855,1,1,804,1
HELIOS-005623,5.1,18.55,basic,4,2,3,0,0,0,8.0,39,0.8951993348623415,0.8704212791991848,-0.024778055663156717,1,1,lost_cause,0.0642,0,1,155,1
HELIOS-005624,4.3,19.13,basic,5,130,3,2,1,0,,25,0.4814122980836543,0.6334067729288659,0.1519944748452116,1,1,persuadable,0.9842,1,1,131,1
HELIOS-005625,27.4,58.43,pro,47,1,24,0,0,0,10.0,854,0.99,0.99,0.0,1,1,sure_thing,0.6025,0,1,834,1
HELIOS-005626,31.2,22.95,basic,25,6,8,0,0,0,,561,0.99,0.9860818190721878,-0.003918180927812154,1,1,sure_thing,0.1552,1,1,950,0
HELIOS-005627,28.9,29.58,basic,5,10,4,0,1,0,6.0,269,0.8833424240966261,0.923833479457125,0.040491055360498907,1,1,lost_cause,0.5831,0,1,880,1
HELIOS-005628,9.9,23.83,basic,12,1,6,1,0,0,,141,0.8967018070965351,0.9028404083783887,0.006138601281853617,1,1,lost_cause,0.2406,0,1,301,1
HELIOS-005629,4.4,27.73,basic,10,22,4,1,0,0,,59,0.8834024770812933,0.8787216826309081,-0.004680794450385162,1,1,lost_cause,0.1431,0,1,134,1
HELIOS-005630,19.8,50.21,pro,6,86,2,0,0,1,,115,0.9121790797238714,0.6592359392707029,-0.25294314045316846,1,1,sleeping_dog,0.8711,1,1,603,1
HELIOS-005631,21.9,163.44,enterprise,5,11,3,0,0,0,,165,0.9701615913693814,0.9816262905774987,0.011464699208117324,1,1,sure_thing,0.2462,1,1,667,1
HELIOS-005632,31.2,48.78,pro,9,77,2,0,1,0,,297,0.8792572180771556,0.82838758305744,-0.05086963501971564,0,0,sleeping_dog,0.4843,0,0,950,1
HELIOS-005633,31.2,25.76,basic,2,19,3,2,0,0,5.0,162,0.827026841261771,0.9159619353708013,0.08893509410903033,1,1,persuadable,0.7146,1,1,950,1
HELIOS-005634,9.6,18.87,basic,4,47,4,1,0,1,6.0,98,0.8804347455192667,0.8106610863725322,-0.0697736591467345,1,1,sleeping_dog,0.9277,1,1,292,1
HELIOS-005635,31.2,34.76,basic,4,3,4,0,0,0,,233,0.952651465856413,0.9356993078042489,-0.0169521580521641,1,1,sure_thing,0.4895,1,1,950,1
HELIOS-005636,19.1,18.83,basic,5,21,2,3,0,0,5.0,94,0.7595591626475144,0.944742247806976,0.18518308515946158,1,1,persuadable,0.7722,0,1,581,1
HELIOS-005637,20.7,54.07,pro,3,163,3,3,1,0,7.0,76,0.5510061895086125,0.7323057240628487,0.1812995345542362,0,0,persuadable,0.986,1,0,630,1
HELIOS-005638,13.3,15.21,basic,13,53,3,1,0,0,,123,0.9363999459217148,0.8835469295406643,-0.052853016381050555,1,1,sleeping_dog,0.4335,0,1,405,1
HELIOS-005639,18.8,25.43,basic,4,21,4,1,0,0,6.0,148,0.8771122031043395,0.8807524854646651,0.003640282360325653,1,1,lost_cause,0.5605,0,1,572,1
HELIOS-005640,18.6,50.13,pro,9,6,3,2,1,1,10.0,213,0.8216015489099524,0.99,0.16839845109004759,0,1,persuadable,0.7566,1,1,566,1
HELIOS-005641,27.2,51.99,pro,4,11,7,1,1,0,,261,0.8640708340643781,0.99,0.12592916593562187,1,1,persuadable,0.1943,1,1,828,1
HELIOS-005642,1.0,14.44,basic,5,12,1,0,1,0,,5,0.8110786284537044,0.8270726365073008,0.01599400805359641,1,1,lost_cause,0.9405,1,1,30,1
HELIOS-005643,31.2,19.92,basic,21,0,10,1,0,1,,601,0.9850747738953922,0.9861121698029676,0.0010373959075753447,1,1,sure_thing,0.2045,0,1,950,1
HELIOS-005644,31.2,67.87,pro,12,23,7,1,1,0,10.0,306,0.9192064005774104,0.99,0.07079359942258956,1,1,persuadable,0.5255,1,1,950,1
HELIOS-005645,30.3,31.12,pro,5,98,1,0,0,0,,256,0.9241317515148026,0.6812601754219374,-0.24287157609286525,1,1,sleeping_dog,0.8935,1,1,922,1
HELIOS-005646,4.0,13.83,basic,13,78,4,0,0,0,,58,0.9295099166545516,0.7840991900967589,-0.14541072655779275,1,1,sleeping_dog,0.4918,0,1,122,1
HELIOS-005647,10.2,29.56,basic,35,10,24,0,0,0,,261,0.99,0.99,0.0,1,1,sure_thing,0.6006,1,1,310,1
HELIOS-005648,30.0,44.95,pro,8,23,3,0,0,1,,245,0.9720471848395692,0.8669464707420618,-0.10510071409750743,1,1,sleeping_dog,0.6886,1,1,913,1
HELIOS-005649,23.0,44.41,pro,11,0,5,0,0,0,,292,0.9658089061429003,0.9542222933001835,-0.011586612842716781,1,1,sure_thing,0.6629,1,1,700,1
HELIOS-005650,13.5,16.12,basic,8,33,2,0,1,1,6.0,112,0.917149443819794,0.8754967941868668,-0.04165264963292725,1,1,lost_cause,0.4375,1,1,411,1
HELIOS-005651,14.9,56.96,pro,12,10,3,2,1,0,,222,0.800170048922768,0.99,0.189829951077232,0,1,persuadable,0.9832,1,1,454,1
HELIOS-005652,20.6,52.23,pro,10,35,1,2,0,1,,171,0.8873081059062726,0.9028160711622236,0.015507965255950995,1,1,lost_cause,0.1542,0,1,627,1
HELIOS-005653,17.4,28.81,basic,7,12,8,0,0,0,,231,0.9578498499826664,0.9524611377419689,-0.00538871224069748,0,0,sure_thing,0.5848,1,0,530,1
HELIOS-005654,22.2,20.24,basic,15,6,10,0,0,0,9.0,257,0.9824443885470047,0.9799878511201121,-0.0024565374268925577,1,1,sure_thing,0.8578,1,1,676,1
HELIOS-005655,31.2,50.79,pro,11,0,5,0,0,1,,373,0.9743726220008133,0.9404039689278079,-0.03396865307300545,1,1,sure_thing,0.0212,1,1,950,0
HELIOS-005656,7.8,56.42,pro,5,321,4,1,0,0,,47,0.5605759690639717,0.2960781238542556,-0.2644978452097161,1,0,sleeping_dog,0.9252,1,0,237,1
HELIOS-005657,17.9,14.43,basic,14,0,5,0,1,0,,276,0.9325555367021905,0.9474461117187177,0.014890575016527241,1,1,sure_thing,0.6583,1,1,545,0
HELIOS-005658,31.2,45.24,pro,4,104,7,1,0,1,,277,0.917836969278261,0.7913103947475201,-0.1265265745307409,1,1,sleeping_dog,0.2129,1,1,950,1
HELIOS-005659,4.0,76.27,pro,12,3,4,0,0,0,8.0,53,0.9499804785537765,0.9337437030657074,-0.016236775488069122,1,1,sure_thing,0.1494,0,1,122,1
HELIOS-005660,16.3,20.85,basic,6,15,3,0,0,0,,170,0.9431918356665948,0.9046718128235706,-0.03852002284302425,1,1,sure_thing,0.0726,0,1,496,1
HELIOS-005661,27.1,18.01,basic,16,5,8,0,0,1,8.0,347,0.9773503888681218,0.959745189492515,-0.017605199375606784,1,1,sure_thing,0.6503,1,1,825,1
HELIOS-005662,16.4,17.63,basic,8,14,9,0,0,0,,214,0.9484951573426685,0.9440767678400275,-0.0044183895026410624,1,1,sure_thing,0.0938,0,1,499,1
HELIOS-005663,27.4,39.88,pro,12,32,5,2,0,0,5.0,232,0.9121708833117632,0.9695778798206525,0.05740699650888925,1,1,persuadable,0.1143,0,1,834,1
HELIOS-005664,25.5,18.74,basic,2,80,3,0,0,0,,110,0.9275574232259932,0.7572066101126291,-0.17035081311336409,1,1,sleeping_dog,0.8894,1,1,776,1
HELIOS-005665,14.9,22.61,basic,38,0,12,0,0,1,10.0,409,0.99,0.99,0.0,1,1,sure_thing,0.0048,0,1,454,1
HELIOS-005666,4.2,20.8,basic,12,8,3,2,0,0,6.0,56,0.8964744963304665,0.9383971283106748,0.04192263198020829,1,1,lost_cause,0.7149,1,1,128,1
HELIOS-005667,12.2,29.65,basic,1,365,0,1,0,1,,36,0.49346606871726406,0.22357366330643602,-0.26989240541082804,0,0,sleeping_dog,0.9831,1,0,371,1
HELIOS-005668,31.2,18.81,basic,18,8,2,1,0,0,,485,0.9651629038492979,0.9494554346070349,-0.015707469242263072,1,1,sure_thing,0.2671,1,1,950,1
HELIOS-005669,30.6,12.54,basic,23,6,6,2,0,1,,434,0.9683250311134229,0.9796303932119894,0.011305362098566474,1,1,sure_thing,0.1395,0,1,931,1
HELIOS-005670,3.4,21.94,basic,4,32,3,1,0,0,,20,0.801621117014848,0.7880823528384023,-0.013538764176445617,0,0,lost_cause,0.8768,1,0,103,1
HELIOS-005671,25.2,17.17,basic,7,18,3,0,0,0,,234,0.9570904454193929,0.9143568995933178,-0.04273354582607514,1,1,sure_thing,0.2665,0,1,767,1
HELIOS-005672,7.3,16.27,basic,3,77,5,2,1,0,,48,0.6631361441863994,0.9007033798625929,0.23756723567619342,1,1,persuadable,0.9925,1,1,222,1
HELIOS-005673,14.0,19.56,basic,12,33,13,0,1,0,6.0,127,0.9446357270226606,0.9684188836801867,0.02378315665752606,1,1,sure_thing,0.2835,0,1,426,1
HELIOS-005674,15.9,13.66,basic,3,41,2,1,0,0,4.0,113,0.8612216814301162,0.8230239917889426,-0.03819768964117365,1,1,lost_cause,0.962,1,1,484,1
HELIOS-005675,3.9,23.37,basic,8,16,3,0,0,0,,31,0.8988598884123351,0.8587418572137082,-0.04011803119862689,1,1,lost_cause,0.3346,1,1,119,1
HELIOS-005676,20.4,61.32,pro,11,1,2,0,0,0,6.0,227,0.9612705733880023,0.929508949529119,-0.03176162385888326,1,1,sure_thing,0.7468,0,1,621,1
HELIOS-005677,31.2,13.7,basic,3,22,1,1,0,0,,135,0.9132470526713722,0.8885376461593496,-0.02470940651202258,1,1,lost_cause,0.9337,1,1,950,1
HELIOS-005678,12.1,18.81,basic,13,2,6,0,0,0,,146,0.9590126778022088,0.9488405427557604,-0.010172135046448427,1,1,sure_thing,0.1705,1,1,368,1
HELIOS-005679,15.8,34.72,pro,7,65,5,0,0,0,,120,0.9298601893092333,0.8395989819545481,-0.09026120735468524,1,1,sleeping_dog,0.1846,0,1,481,1
HELIOS-005680,31.2,20.04,basic,14,1,5,1,1,0,6.0,404,0.9211017715112579,0.99,0.06889822848874205,1,1,persuadable,0.6362,0,1,950,1
HELIOS-005681,23.1,17.64,basic,5,66,5,1,1,0,5.0,132,0.8324670424908736,0.9496762210489853,0.11720917855811175,1,1,persuadable,0.7282,1,1,703,1
HELIOS-005682,31.2,18.62,basic,8,2,5,0,0,0,,402,0.9703101986193434,0.9569613367218844,-0.013348861897458986,1,1,sure_thing,0.4663,1,1,950,1
HELIOS-005683,31.2,49.17,pro,1,18,6,0,0,1,4.0,158,0.9362405421904351,0.8965439302473968,-0.03969661194303831,1,1,sure_thing,0.8714,1,1,950,1
HELIOS-005684,17.7,19.53,basic,6,96,5,1,1,0,,157,0.7597990063401397,0.8474276427996287,0.08762863645948893,1,1,persuadable,0.6123,1,1,539,1
HELIOS-005685,20.9,19.67,basic,1,110,1,1,0,0,,134,0.8421183794916655,0.6391293585418721,-0.20298902094979332,0,0,sleeping_dog,0.7329,0,0,636,1
HELIOS-005686,15.2,51.22,pro,32,5,20,0,0,0,,323,0.99,0.99,0.0,1,1,sure_thing,0.0435,1,1,463,1
HELIOS-005687,12.6,31.95,pro,5,53,2,1,1,0,8.0,54,0.7169368146850994,0.8440467430713453,0.1271099283862459,1,1,persuadable,0.9665,1,1,384,1
HELIOS-005688,15.9,17.93,basic,24,5,8,0,1,0,,301,0.9489998044820639,0.9562555516826153,0.007255747200551443,1,1,sure_thing,0.0225,0,1,484,1
HELIOS-005689,22.8,18.29,basic,3,212,2,0,0,0,,141,0.8551464084024107,0.5614147681258951,-0.29373164027651566,1,0,sleeping_dog,0.4015,1,0,694,1
HELIOS-005690,31.2,114.11,enterprise,27,6,9,0,0,1,,584,0.99,0.9842820507685561,-0.005717949231443864,1,1,sure_thing,0.5794,1,1,950,1
HELIOS-005691,17.3,22.4,basic,15,27,4,2,0,0,,278,0.8992714004825619,0.9299559742346943,0.030684573752132405,1,1,lost_cause,0.6692,0,1,527,1
HELIOS-005692,20.5,49.39,pro,11,40,4,0,0,0,10.0,207,0.954498462206352,0.8940315901863004,-0.06046687202005163,1,1,sleeping_dog,0.1851,1,1,624,1
HELIOS-005693,31.2,18.22,basic,3,19,7,0,0,0,,207,0.9699266494697729,0.9588237009077265,-0.01110294856204641,1,1,sure_thing,0.3054,0,1,950,1
HELIOS-005694,12.4,16.29,basic,1,140,0,1,0,0,,24,0.7916271352983941,0.5391102936577534,-0.2525168416406407,0,0,sleeping_dog,0.9365,1,0,377,1
HELIOS-005695,27.5,17.91,basic,7,51,0,1,0,0,,150,0.9019158271770764,0.803037530278774,-0.09887829689830241,1,1,sleeping_dog,0.4766,1,1,837,1
HELIOS-005696,31.2,55.41,pro,2,128,1,0,0,0,,138,0.896140291084572,0.6272869340703185,-0.2688533570142535,1,1,sleeping_dog,0.2878,1,1,950,0
HELIOS-005697,31.2,44.51,pro,13,0,3,0,1,0,,419,0.9520361116785192,0.9790226840890637,0.026986572410544474,1,1,sure_thing,0.0192,1,1,950,1
HELIOS-005698,11.8,32.8,pro,5,40,4,0,0,0,,55,0.9116013845196674,0.8519178450925106,-0.05968353942715687,1,1,sleeping_dog,0.6526,0,1,359,1
HELIOS-005699,15.7,51.15,pro,2,98,0,1,0,1,7.0,83,0.757025263588534,0.5307971674839278,-0.22622809610460615,1,1,sleeping_dog,0.7709,1,1,478,1
HELIOS-005700,31.2,15.26,basic,4,365,2,1,0,0,,97,0.680124659667222,0.3987599498168968,-0.28136470985032525,0,0,sleeping_dog,0.932,1,0,950,1
HELIOS-005701,17.4,16.08,basic,3,73,1,1,0,0,7.0,66,0.8657542066082179,0.7411049353013988,-0.12464927130681913,1,1,sleeping_dog,0.4842,0,1,530,1
HELIOS-005702,7.9,46.47,pro,18,13,5,1,0,0,,134,0.950344175030539,0.9503969976570011,5.282262646211233e-05,1,1,sure_thing,0.3494,0,1,240,1
HELIOS-005703,15.2,19.16,basic,2,5,1,0,0,0,,88,0.8956397780457469,0.8468490382237852,-0.04879073982196169,1,1,lost_cause,0.4191,1,1,463,1
HELIOS-005704,16.2,19.6,basic,5,6,5,1,0,0,,160,0.8975591496700738,0.9075314730704674,0.009972323400393668,1,1,lost_cause,0.5206,1,1,493,1
HELIOS-005705,12.2,74.72,pro,1,8,3,1,0,1,3.0,37,0.8853160236056558,0.9065179601627531,0.021201936557097345,1,1,lost_cause,0.5818,1,1,371,1
HELIOS-005706,17.9,81.24,pro,10,14,7,0,0,1,,221,0.968990957298175,0.9436305763885444,-0.025360380909630553,1,1,sure_thing,0.7749,1,1,545,1
HELIOS-005707,31.2,15.82,basic,18,9,6,1,0,0,5.0,448,0.9798584279862156,0.9789745797387382,-0.0008838482474773368,1,1,sure_thing,0.0308,0,1,950,1
HELIOS-005708,17.9,12.43,basic,1,197,5,0,0,0,,129,0.8342898790951719,0.5468611889374124,-0.2874286901577595,1,1,sleeping_dog,0.9015,0,1,545,1
HELIOS-005709,11.8,12.9,basic,24,0,16,0,0,0,7.0,258,0.9897888802412466,0.989940736525557,0.00015185628431046982,1,1,sure_thing,0.3737,0,1,359,1
HELIOS-005710,31.2,33.1,basic,1,26,3,1,0,1,7.0,232,0.9230200245848091,0.8875877341909864,-0.035432290393822785,1,1,sure_thing,0.6626,1,1,950,1
HELIOS-005711,29.2,15.27,basic,3,33,2,2,0,1,,114,0.8610350582450373,0.8879104968554883,0.02687543861045094,0,0,lost_cause,0.4226,0,0,889,1
HELIOS-005712,23.7,41.08,pro,6,44,6,0,0,0,7.0,137,0.955062521252096,0.9169656343420175,-0.03809688691007851,1,1,sure_thing,0.2808,0,1,721,1
HELIOS-005713,4.3,21.78,basic,2,125,0,1,1,0,8.0,10,0.5957892550847085,0.5519748574123257,-0.04381439767238282,0,0,lost_cause,0.9983,1,0,131,1
HELIOS-005714,29.8,18.42,basic,24,38,9,0,0,0,,496,0.9899820706450287,0.9751982766447306,-0.014783794000298167,1,1,sure_thing,0.1155,0,1,907,1
HELIOS-005715,20.8,9.41,basic,14,12,8,1,0,0,4.0,290,0.9621164102226418,0.9654381230027684,0.0033217127801266066,1,1,sure_thing,0.0595,0,1,633,1
HELIOS-005716,8.4,53.29,pro,13,5,12,0,0,0,,98,0.9732183657279343,0.9747107638789849,0.0014923981510506223,1,1,sure_thing,0.6354,1,1,256,1
HELIOS-005717,18.8,24.05,basic,21,15,9,0,1,0,9.0,345,0.9628935203620327,0.9740835162170809,0.011189995855048207,1,1,sure_thing,0.7422,0,1,572,1
HELIOS-005718,7.4,14.32,basic,19,15,10,1,0,0,9.0,101,0.9342941415613659,0.9372775082358922,0.0029833666745262555,1,1,sure_thing,0.1883,0,1,225,1
HELIOS-005719,10.5,19.81,basic,0,6,1,2,0,0,,50,0.7790511000934404,0.8693297016125113,0.09027860151907097,1,1,persuadable,0.8294,1,1,320,1
HELIOS-005720,20.5,14.92,basic,9,19,3,1,0,0,9.0,160,0.9234708080538176,0.9125778010252991,-0.010893007028518586,1,1,sure_thing,0.598,0,1,624,1
HELIOS-005721,22.7,59.73,pro,3,51,8,1,0,1,,142,0.8911670762245768,0.8970761876236247,0.005909111399047928,1,1,lost_cause,0.5666,1,1,691,0
HELIOS-005722,31.2,41.85,pro,10,2,3,1,0,0,8.0,389,0.9611897764015219,0.9661758614225628,0.00498608502104092,1,1,sure_thing,0.3429,0,1,950,1
HELIOS-005723,10.4,16.23,basic,8,2,8,0,1,0,6.0,104,0.9209115702884014,0.9507573585679547,0.02984578827955331,1,1,sure_thing,0.0189,0,1,317,1
HELIOS-005724,7.8,24.31,basic,16,16,7,0,0,0,,93,0.9513990711448362,0.9390505439535286,-0.012348527191307634,1,1,sure_thing,0.2849,1,1,237,1
HELIOS-005725,10.8,47.15,pro,8,17,3,0,0,0,,78,0.9547228075181939,0.9151309013868405,-0.03959190613135344,1,1,sure_thing,0.3766,0,1,329,1
HELIOS-005726,31.2,141.51,enterprise,17,6,12,0,0,0,,461,0.9895148326871628,0.99,0.00048516731283720915,1,1,sure_thing,0.764,1,1,950,1
HELIOS-005727,7.6,17.52,basic,12,3,9,1,0,0,,141,0.9519955234584646,0.9599785865558285,0.007983063097363852,1,1,sure_thing,0.9452,1,1,231,0
HELIOS-005728,19.2,16.95,basic,8,1,6,0,1,0,5.0,166,0.9369297374101095,0.9656011786669904,0.028671441256880814,1,1,sure_thing,0.6177,0,1,584,0
HELIOS-005729,31.2,16.75,basic,19,6,8,1,0,0,8.0,503,0.9708888631720338,0.9731843130619388,0.0022954498899049325,1,1,sure_thing,0.7251,1,1,950,1
HELIOS-005730,24.7,47.13,pro,22,0,9,0,0,0,7.0,562,0.986527975976186,0.9834891975404916,-0.0030387784356944447,1,1,sure_thing,0.0277,0,1,752,1
HELIOS-005731,31.2,59.66,pro,1,11,0,1,0,0,5.0,108,0.9380122288195492,0.9452629674178451,0.007250738598295947,1,1,sure_thing,0.7874,1,1,950,0
HELIOS-005732,13.2,157.7,enterprise,4,61,2,0,0,0,7.0,104,0.9066372234976661,0.8032178595712929,-0.10341936392637319,1,0,sleeping_dog,0.1042,0,1,402,1
HELIOS-005733,21.9,61.99,pro,6,34,0,0,0,0,,149,0.9383048943603225,0.8151822846215936,-0.1231226097387289,1,1,sleeping_dog,0.3478,1,1,667,1
HELIOS-005734,19.9,47.5,pro,2,68,3,0,0,0,,103,0.9070539548119311,0.7695827711761806,-0.1374711836357505,1,1,sleeping_dog,0.8202,1,1,606,0
HELIOS-005735,13.7,15.8,basic,6,19,5,0,0,0,,73,0.9203887217931399,0.8962459477850091,-0.024142774008130807,1,1,sure_thing,0.4132,1,1,417,1
HELIOS-005736,28.4,49.92,pro,19,6,5,0,0,0,,477,0.9774559648335098,0.9611817201240042,-0.01627424470950567,1,1,sure_thing,0.3038,0,1,864,1
HELIOS-005737,24.7,109.25,enterprise,19,4,6,0,0,0,,412,0.9867435337493871,0.9802639102919027,-0.006479623457484318,1,1,sure_thing,0.6305,1,1,752,1
HELIOS-005738,13.2,41.01,pro,11,3,7,1,0,0,8.0,165,0.9443388969725051,0.9571606417680253,0.012821744795520229,1,1,sure_thing,0.3375,1,1,402,1
HELIOS-005739,15.2,18.19,basic,2,7,0,1,1,1,5.0,73,0.713312318148113,0.8368646364569902,0.12355231830887714,1,1,persuadable,0.8469,0,1,463,1
HELIOS-005740,26.0,38.55,pro,25,1,5,0,0,0,,523,0.9832122802640597,0.9685275399557878,-0.014684740308271937,1,1,sure_thing,0.0837,0,1,791,1
HELIOS-005741,23.8,20.58,basic,3,43,4,0,1,0,,152,0.8988120729716423,0.9231765779699489,0.024364504998306558,1,1,lost_cause,0.3015,0,1,724,1
HELIOS-005742,19.0,46.85,pro,9,21,2,0,1,1,,143,0.8976500630648548,0.8931014561778814,-0.00454860688697345,1,1,lost_cause,0.3889,0,1,578,1
HELIOS-005743,30.4,33.52,pro,14,12,12,0,0,1,10.0,534,0.9729547790771217,0.9679933035451159,-0.004961475532005766,1,1,sure_thing,0.1229,0,1,925,1
HELIOS-005744,11.2,21.67,basic,12,0,8,1,0,0,,128,0.944649322536868,0.9529121621013055,0.008262839564437519,0,0,sure_thing,0.788,1,0,341,1
HELIOS-005745,31.2,26.82,basic,2,25,2,0,0,0,,145,0.9502752770758613,0.8849082974862532,-0.06536697958960813,1,1,sleeping_dog,0.6592,1,1,950,1
HELIOS-005746,4.2,16.0,basic,4,1,7,1,2,0,,41,0.7849855347435424,0.99,0.2050144652564576,1,1,persuadable,0.7545,0,1,128,1
HELIOS-005747,31.2,19.53,basic,40,2,21,0,0,0,,1028,0.99,0.99,0.0,1,1,sure_thing,0.3923,1,1,950,1
HELIOS-005748,31.2,47.81,pro,2,77,1,1,0,1,,98,0.9237154869794955,0.7385495890816308,-0.18516589789786464,1,1,sleeping_dog,0.4562,0,1,950,1
HELIOS-005749,14.2,54.85,pro,14,1,10,0,1,1,,244,0.9680464677501402,0.99,0.021953532249859742,1,1,sure_thing,0.4511,1,1,432,1
HELIOS-005750,12.1,141.24,enterprise,14,5,7,1,1,0,,163,0.9338523733373861,0.99,0.05614762666261386,1,1,persuadable,0.7902,1,1,368,1
HELIOS-005751,2.5,189.34,enterprise,3,72,3,3,0,0,8.0,21,0.7597533877659854,0.99,0.23024661223401455,0,1,persuadable,0.8968,1,1,76,0
HELIOS-005752,31.2,54.93,pro,17,9,7,1,0,0,10.0,451,0.9823365337322943,0.99,0.007663466267705643,1,1,sure_thing,0.2537,0,1,950,1
HELIOS-005753,30.0,36.96,pro,8,100,1,1,0,0,3.0,187,0.8931529688686898,0.7044826960912456,-0.1886702727774442,1,1,sleeping_dog,0.7318,1,1,913,1
HELIOS-005754,8.8,62.36,pro,5,16,4,1,1,0,,68,0.88194083710011,0.99,0.10805916289989004,0,1,persuadable,0.8108,1,1,268,0
HELIOS-005755,31.2,18.87,basic,27,5,11,0,0,0,10.0,709,0.99,0.9881275431467731,-0.0018724568532269004,1,1,sure_thing,0.0437,0,1,950,1
HELIOS-005756,31.2,17.6,basic,46,4,26,0,0,1,,949,0.99,0.99,0.0,1,1,sure_thing,0.0914,0,1,950,0
HELIOS-005757,13.3,34.1,pro,19,6,5,0,0,1,,255,0.9795879308856197,0.9359618207109008,-0.043626110174718846,1,1,sure_thing,0.1686,0,1,405,1
HELIOS-005758,11.0,41.65,pro,23,2,9,0,0,0,,219,0.9839359334927739,0.980324284081183,-0.003611649411590867,1,1,sure_thing,0.1352,0,1,335,1
HELIOS-005759,12.3,34.74,pro,2,3,1,1,0,0,,28,0.8746641267841808,0.8797977859591432,0.005133659174962335,1,1,lost_cause,0.7094,1,1,374,1
HELIOS-005760,23.3,166.33,enterprise,10,3,5,0,1,0,,309,0.9688188022383682,0.99,0.021181197761631743,1,1,sure_thing,0.7343,1,1,709,1
HELIOS-005761,2.5,185.14,enterprise,26,11,14,0,0,0,7.0,52,0.99,0.99,0.0,1,1,sure_thing,0.8402,1,1,76,1
HELIOS-005762,18.8,51.4,pro,6,7,6,1,1,1,,177,0.8769515559028969,0.99,0.11304844409710313,1,1,persuadable,0.2746,0,1,572,1
HELIOS-005763,7.3,18.64,basic,4,60,3,2,0,0,,47,0.7753370396641143,0.8174469551222587,0.042109915458144465,1,1,lost_cause,0.7702,1,1,222,1
HELIOS-005764,9.4,36.22,pro,10,7,4,1,0,1,,99,0.9132170624003177,0.8996362863513668,-0.013580776048950916,1,1,lost_cause,0.2654,0,1,286,1
HELIOS-005765,31.2,115.84,enterprise,6,37,3,1,1,0,,378,0.9174626570488796,0.99,0.07253734295112035,1,1,persuadable,0.2342,0,1,950,1
HELIOS-005766,31.2,20.59,basic,12,88,9,0,0,0,9.0,345,0.9646600031261248,0.9000900762224207,-0.06456992690370411,1,1,sleeping_dog,0.5871,1,1,950,1
HELIOS-005767,17.5,14.93,basic,1,23,3,1,0,0,6.0,63,0.8447345226494016,0.8416600253948623,-0.0030744972545393434,1,1,lost_cause,0.6905,1,1,533,1
HELIOS-005768,8.9,54.91,pro,9,90,9,0,0,1,8.0,104,0.9376855996870939,0.8067974099386874,-0.13088818974840644,1,1,sleeping_dog,0.558,1,1,271,1
HELIOS-005769,8.3,48.97,pro,8,52,4,1,1,0,,82,0.7834291436175772,0.9291035977303995,0.14567445411282232,1,1,persuadable,0.5903,0,1,253,1
HELIOS-005770,31.2,21.6,basic,7,3,7,1,0,0,,386,0.9523759464903184,0.9645953244690794,0.012219377978760937,1,1,sure_thing,0.1002,1,1,950,1
HELIOS-005771,23.2,47.38,pro,12,5,4,1,0,0,6.0,343,0.958470019976896,0.9649277277967523,0.006457707819856329,1,1,sure_thing,0.0251,0,1,706,1
HELIOS-005772,11.9,22.22,basic,5,5,0,0,0,1,5.0,65,0.8884268396700807,0.758650145358294,-0.12977669431178673,1,1,sleeping_dog,0.0626,0,1,362,1
HELIOS-005773,24.1,24.24,basic,12,39,6,1,0,1,9.0,287,0.9601169924285458,0.9268279656980106,-0.03328902673053513,1,1,sure_thing,0.2115,0,1,734,1
HELIOS-005774,12.7,49.52,pro,3,111,1,0,0,0,6.0,58,0.8832529853013898,0.6273026879649908,-0.25595029733639907,1,0,sleeping_dog,0.2074,1,0,387,1
HELIOS-005775,26.2,195.42,enterprise,5,29,2,0,0,1,,152,0.9673671426320957,0.899661974346214,-0.06770516828588169,0,0,sleeping_dog,0.3543,0,0,798,1
HELIOS-005776,31.2,15.31,basic,8,5,3,0,2,0,,168,0.7926835249537509,0.9698015638154649,0.17711803886171396,1,1,persuadable,0.8566,1,1,950,1
HELIOS-005777,18.6,135.8,enterprise,8,16,5,0,0,0,,136,0.958818848396172,0.9585667778506862,-0.0002520705454858163,0,0,sure_thing,0.1082,1,0,566,1
HELIOS-005778,31.2,16.9,basic,25,4,6,0,0,0,,657,0.9879149571281329,0.9757280571358575,-0.012186899992275402,1,1,sure_thing,0.2089,0,1,950,1
HELIOS-005779,3.9,191.99,enterprise,13,17,5,1,1,0,,52,0.9281419173887567,0.99,0.06185808261124326,1,1,persuadable,0.0546,0,1,119,1
HELIOS-005780,31.2,42.16,pro,2,77,5,0,1,0,,186,0.8957557418107718,0.917964942964964,0.022209201154192226,1,1,lost_cause,0.0365,0,1,950,1
HELIOS-005781,31.2,16.3,basic,21,10,12,0,0,0,10.0,547,0.99,0.9888917587475975,-0.0011082412524024976,1,1,sure_thing,0.2294,0,1,950,1
HELIOS-005782,31.2,43.86,pro,2,147,1,0,0,0,,135,0.9052431795454082,0.6248094954866656,-0.2804336840587426,1,0,sleeping_dog,0.4675,1,0,950,1
HELIOS-005783,23.3,143.89,enterprise,26,18,12,0,1,0,,448,0.9853014448701284,0.99,0.004698555129871607,1,1,sure_thing,0.1834,0,1,709,1
HELIOS-005784,13.1,25.88,basic,27,13,12,0,0,0,8.0,257,0.99,0.99,0.0,1,1,sure_thing,0.356,1,1,399,1
HELIOS-005785,9.4,18.12,basic,6,199,1,0,1,0,6.0,39,0.6084287822473948,0.35389410422719925,-0.2545346780201956,0,0,sleeping_dog,0.9869,1,0,286,1
HELIOS-005786,14.0,20.38,basic,49,6,18,0,1,0,,381,0.99,0.99,0.0,1,1,sure_thing,0.0102,0,1,426,1
HELIOS-005787,19.9,13.49,basic,4,185,1,1,0,1,4.0,70,0.7275091564550774,0.44840452907204215,-0.27910462738303526,1,0,sleeping_dog,0.8106,1,0,606,1
HELIOS-005788,31.2,70.18,pro,13,0,11,1,1,1,,505,0.9494613990364034,0.99,0.04053860096359663,1,1,sure_thing,0.2709,1,1,950,1
HELIOS-005789,13.1,21.83,basic,5,12,8,0,1,0,,113,0.9046679421275134,0.9453560910188311,0.040688148891317666,1,1,lost_cause,0.7458,1,1,399,0
HELIOS-005790,31.2,28.57,basic,13,9,4,0,0,0,,366,0.9772035122432622,0.9526931215556967,-0.024510390687565442,1,1,sure_thing,0.2366,0,1,950,1
HELIOS-005791,9.0,52.63,pro,9,0,8,0,0,0,,139,0.9409372741173395,0.9397234663722561,-0.001213807745083395,1,1,sure_thing,0.0991,1,1,274,1
HELIOS-005792,16.4,148.83,enterprise,2,72,1,1,0,0,6.0,76,0.8597652994598111,0.8666744560121487,0.006909156552337592,1,1,lost_cause,0.626,1,1,499,1
HELIOS-005793,23.3,139.96,enterprise,11,56,5,1,0,0,,156,0.9765322764214155,0.99,0.0134677235785845,1,1,sure_thing,0.0371,1,1,709,1
HELIOS-005794,25.8,25.88,basic,18,18,13,0,0,0,,495,0.9870268206531743,0.9860319335328123,-0.000994887120361998,1,1,sure_thing,0.1826,0,1,785,1
HELIOS-005795,31.2,37.8,pro,11,5,7,0,0,0,,383,0.9780264927534471,0.9713735752653887,-0.0066529174880584074,1,1,sure_thing,0.4995,1,1,950,1
HELIOS-005796,24.0,23.93,basic,6,43,3,0,0,0,,228,0.9308380421378708,0.8470791624596723,-0.0837588796781985,1,1,sleeping_dog,0.8185,0,1,731,1
HELIOS-005797,31.2,34.23,pro,5,49,3,0,0,0,,191,0.937827670622507,0.8424560092650306,-0.09537166135747643,1,1,sleeping_dog,0.0495,0,1,950,1
HELIOS-005798,16.7,48.75,pro,6,23,4,2,1,0,10.0,158,0.7036491611905146,0.9640848965022664,0.2604357353117518,0,1,persuadable,0.8063,1,1,508,0
HELIOS-005799,17.5,14.0,basic,1,6,4,3,1,0,,78,0.6577863811738328,0.9471696938867744,0.2893833127129416,1,1,persuadable,0.9528,1,1,533,1
HELIOS-005800,30.4,19.33,basic,13,3,5,2,0,0,,387,0.9577594239408006,0.99,0.03224057605919939,1,1,sure_thing,0.1706,0,1,925,1
HELIOS-005801,31.2,17.16,basic,10,46,5,0,0,0,,310,0.9697024485758877,0.9130124759363321,-0.056689972639555664,1,1,sleeping_dog,0.1855,0,1,950,1
HELIOS-005802,15.0,54.31,pro,7,94,4,1,0,0,,110,0.8954993416517215,0.7970318686055466,-0.09846747304617487,1,1,sleeping_dog,0.2398,0,1,457,1
HELIOS-005803,8.9,61.29,pro,13,0,10,0,0,0,,148,0.9638118001812445,0.9646742138096569,0.0008624136284124395,1,1,sure_thing,0.4494,1,1,271,1
HELIOS-005804,20.7,136.79,enterprise,2,212,2,1,0,0,,108,0.7668943095143055,0.6035872606929206,-0.16330704882138491,1,1,sleeping_dog,0.3497,1,1,630,1
HELIOS-005805,24.4,20.35,basic,13,11,4,1,1,0,,222,0.8665474900934965,0.9547902661023032,0.0882427760088067,0,0,persuadable,0.5149,0,0,743,1
HELIOS-005806,30.9,42.45,pro,12,4,6,2,0,0,,456,0.9346991024755522,0.99,0.05530089752444778,1,1,persuadable,0.3092,1,1,941,1
HELIOS-005807,24.5,13.26,basic,19,21,10,0,0,1,,371,0.982218236422659,0.9657117595030102,-0.016506476919648794,1,1,sure_thing,0.4665,0,1,746,1
HELIOS-005808,9.6,103.79,enterprise,8,18,9,1,0,0,,71,0.9220074750560046,0.9793902964751668,0.05738282141916229,0,1,persuadable,0.6323,1,1,292,1
HELIOS-005809,5.8,26.1,basic,3,38,2,3,0,0,3.0,21,0.5760020222954803,0.7757816281689175,0.19977960587343724,1,1,persuadable,0.9669,1,1,177,1
HELIOS-005810,31.2,22.7,basic,2,11,1,1,1,0,,133,0.872350204002446,0.99,0.11764979599755399,1,1,persuadable,0.6909,0,1,950,1
HELIOS-005811,30.4,145.58,enterprise,1,15,1,1,0,1,,92,0.9422423008918085,0.99,0.0477576991081915,1,1,sure_thing,0.2471,1,1,925,1
HELIOS-005812,31.2,30.88,basic,10,68,1,2,0,0,,231,0.9093042817111152,0.8962092912548391,-0.013094990456276157,1,1,lost_cause,0.6912,1,1,950,1
HELIOS-005813,31.2,55.0,pro,2,18,8,2,0,0,7.0,291,0.8879295836639302,0.99,0.10207041633606984,1,1,persuadable,0.654,1,1,950,1
HELIOS-005814,10.8,17.7,basic,24,25,5,0,0,0,10.0,249,0.9737100298648083,0.941766034340803,-0.031943995524005286,1,1,sure_thing,0.3869,0,1,329,1
HELIOS-005815,28.8,22.82,basic,5,43,3,0,0,0,6.0,185,0.9393057540332904,0.8557814750838675,-0.08352427894942294,1,1,sleeping_dog,0.5803,0,1,877,1
HELIOS-005816,10.2,23.46,basic,11,4,6,0,0,0,8.0,116,0.9589101073644508,0.9484944564298761,-0.01041565093457475,1,1,sure_thing,0.0828,0,1,310,1
HELIOS-005817,31.2,18.23,basic,4,26,4,0,1,1,8.0,232,0.8887539575473286,0.8962328893075256,0.007478931760197094,1,1,lost_cause,0.882,1,1,950,1
HELIOS-005818,16.0,155.96,enterprise,0,161,3,1,1,1,,74,0.7591612957322158,0.7781747148976457,0.019013419165429868,1,1,lost_cause,0.4908,1,1,487,1
HELIOS-005819,31.2,54.75,pro,2,144,0,0,0,0,,173,0.902497082512676,0.6215320498898724,-0.2809650326228036,1,0,sleeping_dog,0.4525,1,0,950,1
HELIOS-005820,31.2,25.4,basic,25,1,13,0,1,1,,549,0.9860002179289072,0.99,0.00399978207109275,1,1,sure_thing,0.5386,1,1,950,1
HELIOS-005821,13.2,24.63,basic,1,31,1,1,0,1,4.0,53,0.7886873921282546,0.6999187203065943,-0.08876867182166026,1,1,sleeping_dog,0.8763,0,1,402,0
HELIOS-005822,19.9,149.66,enterprise,31,1,15,0,0,0,,501,0.99,0.99,0.0,1,1,sure_thing,0.1737,1,1,606,1
HELIOS-005823,23.5,112.32,enterprise,10,0,5,0,0,0,,216,0.9649805598031106,0.9636717464643747,-0.0013088133387358925,1,1,sure_thing,0.5169,1,1,715,1
HELIOS-005824,8.4,155.46,enterprise,23,5,4,0,1,1,6.0,173,0.9650933581780176,0.99,0.024906641821982434,1,1,sure_thing,0.1465,1,1,256,1
HELIOS-005825,31.2,16.3,basic,4,105,7,1,0,0,,216,0.9038678140734624,0.8336658225699958,-0.07020199150346662,1,1,sleeping_dog,0.254,0,1,950,1
HELIOS-005826,9.6,58.4,pro,17,7,6,0,2,1,,130,0.8627529325537847,0.99,0.12724706744621528,1,1,persuadable,0.8174,1,1,292,1
HELIOS-005827,31.2,39.16,pro,6,29,3,1,0,1,,232,0.9282986822273418,0.8799538783819805,-0.04834480384536133,0,0,sure_thing,0.6054,1,0,950,1
HELIOS-005828,19.8,65.84,pro,7,34,1,1,0,1,6.0,119,0.8897195393331154,0.8019006791497993,-0.08781886018331608,1,1,sleeping_dog,0.6595,0,1,603,1
HELIOS-005829,13.4,22.7,basic,6,10,9,0,0,0,10.0,147,0.9561722384304815,0.953464936862928,-0.0027073015675534995,1,1,sure_thing,0.2765,1,1,408,1
HELIOS-005830,18.4,19.41,basic,18,1,15,0,0,0,10.0,439,0.9829194120927265,0.9834429378158283,0.0005235257231017698,1,1,sure_thing,0.0858,0,1,560,0
HELIOS-005831,31.2,20.36,basic,12,11,8,0,0,0,,319,0.9780590730148022,0.9713225211049143,-0.006736551909887867,1,1,sure_thing,0.1511,0,1,950,1
HELIOS-005832,23.9,23.0,basic,3,51,2,0,1,0,6.0,118,0.823720315677976,0.8212881914240509,-0.0024321242539251386,1,1,lost_cause,0.8172,0,1,728,1
HELIOS-005833,2.0,18.18,basic,3,211,1,1,0,1,,3,0.6579984310613106,0.38039471641485156,-0.27760371464645905,1,0,sleeping_dog,0.9242,1,0,61,0
HELIOS-005834,31.2,15.34,basic,28,9,9,0,1,0,,647,0.9803274265045554,0.9850065877225623,0.004679161218006933,1,1,sure_thing,0.0774,0,1,950,1
HELIOS-005835,31.2,54.84,pro,7,98,3,2,0,1,,263,0.8869275387025161,0.8201495548051159,-0.0667779838974002,0,0,sleeping_dog,0.3323,0,0,950,1
HELIOS-005836,24.9,42.16,pro,18,24,7,0,0,0,,385,0.9805283341787209,0.9645024634800721,-0.016025870698648803,1,1,sure_thing,0.2798,1,1,758,1
HELIOS-005837,31.2,57.53,pro,14,13,5,0,0,0,,330,0.9693437370816974,0.9501957699350307,-0.019147967146666667,1,1,sure_thing,0.8086,1,1,950,1
HELIOS-005838,31.2,46.51,pro,2,10,3,1,0,0,3.0,130,0.8935180248829567,0.9130035882310017,0.019485563348044965,1,1,lost_cause,0.2192,0,1,950,1
HELIOS-005839,6.1,103.01,enterprise,2,2,5,0,0,0,7.0,58,0.9361437680392714,0.9419206212215209,0.0057768531822495195,1,1,sure_thing,0.7962,1,1,186,1
HELIOS-005840,26.1,20.95,basic,11,2,8,0,0,0,9.0,368,0.9757201449369517,0.9714261709993702,-0.004293973937581463,1,1,sure_thing,0.1245,0,1,794,0
HELIOS-005841,12.8,18.09,basic,3,22,1,1,0,0,,80,0.8545154414670556,0.8313911051773838,-0.02312433628967181,1,1,lost_cause,0.8771,1,1,390,1
HELIOS-005842,10.8,21.37,basic,1,270,0,1,0,0,,22,0.6005652030584872,0.3270046211897074,-0.27356058186877974,0,0,sleeping_dog,0.976,1,0,329,1
HELIOS-005843,26.5,51.11,pro,16,22,5,1,1,0,8.0,364,0.961379859270406,0.99,0.028620140729593957,1,1,sure_thing,0.4243,1,1,807,1
HELIOS-005844,14.1,199.49,enterprise,8,0,2,0,0,0,9.0,150,0.9685327669892435,0.99,0.02146723301075648,1,1,sure_thing,0.7314,1,1,429,1
HELIOS-005845,11.1,44.79,pro,3,61,1,0,0,0,7.0,35,0.8423071347523055,0.6750966386531636,-0.16721049609914185,1,1,sleeping_dog,0.8834,1,1,338,1
HELIOS-005846,31.2,22.06,basic,5,79,3,1,1,0,6.0,224,0.808236595354437,0.9034929979712188,0.09525640261678181,1,1,persuadable,0.7309,0,1,950,1
HELIOS-005847,13.9,22.37,basic,7,51,3,0,1,0,7.0,81,0.806003184048245,0.8028755778211383,-0.0031276062271067273,0,0,lost_cause,0.8663,1,0,423,1
HELIOS-005848,10.5,21.28,basic,7,2,4,0,1,0,8.0,55,0.8591177235750735,0.8896700363518113,0.030552312776737756,1,1,lost_cause,0.2431,0,1,320,1
HELIOS-005849,27.1,14.73,basic,24,1,10,1,0,0,,545,0.9890504921461521,0.99,0.0009495078538478419,1,1,sure_thing,0.1523,0,1,825,1
HELIOS-005850,14.9,35.89,pro,13,11,11,0,0,1,,244,0.977333311125016,0.9704464923372147,-0.006886818787801285,1,1,sure_thing,0.1383,0,1,454,1
HELIOS-005851,27.2,75.45,pro,1,37,3,4,1,1,7.0,116,0.5281687602824817,0.8241385912878558,0.2959698310053741,1,1,persuadable,0.9517,1,1,828,1
HELIOS-005852,31.2,50.52,pro,5,18,2,0,0,1,5.0,242,0.9649751436071746,0.8516659422623276,-0.11330920134484701,1,1,sleeping_dog,0.1398,1,1,950,1
HELIOS-005853,8.1,51.33,pro,9,4,9,0,0,1,,104,0.9546031643281881,0.9456863172862078,-0.00891684704198037,1,1,sure_thing,0.5446,1,1,247,1
HELIOS-005854,31.2,34.29,pro,4,354,2,0,0,0,,134,0.7692686643767663,0.47462254148527305,-0.2946461228914933,1,1,sleeping_dog,0.3203,0,1,950,1
HELIOS-005855,18.9,23.48,basic,7,0,4,2,0,0,8.0,157,0.9036746462158295,0.9713393103834207,0.0676646641675912,1,1,persuadable,0.7628,1,1,575,1
HELIOS-005856,31.2,58.73,pro,19,7,10,0,0,0,,554,0.9882813289828494,0.9865015686292301,-0.001779760353619264,1,1,sure_thing,0.0285,0,1,950,1
HELIOS-005857,19.9,19.44,basic,9,22,5,0,0,0,7.0,228,0.9540693212066916,0.9268356777440928,-0.027233643462598822,1,1,sure_thing,0.8337,0,1,606,1
HELIOS-005858,24.4,62.69,pro,11,52,5,0,0,0,9.0,209,0.9765429616593335,0.9126334889602881,-0.06390947269904546,1,1,sleeping_dog,0.2505,0,1,743,1
HELIOS-005859,19.7,23.79,basic,9,10,5,0,1,0,,182,0.9331378716381934,0.9602883902364626,0.027150518598269224,1,1,sure_thing,0.0855,0,1,600,1
HELIOS-005860,4.3,52.23,pro,13,1,6,0,0,0,9.0,40,0.9673381158315523,0.9592194189277895,-0.008118696903762768,1,1,sure_thing,0.4485,1,1,131,1
HELIOS-005861,11.6,25.38,basic,10,9,3,1,1,0,,103,0.8165576606495606,0.9270172246228388,0.11045956397327816,1,1,persuadable,0.6297,1,1,353,0
HELIOS-005862,8.9,18.76,basic,4,6,3,1,0,0,7.0,66,0.8694169300034278,0.8735960890548743,0.004179159051446502,1,1,lost_cause,0.6922,0,1,271,1
HELIOS-005863,31.2,56.05,pro,10,1,2,0,0,1,8.0,203,0.9674440012064703,0.8898091654169242,-0.07763483578954611,1,0,sleeping_dog,0.2745,1,0,950,1
HELIOS-005864,31.2,26.15,basic,3,11,3,2,0,1,,186,0.794220154843418,0.8670406760441856,0.07282052120076754,1,1,persuadable,0.8445,0,1,950,1
HELIOS-005865,31.2,13.57,basic,7,9,4,0,0,0,6.0,399,0.9490256884172716,0.9250509786364799,-0.023974709780791748,1,1,sure_thing,0.3508,0,1,950,1
HELIOS-005866,12.1,19.54,basic,7,6,2,2,0,0,4.0,66,0.8652452302914706,0.9234591838133595,0.05821395352188885,1,1,persuadable,0.8282,1,1,368,1
HELIOS-005867,21.2,15.41,basic,18,27,9,0,1,1,,389,0.9639460714011971,0.9696127185120402,0.005666647110843082,1,1,sure_thing,0.1692,0,1,645,1
HELIOS-005868,31.2,42.12,pro,4,58,1,2,0,0,6.0,141,0.8593896806956004,0.9076760244625055,0.048286343766905104,0,1,lost_cause,0.8671,1,1,950,1
HELIOS-005869,29.5,21.75,basic,9,48,5,0,1,1,,166,0.936158871208162,0.9164183558528183,-0.019740515355343713,1,1,sure_thing,0.0332,1,1,898,1
HELIOS-005870,7.4,26.05,basic,7,10,4,0,0,1,,69,0.9525074195158127,0.8912576749894286,-0.0612497445263841,1,1,sleeping_dog,0.8422,1,1,225,1
HELIOS-005871,11.4,32.7,pro,10,32,11,0,0,0,8.0,131,0.9633139520767652,0.9594090005662381,-0.003904951510527055,1,1,sure_thing,0.3249,1,1,347,1
HELIOS-005872,11.8,18.12,basic,44,3,14,1,0,1,10.0,295,0.99,0.99,0.0,1,1,sure_thing,0.5277,0,1,359,1
HELIOS-005873,7.7,17.3,basic,4,109,1,1,0,0,,26,0.7093882870753861,0.5021854494297566,-0.20720283764562952,0,0,sleeping_dog,0.7757,1,0,234,1
HELIOS-005874,31.2,166.86,enterprise,9,6,8,0,1,1,,352,0.9752663159821638,0.99,0.014733684017836146,1,1,sure_thing,0.6366,1,1,950,1
HELIOS-005875,13.4,23.58,basic,8,18,11,0,0,0,,161,0.9617283287702483,0.9603834616030462,-0.0013448671672020573,1,1,sure_thing,0.1203,0,1,408,1
HELIOS-005876,12.6,43.21,pro,2,59,5,1,0,1,,70,0.8865140379703793,0.8264509244181805,-0.060063113552198844,0,0,sleeping_dog,0.618,1,0,384,1
HELIOS-005877,20.1,23.56,basic,4,43,3,2,0,0,6.0,133,0.8402930736161117,0.9034953818941642,0.06320230827805251,1,1,persuadable,0.5935,0,1,612,1
HELIOS-005878,31.2,120.3,enterprise,5,4,0,1,1,0,,248,0.9215046928853156,0.99,0.06849530711468443,1,1,persuadable,0.4174,1,1,950,1
HELIOS-005879,31.2,53.65,pro,6,15,4,1,1,0,,208,0.8694768071183239,0.99,0.12052319288167612,0,1,persuadable,0.7695,1,1,950,1
HELIOS-005880,5.8,19.85,basic,34,2,19,0,1,0,7.0,139,0.9827759161324368,0.9870656177879348,0.004289701655498024,1,1,sure_thing,0.0552,1,1,177,1
HELIOS-005881,4.7,17.05,basic,1,34,1,0,2,0,2.0,16,0.7057171771721907,0.9120766253547491,0.20635944818255836,1,1,persuadable,0.6618,1,1,143,1
HELIOS-005882,4.0,229.54,enterprise,9,13,6,0,0,0,,32,0.9739188364111754,0.99,0.01608116358882461,1,1,sure_thing,0.166,1,1,122,1
HELIOS-005883,10.0,51.09,pro,9,28,2,0,0,0,,90,0.9205947733770716,0.8491170782886445,-0.07147769508842716,1,1,sleeping_dog,0.5429,1,1,304,1
HELIOS-005884,28.1,17.47,basic,8,2,6,1,0,0,7.0,243,0.9329270266296981,0.9414689308581455,0.008541904228447472,1,1,sure_thing,0.9097,1,1,855,1
HELIOS-005885,31.2,117.33,enterprise,3,34,5,1,0,0,,234,0.9542817847230263,0.99,0.03571821527697372,1,1,sure_thing,0.4045,1,1,950,1
HELIOS-005886,12.2,35.36,pro,7,26,2,0,1,0,,95,0.8407266160792408,0.8617887157246118,0.02106209964537098,1,1,lost_cause,0.1392,0,1,371,1
HELIOS-005887,7.2,36.41,pro,12,0,1,0,0,0,7.0,63,0.9481217986114107,0.9043798528181595,-0.04374194579325119,1,1,sure_thing,0.2449,0,1,219,1
HELIOS-005888,14.9,14.49,basic,37,1,17,0,0,0,10.0,370,0.99,0.99,0.0,1,1,sure_thing,0.0697,0,1,454,1
HELIOS-005889,31.2,14.44,basic,16,18,8,1,0,1,,541,0.9677481872895376,0.9612222398085305,-0.006525947481007099,1,1,sure_thing,0.008,0,1,950,1
HELIOS-005890,7.4,73.28,pro,5,1,7,1,0,0,5.0,57,0.9046975836343835,0.9472574343099506,0.04255985067556711,1,1,lost_cause,0.8285,1,1,225,1
HELIOS-005891,15.9,15.41,basic,19,1,8,0,0,0,,187,0.9764008548660467,0.9710675614774881,-0.005333293388558591,1,1,sure_thing,0.0094,1,1,484,1
HELIOS-005892,31.2,42.51,pro,0,1,1,0,0,0,,84,0.9617051378164226,0.9223563049433053,-0.0393488328731173,1,1,sure_thing,0.4457,0,1,950,1
HELIOS-005893,5.4,17.04,basic,9,43,6,0,0,1,,50,0.945476725070705,0.8559492502573932,-0.0895274748133118,1,1,sleeping_dog,0.1577,0,1,164,1
HELIOS-005894,20.7,31.24,basic,6,25,1,1,1,0,6.0,189,0.8788547862649775,0.99,0.11114521373502251,1,1,persuadable,0.6649,1,1,630,1
HELIOS-005895,31.2,20.47,basic,16,46,5,0,1,0,,392,0.9406631710728139,0.9390242965128085,-0.0016388745600054433,1,1,sure_thing,0.1854,0,1,950,1
HELIOS-005896,24.8,21.39,basic,17,0,4,0,0,1,,342,0.9781392430561948,0.929998348905378,-0.04814089415081679,1,1,sure_thing,0.6363,1,1,755,1
HELIOS-005897,4.2,15.39,basic,2,39,7,2,1,0,,24,0.6418114995950193,0.8922085697238278,0.2503970701288085,1,1,persuadable,0.8425,1,1,128,1
HELIOS-005898,3.8,24.43,basic,5,33,2,2,1,0,,23,0.4901337814003042,0.7320855976882574,0.2419518162879532,1,1,persuadable,0.9435,1,1,116,1
HELIOS-005899,13.9,20.85,basic,6,5,2,0,0,1,7.0,89,0.9418184399392282,0.8546354501386536,-0.0871829898005746,1,0,sleeping_dog,0.7783,1,0,423,1
HELIOS-005900,7.9,21.82,basic,3,99,1,0,0,0,,27,0.8392366892425425,0.5948959486208112,-0.24434074062173128,0,0,sleeping_dog,0.8672,1,0,240,1
HELIOS-005901,22.9,28.11,basic,1,63,6,0,1,0,6.0,155,0.8415345290635627,0.8789113573834098,0.03737682831984701,1,1,lost_cause,0.6138,1,1,697,1
HELIOS-005902,11.1,58.24,pro,10,94,4,0,0,0,,92,0.8886565540629148,0.7076440744582044,-0.18101247960471034,1,1,sleeping_dog,0.7462,1,1,338,1
HELIOS-005903,31.2,34.28,pro,5,88,1,1,0,0,,175,0.8692951303032057,0.7116215881760958,-0.15767354212710993,1,1,sleeping_dog,0.4325,1,1,950,1
HELIOS-005904,20.2,21.14,basic,3,4,1,0,0,0,7.0,179,0.9305242089353241,0.8829674101525952,-0.04755679878272889,1,1,sure_thing,0.2758,0,1,615,0
HELIOS-005905,22.1,22.31,basic,5,20,0,1,0,0,,65,0.9209788776500368,0.8862708537384227,-0.034708023911614094,1,1,sure_thing,0.6723,1,1,673,1
HELIOS-005906,25.0,18.2,basic,12,7,5,1,1,0,,294,0.9032337642895529,0.99,0.08676623571044706,1,1,persuadable,0.9045,1,1,761,1
HELIOS-005907,31.2,12.3,basic,12,23,7,0,0,0,,378,0.9712298878464624,0.9556215091332474,-0.015608378713214965,1,1,sure_thing,0.4534,0,1,950,1
HELIOS-005908,24.7,18.61,basic,54,11,21,1,0,0,,905,0.99,0.99,0.0,1,1,sure_thing,0.5485,1,1,752,1
HELIOS-005909,4.0,62.79,pro,9,10,2,0,2,0,7.0,29,0.7858008650750088,0.99,0.2041991349249912,1,1,persuadable,0.9438,1,1,122,1
HELIOS-005910,30.8,65.82,pro,5,48,3,0,0,0,10.0,234,0.9604771331110762,0.871235913077282,-0.0892412200337942,1,1,sleeping_dog,0.0523,0,1,938,1
HELIOS-005911,31.2,51.63,pro,3,287,4,3,0,0,6.0,107,0.5810844876368699,0.5237765068776699,-0.05730798075920007,0,0,sleeping_dog,0.9829,1,0,950,1
HELIOS-005912,31.2,37.99,pro,21,29,4,0,0,0,10.0,714,0.9815617885757398,0.9350410005573541,-0.04652078801838577,1,1,sure_thing,0.1875,0,1,950,1
HELIOS-005913,31.2,96.54,enterprise,7,0,5,1,1,0,,277,0.943593445618474,0.99,0.046406554381525966,1,1,sure_thing,0.0682,1,1,950,1
HELIOS-005914,17.8,62.08,pro,11,35,8,1,0,0,,178,0.9512174305163844,0.9671454673795138,0.01592803686312938,1,1,sure_thing,0.9037,1,1,542,1
HELIOS-005915,8.3,44.25,pro,7,27,4,0,0,0,,57,0.9499150990606422,0.9096184048078115,-0.04029669425283067,0,0,sure_thing,0.4318,1,0,253,1
HELIOS-005916,31.2,17.24,basic,21,4,14,1,0,0,,593,0.99,0.99,0.0,1,1,sure_thing,0.4492,1,1,950,1
HELIOS-005917,8.9,12.47,basic,0,31,3,0,2,0,6.0,65,0.6886036815740185,0.9018096690928293,0.2132059875188108,1,1,persuadable,0.9542,1,1,271,0
HELIOS-005918,31.2,13.43,basic,2,201,0,0,1,0,6.0,104,0.7198944396126236,0.47188698089539877,-0.2480074587172248,1,1,sleeping_dog,0.9628,1,1,950,1
HELIOS-005919,31.2,51.85,pro,8,7,5,1,0,0,7.0,303,0.9484562192689082,0.9656386687349733,0.017182449466065064,1,1,sure_thing,0.4622,1,1,950,1
HELIOS-005920,19.6,155.23,enterprise,7,10,4,0,0,0,,143,0.9655084946233974,0.9750198999106199,0.009511405287222496,1,1,sure_thing,0.1989,0,1,597,1
HELIOS-005921,22.0,20.13,basic,7,0,3,1,0,0,8.0,295,0.9283197012701466,0.9314506471154158,0.003130945845269184,1,1,sure_thing,0.7285,1,1,670,0
HELIOS-005922,31.2,22.67,basic,3,25,0,1,0,1,,159,0.906979020868187,0.8055691802014365,-0.10140984066675052,0,0,sleeping_dog,0.7771,1,0,950,1
HELIOS-005923,15.5,20.83,basic,3,11,3,1,0,0,8.0,114,0.8559288151852846,0.8598535378186807,0.003924722633396049,1,1,lost_cause,0.7155,1,1,472,1
HELIOS-005924,13.1,41.96,pro,6,41,4,0,1,0,7.0,86,0.855302760852332,0.8879694201445815,0.032666659292249434,1,1,lost_cause,0.3952,0,1,399,1
HELIOS-005925,8.0,12.99,basic,22,1,11,0,0,0,,104,0.9749416093707847,0.9731783149407325,-0.0017632944300521869,1,1,sure_thing,0.7174,1,1,244,1
HELIOS-005926,15.0,49.37,pro,20,50,9,0,0,0,10.0,188,0.9709168611843132,0.950268872055739,-0.02064798912857424,1,1,sure_thing,0.252,1,1,457,1
HELIOS-005927,31.2,39.79,pro,7,47,4,2,0,0,9.0,269,0.8897204072663665,0.9602370510996358,0.07051664383326928,1,1,persuadable,0.2831,0,1,950,1
HELIOS-005928,31.2,66.85,pro,5,19,3,2,0,0,,382,0.9196926111714773,0.99,0.07030738882852272,1,1,persuadable,0.3063,1,1,950,1
HELIOS-005929,31.2,18.96,basic,41,0,21,0,0,0,10.0,913,0.99,0.99,0.0,1,1,sure_thing,0.2298,0,1,950,1
HELIOS-005930,17.3,47.1,pro,4,232,0,1,0,0,,55,0.6488413360429113,0.3824983064523402,-0.2663430295905711,1,0,sleeping_dog,0.5403,0,1,527,1
HELIOS-005931,4.8,25.17,basic,33,4,19,1,0,0,,122,0.99,0.99,0.0,1,1,sure_thing,0.7935,1,1,146,0
HELIOS-005932,31.2,14.05,basic,1,10,5,2,1,0,4.0,89,0.7899496289668148,0.99,0.20005037103318524,1,1,persuadable,0.7492,1,1,950,1
HELIOS-005933,11.7,13.59,basic,22,0,14,1,1,0,,191,0.9436413543755096,0.99,0.046358645624490435,0,1,sure_thing,0.2743,0,0,356,1
HELIOS-005934,12.5,19.4,basic,21,46,13,0,0,1,7.0,238,0.9842105716642763,0.9692280234567151,-0.014982548207561175,1,1,sure_thing,0.6008,1,1,380,1
HELIOS-005935,31.2,22.59,basic,7,28,5,0,0,0,6.0,306,0.9406123605750335,0.908261125986474,-0.032351234588559485,1,1,sure_thing,0.1708,0,1,950,1
HELIOS-005936,14.3,21.18,basic,7,1,4,1,0,0,,101,0.9251337841896141,0.9315863719489,0.0064525877592859215,1,1,sure_thing,0.7052,0,1,435,1
HELIOS-005937,18.8,144.97,enterprise,4,3,3,0,0,0,7.0,116,0.9538332247821326,0.9631148179994004,0.009281593217267736,1,1,sure_thing,0.1017,0,1,572,1
HELIOS-005938,13.6,16.02,basic,7,6,3,0,0,0,,118,0.9459169238987613,0.916498334336361,-0.029418589562400288,1,1,sure_thing,0.2994,0,1,414,0
HELIOS-005939,24.8,19.21,basic,30,6,16,0,0,1,,615,0.99,0.99,0.0,1,1,sure_thing,0.6482,1,1,755,1
HELIOS-005940,26.7,13.56,basic,4,57,2,0,0,0,,204,0.9077969648069457,0.7700405958010608,-0.13775636900588495,1,1,sleeping_dog,0.6326,0,1,813,1
HELIOS-005941,19.9,54.45,pro,11,30,11,1,0,0,,193,0.9324150729430735,0.9510890532078347,0.018673980264761192,1,1,sure_thing,0.3728,0,1,606,1
HELIOS-005942,31.1,23.03,basic,11,54,2,1,1,0,7.0,411,0.8788020874399493,0.9562587528949382,0.07745666545498897,1,1,persuadable,0.5018,1,1,947,0
HELIOS-005943,31.2,73.13,pro,7,18,10,0,0,0,10.0,391,0.9809404550684506,0.9834764628021824,0.002536007733731749,1,1,sure_thing,0.3269,0,1,950,1
HELIOS-005944,7.8,19.38,basic,39,4,18,0,0,0,,279,0.99,0.99,0.0,1,1,sure_thing,0.3254,0,1,237,1
HELIOS-005945,14.6,21.88,basic,7,11,6,0,0,0,,124,0.9252166992589262,0.9124793864861562,-0.012737312772770015,1,1,sure_thing,0.9477,0,1,444,0
HELIOS-005946,9.5,101.69,enterprise,14,53,7,0,0,0,,132,0.9672480487512516,0.9327325703449503,-0.034515478406301314,1,1,sure_thing,0.5738,1,1,289,1
HELIOS-005947,20.6,14.49,basic,5,141,3,0,0,0,,124,0.8867560841208674,0.6161253426174241,-0.27063074150344324,1,0,sleeping_dog,0.7829,1,0,627,1
HELIOS-005948,27.0,50.2,pro,2,179,1,2,0,1,1.0,76,0.7336093370102734,0.5742038089110342,-0.15940552809923925,1,1,sleeping_dog,0.7977,1,1,822,1
HELIOS-005949,4.8,15.4,basic,5,18,2,1,0,0,,17,0.8615685513949228,0.8487700229645635,-0.012798528430359335,1,1,lost_cause,0.5902,1,1,146,1
HELIOS-005950,31.2,184.95,enterprise,3,1,1,1,0,0,5.0,160,0.9467614189062774,0.99,0.04323858109372258,1,1,sure_thing,0.3912,0,1,950,1
HELIOS-005951,31.2,14.33,basic,6,11,8,0,0,0,,185,0.962076416402494,0.9563229559431583,-0.005753460459335669,1,1,sure_thing,0.1765,0,1,950,1
HELIOS-005952,16.8,55.95,pro,2,66,1,0,1,0,4.0,43,0.8056557023464309,0.7959398203355068,-0.009715882010924104,0,0,lost_cause,0.1454,0,0,511,1
HELIOS-005953,17.4,48.84,pro,20,9,12,0,0,0,,414,0.9834872936359688,0.9829125291487713,-0.0005747644871975099,1,1,sure_thing,0.8409,1,1,530,1
HELIOS-005954,31.2,14.88,basic,1,96,3,0,1,0,,205,0.8695400419126604,0.7969668284187683,-0.07257321349389212,0,0,sleeping_dog,0.8534,1,0,950,1
HELIOS-005955,31.2,94.1,enterprise,6,75,5,1,0,1,4.0,262,0.9379378672845007,0.8657995757815851,-0.07213829150291562,1,1,sleeping_dog,0.3997,1,1,950,1
HELIOS-005956,14.0,20.35,basic,20,0,12,0,0,0,10.0,298,0.988360864602695,0.9876286448901398,-0.0007322197125552155,1,1,sure_thing,0.456,0,1,426,0
HELIOS-005957,31.2,41.73,pro,11,33,3,0,0,0,,317,0.9333137066250495,0.8683122231117874,-0.06500148351326218,1,1,sleeping_dog,0.0318,0,1,950,1
HELIOS-005958,31.2,58.54,pro,3,261,2,0,0,0,,130,0.7983293189540203,0.5078045196506247,-0.2905247993033956,1,1,sleeping_dog,0.5778,1,1,950,1
HELIOS-005959,12.9,96.92,pro,7,43,1,0,0,0,,87,0.8574155406269616,0.740849699347063,-0.11656584127989855,1,1,sleeping_dog,0.8417,1,1,393,1
HELIOS-005960,30.3,20.15,basic,17,44,12,0,0,0,,373,0.9858642273573931,0.9795585634332213,-0.006305663924171756,1,1,sure_thing,0.034,0,1,922,1
HELIOS-005961,9.1,53.47,pro,20,5,3,1,0,0,,167,0.969529737304824,0.9649041731859421,-0.00462556411888182,1,1,sure_thing,0.3011,0,1,277,1
HELIOS-005962,31.2,56.14,pro,11,21,6,0,0,0,,337,0.9759918600324938,0.9586511487431351,-0.017340711289358768,1,1,sure_thing,0.1938,1,1,950,1
HELIOS-005963,9.0,17.79,basic,18,21,7,1,0,0,,125,0.9328563180566652,0.9315705148248545,-0.0012858032318107115,0,0,sure_thing,0.1198,0,0,274,1
HELIOS-005964,26.9,20.83,basic,5,86,3,0,0,0,7.0,229,0.9360920721684004,0.7506715026564602,-0.1854205695119402,1,1,sleeping_dog,0.2189,0,1,819,1
HELIOS-005965,3.1,14.43,basic,7,24,5,0,1,1,,31,0.8388933039667961,0.8460586037705505,0.007165299803754466,0,0,lost_cause,0.3155,0,0,94,1
HELIOS-005966,14.9,16.8,basic,0,182,3,2,0,0,,39,0.6380421007818103,0.4694878422449661,-0.16855425853684425,1,0,sleeping_dog,0.7438,1,0,454,1
HELIOS-005967,31.2,36.56,pro,6,40,3,1,0,0,8.0,240,0.9470589630234003,0.9268816954655043,-0.02017726755789606,1,1,sure_thing,0.4391,1,1,950,1
HELIOS-005968,31.2,16.61,basic,14,37,5,1,1,0,6.0,372,0.9074588905953738,0.9831527386208958,0.07569384802552204,1,1,persuadable,0.8818,1,1,950,1
HELIOS-005969,31.2,57.71,pro,5,8,3,1,1,0,,211,0.8621891177608386,0.99,0.12781088223916137,1,1,persuadable,0.1749,0,1,950,1
HELIOS-005970,11.2,174.73,enterprise,10,54,4,1,0,0,9.0,135,0.943475623136031,0.99,0.04652437686396904,1,1,sure_thing,0.1669,0,1,341,1
HELIOS-005971,28.8,17.85,basic,15,26,4,0,1,1,10.0,437,0.949776165107225,0.9325038041729908,-0.01727236093423412,1,0,sure_thing,0.5689,1,0,877,1
HELIOS-005972,7.7,19.32,basic,3,63,2,0,0,0,,39,0.8849751221636402,0.7330956321379715,-0.1518794900256687,1,0,sleeping_dog,0.4382,0,1,234,1
HELIOS-005973,16.2,100.38,enterprise,3,292,3,0,0,1,,78,0.7535271215732235,0.4730280125729406,-0.28049910900028296,1,1,sleeping_dog,0.7588,1,1,493,1
HELIOS-005974,31.2,17.83,basic,26,17,11,0,1,0,,582,0.9782948781122031,0.9850310232719708,0.006736145159767726,1,1,sure_thing,0.6497,1,1,950,1
HELIOS-005975,31.2,14.5,basic,1,59,0,1,1,1,,87,0.6975478829695303,0.7354109700086611,0.03786308703913077,1,1,lost_cause,0.934,1,1,950,0
HELIOS-005976,31.2,18.74,basic,11,55,11,1,0,0,,399,0.959174611268726,0.9637033827310661,0.004528771462340098,1,1,sure_thing,0.5103,0,1,950,1
HELIOS-005977,28.5,24.0,basic,29,10,22,0,0,0,,721,0.99,0.99,0.0,1,1,sure_thing,0.1637,0,1,868,1
HELIOS-005978,31.2,34.87,pro,8,64,5,1,0,0,,310,0.9393570065934947,0.9083007640547748,-0.03105624253871997,1,1,sure_thing,0.4723,0,1,950,1
HELIOS-005979,14.4,67.08,pro,8,2,6,2,0,0,7.0,102,0.9090596669721275,0.99,0.08094033302787251,1,1,persuadable,0.6243,1,1,438,1
HELIOS-005980,11.9,18.25,basic,3,40,3,2,0,0,9.0,98,0.6609715219947417,0.7251165799343608,0.06414505793961911,1,1,persuadable,0.7815,1,1,362,1
HELIOS-005981,15.3,53.54,pro,1,4,3,3,0,0,,91,0.8434754069246125,0.99,0.14652459307538745,1,1,persuadable,0.8789,1,1,466,1
HELIOS-005982,30.4,68.86,pro,11,0,3,1,0,0,5.0,323,0.9451711865003949,0.9601810332226457,0.015009846722250808,1,1,sure_thing,0.7517,0,1,925,1
HELIOS-005983,10.0,63.81,pro,28,0,9,0,0,1,10.0,247,0.9893425484196663,0.9784812981317057,-0.010861250287960589,1,1,sure_thing,0.5057,1,1,304,1
HELIOS-005984,9.7,18.03,basic,2,16,2,0,0,0,,43,0.8928380522685595,0.8414824666496867,-0.05135558561887277,1,1,sleeping_dog,0.5797,1,1,295,1
HELIOS-005985,31.2,198.19,enterprise,7,24,6,0,0,0,8.0,276,0.9819967847141765,0.99,0.008003215285823484,1,1,sure_thing,0.4551,1,1,950,1
HELIOS-005986,11.4,21.16,basic,10,13,8,0,2,0,8.0,137,0.8263040215639499,0.99,0.1636959784360501,1,1,persuadable,0.7478,0,1,347,1
HELIOS-005987,15.2,142.86,enterprise,7,122,1,1,0,0,,73,0.8610795867204123,0.7241577133380585,-0.13692187338235384,1,1,sleeping_dog,0.8898,1,1,463,1
HELIOS-005988,12.7,41.36,pro,5,33,3,2,0,1,5.0,90,0.8387981655357155,0.8994066345066971,0.0606084689709816,1,1,persuadable,0.7602,1,1,387,1
HELIOS-005989,26.1,19.84,basic,4,80,6,1,0,0,6.0,178,0.8942127154733158,0.8540573094022058,-0.04015540607111001,1,1,lost_cause,0.5337,0,1,794,1
HELIOS-005990,31.2,61.23,pro,18,19,9,0,0,0,8.0,477,0.9876067176970854,0.9819272540564827,-0.005679463640602678,1,1,sure_thing,0.7005,0,1,950,0
HELIOS-005991,25.3,13.76,basic,20,1,7,0,0,0,,371,0.9848290395832158,0.9771206193955296,-0.007708420187686138,1,1,sure_thing,0.0863,0,1,770,1
HELIOS-005992,5.0,38.74,pro,10,64,1,0,1,0,6.0,31,0.8328895550080718,0.7794815226988718,-0.05340803230919999,1,1,sleeping_dog,0.8248,1,1,152,0
HELIOS-005993,11.6,37.55,pro,7,9,10,0,0,1,,130,0.9596481704819246,0.9520589785434962,-0.007589191938428441,1,1,sure_thing,0.1837,0,1,353,1
HELIOS-005994,3.3,23.08,basic,13,21,6,1,0,0,8.0,55,0.8998028814165636,0.8999880987284405,0.00018521731187692847,1,1,lost_cause,0.5517,0,1,100,1
HELIOS-005995,7.0,20.32,basic,6,13,4,0,1,0,,88,0.8650604392540298,0.8949039064383667,0.029843467184336947,0,0,lost_cause,0.8149,1,0,213,1
HELIOS-005996,6.6,113.62,enterprise,7,111,5,4,0,0,,44,0.5844581468533236,0.8537194434240909,0.26926129657076725,1,1,persuadable,0.9738,1,1,201,1
HELIOS-005997,19.4,17.26,basic,20,9,13,0,0,0,9.0,436,0.9847900030340858,0.9840151701142351,-0.0007748329198506987,1,1,sure_thing,0.1075,0,1,591,1
HELIOS-005998,3.6,44.81,pro,3,30,5,0,0,1,7.0,13,0.9095892202860671,0.8320958832107771,-0.07749333707529005,1,1,sleeping_dog,0.7515,1,1,110,1
HELIOS-005999,17.4,55.59,pro,9,36,4,0,0,1,,215,0.9542274593326671,0.8411422071092066,-0.11308525222346044,1,1,sleeping_dog,0.072,0,1,530,1
HELIOS-006000,7.9,68.29,pro,13,55,9,0,0,1,,77,0.9598772669389988,0.902667755986526,-0.05720951095247273,1,1,sleeping_dog,0.1343,1,1,240,1
HELIOS-006001,31.2,47.96,pro,15,29,3,0,0,0,8.0,348,0.973211356292517,0.9142944720291666,-0.0589168842633504,1,1,sleeping_dog,0.4274,0,1,950,1
HELIOS-006002,4.9,13.12,basic,1,9,2,1,0,1,7.0,21,0.8298652660912872,0.7974130909562936,-0.032452175134993544,0,0,lost_cause,0.6955,0,0,149,1
HELIOS-006003,12.3,18.66,basic,4,1,5,1,0,1,,106,0.8849824942651051,0.8855887896402532,0.0006062953751481137,1,1,lost_cause,0.2288,0,1,374,0
HELIOS-006004,31.2,19.48,basic,4,22,0,0,1,0,6.0,143,0.8614968642682517,0.866426776167335,0.004929911899083317,1,1,lost_cause,0.5555,1,1,950,1
HELIOS-006005,12.6,21.05,basic,3,9,3,0,0,1,,104,0.892410312114961,0.8169936822141646,-0.07541662990079645,1,1,sleeping_dog,0.8912,1,1,384,1
HELIOS-006006,26.8,48.55,pro,0,4,2,0,0,0,5.0,178,0.9278465071581916,0.8973692226440334,-0.03047728451415821,1,1,sure_thing,0.9598,1,1,816,1
HELIOS-006007,9.0,15.86,basic,11,50,10,0,0,0,,98,0.9470978476439051,0.9323238891248534,-0.014773958519051722,1,1,sure_thing,0.2023,1,1,274,1
HELIOS-006008,4.3,13.04,basic,6,49,3,1,0,1,,28,0.8320835320477126,0.7325717718307074,-0.09951176021700514,1,0,sleeping_dog,0.8892,1,0,131,1
HELIOS-006009,17.2,12.77,basic,19,18,8,1,0,0,,263,0.9671691759933714,0.9673849491735146,0.00021577318014320834,0,0,sure_thing,0.1094,1,0,524,1
HELIOS-006010,28.8,22.27,basic,4,55,1,2,0,0,,192,0.8235169026722315,0.8517412705389029,0.028224367866671374,1,1,lost_cause,0.4449,0,1,877,1
HELIOS-006011,12.1,16.66,basic,16,1,9,0,0,1,,239,0.9615251835036152,0.9504034588544231,-0.011121724649192033,1,1,sure_thing,0.5091,0,1,368,1
HELIOS-006012,5.1,14.71,basic,9,40,7,0,0,0,,59,0.9196588518765952,0.8927887194410348,-0.026870132435560468,1,1,lost_cause,0.8814,1,1,155,1
HELIOS-006013,21.5,17.57,basic,18,48,11,0,0,1,,313,0.9744024243563187,0.9455392177530508,-0.02886320660326791,1,1,sure_thing,0.5558,0,1,654,1
HELIOS-006014,31.2,50.39,pro,7,20,0,0,0,0,,222,0.9617672506402147,0.8693146008947986,-0.09245264974541612,1,1,sleeping_dog,0.3745,0,1,950,1
HELIOS-006015,8.1,36.8,pro,19,2,6,0,0,0,,135,0.9736116045623158,0.9631675011562126,-0.010444103406103133,1,1,sure_thing,0.5577,0,1,247,1
HELIOS-006016,15.2,158.79,enterprise,0,3,4,0,0,0,,64,0.9313595765048934,0.9728200935204172,0.04146051701552378,1,1,sure_thing,0.2303,1,1,463,1
HELIOS-006017,12.1,128.6,enterprise,5,29,3,0,1,0,,108,0.9200757737165504,0.99,0.06992422628344963,1,1,persuadable,0.4425,1,1,368,1
HELIOS-006018,11.2,42.31,pro,2,17,3,0,1,0,,65,0.86236775280993,0.9205339347691432,0.05816618195921319,1,1,persuadable,0.6675,1,1,341,1
HELIOS-006019,31.2,22.82,basic,3,63,2,1,0,1,4.0,132,0.9147473282885364,0.765831603241376,-0.14891572504716044,1,0,sleeping_dog,0.7202,1,0,950,1
HELIOS-006020,3.7,24.6,basic,3,134,1,1,0,0,4.0,18,0.6820397660637028,0.4430252579011761,-0.23901450816252667,1,1,sleeping_dog,0.7863,0,1,113,1
HELIOS-006021,31.2,30.69,basic,29,5,11,0,0,0,,725,0.99,0.9891466947836387,-0.0008533052163612886,1,1,sure_thing,0.1512,0,1,950,1
HELIOS-006022,26.9,48.86,pro,24,10,11,2,0,0,8.0,349,0.9676962471832778,0.99,0.022303752816722144,1,1,sure_thing,0.1918,0,1,819,0
HELIOS-006023,31.2,14.87,basic,27,12,10,1,0,0,,664,0.9881321213164185,0.9887343920869651,0.0006022707705466424,1,1,sure_thing,0.5498,1,1,950,1
HELIOS-006024,7.6,14.2,basic,8,28,2,0,0,1,,98,0.9253836052602064,0.7836375652387783,-0.1417460400214281,1,1,sleeping_dog,0.2517,0,1,231,1
HELIOS-006025,10.7,19.79,basic,9,7,3,1,0,0,,101,0.9212318866704688,0.9187455650820099,-0.002486321588458962,1,1,sure_thing,0.6057,0,1,326,1
HELIOS-006026,28.7,54.74,pro,1,18,0,1,0,1,8.0,129,0.8847269466417991,0.8225898001604819,-0.062137146481317185,1,1,sleeping_dog,0.7658,1,1,874,1
HELIOS-006027,15.9,18.55,basic,26,1,11,0,1,0,,287,0.9622698482043281,0.9696471386429175,0.007377290438589368,1,1,sure_thing,0.0551,0,1,484,1
HELIOS-006028,31.2,18.5,basic,21,3,5,1,1,0,10.0,564,0.9342627014413313,0.986280512514678,0.05201781107334669,0,1,persuadable,0.6612,1,1,950,1
HELIOS-006029,18.3,15.73,basic,10,4,9,1,1,0,5.0,246,0.92684113611509,0.99,0.06315886388490999,1,1,persuadable,0.2552,0,1,557,1
HELIOS-006030,8.5,125.08,enterprise,23,11,10,1,0,0,10.0,153,0.980008688884261,0.99,0.009991311115739032,1,1,sure_thing,0.3574,1,1,259,1
HELIOS-006031,21.9,79.17,pro,5,143,2,0,0,0,,134,0.9171565116207903,0.6468152665817399,-0.2703412450390503,0,0,sleeping_dog,0.9352,1,0,667,1
HELIOS-006032,17.1,45.85,pro,13,3,13,0,0,0,9.0,295,0.9817508651512193,0.9834384970067174,0.0016876318554980285,1,1,sure_thing,0.1712,0,1,521,1
HELIOS-006033,4.9,17.02,basic,58,0,12,0,0,1,10.0,175,0.99,0.99,0.0,1,1,sure_thing,0.2857,0,1,149,0
HELIOS-006034,3.0,23.02,basic,55,1,19,0,0,0,,103,0.99,0.99,0.0,1,1,sure_thing,0.4837,1,1,91,1
HELIOS-006035,28.0,17.78,basic,2,2,1,2,0,0,6.0,105,0.9051624728651785,0.9836289187657551,0.07846644590057661,1,1,persuadable,0.6091,1,1,852,1
HELIOS-006036,19.5,14.45,basic,4,3,4,1,1,0,6.0,118,0.7961791954932896,0.9298401110005923,0.13366091550730264,1,1,persuadable,0.8835,1,1,594,1
HELIOS-006037,31.2,15.74,basic,3,48,3,0,0,0,3.0,143,0.9565552466319067,0.8625572678304008,-0.09399797880150595,1,1,sleeping_dog,0.5198,1,1,950,0
HELIOS-006038,5.1,22.3,basic,16,29,5,1,0,0,,69,0.8747207619464066,0.8649907256311243,-0.009730036315282242,1,1,lost_cause,0.8215,1,1,155,1
HELIOS-006039,28.7,58.64,pro,4,231,2,0,1,0,5.0,111,0.7772211882742736,0.5619437148661781,-0.21527747340809544,1,1,sleeping_dog,0.9105,1,1,874,1
HELIOS-006040,13.6,22.29,basic,2,50,3,1,0,0,,69,0.8364094886401803,0.8037603060292238,-0.032649182610956506,1,1,lost_cause,0.5509,0,1,414,1
HELIOS-006041,1.9,61.43,pro,9,12,2,1,0,0,,12,0.8832316356575823,0.8867033002336255,0.0034716645760431986,1,1,lost_cause,0.9125,1,1,58,1
HELIOS-006042,16.2,17.11,basic,0,8,4,1,0,0,6.0,86,0.8783829937137402,0.8921214148728056,0.013738421159065428,1,1,lost_cause,0.4914,1,1,493,1
HELIOS-006043,31.2,15.91,basic,5,32,2,2,0,0,9.0,193,0.8497845835699224,0.9007670940376878,0.050982510467765474,1,1,persuadable,0.5208,0,1,950,1
HELIOS-006044,2.1,19.81,basic,3,46,3,1,1,0,5.0,14,0.703105689692915,0.8365322752304517,0.13342658553753672,1,1,persuadable,0.9403,1,1,64,1
HELIOS-006045,10.0,24.16,basic,2,260,3,0,0,1,5.0,44,0.686581993362979,0.39198128358894735,-0.29460070977403163,1,1,sleeping_dog,0.9068,1,1,304,1
HELIOS-006046,17.6,21.2,basic,5,17,0,1,0,0,,137,0.8856683769906553,0.8548503318722476,-0.03081804511840769,1,1,lost_cause,0.7537,1,1,536,1
HELIOS-006047,31.2,15.26,basic,4,10,1,1,0,0,,220,0.9040689337370243,0.8914061397103854,-0.012662794026638946,1,1,lost_cause,0.4543,1,1,950,1
HELIOS-006048,31.2,81.41,pro,4,3,3,1,1,0,5.0,234,0.9365973479844318,0.99,0.05340265201556815,1,1,persuadable,0.7785,1,1,950,1
HELIOS-006049,16.9,58.87,pro,34,9,10,0,1,0,10.0,382,0.99,0.99,0.0,1,1,sure_thing,0.3488,1,1,514,1
HELIOS-006050,11.2,138.44,enterprise,8,96,3,1,0,0,9.0,99,0.9132080129722335,0.8568140554693225,-0.056393957502910985,1,1,sleeping_dog,0.5349,0,1,341,1
HELIOS-006051,6.6,55.72,pro,1,239,0,1,0,0,2.0,23,0.5935437923132759,0.34096478468209424,-0.2525790076311817,1,0,sleeping_dog,0.9235,1,0,201,1
HELIOS-006052,8.7,20.75,basic,0,50,3,2,0,0,,47,0.7635452561163164,0.8393049358602491,0.07575967974393272,0,0,persuadable,0.4349,0,0,265,1
HELIOS-006053,7.4,29.18,basic,14,27,4,0,1,0,9.0,89,0.8989331385968342,0.9092894047714989,0.010356266174664674,0,0,lost_cause,0.6965,1,0,225,1
HELIOS-006054,8.5,20.38,basic,6,101,0,0,0,0,,40,0.8578945143996123,0.5984577710916626,-0.25943674330794964,1,1,sleeping_dog,0.3414,0,1,259,1
HELIOS-006055,31.2,45.27,pro,11,6,9,0,1,1,,398,0.9655457567901908,0.99,0.024454243209809157,1,1,sure_thing,0.5203,1,1,950,1
HELIOS-006056,14.7,41.5,pro,11,19,5,1,1,1,,122,0.9046993117685866,0.99,0.08530068823141335,1,1,persuadable,0.6069,1,1,447,0
HELIOS-006057,26.6,17.66,basic,2,2,10,1,0,0,7.0,272,0.9286583057099854,0.94966601733709,0.021007711627104575,1,1,sure_thing,0.7775,1,1,810,1
HELIOS-006058,14.3,51.65,pro,4,85,0,1,1,0,3.0,63,0.6533461669513211,0.7345098290310665,0.08116366207974546,1,1,persuadable,0.96,1,1,435,1
HELIOS-006059,31.2,189.01,enterprise,5,20,1,0,0,1,,200,0.9780682738159763,0.9026259286855912,-0.07544234513038506,1,1,sleeping_dog,0.2575,0,1,950,1
HELIOS-006060,5.9,25.45,basic,12,21,6,1,0,0,8.0,64,0.9062124761861847,0.9077794335070641,0.001566957320879414,1,1,lost_cause,0.2702,0,1,180,1
HELIOS-006061,20.1,40.43,pro,5,5,1,0,0,1,5.0,106,0.9147922335464672,0.8089568574533977,-0.10583537609306948,1,1,sleeping_dog,0.2243,0,1,612,1
HELIOS-006062,12.2,11.71,basic,12,36,4,0,1,0,,173,0.9025074628085688,0.9043812513278768,0.0018737885193080839,1,1,lost_cause,0.7877,1,1,371,1
HELIOS-006063,24.2,22.64,basic,7,0,2,1,1,1,,193,0.8906697040103454,0.99,0.0993302959896546,1,1,persuadable,0.8249,0,1,737,0
HELIOS-006064,23.7,20.69,basic,21,14,12,2,0,0,,410,0.9491687005892128,0.974339710952056,0.025171010362843194,1,1,sure_thing,0.388,0,1,721,1
HELIOS-006065,18.0,210.13,enterprise,13,15,15,0,0,0,7.0,289,0.99,0.99,0.0,1,1,sure_thing,0.1788,0,1,548,1
HELIOS-006066,6.3,14.7,basic,2,365,1,1,1,0,,26,0.23927743268184445,0.0889760471771324,-0.15030138550471206,0,0,sleeping_dog,0.9985,1,0,192,1
HELIOS-006067,31.2,23.62,basic,6,7,6,0,0,1,,188,0.9725784054308355,0.9407094775361939,-0.031868927894641574,1,1,sure_thing,0.0335,0,1,950,1
HELIOS-006068,18.3,61.85,pro,45,0,17,0,0,0,,553,0.99,0.99,0.0,1,1,sure_thing,0.0394,0,1,557,1
HELIOS-006069,27.4,65.78,pro,12,2,5,1,1,1,,269,0.9535650405921747,0.99,0.03643495940782526,1,1,sure_thing,0.4817,1,1,834,1
HELIOS-006070,17.4,12.98,basic,7,67,3,0,1,1,,134,0.8470348313374706,0.752570105864539,-0.09446472547293161,1,0,sleeping_dog,0.1475,0,1,530,1
HELIOS-006071,26.5,50.27,pro,13,6,5,2,0,0,7.0,301,0.9610678339843853,0.99,0.028932166015614658,1,1,sure_thing,0.2694,0,1,807,1
HELIOS-006072,31.2,19.19,basic,6,3,8,1,0,0,,259,0.9510999988649874,0.9650304337852333,0.013930434920245927,1,1,sure_thing,0.2014,1,1,950,1
HELIOS-006073,16.9,21.65,basic,1,222,1,0,0,1,,75,0.7385954026121135,0.4443592581327892,-0.29423614447932434,0,0,sleeping_dog,0.8635,1,0,514,1
HELIOS-006074,26.3,68.78,pro,6,36,5,1,0,1,,192,0.9393933704532945,0.9261481695750765,-0.01324520087821801,1,1,sure_thing,0.4143,0,1,801,1
HELIOS-006075,11.3,36.12,pro,1,189,2,2,1,0,5.0,27,0.5357782315238583,0.5609431987676705,0.02516496724381223,0,0,lost_cause,0.9888,1,0,344,1
HELIOS-006076,16.4,19.53,basic,14,2,9,0,0,0,,247,0.9774379270772325,0.9743178152547828,-0.003120111822449756,1,1,sure_thing,0.6082,0,1,499,1
HELIOS-006077,15.3,40.18,pro,16,14,6,1,0,0,7.0,180,0.9653683673284457,0.9684450161054456,0.0030766487769999795,1,1,sure_thing,0.0134,0,1,466,1
HELIOS-006078,11.9,116.47,enterprise,1,6,0,4,0,1,4.0,31,0.744901083281249,0.99,0.24509891671875095,1,1,persuadable,0.9363,1,1,362,1
HELIOS-006079,25.7,16.3,basic,7,64,2,0,1,0,,184,0.8909514204529801,0.8503866351433602,-0.04056478530961993,1,1,lost_cause,0.9082,1,1,782,1
HELIOS-006080,10.7,60.41,pro,16,3,9,0,0,0,10.0,179,0.9714141533602184,0.9696197609866847,-0.0017943923735337375,1,1,sure_thing,0.4126,0,1,326,1
HELIOS-006081,31.1,16.92,basic,32,11,14,0,0,0,,801,0.99,0.99,0.0,1,1,sure_thing,0.3683,1,1,947,0
HELIOS-006082,9.3,44.06,pro,14,33,8,0,0,1,,180,0.9626210676832054,0.9215341260243941,-0.04108694165881133,1,1,sure_thing,0.104,1,1,283,1
HELIOS-006083,14.8,20.41,basic,20,20,9,0,0,0,,289,0.9806889085797686,0.9730189014411723,-0.007670007138596335,1,1,sure_thing,0.3628,1,1,451,1
HELIOS-006084,16.0,72.23,pro,4,143,3,0,0,0,6.0,61,0.8664619023002611,0.6016978604375021,-0.26476404186275904,1,0,sleeping_dog,0.9538,1,0,487,1
HELIOS-006085,30.0,14.68,basic,3,114,1,1,1,1,8.0,107,0.7141652539639342,0.6339602463815401,-0.08020500758239402,1,1,sleeping_dog,0.9558,1,1,913,1
HELIOS-006086,31.2,20.29,basic,13,1,11,0,0,0,,526,0.9863820500678823,0.9857670044836464,-0.0006150455842358626,1,1,sure_thing,0.0748,1,1,950,1
HELIOS-006087,18.5,22.53,basic,7,139,1,0,0,1,6.0,114,0.8675934134004374,0.5768493739279905,-0.29074403947244687,1,0,sleeping_dog,0.6003,1,0,563,1
HELIOS-006088,18.8,19.99,basic,7,78,1,1,1,1,,110,0.7113654585249694,0.6964791311490512,-0.014886327375918107,1,1,lost_cause,0.9583,1,1,572,1
HELIOS-006089,20.9,19.0,basic,2,240,0,1,1,0,,60,0.41969091250299717,0.2785874337004461,-0.14110347880255109,1,1,sleeping_dog,0.9865,1,1,636,1
HELIOS-006090,21.0,16.85,basic,4,57,4,1,0,0,,108,0.864185471445816,0.8295966126046482,-0.0345888588411678,1,1,lost_cause,0.7755,1,1,639,1
HELIOS-006091,26.7,39.02,pro,13,9,3,0,1,0,9.0,347,0.956892925045813,0.9778751316684994,0.02098220662268635,1,1,sure_thing,0.0032,0,1,813,1
HELIOS-006092,23.2,16.89,basic,9,36,5,0,0,0,8.0,206,0.9582472793574597,0.9158958831380772,-0.04235139621938244,1,1,sure_thing,0.8649,1,1,706,1
HELIOS-006093,8.6,114.62,enterprise,8,11,3,0,0,0,6.0,55,0.9469803076562298,0.9264827171092752,-0.020497590546954547,1,1,sure_thing,0.3357,1,1,262,1
HELIOS-006094,23.9,116.5,enterprise,10,3,1,0,0,0,8.0,253,0.9728963451607717,0.9372387585556926,-0.03565758660507912,1,1,sure_thing,0.8082,1,1,728,1
HELIOS-006095,31.2,19.29,basic,18,12,1,2,0,0,,370,0.9319441025239236,0.947420720437175,0.01547661791325139,1,1,sure_thing,0.7715,0,1,950,1
HELIOS-006096,18.0,56.88,pro,20,32,8,1,0,0,,296,0.9641926967103727,0.9672983166921338,0.0031056199817611763,1,1,sure_thing,0.6214,1,1,548,1
HELIOS-006097,2.9,205.11,enterprise,4,100,1,1,0,0,,12,0.8930774292670791,0.8975472059804445,0.004469776713365348,0,0,lost_cause,0.0623,1,0,88,1
HELIOS-006098,24.9,20.64,basic,6,19,3,2,0,1,,242,0.883428159320572,0.9287873761649797,0.0453592168444078,1,1,lost_cause,0.1675,0,1,758,1
HELIOS-006099,29.1,14.72,basic,22,14,6,0,0,0,,422,0.9862981086302647,0.969515755217663,-0.016782353412601703,1,1,sure_thing,0.4594,0,1,886,1
HELIOS-006100,20.0,18.51,basic,9,28,2,0,0,1,,246,0.9379545548633631,0.796206341645072,-0.14174821321829112,1,1,sleeping_dog,0.2989,0,1,609,0
HELIOS-006101,19.0,16.75,basic,12,8,12,1,0,1,8.0,208,0.953412491988732,0.9606316060516882,0.007219114062956167,1,1,sure_thing,0.5766,1,1,578,1
HELIOS-006102,14.8,15.24,basic,1,21,2,1,0,0,,73,0.8523467231258272,0.8429420764143148,-0.00940464671151231,1,1,lost_cause,0.2975,1,1,451,1
HELIOS-006103,13.2,14.99,basic,38,16,14,0,1,0,10.0,343,0.988648613864988,0.99,0.001351386135011956,1,1,sure_thing,0.2257,1,1,402,1
HELIOS-006104,29.5,14.09,basic,10,42,8,1,0,0,,400,0.9567339396698848,0.9569376138772617,0.00020367420737688047,1,1,sure_thing,0.4822,1,1,898,1
HELIOS-006105,9.0,26.2,basic,15,11,3,0,0,1,,106,0.936363936663169,0.8543481960060831,-0.08201574065708583,1,0,sleeping_dog,0.0046,1,0,274,1
HELIOS-006106,13.1,23.6,basic,8,96,2,0,0,1,7.0,95,0.850515141676485,0.5842521149553109,-0.2662630267211741,1,1,sleeping_dog,0.2666,0,1,399,1
HELIOS-006107,11.6,40.45,pro,4,115,2,0,0,0,,63,0.9258572401967383,0.6742384431808068,-0.2516187970159315,1,1,sleeping_dog,0.5714,1,1,353,1
HELIOS-006108,21.0,39.57,pro,2,8,5,0,1,0,,148,0.882964308772452,0.9469338896675888,0.06396958089513682,1,1,persuadable,0.4123,0,1,639,1
HELIOS-006109,12.3,17.38,basic,6,2,3,0,0,0,,94,0.9381743179598291,0.9127226822334789,-0.02545163572635023,1,1,sure_thing,0.5435,1,1,374,1
HELIOS-006110,5.4,22.71,basic,4,117,1,0,0,0,,30,0.7828262692517057,0.5176015367485156,-0.2652247325031901,1,0,sleeping_dog,0.9511,1,0,164,0
HELIOS-006111,26.5,53.37,pro,29,6,20,0,0,0,,670,0.99,0.99,0.0,1,1,sure_thing,0.1145,0,1,807,1
HELIOS-006112,16.1,20.82,basic,2,33,1,0,0,0,,85,0.9308415573757057,0.8294531411650741,-0.10138841621063166,1,1,sleeping_dog,0.8002,1,1,490,1
HELIOS-006113,5.9,17.4,basic,4,2,1,1,1,0,,27,0.7603709920213516,0.8937050523017025,0.13333406028035089,1,1,persuadable,0.7065,1,1,180,1
HELIOS-006114,20.6,42.16,pro,3,1,4,1,0,1,9.0,135,0.9419030046091817,0.9485122442535708,0.006609239644389087,1,1,sure_thing,0.802,0,1,627,1
HELIOS-006115,29.4,128.78,enterprise,11,0,8,0,0,0,8.0,500,0.9885127881084272,0.99,0.0014872118915727484,1,1,sure_thing,0.3755,1,1,895,1
HELIOS-006116,31.2,20.53,basic,5,8,1,0,0,0,4.0,158,0.9488654363597138,0.8946361849532329,-0.05422925140648083,1,1,sleeping_dog,0.7291,1,1,950,1
HELIOS-006117,11.3,51.81,pro,12,17,10,0,1,1,9.0,135,0.9461752300535881,0.9845258619222417,0.03835063186865362,1,1,sure_thing,0.0014,0,1,344,1
HELIOS-006118,14.5,103.82,enterprise,9,1,3,2,0,0,7.0,69,0.9374356951112138,0.99,0.05256430488878616,1,1,persuadable,0.3568,1,1,441,1
HELIOS-006119,27.4,197.02,enterprise,19,4,6,0,0,0,,400,0.99,0.99,0.0,1,1,sure_thing,0.7486,0,1,834,1
HELIOS-006120,19.7,18.87,basic,0,188,1,1,0,0,,73,0.78475055565245,0.5186575157874798,-0.26609303986497024,1,0,sleeping_dog,0.9077,1,0,600,1
HELIOS-006121,31.2,37.58,pro,10,14,4,0,0,1,,300,0.9748303005869612,0.9064992130507907,-0.06833108753617045,1,1,sleeping_dog,0.0083,0,1,950,1
HELIOS-006122,23.7,19.67,basic,12,15,3,0,0,1,,230,0.9686349393184058,0.8786363595935128,-0.089998579724893,1,1,sleeping_dog,0.3872,0,1,721,1
HELIOS-006123,31.2,18.82,basic,16,9,10,0,0,0,10.0,527,0.9816638951094141,0.97861200980681,-0.0030518853026041404,1,1,sure_thing,0.3712,0,1,950,1
HELIOS-006124,8.6,15.33,basic,2,335,0,0,2,0,5.0,43,0.21438258392851112,0.12821887640806595,-0.08616370752044517,0,0,sleeping_dog,1.0,1,0,262,1
HELIOS-006125,12.5,20.38,basic,14,8,5,1,0,0,,128,0.9295037646585081,0.9295515620591376,4.7797400629434605e-05,1,1,sure_thing,0.3211,0,1,380,1
HELIOS-006126,12.3,112.96,enterprise,1,127,1,1,0,0,2.0,27,0.7681240060903107,0.6194605936656439,-0.14866341242466685,1,1,sleeping_dog,0.4478,1,1,374,1
HELIOS-006127,23.1,17.81,basic,28,9,10,0,0,1,8.0,469,0.99,0.9813742797472371,-0.00862572025276287,1,1,sure_thing,0.0677,0,1,703,1
HELIOS-006128,31.2,21.86,basic,8,126,6,0,1,1,,319,0.9193720548809705,0.7529161374794711,-0.16645591740149945,1,1,sleeping_dog,0.0169,0,1,950,1
HELIOS-006129,31.2,54.4,pro,4,90,2,2,0,0,,197,0.8977147490333662,0.9182208304781896,0.020506081444823354,1,1,lost_cause,0.7802,1,1,950,1
HELIOS-006130,8.0,22.09,basic,6,8,5,1,0,0,,53,0.8917050061688255,0.9004951124137243,0.008790106244898732,1,1,lost_cause,0.6745,1,1,244,1
HELIOS-006131,4.2,50.37,pro,10,70,6,1,0,0,,29,0.9020376252569934,0.877920312288267,-0.024117312968726434,1,1,lost_cause,0.8535,1,1,128,1
HELIOS-006132,9.9,22.12,basic,5,5,2,1,0,0,,85,0.8735679413304386,0.8727711069429548,-0.0007968343874837913,1,1,lost_cause,0.5615,0,1,301,1
HELIOS-006133,31.2,54.13,pro,4,127,2,0,0,1,,121,0.9335119982768875,0.6529663321886974,-0.2805456660881901,1,1,sleeping_dog,0.4429,0,1,950,1
HELIOS-006134,22.9,11.57,basic,16,6,8,1,1,1,9.0,302,0.9340168119380173,0.99,0.05598318806198266,1,1,persuadable,0.5065,0,1,697,1
HELIOS-006135,13.4,19.7,basic,8,41,6,0,0,0,,105,0.9259967958247302,0.8892232222606061,-0.03677357356412403,1,1,sure_thing,0.6954,1,1,408,1
HELIOS-006136,8.8,44.79,pro,8,28,1,1,0,0,,81,0.794795158083162,0.7655636279370548,-0.029231530146107243,0,0,lost_cause,0.9183,1,0,268,1
HELIOS-006137,7.3,44.02,pro,10,9,4,0,0,0,5.0,53,0.9291185389212234,0.9062394693069591,-0.022879069614264336,1,1,sure_thing,0.4805,1,1,222,1
HELIOS-006138,20.8,16.27,basic,3,194,2,0,0,1,,104,0.7893843562697508,0.49483797475864755,-0.29454638151110324,1,0,sleeping_dog,0.5105,1,0,633,0
HELIOS-006139,6.1,22.76,basic,0,114,0,2,0,0,3.0,15,0.6609237460225807,0.5606482833850237,-0.10027546263755704,0,0,sleeping_dog,0.9912,1,0,186,1
HELIOS-006140,8.5,18.69,basic,12,34,8,1,0,1,,105,0.9136742745108254,0.9018500365313808,-0.01182423797944454,1,1,lost_cause,0.5883,0,1,259,1
HELIOS-006141,14.2,22.93,basic,22,9,8,0,0,0,,261,0.9861553787526439,0.9788204096515981,-0.007334969101045807,1,1,sure_thing,0.3918,1,1,432,1
HELIOS-006142,31.2,50.65,pro,6,24,2,1,0,0,7.0,125,0.9056706516786055,0.8995123769993306,-0.006158274679274878,1,1,lost_cause,0.5931,0,1,950,1
HELIOS-006143,23.2,18.31,basic,24,18,3,0,1,1,,338,0.979658044693325,0.9512250092465714,-0.028433035446753574,1,1,sure_thing,0.5895,0,1,706,1
HELIOS-006144,17.2,21.56,basic,1,62,0,0,0,0,,80,0.8496616344887915,0.6566973162474581,-0.19296431824133342,1,0,sleeping_dog,0.5646,1,0,524,1
HELIOS-006145,31.2,71.66,pro,3,78,2,0,0,1,,127,0.9213376836478772,0.684142871682879,-0.23719481196499814,0,0,sleeping_dog,0.61,1,0,950,1
HELIOS-006146,31.2,19.29,basic,17,5,6,1,0,0,8.0,434,0.9673613308177401,0.9682969694915398,0.0009356386737996436,1,1,sure_thing,0.1531,0,1,950,1
HELIOS-006147,23.2,51.58,pro,0,365,0,2,0,1,,84,0.4895128583750926,0.33687433882339984,-0.15263851955169278,0,0,sleeping_dog,0.8675,1,0,706,1
HELIOS-006148,15.5,60.33,pro,8,3,8,1,0,0,6.0,132,0.9421609893677214,0.9692173379185276,0.027056348550806186,1,1,sure_thing,0.4049,1,1,472,0
HELIOS-006149,10.3,18.41,basic,4,98,2,2,0,0,5.0,57,0.7176618721587208,0.6734574532427422,-0.044204418915978594,1,1,lost_cause,0.6218,1,1,314,1
HELIOS-006150,24.6,21.77,basic,12,0,6,0,0,1,,350,0.9821219902940813,0.9553802072451104,-0.026741783048970902,1,1,sure_thing,0.5934,1,1,749,1
HELIOS-006151,10.1,19.4,basic,5,28,6,1,0,1,,98,0.8671739210909151,0.8529850126677789,-0.014188908423136137,1,1,lost_cause,0.5789,0,1,307,1
HELIOS-006152,17.6,13.35,basic,4,22,1,0,0,1,,144,0.9255420675050736,0.7764858742352154,-0.1490561932698582,1,1,sleeping_dog,0.2005,0,1,536,1
HELIOS-006153,14.1,74.3,pro,47,0,23,0,0,0,,449,0.99,0.99,0.0,1,1,sure_thing,0.4812,0,1,429,1
HELIOS-006154,15.9,12.81,basic,15,37,10,0,0,0,10.0,193,0.9714218864178088,0.9616533443575193,-0.009768542060289542,1,1,sure_thing,0.5182,1,1,484,1
HELIOS-006155,8.8,17.53,basic,9,19,4,0,0,1,6.0,102,0.9250811603665594,0.8464363048370288,-0.0786448555295306,1,0,sleeping_dog,0.4731,1,0,268,1
HELIOS-006156,15.1,43.7,pro,1,19,2,1,1,0,6.0,74,0.8171716368222084,0.99,0.1728283631777916,1,1,persuadable,0.6569,1,1,460,1
HELIOS-006157,23.3,16.15,basic,4,119,4,0,0,0,5.0,146,0.9146623338412371,0.6817613945658727,-0.23290093927536437,1,1,sleeping_dog,0.4398,0,1,709,1
HELIOS-006158,31.2,15.42,basic,4,32,2,2,1,1,,249,0.796453513678944,0.99,0.19354648632105598,1,1,persuadable,0.9162,1,1,950,1
HELIOS-006159,19.1,13.9,basic,1,365,3,1,0,0,6.0,79,0.5172167478756582,0.24015187630812018,-0.277064871567538,0,0,sleeping_dog,0.8486,1,0,581,1
HELIOS-006160,31.2,17.61,basic,16,3,4,0,0,0,,458,0.9710172925428878,0.950137311353381,-0.020879981189506847,1,1,sure_thing,0.004,0,1,950,1
HELIOS-006161,31.2,91.78,enterprise,3,175,1,2,0,1,,73,0.8394244891812425,0.7334718266616539,-0.10595266251958857,1,1,sleeping_dog,0.3625,0,1,950,1
HELIOS-006162,27.4,38.97,pro,23,18,8,0,0,0,,511,0.9893153932743854,0.9794452094245498,-0.009870183849835623,1,1,sure_thing,0.0812,0,1,834,1
HELIOS-006163,20.3,16.77,basic,7,15,5,0,1,0,,228,0.930929307135672,0.9579161924325019,0.02698688529682991,1,1,sure_thing,0.5531,1,1,618,1
HELIOS-006164,25.5,29.06,basic,10,6,6,0,0,0,,323,0.95951134273538,0.9487622915090494,-0.01074905122633052,1,1,sure_thing,0.8095,0,1,776,1
HELIOS-006165,29.6,14.33,basic,14,37,3,0,0,0,,414,0.9736584585482422,0.8995614436825892,-0.07409701486565301,1,0,sleeping_dog,0.8509,1,0,901,1
HELIOS-006166,20.3,17.6,basic,7,71,3,1,0,0,,178,0.9148657133250899,0.8339736192604836,-0.08089209406460629,1,1,sleeping_dog,0.756,1,1,618,1
HELIOS-006167,12.2,16.82,basic,9,1,5,0,0,0,,103,0.958350712522422,0.9451878827904432,-0.013162829731978798,1,1,sure_thing,0.2518,0,1,371,1
HELIOS-006168,10.2,19.27,basic,5,44,2,0,0,0,,80,0.9035134015024897,0.7971438275632883,-0.10636957393920143,1,1,sleeping_dog,0.8169,1,1,310,1
HELIOS-006169,22.0,20.22,basic,7,73,4,0,0,0,7.0,91,0.9467117355219223,0.8151310415063243,-0.13158069401559802,1,0,sleeping_dog,0.0625,1,0,670,1
HELIOS-006170,22.0,55.5,pro,13,36,10,0,0,0,7.0,266,0.975431284078212,0.9683806426181601,-0.007050641460051854,1,1,sure_thing,0.4442,0,1,670,1
HELIOS-006171,31.2,21.56,basic,6,134,1,2,2,0,,124,0.5227185357649373,0.751630589276705,0.2289120535117677,0,0,persuadable,0.988,1,0,950,1
HELIOS-006172,31.2,43.7,pro,11,14,5,1,1,1,6.0,298,0.9289263806437165,0.99,0.061073619356283526,1,1,persuadable,0.2203,0,1,950,1
HELIOS-006173,13.6,21.46,basic,1,68,2,0,1,0,,33,0.7634154978901022,0.7378078990309046,-0.02560759885919761,1,1,lost_cause,0.5174,1,1,414,1
HELIOS-006174,31.2,49.05,pro,4,64,2,2,0,0,,230,0.8859195002494562,0.948781976870868,0.06286247662141176,1,1,persuadable,0.4866,0,1,950,0
HELIOS-006175,14.3,15.07,basic,17,4,7,0,0,0,,213,0.9739287592155558,0.9656477845688038,-0.008280974646751926,1,1,sure_thing,0.108,0,1,435,1
HELIOS-006176,8.8,19.7,basic,1,219,2,1,0,1,9.0,31,0.6352422289745715,0.36186195199778404,-0.27338027697678746,1,0,sleeping_dog,0.9706,1,0,268,1
HELIOS-006177,2.1,100.65,enterprise,3,39,6,0,0,0,,20,0.8852550492766241,0.8673058284508337,-0.017949220825790424,1,1,lost_cause,0.7023,1,1,64,1
HELIOS-006178,29.1,23.22,basic,10,38,5,0,0,1,8.0,311,0.9716942305196664,0.8728551207678202,-0.09883910975184618,1,1,sleeping_dog,0.3385,1,1,886,1
HELIOS-006179,19.5,12.61,basic,37,0,12,0,0,0,,501,0.99,0.99,0.0,1,1,sure_thing,0.2417,0,1,594,1
HELIOS-006180,15.2,25.05,basic,5,3,5,0,0,0,6.0,113,0.9466624731879636,0.9340684865329897,-0.01259398665497391,1,1,sure_thing,0.3026,1,1,463,1
HELIOS-006181,19.5,22.66,basic,8,36,3,0,0,0,7.0,280,0.9477909579162108,0.8770316252173845,-0.07075933269882628,1,1,sleeping_dog,0.8091,1,1,594,1
HELIOS-006182,31.2,42.14,pro,11,5,1,0,0,1,,301,0.9712868591959966,0.8634242395261212,-0.10786261966987531,1,1,sleeping_dog,0.0215,0,1,950,1
HELIOS-006183,8.9,30.11,basic,10,47,5,0,1,0,9.0,105,0.8549288213972532,0.8687521791392294,0.013823357741976183,1,1,lost_cause,0.9282,1,1,271,1
HELIOS-006184,10.2,23.35,basic,13,45,2,0,0,0,,98,0.9387962950194695,0.8284775043360865,-0.11031879068338302,1,1,sleeping_dog,0.7882,1,1,310,1
HELIOS-006185,20.6,72.62,pro,4,39,1,1,0,0,,106,0.9114134988474577,0.8909028582664726,-0.020510640580985062,1,1,lost_cause,0.4855,1,1,627,1
HELIOS-006186,31.2,19.83,basic,1,34,0,0,0,0,,183,0.9484567244706373,0.8229303157074961,-0.12552640876314125,1,1,sleeping_dog,0.1237,1,1,950,1
HELIOS-006187,19.7,167.88,enterprise,44,2,30,0,0,0,,601,0.99,0.99,0.0,1,1,sure_thing,0.8743,1,1,600,1
HELIOS-006188,7.6,17.39,basic,6,15,5,1,0,0,5.0,43,0.8824096517591233,0.8874369911246018,0.0050273393654785,0,0,lost_cause,0.4343,1,0,231,1
HELIOS-006189,18.0,27.38,basic,2,12,5,0,0,0,3.0,135,0.9042687218179263,0.8876801789020352,-0.01658854291589107,1,1,lost_cause,0.1315,1,1,548,1
HELIOS-006190,10.2,20.59,basic,8,14,6,0,0,0,,86,0.9228902014587587,0.9082427188958065,-0.014647482562952119,1,1,sure_thing,0.7135,1,1,310,1
HELIOS-006191,19.8,21.72,basic,12,44,7,1,1,0,,149,0.9021536255182442,0.99,0.0878463744817558,1,1,persuadable,0.7354,0,1,603,1
HELIOS-006192,8.8,19.34,basic,21,5,10,0,0,1,,189,0.9812704033473286,0.971674445347936,-0.009595957999392613,1,1,sure_thing,0.2403,0,1,268,1
HELIOS-006193,6.5,52.11,pro,16,20,4,0,0,0,,94,0.9614211640238829,0.9270980658103324,-0.03432309821355051,1,1,sure_thing,0.6343,1,1,198,1
HELIOS-006194,31.2,56.2,pro,8,40,3,1,1,0,4.0,197,0.9010866147954462,0.99,0.08891338520455383,1,1,persuadable,0.6891,1,1,950,0
HELIOS-006195,31.2,18.32,basic,1,14,6,0,0,0,5.0,205,0.961696223184962,0.949127791874564,-0.012568431310397976,1,1,sure_thing,0.0869,0,1,950,1
HELIOS-006196,31.2,19.23,basic,9,56,5,0,0,1,,236,0.9577118904320361,0.8160147339128881,-0.14169715651914794,1,0,sleeping_dog,0.5211,0,1,950,1
HELIOS-006197,4.3,55.75,pro,5,5,1,1,0,0,,21,0.8929357836554086,0.900892849777954,0.007957066122545431,1,1,lost_cause,0.0902,1,1,131,1
HELIOS-006198,24.7,125.48,enterprise,3,29,2,0,1,0,6.0,70,0.8805694950452327,0.99,0.10943050495476725,1,1,persuadable,0.9471,1,1,752,1
HELIOS-006199,11.8,20.1,basic,3,3,1,2,0,0,,69,0.8246678876896124,0.9003335507841759,0.07566566309456346,1,1,persuadable,0.9129,1,1,359,1
HELIOS-006200,12.7,18.36,basic,3,50,1,1,0,1,7.0,57,0.842499456699874,0.7008158212185454,-0.14168363548132867,1,0,sleeping_dog,0.9348,1,0,387,1
HELIOS-006201,13.9,20.61,basic,5,69,6,1,0,0,8.0,86,0.8999263852871618,0.8741952455156525,-0.025731139771509315,1,1,lost_cause,0.9318,1,1,423,1
HELIOS-006202,31.2,202.77,enterprise,2,147,0,0,1,0,,144,0.878240738677298,0.8680800379290261,-0.010160700748271911,1,1,lost_cause,0.9615,1,1,950,0
HELIOS-006203,22.2,50.5,pro,2,34,3,0,1,0,,80,0.8512739448164823,0.908198411157714,0.056924466341231716,0,0,persuadable,0.5217,1,0,676,0
HELIOS-006204,16.8,70.76,pro,4,43,3,1,0,0,,78,0.9290289730963066,0.9297283726741954,0.0006993995778887818,1,1,sure_thing,0.8809,1,1,511,1
HELIOS-006205,31.2,15.64,basic,1,13,1,0,0,0,,166,0.9299549503059931,0.8685930625382734,-0.06136188776771967,1,1,sleeping_dog,0.3097,0,1,950,1
HELIOS-006206,31.2,22.27,basic,3,48,1,0,0,0,,200,0.9260049251623631,0.7884243380148888,-0.13758058714747434,1,1,sleeping_dog,0.9677,1,1,950,1
HELIOS-006207,31.2,58.62,pro,4,41,6,1,0,0,,248,0.9458784415452327,0.9658020786867737,0.019923637141540995,1,1,sure_thing,0.2258,1,1,950,1
HELIOS-006208,23.9,17.77,basic,19,5,6,0,0,0,10.0,390,0.9803030572921201,0.9681591267935195,-0.01214393049860063,1,1,sure_thing,0.4623,1,1,728,1
HELIOS-006209,9.4,24.06,basic,11,15,4,0,0,0,,89,0.9484888843367828,0.9189092572063065,-0.02957962713047635,1,1,sure_thing,0.6108,1,1,286,1
HELIOS-006210,31.2,27.47,basic,4,112,2,1,0,0,,131,0.7679284069731843,0.576776762843641,-0.19115164412954333,1,1,sleeping_dog,0.6948,1,1,950,1
HELIOS-006211,13.3,14.71,basic,11,9,2,0,0,1,7.0,90,0.959001620057082,0.8617876021776955,-0.09721401787938655,1,0,sleeping_dog,0.3982,0,1,405,1
HELIOS-006212,24.5,18.9,basic,2,41,6,0,0,0,,203,0.9471449874013717,0.912155080770878,-0.03498990663049362,1,1,sure_thing,0.0166,0,1,746,1
HELIOS-006213,31.2,54.68,pro,12,38,7,1,0,0,9.0,379,0.9661859731625168,0.9731732498270729,0.006987276664556119,1,1,sure_thing,0.3057,1,1,950,1
HELIOS-006214,30.3,17.74,basic,14,19,2,0,2,0,,321,0.9210061046314139,0.99,0.06899389536858613,1,1,persuadable,0.1768,0,1,922,1
HELIOS-006215,19.9,58.41,pro,3,41,5,1,1,0,8.0,147,0.8373670654249512,0.99,0.15263293457504878,1,1,persuadable,0.8208,1,1,606,0
HELIOS-006216,18.5,72.9,pro,2,3,2,1,0,0,6.0,106,0.8956021111914113,0.9334346986900927,0.03783258749868135,1,1,lost_cause,0.5958,1,1,563,1
HELIOS-006217,31.2,30.11,basic,7,1,6,2,0,0,5.0,268,0.9276982387814832,0.99,0.06230176121851683,1,1,persuadable,0.4917,1,1,950,1
HELIOS-006218,31.2,60.03,pro,6,15,3,3,0,1,8.0,213,0.8734874003155078,0.99,0.11651259968449224,1,1,persuadable,0.6471,1,1,950,1
HELIOS-006219,10.6,20.07,basic,6,72,8,0,0,0,,94,0.9151330073868403,0.8626336338289948,-0.05249937355784551,1,1,sleeping_dog,0.1358,1,1,323,0
HELIOS-006220,31.2,21.13,basic,10,47,2,0,0,0,,254,0.9520787583065791,0.8375425971613062,-0.11453616114527287,1,1,sleeping_dog,0.5092,1,1,950,1
HELIOS-006221,15.4,22.42,basic,5,93,2,1,1,0,,77,0.6933204486965594,0.7504663149779278,0.05714586628136842,0,0,persuadable,0.4877,1,0,469,0
HELIOS-006222,17.4,20.36,basic,12,23,4,0,1,0,6.0,203,0.9142427944897205,0.9263293251799165,0.012086530690196051,1,1,lost_cause,0.5855,1,1,530,1
HELIOS-006223,20.0,44.56,pro,30,10,22,1,0,0,10.0,493,0.99,0.99,0.0,1,1,sure_thing,0.9034,1,1,609,1
HELIOS-006224,31.2,20.25,basic,10,5,8,0,0,0,,271,0.9790143354376053,0.9742119439431205,-0.004802391494484803,1,1,sure_thing,0.0282,0,1,950,1
HELIOS-006225,31.2,14.32,basic,16,4,12,1,0,1,8.0,470,0.9692871773872901,0.9737458226282464,0.004458645240956294,1,1,sure_thing,0.3934,1,1,950,0
HELIOS-006226,22.3,13.9,basic,8,43,2,1,0,1,,101,0.8871678474396436,0.7777099502432812,-0.10945789719636245,0,0,sleeping_dog,0.0325,0,0,679,1
HELIOS-006227,8.3,135.43,enterprise,9,12,4,0,1,0,9.0,82,0.8885644117310478,0.99,0.10143558826895216,1,1,persuadable,0.3695,1,1,253,1
HELIOS-006228,31.2,26.67,basic,5,12,3,0,0,0,,259,0.9624003538337684,0.9280850439492379,-0.034315309884530576,1,1,sure_thing,0.3032,1,1,950,0
HELIOS-006229,3.7,138.32,enterprise,7,4,5,1,0,0,,43,0.907895340973111,0.99,0.08210465902688902,1,1,persuadable,0.7463,1,1,113,1
HELIOS-006230,12.0,20.45,basic,2,24,3,1,0,0,6.0,57,0.8598957680093313,0.8564958378510855,-0.003399930158245801,1,1,lost_cause,0.8157,1,1,365,1
HELIOS-006231,13.8,131.78,enterprise,9,249,3,0,0,0,,92,0.8527064006210978,0.5748400007266434,-0.2778663998944544,1,1,sleeping_dog,0.8109,1,1,420,1
HELIOS-006232,8.1,21.36,basic,17,11,4,0,0,1,9.0,106,0.961372381630968,0.89628560444488,-0.06508677718608802,1,1,sleeping_dog,0.4137,0,1,247,1
HELIOS-006233,7.1,19.46,basic,13,0,3,1,0,1,9.0,91,0.9307716990675051,0.9078958160572099,-0.022875883010295195,1,1,sure_thing,0.6523,1,1,216,0
HELIOS-006234,29.0,46.26,pro,10,2,6,1,0,1,,288,0.9533077046303805,0.9588327333475354,0.005525028717154878,1,1,sure_thing,0.6151,1,1,883,1
HELIOS-006235,15.4,148.79,enterprise,5,48,1,2,0,0,5.0,110,0.8678822220501267,0.99,0.12211777794987333,0,1,persuadable,0.4171,1,1,469,1
HELIOS-006236,29.1,33.35,basic,4,40,1,0,0,0,9.0,202,0.9437095574427534,0.8263047674514253,-0.11740478999132808,1,1,sleeping_dog,0.266,0,1,886,1
HELIOS-006237,31.2,34.87,pro,14,12,2,0,0,1,,326,0.9821939568223115,0.8785759591061305,-0.10361799771618097,1,1,sleeping_dog,0.452,1,1,950,1
HELIOS-006238,31.2,24.75,basic,5,20,3,0,0,0,5.0,254,0.9463022320830246,0.9020278574040476,-0.04427437467897699,1,1,sure_thing,0.0695,1,1,950,1
HELIOS-006239,15.9,13.58,basic,12,23,2,0,1,1,4.0,81,0.917617614135391,0.8834550504501104,-0.03416256368528059,0,0,lost_cause,0.5237,0,0,484,1
HELIOS-006240,9.2,16.85,basic,9,75,4,1,1,0,7.0,74,0.8263861041335426,0.9050692505072828,0.07868314637374019,1,1,persuadable,0.1046,0,1,280,1
HELIOS-006241,17.3,18.58,basic,9,28,4,0,0,0,,150,0.9538875866954596,0.9099052116428559,-0.04398237505260372,1,1,sure_thing,0.5249,1,1,527,1
HELIOS-006242,28.5,57.64,pro,13,15,5,0,0,0,,295,0.9846389468342338,0.964376307398231,-0.020262639436002816,1,1,sure_thing,0.3945,0,1,868,1
HELIOS-006243,24.9,18.38,basic,17,1,7,0,1,0,7.0,332,0.9738601292215209,0.9878591531389277,0.013999023917406817,1,1,sure_thing,0.6066,0,1,758,1
HELIOS-006244,18.8,25.34,basic,4,127,2,0,0,1,,93,0.88601291294063,0.6022572829202224,-0.2837556300204076,1,1,sleeping_dog,0.2869,0,1,572,1
HELIOS-006245,31.2,38.5,pro,7,12,3,2,1,0,,226,0.8818840208151867,0.99,0.1081159791848133,1,1,persuadable,0.5574,1,1,950,1
HELIOS-006246,7.2,26.42,basic,16,8,6,0,0,0,,107,0.9732035815328576,0.9603205609978386,-0.012883020535018996,1,1,sure_thing,0.492,1,1,219,1
HELIOS-006247,9.4,18.77,basic,39,1,16,0,0,1,,331,0.99,0.99,0.0,1,1,sure_thing,0.1534,1,1,286,1
HELIOS-006248,31.2,20.12,basic,9,137,1,0,0,1,4.0,197,0.9144754765771669,0.6234941215928662,-0.29098135498430067,1,1,sleeping_dog,0.7297,1,1,950,1
HELIOS-006249,14.8,18.43,basic,6,13,3,2,0,0,,191,0.8530449731774029,0.9152754490350855,0.0622304758576826,1,1,persuadable,0.2778,0,1,451,1
HELIOS-006250,31.2,21.47,basic,5,22,4,1,1,0,,290,0.783997574448669,0.9186907856656945,0.1346932112170255,1,1,persuadable,0.5862,1,1,950,1
HELIOS-006251,5.3,45.57,pro,3,6,2,0,0,1,4.0,19,0.8982476845721928,0.8125774229033005,-0.08567026166889236,1,1,sleeping_dog,0.6608,1,1,161,1
HELIOS-006252,11.7,20.99,basic,5,5,6,1,0,0,7.0,132,0.8779983198177987,0.8908866287503854,0.012888308932586634,0,0,lost_cause,0.2731,0,0,356,1
HELIOS-006253,24.5,17.15,basic,21,1,12,1,0,0,9.0,547,0.9751199589904618,0.9791974893439148,0.0040775303534530405,1,1,sure_thing,0.4557,0,1,746,1
HELIOS-006254,31.2,15.39,basic,4,54,1,1,0,0,5.0,194,0.8799600301451664,0.7987219983561875,-0.08123803178897893,1,1,sleeping_dog,0.1137,1,1,950,1
HELIOS-006255,6.5,17.28,basic,6,32,3,0,1,0,,40,0.7904419593009051,0.8045466607933045,0.014104701492399396,1,1,lost_cause,0.9575,1,1,198,1
HELIOS-006256,31.2,17.59,basic,1,2,0,0,0,0,,161,0.9279025406013601,0.8695170115411734,-0.05838552906018668,1,1,sleeping_dog,0.2983,1,1,950,1
HELIOS-006257,31.2,38.28,pro,20,15,13,1,1,0,,473,0.970435941409642,0.99,0.019564058590358036,1,1,sure_thing,0.0798,0,1,950,1
HELIOS-006258,21.8,21.04,basic,31,4,12,0,0,0,,507,0.9874628343474188,0.9858206341347855,-0.0016422002126332824,1,1,sure_thing,0.2929,1,1,664,1
HELIOS-006259,10.6,37.28,pro,9,3,2,0,0,0,8.0,67,0.9320931080432587,0.8968914769507714,-0.03520163109248731,1,1,sure_thing,0.2226,1,1,323,1
HELIOS-006260,20.2,144.43,enterprise,2,134,1,1,0,0,3.0,89,0.8553899207046748,0.735866800135927,-0.11952312056874781,1,1,sleeping_dog,0.3175,0,1,615,1
HELIOS-006261,31.2,42.22,pro,10,13,1,0,0,0,,270,0.9698343298061407,0.9074600248093473,-0.06237430499679342,1,1,sleeping_dog,0.302,0,1,950,1
HELIOS-006262,31.2,39.12,pro,4,3,4,0,0,0,6.0,189,0.9472229750545343,0.9307277331553412,-0.016495241899193158,1,1,sure_thing,0.8328,1,1,950,1
HELIOS-006263,9.1,23.74,pro,1,25,2,2,1,0,,31,0.5666816382278871,0.8223535246203105,0.25567188639242344,1,1,persuadable,0.9775,1,1,277,1
HELIOS-006264,27.3,24.23,basic,8,9,2,1,0,0,,215,0.9304665081178315,0.9235542108096931,-0.00691229730813836,1,1,sure_thing,0.502,1,1,831,1
HELIOS-006265,24.6,20.34,basic,2,17,2,0,0,0,,137,0.9065282222381045,0.8538547725608943,-0.052673449677210216,1,1,sleeping_dog,0.0622,0,1,749,1
HELIOS-006266,22.9,18.62,basic,4,2,6,1,1,0,,202,0.8233563787106731,0.9644719310870643,0.14111555237639117,0,1,persuadable,0.7143,1,1,697,1
HELIOS-006267,6.9,23.22,basic,4,44,1,1,1,0,,32,0.7293152011965005,0.8498900545602487,0.12057485336374818,1,1,persuadable,0.8323,1,1,210,1
HELIOS-006268,14.4,10.17,basic,7,4,2,0,1,0,8.0,122,0.8965374902745871,0.9143642727762403,0.01782678250165326,1,1,lost_cause,0.3042,0,1,438,1
HELIOS-006269,30.0,18.97,basic,24,0,11,0,0,0,,610,0.99,0.9886464712186501,-0.0013535287813498664,1,1,sure_thing,0.7045,1,1,913,1
HELIOS-006270,11.2,17.99,basic,4,78,2,0,2,0,,39,0.7282946474633328,0.8940674543348435,0.16577280687151064,0,1,persuadable,0.936,1,1,341,0
HELIOS-006271,31.2,16.96,basic,3,123,3,0,0,0,6.0,267,0.9123745260186583,0.6605874936597549,-0.25178703235890343,1,1,sleeping_dog,0.2823,0,1,950,1
HELIOS-006272,28.5,22.41,basic,3,45,0,0,0,0,,188,0.9438136825505365,0.790534060611664,-0.15327962193887257,1,1,sleeping_dog,0.6972,1,1,868,1
HELIOS-006273,12.0,18.24,basic,13,10,5,0,1,1,8.0,113,0.8993097326686701,0.9049589997438524,0.005649267075182318,1,1,lost_cause,0.3535,0,1,365,1
HELIOS-006274,8.7,58.55,pro,6,23,3,1,0,0,6.0,64,0.8802348737136148,0.8878292993409171,0.0075944256273023925,1,1,lost_cause,0.0554,0,1,265,1
HELIOS-006275,3.3,59.72,pro,16,22,11,0,1,0,9.0,60,0.9420490617476744,0.9773645498607177,0.0353154881130433,1,1,sure_thing,0.046,0,1,100,1
HELIOS-006276,31.2,129.85,enterprise,1,157,0,1,1,1,,164,0.6710130728206398,0.6600422451576344,-0.01097082766300539,1,1,lost_cause,0.5518,1,1,950,1
HELIOS-006277,31.2,18.71,basic,16,2,15,0,0,0,,489,0.9870084484593137,0.9877159205471167,0.0007074720878029739,1,1,sure_thing,0.0358,0,1,950,1
HELIOS-006278,31.2,20.13,basic,3,90,2,0,0,0,4.0,168,0.9034746635360276,0.6899606720674386,-0.21351399146858896,1,1,sleeping_dog,0.6545,1,1,950,1
HELIOS-006279,29.6,19.5,basic,2,13,3,0,1,1,9.0,233,0.900818528990248,0.9196338979718848,0.018815368981636826,1,1,lost_cause,0.836,1,1,901,1
HELIOS-006280,19.1,23.18,basic,6,29,6,0,1,0,7.0,162,0.825708330684978,0.8582468585902595,0.032538527905281556,1,1,lost_cause,0.2783,1,1,581,1
HELIOS-006281,31.2,15.08,basic,3,5,4,0,1,0,,233,0.9087550796813932,0.9461735302756097,0.037418450594216446,1,1,lost_cause,0.1903,0,1,950,1
HELIOS-006282,31.2,24.04,basic,1,52,1,1,0,1,4.0,136,0.8674045490874046,0.726894905345864,-0.14050964374154062,1,1,sleeping_dog,0.8391,1,1,950,1
HELIOS-006283,22.9,28.57,basic,13,0,5,2,0,0,,241,0.9522576931955331,0.99,0.037742306804466885,1,1,sure_thing,0.7725,0,1,697,1
HELIOS-006284,6.9,20.23,basic,6,56,2,1,0,0,7.0,60,0.8236693941847555,0.7566563446887818,-0.06701304949597364,0,0,sleeping_dog,0.8462,1,0,210,1
HELIOS-006285,11.1,71.38,pro,11,32,10,1,0,1,,127,0.9455148113268287,0.9629884863803262,0.017473675053497506,0,1,sure_thing,0.2608,1,1,338,1
HELIOS-006286,31.2,38.58,pro,4,24,2,0,1,0,,147,0.8963599271463681,0.9325742006962946,0.03621427354992646,1,1,lost_cause,0.9168,1,1,950,1
HELIOS-006287,11.2,53.01,pro,1,16,1,1,1,1,,56,0.7615190690230964,0.9382381351083401,0.17671906608524368,1,1,persuadable,0.9406,1,1,341,0
HELIOS-006288,19.8,132.34,enterprise,4,42,3,0,1,0,,148,0.8994763674201571,0.99,0.09052363257984286,1,1,persuadable,0.2055,1,1,603,1
HELIOS-006289,23.8,41.17,pro,8,13,11,0,0,0,,295,0.9663372387081187,0.9669022614275755,0.000565022719456798,1,1,sure_thing,0.2472,0,1,724,1
HELIOS-006290,31.2,20.87,basic,9,52,7,0,0,1,,240,0.9579876378329919,0.8693590380209989,-0.088628599811993,1,1,sleeping_dog,0.9803,1,1,950,1
HELIOS-006291,6.9,29.47,basic,5,35,4,2,0,0,,49,0.8640719855929965,0.9388952177477968,0.07482323215480036,1,1,persuadable,0.3771,1,1,210,1
HELIOS-006292,31.2,20.33,basic,13,22,7,0,0,0,,475,0.9815759173797616,0.9666350732214885,-0.014940844158273126,1,1,sure_thing,0.1555,0,1,950,1
HELIOS-006293,17.8,58.69,pro,15,51,6,2,1,1,8.0,222,0.8279119034059834,0.99,0.16208809659401657,1,1,persuadable,0.608,1,1,542,0
HELIOS-006294,12.0,31.72,pro,11,5,6,0,1,0,,135,0.9052131606858481,0.9343355231352907,0.02912236244944255,1,1,lost_cause,0.1952,1,1,365,1
HELIOS-006295,23.6,15.92,basic,10,16,5,0,0,1,,225,0.9568089676840018,0.8997256758427061,-0.05708329184129568,1,1,sleeping_dog,0.0968,0,1,718,1
HELIOS-006296,20.7,22.5,basic,11,12,8,0,0,0,,185,0.9558559178807455,0.9491083580997097,-0.006747559781035806,1,1,sure_thing,0.2317,0,1,630,1
HELIOS-006297,13.3,14.73,basic,13,35,6,0,0,1,10.0,150,0.9519707606982594,0.8776331550917226,-0.0743376056065368,1,1,sleeping_dog,0.8182,1,1,405,1
HELIOS-006298,27.0,48.42,pro,10,5,3,0,0,0,,310,0.9699887855964117,0.9428138165966624,-0.02717496899974925,1,1,sure_thing,0.2668,0,1,822,1
HELIOS-006299,16.3,25.35,basic,1,57,3,1,0,0,6.0,62,0.8260908457502348,0.7853195806162521,-0.04077126513398277,1,1,lost_cause,0.2222,0,1,496,1
HELIOS-006300,31.2,49.57,pro,135,0,38,0,0,1,,2251,0.99,0.99,0.0,1,1,sure_thing,0.1832,0,1,950,1
HELIOS-006301,31.2,108.16,enterprise,12,3,0,0,1,0,,417,0.9640997667528304,0.99,0.025900233247169613,1,1,sure_thing,0.2091,0,1,950,1
HELIOS-006302,13.5,20.02,basic,4,21,4,2,0,0,,88,0.7941719370423095,0.8679929054866433,0.07382096844433383,1,1,persuadable,0.8,1,1,411,1
HELIOS-006303,30.4,37.22,pro,25,6,10,1,1,0,9.0,671,0.9786922319764686,0.99,0.011307768023531395,1,1,sure_thing,0.0497,0,1,925,1
HELIOS-006304,21.9,22.93,basic,21,2,10,0,0,0,,428,0.99,0.9884001793400017,-0.0015998206599983078,1,1,sure_thing,0.0572,0,1,667,1
HELIOS-006305,9.3,18.83,basic,6,22,7,1,0,0,,98,0.8813146219143116,0.8903663101502078,0.009051688235896194,1,1,lost_cause,0.7892,1,1,283,1
HELIOS-006306,3.2,139.32,enterprise,20,22,9,0,0,0,,39,0.9844760350138244,0.9854100252658884,0.0009339902520639765,1,1,sure_thing,0.0582,0,1,97,1
HELIOS-006307,31.2,55.26,pro,0,51,1,0,0,0,6.0,63,0.8843997753139882,0.7456316601851303,-0.1387681151288579,0,0,sleeping_dog,0.7212,1,0,950,1
HELIOS-006308,31.2,14.46,basic,5,61,6,0,0,0,,295,0.9381793971093529,0.8731144830376562,-0.06506491407169679,1,1,sleeping_dog,0.2466,0,1,950,1
HELIOS-006309,31.2,58.53,pro,11,14,5,1,0,1,7.0,345,0.9622383508600212,0.9570912379184389,-0.005147112941582321,1,1,sure_thing,0.3291,0,1,950,1
HELIOS-006310,31.2,39.54,pro,2,27,3,0,0,0,6.0,220,0.953198197676395,0.9015810218208166,-0.05161717585557846,1,1,sleeping_dog,0.604,0,1,950,1
HELIOS-006311,4.6,20.73,basic,10,15,12,0,0,0,,39,0.9616067460778233,0.9611359261467183,-0.0004708199311049821,1,1,sure_thing,0.776,1,1,140,1
HELIOS-006312,12.2,19.41,basic,4,21,8,0,0,0,,79,0.9174248827310796,0.90925653447019,-0.008168348260889635,1,1,lost_cause,0.2895,0,1,371,1
HELIOS-006313,31.2,14.59,basic,3,9,1,1,1,1,,159,0.8903034690761561,0.99,0.0996965309238439,1,1,persuadable,0.8998,1,1,950,1
HELIOS-006314,23.4,31.93,basic,5,30,3,0,1,0,,181,0.8752125295327666,0.9042832442127483,0.02907071467998168,1,1,lost_cause,0.8009,1,1,712,0
HELIOS-006315,31.2,23.29,basic,0,138,2,0,1,1,,128,0.8129467704823106,0.6016956740170707,-0.21125109646523987,1,1,sleeping_dog,0.0262,0,1,950,1
HELIOS-006316,13.4,20.52,basic,8,44,3,3,0,0,,75,0.6492661397355473,0.8150273043548126,0.16576116461926538,1,1,persuadable,0.8983,1,1,408,1
HELIOS-006317,31.2,17.58,basic,7,39,9,1,0,0,,279,0.9369320167159276,0.9447692053434535,0.007837188627525915,1,1,sure_thing,0.7625,1,1,950,1
HELIOS-006318,17.1,29.22,basic,7,14,4,0,0,0,7.0,175,0.9577356797939381,0.930407451248742,-0.02732822854519612,1,1,sure_thing,0.4783,1,1,521,1
HELIOS-006319,31.2,16.97,basic,3,42,3,0,0,0,8.0,181,0.9461946386167518,0.8649259282339707,-0.08126871038278105,1,1,sleeping_dog,0.1591,0,1,950,1
HELIOS-006320,12.1,20.36,basic,24,32,13,0,0,0,10.0,253,0.9750197511867723,0.971955114680037,-0.0030646365067352743,1,1,sure_thing,0.0406,0,1,368,1
HELIOS-006321,23.7,47.15,pro,7,22,3,1,0,0,,234,0.9069316820998714,0.9072655651395508,0.0003338830396794057,1,1,lost_cause,0.2434,1,1,721,1
HELIOS-006322,2.5,49.19,pro,6,65,5,1,1,0,,19,0.658443570619534,0.8147949704723204,0.15635139985278645,1,1,persuadable,0.9394,1,1,76,1
HELIOS-006323,15.0,60.77,pro,8,3,2,1,1,1,10.0,127,0.843267241411942,0.99,0.146732758588058,0,1,persuadable,0.8334,1,1,457,1
HELIOS-006324,11.3,31.51,basic,17,0,8,0,0,0,,223,0.9595777727684747,0.9551032311881268,-0.004474541580347879,1,1,sure_thing,0.2602,0,1,344,1
HELIOS-006325,13.4,16.98,basic,10,15,9,1,1,1,,200,0.8659741201677452,0.9678110164058287,0.10183689623808345,1,1,persuadable,0.4998,0,1,408,1
HELIOS-006326,14.3,12.6,basic,2,128,4,1,2,0,,51,0.572125123287138,0.7994993760588032,0.22737425277166512,1,1,persuadable,0.9797,1,1,435,1
HELIOS-006327,19.6,27.66,basic,7,9,1,0,3,1,,105,0.6773100240622915,0.9612956055421451,0.28398558147985364,0,1,persuadable,0.8923,1,1,597,1
HELIOS-006328,10.7,14.48,basic,5,3,3,0,0,0,,106,0.9239011009127842,0.8976690943334057,-0.02623200657937852,1,1,sure_thing,0.7446,0,1,326,1
HELIOS-006329,8.8,21.08,basic,12,7,6,0,0,0,,86,0.9442933842755975,0.9323045704528,-0.011988813822797484,1,1,sure_thing,0.7675,1,1,268,1
HELIOS-006330,12.7,55.32,pro,4,1,2,1,0,0,9.0,116,0.909149294291692,0.9285127329950648,0.01936343870337276,0,0,lost_cause,0.3332,0,0,387,1
HELIOS-006331,31.2,15.82,basic,16,0,6,0,0,0,9.0,494,0.9774915050180448,0.9675640999152345,-0.009927405102810316,1,1,sure_thing,0.0829,0,1,950,1
HELIOS-006332,31.2,38.71,pro,18,9,11,0,0,0,,670,0.9896326250895143,0.9881252893686542,-0.0015073357208601479,1,1,sure_thing,0.0585,0,1,950,1
HELIOS-006333,21.3,17.41,basic,13,1,10,0,1,0,7.0,291,0.9439696117039174,0.9652066929758903,0.02123708127197299,1,1,sure_thing,0.1489,0,1,648,1
HELIOS-006334,31.2,41.29,pro,10,4,1,0,0,0,,261,0.9632644635206424,0.9149099241940188,-0.04835453932662359,1,1,sure_thing,0.1057,0,1,950,1
HELIOS-006335,19.4,15.26,basic,2,177,2,0,2,0,,69,0.42897537181645345,0.4008265749289691,-0.02814879688748434,0,0,lost_cause,0.9954,0,0,591,1
HELIOS-006336,30.0,13.59,basic,15,57,4,1,0,0,,321,0.9453344570551332,0.8991291120144175,-0.04620534504071572,1,1,sure_thing,0.1322,0,1,913,1
HELIOS-006337,31.2,19.71,basic,8,17,4,1,0,0,,208,0.927080142658023,0.9253543343433077,-0.0017258083147152492,1,1,sure_thing,0.7669,1,1,950,1
HELIOS-006338,17.5,28.56,basic,3,15,1,3,1,0,,133,0.6887423509197894,0.977379679464015,0.28863732854422564,1,1,persuadable,0.6202,1,1,533,1
HELIOS-006339,18.6,13.55,basic,24,7,16,0,0,1,,382,0.99,0.9898985914041002,-0.000101408595899799,1,1,sure_thing,0.1005,0,1,566,1
HELIOS-006340,9.8,22.89,basic,9,30,9,1,1,1,7.0,122,0.8272743397027793,0.9410323760634784,0.11375803636069914,1,1,persuadable,0.9774,1,1,298,1
HELIOS-006341,31.2,14.98,basic,34,1,14,0,1,1,,736,0.99,0.99,0.0,1,1,sure_thing,0.6088,0,1,950,1
HELIOS-006342,8.6,19.73,basic,7,26,4,0,0,0,,107,0.9258460753543977,0.8849498326279265,-0.04089624272647119,1,1,sure_thing,0.9145,1,1,262,1
HELIOS-006343,31.2,21.85,basic,1,0,1,1,0,0,,123,0.9178424981206145,0.9210150855646408,0.0031725874440263757,1,1,lost_cause,0.3489,0,1,950,1
HELIOS-006344,20.3,14.54,basic,8,2,7,0,0,0,,156,0.9698388707350653,0.9635282237972758,-0.006310646937789488,1,1,sure_thing,0.1785,1,1,618,1
HELIOS-006345,20.0,38.9,pro,4,267,1,0,2,0,,76,0.485965937987265,0.41859063507233113,-0.06737530291493388,1,1,sleeping_dog,0.9791,1,1,609,1
HELIOS-006346,20.7,54.18,pro,13,19,3,0,0,0,8.0,265,0.9679192252193946,0.9245761093533714,-0.04334311586602313,1,1,sure_thing,0.0666,0,1,630,1
HELIOS-006347,7.9,13.25,basic,10,2,5,0,2,0,5.0,86,0.8048833738616259,0.9685404653778377,0.16365709151621177,1,1,persuadable,0.6295,1,1,240,1
HELIOS-006348,31.2,15.23,basic,10,10,4,0,0,0,,261,0.9679864048156792,0.9426450947714007,-0.02534131004427853,1,1,sure_thing,0.0154,0,1,950,1
HELIOS-006349,12.8,18.41,basic,12,30,3,0,0,0,,159,0.9449634674572632,0.8836576643509797,-0.06130580310628353,1,1,sleeping_dog,0.4014,0,1,390,1
HELIOS-006350,12.8,19.88,basic,9,15,10,1,0,0,9.0,179,0.9246538836716671,0.9357813998268567,0.011127516155189587,1,1,sure_thing,0.0757,0,1,390,0
HELIOS-006351,20.8,59.33,pro,5,31,3,0,0,0,,147,0.9457435942089397,0.8885580969501795,-0.05718549725876021,1,1,sleeping_dog,0.9343,1,1,633,1
HELIOS-006352,31.2,24.55,basic,6,27,6,1,0,0,7.0,257,0.9098175799304641,0.9160923894215945,0.006274809491130462,1,1,lost_cause,0.5242,1,1,950,1
HELIOS-006353,31.2,17.22,basic,10,12,5,0,0,0,6.0,327,0.96862610112405,0.9488872609190362,-0.01973884020501382,1,1,sure_thing,0.0994,0,1,950,1
HELIOS-006354,21.5,164.93,enterprise,3,14,5,0,0,1,,168,0.9757391213940678,0.9768616681407748,0.001122546746706976,1,1,sure_thing,0.2463,1,1,654,1
HELIOS-006355,9.6,36.69,pro,22,38,10,0,1,0,,139,0.9347367693313751,0.9468326376469034,0.012095868315528335,1,1,sure_thing,0.5072,0,1,292,1
HELIOS-006356,31.2,82.75,enterprise,3,36,3,0,1,0,,146,0.9104278781987009,0.99,0.07957212180129913,1,1,persuadable,0.0038,0,1,950,1
HELIOS-006357,22.2,12.16,basic,6,21,2,1,0,0,,163,0.9050422935272722,0.887243499551911,-0.017798793975361216,1,1,lost_cause,0.2268,1,1,676,1
HELIOS-006358,27.8,55.03,pro,5,53,3,1,2,0,,159,0.7101758962510019,0.99,0.27982410374899813,1,1,persuadable,0.93,1,1,846,1
HELIOS-006359,18.5,52.03,pro,2,120,2,0,0,0,6.0,99,0.8939377408507289,0.6393855063072388,-0.2545522345434901,1,1,sleeping_dog,0.6457,1,1,563,1
HELIOS-006360,5.0,49.56,pro,4,365,3,1,1,0,5.0,13,0.4267608029131947,0.3131372925426698,-0.11362351037052487,0,0,sleeping_dog,0.9989,1,0,152,1
HELIOS-006361,6.9,64.73,pro,11,61,6,1,0,1,9.0,58,0.912613805791425,0.8584125551797328,-0.05420125061169223,1,1,sleeping_dog,0.6977,1,1,210,1
HELIOS-006362,26.9,51.32,pro,8,20,5,1,1,1,6.0,292,0.8909175758465394,0.99,0.09908242415346058,0,1,persuadable,0.8123,1,1,819,1
HELIOS-006363,5.3,20.36,basic,1,23,2,1,1,0,4.0,20,0.6440239040201715,0.7966840886434561,0.15266018462328457,0,1,persuadable,0.9545,1,1,161,1
HELIOS-006364,6.1,22.08,basic,8,0,5,0,0,0,,53,0.9364445979617301,0.924274703284514,-0.012169894677216075,1,1,sure_thing,0.6514,1,1,186,0
HELIOS-006365,16.2,41.95,pro,7,2,10,0,0,0,,193,0.9682580737765755,0.9694677114768262,0.001209637700250732,1,1,sure_thing,0.284,1,1,493,1
HELIOS-006366,28.4,11.83,basic,5,214,3,3,0,0,4.0,140,0.6262095574669349,0.5343200719637664,-0.09188948550316844,1,1,sleeping_dog,0.9662,1,1,864,1
HELIOS-006367,14.0,16.4,basic,14,10,6,0,0,0,5.0,165,0.9565677289821798,0.9426950381541213,-0.013872690828058531,1,1,sure_thing,0.0478,0,1,426,1
HELIOS-006368,25.4,18.95,basic,2,19,2,0,0,0,,125,0.9671140188462448,0.9111763083926836,-0.05593771045356122,1,0,sleeping_dog,0.2143,0,1,773,1
HELIOS-006369,20.1,14.56,basic,4,5,2,0,1,0,,145,0.8794011145462359,0.9073143850183554,0.027913270472119445,1,1,lost_cause,0.4915,1,1,612,1
HELIOS-006370,31.2,16.79,basic,12,44,3,0,0,0,6.0,236,0.9637117643853088,0.876148542645749,-0.08756322173955977,1,1,sleeping_dog,0.5631,0,1,950,1
HELIOS-006371,10.1,133.88,enterprise,1,73,3,0,0,1,6.0,63,0.9161270792423817,0.7309373509037762,-0.18518972833860547,1,1,sleeping_dog,0.03,0,1,307,1
HELIOS-006372,31.2,24.75,basic,5,106,3,0,0,1,5.0,168,0.9571848057363287,0.6912875483975595,-0.26589725733876923,1,1,sleeping_dog,0.4115,0,1,950,1
HELIOS-006373,26.2,38.13,pro,5,62,4,0,0,0,,190,0.9350563551370872,0.8318038702529517,-0.10325248488413552,1,1,sleeping_dog,0.3546,1,1,798,1
HELIOS-006374,31.2,21.42,basic,9,12,5,1,0,0,5.0,313,0.9607179204930353,0.9643046786089292,0.003586758115893929,1,1,sure_thing,0.4888,1,1,950,1
HELIOS-006375,23.9,20.88,basic,33,11,17,0,0,0,,669,0.99,0.99,0.0,1,1,sure_thing,0.0895,0,1,728,1
HELIOS-006376,7.4,45.49,pro,10,27,3,0,0,0,,82,0.9325268765700758,0.8780206712043659,-0.05450620536570994,1,1,sleeping_dog,0.7845,0,1,225,1
HELIOS-006377,5.3,20.03,basic,1,126,2,0,1,0,,14,0.6662577009320403,0.5055592631253736,-0.1606984378066667,1,0,sleeping_dog,0.8488,1,0,161,1
HELIOS-006378,31.0,21.14,basic,10,2,2,1,0,0,8.0,285,0.9617712716228345,0.95622483253271,-0.005546439090124533,1,1,sure_thing,0.3851,0,1,944,1
HELIOS-006379,3.3,16.01,basic,5,19,2,0,0,1,,25,0.8944969250466157,0.7756268066273458,-0.11887011841926987,1,1,sleeping_dog,0.636,0,1,100,1
HELIOS-006380,28.5,65.36,pro,5,178,3,0,0,1,,128,0.9066618967644556,0.6184766184595964,-0.2881852783048592,1,0,sleeping_dog,0.5638,1,0,868,1
HELIOS-006381,31.2,117.43,enterprise,2,15,2,0,0,0,,158,0.9609948665142957,0.9347839611988934,-0.026210905315402266,0,0,sure_thing,0.2483,0,0,950,1
HELIOS-006382,5.2,22.44,basic,8,14,2,1,0,0,9.0,52,0.863680238988648,0.8525043529864285,-0.011175886002219526,1,1,lost_cause,0.7017,1,1,158,1
HELIOS-006383,11.7,46.4,pro,10,42,5,1,0,0,,138,0.8910307541214239,0.8847238451841677,-0.0063069089372561615,1,1,lost_cause,0.4048,1,1,356,1
HELIOS-006384,17.4,68.57,pro,5,6,0,0,0,0,,118,0.9592028669329533,0.8982698538032348,-0.06093301312971855,1,1,sleeping_dog,0.4102,0,1,530,1
HELIOS-006385,31.2,17.5,basic,5,73,2,0,0,0,7.0,198,0.9242376062447857,0.7471848317179014,-0.17705277452688428,1,1,sleeping_dog,0.0728,0,1,950,1
HELIOS-006386,19.6,44.29,pro,2,25,0,3,1,0,6.0,113,0.5795235912672729,0.8687211985502361,0.2891976072829632,1,1,persuadable,0.9446,1,1,597,1
HELIOS-006387,31.2,53.31,pro,9,117,4,0,0,1,7.0,205,0.9569955043848288,0.6905994711208403,-0.26639603326398853,1,1,sleeping_dog,0.2926,0,1,950,1
HELIOS-006388,11.3,19.49,basic,8,11,3,1,0,0,,94,0.8825682164374647,0.8789794555827277,-0.0035887608547370276,0,0,lost_cause,0.6623,0,0,344,1
HELIOS-006389,8.5,13.97,basic,8,2,13,1,0,0,,140,0.931316511479827,0.9439391184414646,0.012622606961637639,1,1,sure_thing,0.2649,0,1,259,1
HELIOS-006390,27.3,149.99,enterprise,12,20,5,1,0,0,,337,0.9713670051522557,0.99,0.018632994847744278,1,1,sure_thing,0.4737,1,1,831,1
HELIOS-006391,31.2,17.06,basic,4,4,2,2,0,0,8.0,229,0.8850768190570993,0.9550842730148592,0.07000745395775987,1,1,persuadable,0.8958,1,1,950,1
HELIOS-006392,15.6,19.25,basic,5,39,2,0,0,0,,51,0.9172492040187795,0.8221365616055708,-0.09511264241320871,1,0,sleeping_dog,0.86,1,0,475,1
HELIOS-006393,16.1,38.11,pro,5,15,3,0,0,0,,84,0.9514508993245898,0.914692328058475,-0.036758571266114815,1,1,sure_thing,0.1543,0,1,490,0
HELIOS-006394,9.2,18.08,basic,17,0,8,0,0,0,,134,0.9683165773137546,0.963450394612048,-0.004866182701706689,1,1,sure_thing,0.8962,1,1,280,1
HELIOS-006395,10.2,26.94,basic,3,126,3,1,0,0,6.0,63,0.7476121847259563,0.548928014553906,-0.1986841701720502,1,1,sleeping_dog,0.4772,1,1,310,1
HELIOS-006396,18.5,16.68,basic,22,13,8,0,0,0,,412,0.9809508852032988,0.9723662466046751,-0.008584638598623684,1,1,sure_thing,0.4465,1,1,563,1
HELIOS-006397,15.3,28.55,basic,15,2,5,0,0,0,,182,0.9591661527677616,0.9448954802873883,-0.014270672480373281,1,1,sure_thing,0.1614,0,1,466,1
HELIOS-006398,31.2,15.45,basic,15,13,6,1,0,0,9.0,500,0.9634971827684403,0.9632821988597806,-0.00021498390865970496,1,1,sure_thing,0.3783,1,1,950,1
HELIOS-006399,31.2,127.93,enterprise,10,64,4,1,0,0,8.0,316,0.9654824771105935,0.9774932711655562,0.012010794054962637,1,1,sure_thing,0.3965,0,1,950,1
HELIOS-006400,17.8,23.53,basic,7,3,5,1,1,0,,130,0.8209810251707328,0.9498676044052262,0.12888657923449343,1,1,persuadable,0.6654,1,1,542,1
HELIOS-006401,4.5,23.34,basic,4,15,2,2,0,0,6.0,37,0.8008212018818462,0.8741121732249518,0.07329097134310558,1,1,persuadable,0.8485,1,1,137,1
HELIOS-006402,3.0,15.63,basic,1,106,1,2,1,0,3.0,10,0.3789263990267833,0.5527895791337223,0.17386318010693896,0,1,persuadable,0.9968,1,1,91,1
HELIOS-006403,24.7,33.08,basic,16,12,8,0,0,0,,330,0.9830855000495948,0.9758785682973947,-0.0072069317522001075,1,1,sure_thing,0.9298,1,1,752,1
HELIOS-006404,31.2,41.88,pro,12,11,9,0,0,0,,282,0.9822263444187608,0.9788632599968901,-0.003363084421870721,1,1,sure_thing,0.0223,0,1,950,1
HELIOS-006405,23.0,54.92,pro,6,17,6,0,0,0,,194,0.9614269438282863,0.9487501123955726,-0.012676831432713698,1,1,sure_thing,0.8372,1,1,700,1
HELIOS-006406,27.0,14.09,basic,51,2,11,0,0,1,10.0,922,0.99,0.99,0.0,1,1,sure_thing,0.4778,1,1,822,1
HELIOS-006407,1.9,33.87,pro,7,0,2,1,0,1,4.0,11,0.9160800160958913,0.8937327428248122,-0.022347273271079104,1,1,lost_cause,0.4072,0,1,58,0
HELIOS-006408,18.5,24.99,basic,22,24,10,0,0,0,,299,0.988763218308259,0.9823952015854734,-0.00636801672278553,1,1,sure_thing,0.3342,0,1,563,1
HELIOS-006409,31.2,13.22,basic,30,3,11,0,0,0,,924,0.99,0.9886094659640174,-0.001390534035982549,1,1,sure_thing,0.8271,0,1,950,0
HELIOS-006410,17.8,18.9,basic,19,9,6,0,1,1,,281,0.9478627780861395,0.949952987317225,0.0020902092310854936,0,0,sure_thing,0.3446,1,0,542,0
HELIOS-006411,28.7,68.37,pro,20,2,12,1,1,0,,556,0.9831553722544597,0.99,0.006844627745540288,1,1,sure_thing,0.6669,1,1,874,1
HELIOS-006412,2.1,20.4,basic,7,5,4,3,0,0,,13,0.6538350614949576,0.8345013968942417,0.18066633539928412,1,1,persuadable,0.9768,1,1,64,1
HELIOS-006413,6.0,25.86,basic,9,21,8,0,0,1,,63,0.9557677440755085,0.9277840474257397,-0.02798369664976874,1,1,sure_thing,0.0126,0,1,183,1
HELIOS-006414,15.7,19.51,basic,3,77,3,1,0,0,7.0,110,0.8161218268226529,0.7281498590198798,-0.08797196780277305,1,1,sleeping_dog,0.7737,1,1,478,1
HELIOS-006415,9.2,14.29,basic,15,5,5,0,0,0,,98,0.9553088423122257,0.9389861662280817,-0.01632267608414395,1,1,sure_thing,0.3798,0,1,280,1
HELIOS-006416,31.2,52.52,pro,10,1,5,0,0,0,,444,0.9737913151464984,0.9626797249548338,-0.011111590191664633,1,1,sure_thing,0.2509,0,1,950,1
HELIOS-006417,31.2,70.18,pro,14,27,3,0,1,0,,356,0.9552449631041163,0.9855097759617713,0.03026481285765492,1,1,sure_thing,0.8552,0,1,950,1
HELIOS-006418,11.9,21.78,basic,41,3,16,0,1,0,,367,0.99,0.99,0.0,1,1,sure_thing,0.3862,0,1,362,1
HELIOS-006419,11.4,14.67,basic,10,5,3,1,0,0,,89,0.9137809337533063,0.9101102138522236,-0.0036707199010826974,1,1,lost_cause,0.4797,0,1,347,1
HELIOS-006420,31.2,22.15,basic,9,23,3,1,0,0,7.0,286,0.9386882715534138,0.926532621995015,-0.012155649558398873,1,1,sure_thing,0.5263,1,1,950,1
HELIOS-006421,20.2,16.21,basic,2,168,2,0,0,1,,104,0.8321335518967923,0.5397209212284835,-0.2924126306683088,1,1,sleeping_dog,0.2082,0,1,615,1
HELIOS-006422,20.4,134.77,enterprise,1,117,0,2,0,1,6.0,130,0.828563403203178,0.8109917776701376,-0.01757162553304037,1,1,lost_cause,0.2151,0,1,621,1
HELIOS-006423,21.3,17.43,basic,6,47,6,0,1,0,,120,0.9122412465981301,0.9342055992383353,0.021964352640205242,1,1,lost_cause,0.684,1,1,648,1
HELIOS-006424,22.3,43.4,pro,4,21,1,1,0,1,8.0,111,0.8632921309330776,0.7999061343418475,-0.06338599659123001,1,1,sleeping_dog,0.4872,0,1,679,1
HELIOS-006425,21.2,18.77,basic,4,48,0,1,0,0,,202,0.8732519785248993,0.7856865452561042,-0.08756543326879518,0,0,sleeping_dog,0.5368,1,0,645,1
HELIOS-006426,31.2,61.92,pro,17,8,6,0,1,1,9.0,530,0.9709051398647186,0.99,0.01909486013528139,1,1,sure_thing,0.0132,1,1,950,0
HELIOS-006427,12.9,41.65,pro,14,48,5,2,0,0,,138,0.8786815971495806,0.9233660389407407,0.044684441791160046,1,1,lost_cause,0.872,1,1,393,1
HELIOS-006428,31.2,19.8,basic,20,1,6,1,1,0,8.0,480,0.9602613020224753,0.99,0.02973869797752471,1,1,sure_thing,0.6978,0,1,950,1
HELIOS-006429,25.5,50.86,pro,15,3,10,0,1,0,7.0,378,0.9853412492043023,0.99,0.004658750795697664,1,1,sure_thing,0.7632,1,1,776,1
HELIOS-006430,16.8,136.9,enterprise,14,7,5,0,0,1,,229,0.9736862613390225,0.9430699028380113,-0.030616358501011187,1,1,sure_thing,0.4708,1,1,511,1
HELIOS-006431,10.8,11.6,basic,2,55,2,2,0,0,6.0,49,0.7055695554139153,0.7444483013547257,0.03887874594081042,1,1,lost_cause,0.9157,1,1,329,1
HELIOS-006432,22.8,20.98,basic,8,6,2,0,0,0,,252,0.9382272760119975,0.8987790958767436,-0.03944818013525386,1,1,sure_thing,0.4786,0,1,694,1
HELIOS-006433,16.2,57.05,pro,15,0,7,0,0,0,,346,0.9693476164037034,0.9642707507596953,-0.005076865644008111,1,1,sure_thing,0.1786,1,1,493,1
HELIOS-006434,31.2,16.86,basic,4,110,1,0,0,0,4.0,100,0.8802678566422827,0.6215509667303891,-0.25871688991189357,1,1,sleeping_dog,0.8825,1,1,950,1
HELIOS-006435,2.9,41.28,pro,8,25,2,1,1,0,,20,0.7999412248120984,0.9382559986684147,0.1383147738563163,1,1,persuadable,0.6877,1,1,88,1
HELIOS-006436,31.2,86.7,pro,1,76,5,0,1,1,3.0,156,0.8795288642796947,0.9097165385483093,0.030187674268614573,1,1,lost_cause,0.7151,1,1,950,1
HELIOS-006437,3.3,14.05,basic,18,22,7,0,1,1,,38,0.948001679213887,0.9484565750742828,0.00045489586039582086,1,1,sure_thing,0.3563,1,1,100,1
HELIOS-006438,31.2,37.39,pro,2,34,3,0,0,0,,169,0.9399801189611301,0.876402427517696,-0.06357769144343406,1,1,sleeping_dog,0.0934,0,1,950,1
HELIOS-006439,28.2,182.51,enterprise,7,8,3,3,0,0,,184,0.9644277779041772,0.99,0.025572222095822772,1,1,sure_thing,0.5949,1,1,858,1
HELIOS-006440,10.8,176.36,enterprise,4,72,1,1,0,0,,69,0.9217289326207948,0.955251900738727,0.033522968117932206,1,1,sure_thing,0.8982,1,1,329,1
HELIOS-006441,18.1,14.77,basic,15,0,8,0,0,0,,305,0.9757653671821083,0.9710447796881782,-0.004720587493930117,1,1,sure_thing,0.0578,0,1,551,1
HELIOS-006442,31.2,19.98,basic,7,43,1,0,0,0,,175,0.9318202841832133,0.805105462327333,-0.12671482185588023,1,1,sleeping_dog,0.7734,1,1,950,1
HELIOS-006443,5.1,47.07,pro,19,9,14,2,0,0,,83,0.9730520592377999,0.99,0.016947940762200076,1,1,sure_thing,0.6574,1,1,155,1
HELIOS-006444,5.3,15.29,basic,14,0,10,0,0,1,,76,0.9712143126065046,0.9638322181993566,-0.007382094407147988,1,1,sure_thing,0.2095,0,1,161,1
HELIOS-006445,14.5,13.32,basic,0,17,4,1,0,0,,59,0.8567985209718838,0.8648000895847758,0.00800156861289203,1,1,lost_cause,0.5366,1,1,441,1
HELIOS-006446,31.2,16.49,basic,3,1,5,2,1,0,,313,0.8317245591896958,0.99,0.1582754408103042,1,1,persuadable,0.5814,0,1,950,0
HELIOS-006447,10.7,85.93,pro,6,65,5,0,0,1,,94,0.8948729357057712,0.740056387678,-0.15481654802777123,1,1,sleeping_dog,0.4066,0,1,326,1
HELIOS-006448,15.6,17.56,basic,1,67,2,2,0,0,5.0,65,0.7521271223720278,0.7861934271395842,0.034066304767556344,1,1,lost_cause,0.9057,1,1,475,1
HELIOS-006449,14.0,63.49,pro,7,2,6,1,1,0,8.0,120,0.8606979519873644,0.99,0.12930204801263556,1,1,persuadable,0.4763,0,1,426,1
HELIOS-006450,15.3,29.53,basic,14,7,12,0,1,1,,209,0.9613999734640051,0.9850694674557209,0.023669493991715806,1,1,sure_thing,0.1282,1,1,466,1
HELIOS-006451,31.2,59.26,pro,13,20,3,0,0,0,,331,0.9790082062775771,0.934709225065549,-0.04429898121202813,1,1,sure_thing,0.2209,0,1,950,1
HELIOS-006452,8.0,18.12,basic,1,185,3,0,1,0,,34,0.512253638827861,0.2871741226936022,-0.2250795161342588,0,0,sleeping_dog,0.9871,1,0,244,1
HELIOS-006453,8.0,62.84,pro,6,13,4,1,0,0,,55,0.8779489491012944,0.8999539740292727,0.02200502492797829,1,1,lost_cause,0.8351,1,1,244,1
HELIOS-006454,15.8,56.49,pro,17,7,9,0,0,1,,178,0.9789404878897526,0.9665675759269667,-0.012372911962785893,1,1,sure_thing,0.4954,0,1,481,1
HELIOS-006455,20.5,52.03,pro,8,54,6,1,1,1,,148,0.8562704504539127,0.99,0.1337295495460873,1,1,persuadable,0.5046,0,1,624,0
HELIOS-006456,20.7,104.38,enterprise,9,22,4,0,0,0,8.0,261,0.9771840858112023,0.950900759385038,-0.026283326426164266,1,1,sure_thing,0.1823,0,1,630,1
HELIOS-006457,4.5,73.14,pro,13,12,7,0,0,0,,50,0.9477397566657352,0.9407064876849227,-0.007033268980812468,1,1,sure_thing,0.5266,1,1,137,1
HELIOS-006458,17.9,56.3,pro,3,25,1,0,0,0,,60,0.9253134984776504,0.8451551853212691,-0.08015831315638133,1,1,sleeping_dog,0.6406,1,1,545,1
HELIOS-006459,9.4,13.68,basic,5,96,8,0,1,0,,46,0.7901793849734539,0.7889925207333434,-0.0011868642401104967,1,1,lost_cause,0.3638,0,1,286,0
HELIOS-006460,19.5,37.24,pro,4,2,0,2,1,1,7.0,69,0.7703560885294826,0.99,0.21964391147051743,1,1,persuadable,0.2923,0,1,594,1
HELIOS-006461,31.2,18.0,basic,5,28,6,0,0,0,,197,0.9558676143846553,0.932419876802839,-0.023447737581816286,1,1,sure_thing,0.3145,0,1,950,1
HELIOS-006462,17.9,14.14,basic,13,26,7,1,0,1,,237,0.9511588860901652,0.9368102142460574,-0.014348671844107819,1,1,sure_thing,0.1586,0,1,545,0
HELIOS-006463,17.2,99.11,enterprise,24,3,4,0,0,1,8.0,290,0.9834133999344011,0.9331006567791869,-0.05031274315521428,1,1,sleeping_dog,0.4565,0,1,524,1
HELIOS-006464,4.9,20.92,basic,34,2,13,0,0,0,,148,0.9884079996236025,0.9873173042532817,-0.0010906953703208044,1,1,sure_thing,0.2154,0,1,149,0
HELIOS-006465,31.2,206.17,enterprise,2,181,1,0,0,0,,101,0.9147723169835278,0.726988872520816,-0.18778344446271178,1,1,sleeping_dog,0.2991,1,1,950,0
HELIOS-006466,14.9,56.38,pro,1,12,3,0,0,0,,72,0.8987118423208261,0.8703801498251482,-0.028331692495677907,1,1,lost_cause,0.7203,1,1,454,1
HELIOS-006467,12.9,53.26,pro,14,4,4,0,0,0,,163,0.9571217359518185,0.9374573630599967,-0.01966437289182177,1,1,sure_thing,0.1603,1,1,393,1
HELIOS-006468,16.7,19.45,basic,7,22,7,0,0,0,8.0,263,0.9510600050842994,0.9373171257481329,-0.01374287933616658,1,1,sure_thing,0.2,0,1,508,1
HELIOS-006469,3.4,28.7,basic,1,365,1,1,0,0,3.0,15,0.3607964243710532,0.09043249411016274,-0.27036393026089045,1,0,sleeping_dog,0.9998,1,0,103,1
HELIOS-006470,23.6,27.79,basic,8,23,4,0,0,0,,223,0.9536641348431685,0.9166012625325155,-0.03706287231065297,0,0,sure_thing,0.496,0,0,718,1
HELIOS-006471,16.0,16.61,basic,2,142,0,1,2,0,4.0,39,0.42276881877733735,0.5448748745691503,0.12210605579181294,0,0,persuadable,0.9866,1,0,487,1
HELIOS-006472,27.9,24.18,basic,9,8,3,0,0,0,9.0,215,0.9621311442907078,0.930719951145557,-0.03141119314515084,1,0,sure_thing,0.4071,0,1,849,0
HELIOS-006473,31.2,40.53,pro,5,5,3,0,0,0,6.0,199,0.9819241883950441,0.9560146459224885,-0.025909542472555613,1,1,sure_thing,0.5985,1,1,950,0
HELIOS-006474,31.2,67.97,pro,14,3,8,0,0,0,,393,0.9830704329422183,0.9806543548171393,-0.0024160781250790464,1,1,sure_thing,0.3431,1,1,950,1
HELIOS-006475,22.2,20.35,basic,36,2,21,0,0,0,,634,0.99,0.99,0.0,1,1,sure_thing,0.4035,1,1,676,1
HELIOS-006476,7.1,84.96,enterprise,2,68,2,0,1,1,,35,0.7494810729606363,0.7229682931308777,-0.026512779829758526,1,1,lost_cause,0.5452,1,1,216,1
HELIOS-006477,31.2,108.35,enterprise,5,3,2,0,1,0,7.0,204,0.935419257083875,0.99,0.054580742916125025,1,1,persuadable,0.4668,1,1,950,1
HELIOS-006478,16.2,45.02,pro,2,324,1,1,0,0,2.0,55,0.6053656886156834,0.34172311550680246,-0.26364257310888095,1,0,sleeping_dog,0.9922,1,0,493,0
HELIOS-006479,31.2,24.08,basic,5,33,6,0,1,0,,253,0.9068444311381463,0.941873323079975,0.03502889194182868,1,1,lost_cause,0.0234,0,1,950,1
HELIOS-006480,12.8,15.71,basic,2,113,3,1,0,0,8.0,47,0.7879325038084135,0.613405600207704,-0.17452690360070955,1,1,sleeping_dog,0.6117,1,1,390,1
HELIOS-006481,21.0,23.78,basic,15,20,4,0,0,0,,303,0.9695358047021772,0.934194618610886,-0.03534118609129111,1,1,sure_thing,0.3529,0,1,639,1
HELIOS-006482,17.0,22.37,basic,47,6,9,0,0,1,,530,0.99,0.9827453423361912,-0.007254657663808839,1,1,sure_thing,0.6731,1,1,517,1
HELIOS-006483,2.6,25.09,basic,1,35,1,1,1,0,,11,0.6857731455566195,0.8344159351485243,0.1486427895919048,1,1,persuadable,0.67,1,1,79,1
HELIOS-006484,24.5,53.5,pro,17,21,9,0,1,0,7.0,340,0.9684212280024238,0.99,0.021578771997576185,1,1,sure_thing,0.6134,0,1,746,1
HELIOS-006485,29.7,110.37,enterprise,2,38,2,1,1,1,4.0,132,0.8707867856760374,0.99,0.11921321432396259,1,1,persuadable,0.7225,1,1,904,0
HELIOS-006486,7.5,16.22,basic,7,1,3,0,0,0,7.0,68,0.9244881276466758,0.8995598730809539,-0.024928254565721897,1,1,sure_thing,0.5408,1,1,228,1
HELIOS-006487,7.3,16.66,basic,3,32,5,1,0,1,,39,0.8673222631869261,0.8399583489323633,-0.02736391425456275,1,1,lost_cause,0.332,0,1,222,1
HELIOS-006488,6.8,129.79,enterprise,22,5,13,0,0,0,9.0,76,0.99,0.99,0.0,1,1,sure_thing,0.172,0,1,207,1
HELIOS-006489,9.1,26.89,basic,9,74,4,0,0,0,,100,0.9167479079322014,0.7825859068774423,-0.13416200105475906,1,0,sleeping_dog,0.7006,1,0,277,1
HELIOS-006490,7.4,21.72,basic,9,28,6,1,0,0,,52,0.9021019215069037,0.9032951020294229,0.001193180522519155,1,1,lost_cause,0.512,1,1,225,1
HELIOS-006491,7.8,11.67,basic,10,19,3,0,0,0,,63,0.9347308088475574,0.8898041868887212,-0.04492662195883623,1,1,sure_thing,0.7432,0,1,237,1
HELIOS-006492,12.2,14.79,basic,4,83,2,0,0,0,3.0,74,0.8657044109291848,0.6659569276036043,-0.19974748332558057,1,1,sleeping_dog,0.3451,1,1,371,1
HELIOS-006493,28.2,11.89,basic,12,31,3,1,0,0,,388,0.9561681121429269,0.9319597397187661,-0.02420837242416074,1,1,sure_thing,0.3615,0,1,858,1
HELIOS-006494,8.9,22.52,basic,6,62,2,0,0,0,9.0,70,0.9065819707789848,0.7564421886117718,-0.15013978216721302,1,1,sleeping_dog,0.1303,0,1,271,1
HELIOS-006495,24.6,20.02,basic,14,1,9,1,0,0,,364,0.9599084637717271,0.9669255920859354,0.00701712831420831,1,1,sure_thing,0.3158,0,1,749,1
HELIOS-006496,14.1,21.9,basic,8,4,4,2,0,0,7.0,131,0.8374547981448578,0.8984951587677096,0.061040360622851786,1,1,persuadable,0.8243,1,1,429,1
HELIOS-006497,17.3,31.24,basic,6,45,2,1,0,0,,108,0.8618774992781993,0.8188871220117584,-0.04299037726644095,1,1,lost_cause,0.3146,0,1,527,1
HELIOS-006498,7.8,140.47,enterprise,8,7,5,0,1,0,8.0,81,0.8762116885579762,0.99,0.11378831144202384,1,1,persuadable,0.8398,1,1,237,1
HELIOS-006499,31.2,39.09,pro,37,12,11,0,0,0,,794,0.99,0.99,0.0,1,1,sure_thing,0.0334,0,1,950,1
