customer_id,tenure_months,monthly_value_eur,plan_tier,logins_last_90d,days_since_last_login,email_opens_last_180d,support_tickets_last_180d,payment_failures_last_365d,discount_active,nps_score,behavioural_events,true_p0,true_p1,true_tau,true_y0,true_y1,true_class,churn_risk_score,contacted,retained_180d,history_days,outcome_window_complete,save_offer_redeemed
KESTREL-000000,20.6,14.64,basic,1,201,2,0,0,0,4.0,94,0.6740398142864676,0.38143783667026415,-0.2926019776162035,1,0,sleeping_dog,0.9698,1,0,627,1,1
KESTREL-000001,28.8,24.57,basic,10,65,5,1,0,0,,168,0.9064821149169768,0.8677695927748995,-0.03871252214207732,1,1,lost_cause,0.6925,1,1,877,1,0
KESTREL-000002,28.1,14.6,basic,20,0,7,0,0,0,,417,0.9840589103460302,0.9765302966922477,-0.0075286136537825454,1,1,sure_thing,0.3268,0,1,855,1,0
KESTREL-000003,36.0,20.73,basic,15,11,5,1,0,0,8.0,502,0.9798421765900275,0.978245684364427,-0.0015964922256004321,1,1,sure_thing,0.2482,0,1,1096,1,0
KESTREL-000004,8.5,159.17,enterprise,2,3,1,0,1,1,7.0,41,0.865434245409117,0.99,0.12456575459088304,1,1,persuadable,0.6478,1,1,259,1,0
KESTREL-000005,22.5,41.97,pro,2,222,2,0,1,0,3.0,53,0.6478350543002988,0.4225739438521663,-0.22526111044813246,0,0,sleeping_dog,0.9398,1,0,685,1,1
KESTREL-000006,34.5,17.64,basic,16,1,6,1,0,0,,407,0.9722031169747956,0.9741349196751368,0.001931802700341212,1,1,sure_thing,0.667,1,1,1050,1,1
KESTREL-000007,28.0,20.98,basic,2,214,1,2,1,0,,73,0.6291802311473804,0.6031633044306577,-0.026016926716722732,1,1,lost_cause,0.9645,1,1,852,1,0
KESTREL-000008,7.5,49.78,pro,4,78,3,0,0,0,,39,0.9063895441730103,0.7449615214584285,-0.1614280227145818,1,1,sleeping_dog,0.794,1,1,228,1,1
KESTREL-000009,30.8,20.66,basic,4,7,1,2,1,0,,271,0.7900903174667437,0.99,0.19990968253325625,1,1,persuadable,0.645,1,1,938,1,1
KESTREL-000010,15.6,13.88,basic,4,8,2,0,0,0,5.0,99,0.8828543086347181,0.8435087308406855,-0.03934557779403269,0,0,lost_cause,0.344,1,0,475,1,1
KESTREL-000011,22.9,57.52,pro,6,4,5,1,0,0,9.0,207,0.9410495804373563,0.9659730700969602,0.024923489659603892,1,1,sure_thing,0.2592,0,1,697,1,0
KESTREL-000012,22.4,29.07,basic,30,5,15,0,0,0,,601,0.99,0.99,0.0,1,1,sure_thing,0.4165,1,1,682,1,1
KESTREL-000013,23.3,51.14,pro,7,71,3,0,1,0,,239,0.8761419341477231,0.8650584173904414,-0.011083516757281697,1,1,lost_cause,0.765,1,1,709,1,1
KESTREL-000014,11.6,13.85,basic,2,12,7,0,0,0,,92,0.9395556926451332,0.9311397374179058,-0.008415955227227379,1,1,sure_thing,0.0552,0,1,353,1,0
KESTREL-000015,17.6,68.77,pro,14,1,4,0,1,1,,157,0.9492642818850875,0.9816344948016542,0.03237021291656672,1,1,sure_thing,0.7015,1,1,536,1,0
KESTREL-000016,36.0,44.88,pro,2,16,5,0,0,0,5.0,199,0.9205624200241845,0.9033158751930551,-0.017246544831129418,1,1,sure_thing,0.2115,0,1,1096,1,0
KESTREL-000017,13.2,16.7,basic,5,21,3,0,1,1,6.0,92,0.7786742838225719,0.776363850583706,-0.0023104332388658166,1,1,lost_cause,0.9365,1,1,402,1,1
KESTREL-000018,7.5,19.79,basic,37,12,6,0,0,0,10.0,174,0.9867480904386042,0.9704245512627229,-0.016323539175881363,1,1,sure_thing,0.478,1,1,228,1,1
KESTREL-000019,10.9,52.71,pro,4,132,0,1,0,1,,52,0.7560571258803517,0.5033584260347401,-0.25269869984561155,0,0,sleeping_dog,0.86,1,0,332,1,1
KESTREL-000020,30.5,42.0,pro,6,64,1,0,1,1,,182,0.8404829865873384,0.7324326196061195,-0.10805036698121895,1,1,sleeping_dog,0.202,0,1,928,1,0
KESTREL-000021,3.6,68.29,pro,21,0,7,0,0,0,,68,0.9800931898289277,0.9741904203094152,-0.0059027695195125185,1,1,sure_thing,0.6398,1,1,110,1,1
KESTREL-000022,15.2,63.31,pro,27,16,8,0,0,0,,313,0.99,0.9809359951398715,-0.009064004860128483,1,1,sure_thing,0.255,0,1,463,1,0
KESTREL-000023,23.3,63.42,pro,15,22,6,2,0,0,7.0,272,0.9380815670129962,0.99,0.051918432987003826,1,1,persuadable,0.4862,1,1,709,1,1
KESTREL-000024,25.3,16.7,basic,3,40,0,1,1,1,,117,0.7525544016987922,0.8199512459721663,0.06739684427337411,0,0,persuadable,0.785,1,0,770,1,1
KESTREL-000025,4.2,62.81,pro,3,101,4,0,0,1,6.0,28,0.8747252511727015,0.6300666219303727,-0.24465862924232884,0,0,sleeping_dog,0.7208,1,0,128,1,0
KESTREL-000026,7.7,45.65,pro,13,33,8,0,0,0,,86,0.9471086438496542,0.9318730083071318,-0.015235635542522385,1,1,sure_thing,0.6242,1,1,234,1,1
KESTREL-000027,16.0,35.07,pro,19,1,18,0,0,1,,312,0.9867351178311478,0.9873852040997013,0.0006500862685535624,1,1,sure_thing,0.4042,1,1,487,1,1
KESTREL-000028,29.0,18.88,basic,8,97,7,0,0,1,,274,0.9622365284687101,0.764477091874435,-0.19775943659427508,1,1,sleeping_dog,0.4362,1,1,883,1,1
KESTREL-000029,12.2,41.49,pro,8,24,2,1,0,0,,63,0.9060642209970055,0.8929674534996412,-0.013096767497364215,1,1,lost_cause,0.5182,1,1,371,1,1
KESTREL-000030,20.3,53.72,pro,2,145,2,3,1,0,,115,0.43389679796128944,0.6340317107620934,0.20013491280080398,0,1,persuadable,0.9948,1,1,618,1,1
KESTREL-000031,15.1,19.66,basic,11,22,7,0,2,1,9.0,143,0.8370013401545426,0.99,0.15299865984545735,1,1,persuadable,0.7538,1,1,460,1,0
KESTREL-000032,36.0,20.32,basic,4,7,5,0,0,0,,365,0.9613539234785382,0.9466135911051516,-0.014740332373386567,1,1,sure_thing,0.4692,1,1,1096,1,1
KESTREL-000033,36.0,15.44,basic,8,14,6,2,0,1,,341,0.9105570934321161,0.9580349446068711,0.047477851174755004,1,1,lost_cause,0.1302,0,1,1096,1,0
KESTREL-000034,6.0,16.53,basic,10,32,4,0,1,0,,83,0.8819932396582929,0.8911497032141795,0.009156463555886618,1,1,lost_cause,0.1135,0,1,183,1,0
KESTREL-000035,11.6,27.57,basic,6,166,4,3,0,0,,78,0.5840791769635068,0.5891605127244322,0.005081335760925398,1,1,lost_cause,0.959,1,1,353,1,1
KESTREL-000036,8.9,15.08,basic,6,2,3,0,0,0,,82,0.8866748087165914,0.8620703957021196,-0.024604413014471804,1,1,lost_cause,0.8735,1,1,271,1,0
KESTREL-000037,11.2,65.29,pro,11,50,4,0,1,1,9.0,119,0.9025001976693423,0.889096761184755,-0.013403436484587306,1,1,lost_cause,0.8,1,1,341,1,1
KESTREL-000038,32.4,51.19,pro,21,17,7,0,0,1,10.0,578,0.9876284560912468,0.9526351705131407,-0.034993285578106104,1,1,sure_thing,0.1052,0,1,986,1,0
KESTREL-000039,12.7,62.57,pro,24,11,12,1,0,1,,275,0.9775648655861066,0.9833331243975699,0.005768258811463367,1,1,sure_thing,0.203,0,1,387,1,0
KESTREL-000040,36.0,54.37,pro,16,6,10,0,1,0,,548,0.9651246152734714,0.99,0.024875384726528615,1,1,sure_thing,0.142,0,1,1096,1,0
KESTREL-000041,36.0,12.55,basic,1,100,1,0,1,0,7.0,179,0.8440234721883807,0.7138406083432737,-0.13018286384510702,0,0,sleeping_dog,0.8738,0,0,1096,1,0
KESTREL-000042,5.9,16.14,basic,4,3,4,0,0,0,,43,0.9175919288072937,0.899498081840957,-0.018093846966336646,1,1,lost_cause,0.6915,1,1,180,1,1
KESTREL-000043,14.2,17.74,basic,10,36,5,0,1,0,7.0,181,0.8897327707276734,0.901937098172462,0.01220432744478861,1,1,lost_cause,0.381,1,1,432,1,0
KESTREL-000044,36.0,37.5,pro,10,15,3,0,0,0,,480,0.9725091774797179,0.935305467439157,-0.03720371004056089,1,1,sure_thing,0.2542,0,1,1096,1,0
KESTREL-000045,18.6,21.86,basic,7,2,3,0,0,1,,132,0.9537141844618535,0.8920070810023261,-0.06170710345952746,1,0,sleeping_dog,0.0175,0,1,566,1,0
KESTREL-000046,18.8,21.58,basic,17,55,7,0,0,1,,182,0.9654284132064074,0.867222998824481,-0.09820541438192643,1,1,sleeping_dog,0.303,0,1,572,1,0
KESTREL-000047,26.2,21.74,basic,16,36,2,1,1,0,6.0,269,0.8857988227152386,0.946195658672618,0.060396835957379436,1,1,persuadable,0.482,0,1,798,1,0
KESTREL-000048,33.9,21.25,basic,6,52,4,0,0,0,,294,0.9437873321235122,0.8614031040525205,-0.08238422807099166,0,0,sleeping_dog,0.0118,0,0,1032,1,0
KESTREL-000049,36.0,18.52,basic,20,3,13,0,0,0,,631,0.9883337746928984,0.9877647267503162,-0.0005690479425821682,1,1,sure_thing,0.003,0,1,1096,1,0
KESTREL-000050,12.7,50.74,pro,7,40,5,0,0,1,7.0,95,0.9331272961685751,0.8330966878178551,-0.10003060835072008,0,0,sleeping_dog,0.2525,0,0,387,1,0
KESTREL-000051,6.8,21.48,basic,15,1,4,0,0,0,8.0,65,0.9596962666761497,0.9409298651926974,-0.018766401483452322,1,1,sure_thing,0.0578,0,1,207,0,0
KESTREL-000052,16.8,23.23,basic,2,195,1,0,0,0,,33,0.8284185680031284,0.5359714693861899,-0.2924470986169385,1,1,sleeping_dog,0.2278,0,1,511,1,0
KESTREL-000053,34.6,22.99,basic,12,28,2,0,0,0,9.0,390,0.9641086875009703,0.8927887394320859,-0.07131994806888442,1,1,sleeping_dog,0.0458,0,1,1053,1,0
KESTREL-000054,15.4,27.59,basic,3,148,4,3,0,0,,88,0.6143849299961817,0.6794093518174339,0.06502442182125223,0,0,persuadable,0.9362,1,0,469,1,1
KESTREL-000055,36.0,15.9,basic,6,56,3,1,0,0,5.0,212,0.9289382127969631,0.8786405986464598,-0.05029761415050327,1,1,sleeping_dog,0.0152,0,1,1096,1,0
KESTREL-000056,17.2,153.66,enterprise,2,46,0,0,1,0,,84,0.8903102366101413,0.99,0.09968976338985869,1,1,persuadable,0.8088,1,1,524,1,1
KESTREL-000057,15.2,76.17,pro,11,7,9,0,0,0,,152,0.9769841235940234,0.9777033389048388,0.0007192153108154242,1,1,sure_thing,0.4708,1,1,463,1,1
KESTREL-000058,8.0,122.18,enterprise,16,24,8,2,0,0,7.0,116,0.9078246099681214,0.99,0.08217539003187857,1,1,persuadable,0.3032,0,1,244,1,0
KESTREL-000059,18.6,48.51,pro,1,55,4,1,1,0,,60,0.7885653500415739,0.9694882074180904,0.18092285737651648,1,1,persuadable,0.932,1,1,566,1,1
KESTREL-000060,2.0,19.52,basic,4,67,5,0,1,0,5.0,12,0.8225179537326008,0.826878267769467,0.0043603140368662086,1,1,lost_cause,0.4222,1,1,61,1,1
KESTREL-000061,35.5,12.76,basic,10,19,2,1,0,1,8.0,300,0.9186973039858767,0.8604385610056591,-0.058258742980217604,1,1,sleeping_dog,0.791,1,1,1081,1,1
KESTREL-000062,22.0,20.81,basic,3,65,1,1,1,0,,71,0.8152778453585955,0.9112806860388778,0.09600284068028231,1,1,persuadable,0.1895,0,1,670,1,0
KESTREL-000063,15.9,32.99,pro,5,6,7,1,0,1,4.0,123,0.9184206606550201,0.9285825559699246,0.010161895314904412,1,1,lost_cause,0.4648,1,1,484,1,1
KESTREL-000064,17.8,13.15,basic,12,13,9,1,0,0,9.0,244,0.9432809817174687,0.9491699991929091,0.005889017475440461,1,1,sure_thing,0.861,1,1,542,1,0
KESTREL-000065,36.0,13.78,basic,10,22,2,0,1,0,,268,0.9504684422959343,0.953636350572194,0.003167908276259679,1,1,sure_thing,0.8192,1,1,1096,1,1
KESTREL-000066,1.2,52.29,pro,2,94,3,0,0,0,,5,0.8895325530285562,0.6924075461634426,-0.19712500686511358,1,0,sleeping_dog,0.5482,1,0,37,1,1
KESTREL-000067,11.8,35.69,pro,10,13,3,1,0,0,,93,0.8804212511717672,0.8781124107625661,-0.002308840409201096,1,1,lost_cause,0.56,1,1,359,1,1
KESTREL-000068,18.4,32.09,basic,4,41,2,1,0,0,4.0,148,0.9045430506069345,0.8729359546447925,-0.03160709596214206,1,1,lost_cause,0.2868,0,1,560,1,0
KESTREL-000069,7.9,58.98,pro,5,38,4,1,0,0,8.0,52,0.8691800029232917,0.8745710578748048,0.005391054951513152,0,0,lost_cause,0.8888,1,0,240,1,1
KESTREL-000070,18.9,19.21,basic,17,0,7,0,0,0,10.0,310,0.977219842520348,0.9700811600792763,-0.007138682441071742,1,1,sure_thing,0.4778,1,1,575,1,1
KESTREL-000071,34.6,10.17,basic,6,34,3,1,0,0,,197,0.913018853630527,0.8912886857161423,-0.021730167914384757,0,0,lost_cause,0.5978,1,0,1053,1,1
KESTREL-000072,15.9,14.23,basic,5,5,6,1,0,0,8.0,155,0.9014372451974351,0.9114456289720547,0.010008383774619656,1,1,lost_cause,0.2845,0,1,484,1,0
KESTREL-000073,15.3,25.26,basic,11,14,10,0,0,0,,167,0.9700918963789508,0.9669405248120798,-0.003151371566870953,1,1,sure_thing,0.0035,0,1,466,1,0
KESTREL-000074,7.6,192.0,enterprise,7,16,3,0,0,0,10.0,61,0.9465990400670473,0.9753090807614216,0.028710040694374328,1,1,sure_thing,0.4675,1,1,231,1,1
KESTREL-000075,23.0,17.49,basic,7,7,1,0,1,0,6.0,194,0.889237174571723,0.9045454788417335,0.015308304270010509,1,1,lost_cause,0.1532,0,1,700,1,0
KESTREL-000076,36.0,18.14,basic,3,24,5,1,0,1,6.0,161,0.9549298265933637,0.9370491063069242,-0.0178807202864395,1,1,sure_thing,0.288,0,1,1096,1,0
KESTREL-000077,8.8,63.02,pro,6,8,4,2,0,0,8.0,83,0.8570655752015278,0.9761821410725351,0.11911656587100727,0,1,persuadable,0.3412,1,1,268,1,1
KESTREL-000078,24.6,43.27,pro,5,5,2,2,1,0,,196,0.7662803664554847,0.99,0.2237196335445153,1,1,persuadable,0.9725,1,1,749,1,1
KESTREL-000079,23.0,21.97,basic,8,62,3,0,2,0,9.0,167,0.8098014578800399,0.9753201476101376,0.16551868973009776,1,1,persuadable,0.3275,0,1,700,0,0
KESTREL-000080,18.9,58.32,pro,0,66,1,0,0,0,,50,0.8663150884983907,0.6953689926662017,-0.170946095832189,0,0,sleeping_dog,0.7685,1,0,575,1,0
KESTREL-000081,36.0,20.05,basic,6,21,4,1,0,0,,361,0.9353648318539493,0.9337746188145705,-0.001590213039378785,1,1,sure_thing,0.0532,0,1,1096,1,0
KESTREL-000082,36.0,13.29,basic,1,256,3,0,1,0,4.0,193,0.6768831876289411,0.4264114277719808,-0.25047175985696024,0,0,sleeping_dog,0.6852,1,0,1096,1,0
KESTREL-000083,26.5,185.02,enterprise,4,18,9,0,0,1,,299,0.9653307798792435,0.99,0.024669220120756452,1,1,sure_thing,0.2395,0,1,807,1,0
KESTREL-000084,18.6,19.52,basic,30,24,24,0,0,0,7.0,491,0.99,0.99,0.0,1,1,sure_thing,0.7418,1,1,566,1,1
KESTREL-000085,10.8,21.12,basic,34,0,16,0,0,0,,306,0.99,0.99,0.0,1,1,sure_thing,0.2078,0,1,329,1,0
KESTREL-000086,35.1,53.61,pro,8,11,7,0,0,1,,420,0.9705369565059275,0.9451944525106609,-0.025342503995266608,1,1,sure_thing,0.0062,0,1,1068,1,0
KESTREL-000087,21.7,37.56,pro,9,9,6,1,1,0,8.0,179,0.8996322170959149,0.99,0.09036778290408509,0,1,persuadable,0.0478,0,0,661,1,0
KESTREL-000088,25.9,22.96,basic,1,38,3,1,0,0,,162,0.9165599745843221,0.9021608962612931,-0.014399078323029002,1,0,lost_cause,0.5528,1,0,788,1,1
KESTREL-000089,23.5,13.5,basic,7,3,3,0,1,1,8.0,203,0.8993428133972748,0.9070111430649686,0.007668329667693707,1,1,lost_cause,0.9245,1,1,715,1,1
KESTREL-000090,4.2,18.76,basic,2,8,1,0,0,0,,10,0.8503966339150505,0.8000580439493113,-0.050338589965739144,0,0,sleeping_dog,0.4828,1,0,128,0,0
KESTREL-000091,29.1,44.77,pro,4,81,2,2,0,0,,165,0.8392478316603211,0.8647166961437573,0.025468864483436215,1,1,lost_cause,0.3862,1,1,886,1,0
KESTREL-000092,1.7,23.42,basic,6,14,3,0,0,0,,14,0.9394646916279609,0.903576699028811,-0.035887992599149876,1,1,sure_thing,0.2212,0,1,52,1,0
KESTREL-000093,16.9,17.01,basic,14,13,10,2,0,1,7.0,220,0.9475506581945962,0.9839702494664451,0.036419591271848906,1,1,sure_thing,0.4532,1,1,514,1,1
KESTREL-000094,36.0,20.01,basic,7,2,1,0,0,0,7.0,291,0.95650171039538,0.9131596558461152,-0.043342054549264764,1,1,sure_thing,0.3113,0,1,1096,1,0
KESTREL-000095,25.5,42.21,pro,3,36,5,2,0,0,,195,0.8275294745836943,0.9297573166186444,0.10222784203495006,1,1,persuadable,0.6202,1,1,776,1,1
KESTREL-000096,36.0,42.66,pro,0,283,0,0,1,0,,128,0.7659718026804865,0.5461270649927373,-0.21984473768774915,0,0,sleeping_dog,0.5815,1,0,1096,1,1
KESTREL-000097,27.5,18.23,basic,19,41,11,1,0,0,,417,0.9713180899168167,0.9724668821357477,0.0011487922189310495,1,1,sure_thing,0.4392,1,1,837,1,1
KESTREL-000098,8.8,16.58,basic,19,11,6,1,1,0,,95,0.9098602778563812,0.9665065333701618,0.05664625551378055,1,1,persuadable,0.8022,1,1,268,1,1
KESTREL-000099,29.8,20.49,basic,32,0,19,0,0,0,10.0,958,0.99,0.99,0.0,1,1,sure_thing,0.3713,1,1,907,1,1
KESTREL-000100,20.4,44.37,pro,38,9,14,0,0,0,,494,0.99,0.99,0.0,1,1,sure_thing,0.6515,1,1,621,1,1
KESTREL-000101,11.2,146.42,enterprise,22,17,8,1,0,1,7.0,129,0.9702855733017737,0.99,0.019714426698226317,1,1,sure_thing,0.2828,0,1,341,1,0
KESTREL-000102,32.7,19.69,basic,6,85,7,0,0,0,7.0,251,0.9460689628982306,0.8497659209400035,-0.09630304195822714,1,1,sleeping_dog,0.05,0,1,995,1,0
KESTREL-000103,10.6,132.77,enterprise,13,8,4,2,1,0,8.0,113,0.8616094722235151,0.99,0.12839052777648485,1,1,persuadable,0.5458,1,1,323,1,1
KESTREL-000104,36.0,31.74,basic,2,28,4,1,0,0,,226,0.9561370055780407,0.9612557154118451,0.005118709833804358,1,1,sure_thing,0.7892,1,1,1096,1,1
KESTREL-000105,9.8,14.36,basic,9,8,3,0,1,1,7.0,110,0.9102318972313634,0.9101935397897446,-3.835744161884147e-05,1,1,lost_cause,0.7668,1,1,298,1,1
KESTREL-000106,8.2,59.48,pro,4,44,2,1,0,0,,50,0.8583880146791516,0.8370949856536302,-0.021293029025521437,1,1,lost_cause,0.701,1,1,250,1,1
KESTREL-000107,15.8,136.98,enterprise,7,6,5,0,0,0,7.0,156,0.9675310696262165,0.9777608616222145,0.01022979199599805,1,1,sure_thing,0.7432,1,1,481,1,1
KESTREL-000108,13.7,15.94,basic,8,32,1,1,1,1,5.0,109,0.8076443004521264,0.8713946273129229,0.06375032686079651,1,1,persuadable,0.6565,1,1,417,1,1
KESTREL-000109,21.9,18.3,basic,15,26,7,0,0,0,,375,0.9749216276712385,0.9570008523759058,-0.017920775295332647,1,1,sure_thing,0.5098,1,1,667,1,1
KESTREL-000110,24.9,154.59,enterprise,11,0,5,0,0,0,,386,0.9773030690406085,0.99,0.012696930959391506,1,1,sure_thing,0.691,1,1,758,1,1
KESTREL-000111,36.0,20.29,basic,12,1,5,0,0,0,,296,0.9827921814967179,0.9693913599098767,-0.013400821586841194,1,1,sure_thing,0.521,1,1,1096,1,0
KESTREL-000112,26.0,39.16,pro,0,95,3,1,0,0,,99,0.886360087965166,0.7707479483267611,-0.11561213963840489,1,1,sleeping_dog,0.5008,1,1,791,1,0
KESTREL-000113,22.4,13.17,basic,8,30,6,0,1,0,,234,0.907954895117129,0.9276215999347234,0.01966670481759436,1,1,lost_cause,0.343,1,1,682,1,1
KESTREL-000114,20.9,59.13,pro,14,9,6,1,0,0,8.0,308,0.9580235915972635,0.9697632071218272,0.011739615524563707,1,1,sure_thing,0.847,1,1,636,1,1
KESTREL-000115,13.4,149.51,enterprise,12,9,2,0,0,0,,135,0.9785940003486175,0.9591079492530183,-0.0194860510955992,1,1,sure_thing,0.4458,1,1,408,1,1
KESTREL-000116,12.9,45.09,pro,10,28,2,1,2,0,,122,0.5856152304416986,0.8568501862423059,0.2712349558006073,0,0,persuadable,0.9908,1,0,393,1,1
KESTREL-000117,14.0,17.01,basic,6,114,3,3,0,0,,65,0.6335010652988121,0.7267433974332776,0.09324233213446553,1,1,persuadable,0.982,1,1,426,1,1
KESTREL-000118,31.3,15.2,basic,3,158,3,0,1,0,,167,0.7521543980323477,0.5408890414540999,-0.21126535657824785,0,0,sleeping_dog,0.8775,1,0,953,1,0
KESTREL-000119,16.9,19.37,basic,27,4,9,1,1,0,,414,0.9638450693567582,0.99,0.026154930643241814,1,1,sure_thing,0.3147,0,1,514,1,0
KESTREL-000120,21.2,18.4,basic,7,99,2,0,0,0,5.0,95,0.9196150913262707,0.6898518745390398,-0.22976321678723088,1,0,sleeping_dog,0.7358,1,0,645,1,0
KESTREL-000121,8.0,56.97,pro,3,55,2,1,0,0,4.0,36,0.8568905185291565,0.8170151070063676,-0.03987541152278895,1,1,lost_cause,0.897,1,1,244,1,1
KESTREL-000122,14.0,15.83,basic,7,13,4,2,0,0,,104,0.8996002983402445,0.9549029939977675,0.05530269565752299,1,1,persuadable,0.7002,1,1,426,1,0
KESTREL-000123,21.6,89.82,pro,6,88,4,2,0,0,5.0,150,0.8206457496741499,0.9193467221119903,0.09870097243784037,1,1,persuadable,0.5195,1,1,658,1,1
KESTREL-000124,36.0,16.57,basic,0,119,1,0,0,0,5.0,82,0.8942577599789531,0.6291735694531695,-0.2650841905257836,1,1,sleeping_dog,0.3438,1,1,1096,1,1
KESTREL-000125,36.0,33.33,basic,20,1,12,0,0,0,,454,0.9876605681660792,0.9870340037809353,-0.0006265643851438574,1,1,sure_thing,0.1935,0,1,1096,1,0
KESTREL-000126,18.3,49.61,pro,6,69,4,2,0,0,6.0,102,0.8967270053044079,0.9643064530580663,0.06757944775365843,1,1,persuadable,0.3725,1,1,557,1,1
KESTREL-000127,33.7,17.59,basic,9,31,5,1,0,0,,349,0.917329958789849,0.911030182059084,-0.006299776730764983,1,1,lost_cause,0.22,0,1,1026,1,0
KESTREL-000128,36.0,22.24,basic,3,63,0,0,0,0,,147,0.9348698921681812,0.7434909229747187,-0.19137896919346242,1,1,sleeping_dog,0.7398,1,1,1096,1,0
KESTREL-000129,25.3,16.52,basic,18,11,5,1,1,0,8.0,305,0.9246533559186652,0.9843567260445772,0.05970337012591209,1,1,persuadable,0.4418,1,1,770,1,0
KESTREL-000130,21.5,20.75,basic,9,27,3,1,0,0,7.0,247,0.9264376848957736,0.9109776152868403,-0.015460069608933313,1,1,sure_thing,0.3405,1,1,654,1,0
KESTREL-000131,25.7,136.04,enterprise,9,5,0,0,0,0,,258,0.970505496953033,0.9304568129261874,-0.04004868402684558,1,1,sure_thing,0.3498,1,1,782,1,1
KESTREL-000132,25.6,17.28,basic,7,9,6,1,0,0,10.0,284,0.944962532967003,0.9526222924623668,0.007659759495363794,1,1,sure_thing,0.2738,1,1,779,1,1
KESTREL-000133,30.1,39.02,pro,7,34,2,0,2,0,,252,0.8968341377076798,0.99,0.09316586229232016,1,1,persuadable,0.9515,1,1,916,1,0
KESTREL-000134,11.0,17.36,basic,11,7,7,0,0,0,,165,0.9490574044669267,0.9405309921090165,-0.008526412357910185,1,1,sure_thing,0.2065,0,1,335,1,0
KESTREL-000135,36.0,25.5,basic,5,74,3,0,0,0,8.0,290,0.9517245849202035,0.797247772538624,-0.1544768123815795,1,1,sleeping_dog,0.3228,0,1,1096,1,0
KESTREL-000136,28.9,27.84,basic,25,10,13,0,0,0,,590,0.99,0.99,0.0,1,1,sure_thing,0.15,0,1,880,1,0
KESTREL-000137,19.5,48.6,pro,39,4,22,0,0,1,,717,0.99,0.99,0.0,1,1,sure_thing,0.1535,0,1,594,0,0
KESTREL-000138,36.0,15.28,basic,12,15,7,1,0,0,8.0,404,0.9637448709888308,0.966939988959844,0.0031951179710132394,1,1,sure_thing,0.2032,0,1,1096,1,0
KESTREL-000139,36.0,15.44,basic,10,5,9,0,0,0,,479,0.9746811365449871,0.9712935727718214,-0.003387563773165736,1,1,sure_thing,0.429,1,1,1096,1,1
KESTREL-000140,24.2,14.39,basic,6,16,0,2,0,1,,129,0.8319312128052522,0.8418745972466212,0.009943384441368996,1,1,lost_cause,0.4878,1,1,737,1,1
KESTREL-000141,31.0,15.71,basic,5,0,2,0,1,0,,215,0.8956100440162804,0.922077965149011,0.026467921132730554,1,1,lost_cause,0.575,1,1,944,1,1
KESTREL-000142,36.0,43.63,pro,3,28,5,0,0,0,,271,0.9516391731448717,0.9229288781877005,-0.028710294957171145,1,1,sure_thing,0.0795,1,1,1096,1,1
KESTREL-000143,13.4,22.43,basic,19,20,6,0,1,1,10.0,270,0.9444042170844454,0.9418983054609734,-0.0025059116234720236,1,1,sure_thing,0.4018,1,1,408,1,0
KESTREL-000144,36.0,14.88,basic,79,1,22,0,0,0,7.0,1723,0.99,0.99,0.0,1,1,sure_thing,0.3372,0,1,1096,1,0
KESTREL-000145,31.9,18.85,basic,4,2,5,1,0,1,,224,0.9298970899255382,0.9293375433477464,-0.0005595465777917807,1,1,sure_thing,0.936,1,1,971,1,0
KESTREL-000146,35.4,33.6,basic,7,9,3,0,1,0,,298,0.9201558784047027,0.9532707781631291,0.03311489975842641,1,1,sure_thing,0.5635,1,1,1078,1,1
KESTREL-000147,12.6,51.0,pro,7,8,5,0,0,0,,146,0.9359237056597868,0.9222909806582266,-0.013632725001560209,1,1,sure_thing,0.4658,1,1,384,1,0
KESTREL-000148,36.0,17.77,basic,10,4,1,0,0,0,8.0,428,0.9691212944661969,0.9223306326954702,-0.04679066177072666,1,1,sure_thing,0.366,1,1,1096,1,0
KESTREL-000149,36.0,19.4,basic,7,20,8,2,0,0,,399,0.9008158210487472,0.9636884236387901,0.0628726025900429,1,1,persuadable,0.2045,0,1,1096,1,0
KESTREL-000150,25.0,34.01,pro,16,7,9,0,0,0,,421,0.9785360805262889,0.9745186210487958,-0.004017459477493102,1,1,sure_thing,0.415,1,1,761,1,1
KESTREL-000151,29.0,55.11,pro,47,0,17,0,0,0,,954,0.99,0.99,0.0,1,1,sure_thing,0.4598,1,1,883,1,1
KESTREL-000152,3.4,31.17,pro,8,25,3,0,0,1,7.0,25,0.9124397972715673,0.8041297891843232,-0.10831000808724411,1,1,sleeping_dog,0.3797,1,1,103,1,0
KESTREL-000153,15.4,25.4,basic,11,6,14,0,1,0,,225,0.950407597972108,0.9789359564458405,0.028528358473732474,0,1,sure_thing,0.9208,0,0,469,1,0
KESTREL-000154,23.1,11.0,basic,55,3,27,1,0,0,10.0,960,0.99,0.99,0.0,1,1,sure_thing,0.703,1,1,703,1,1
KESTREL-000155,36.0,18.48,basic,3,29,2,0,0,0,,313,0.9513254950306171,0.8800842492219045,-0.0712412458087126,1,1,sleeping_dog,0.6245,1,1,1096,1,0
KESTREL-000156,8.5,38.35,pro,7,9,5,2,1,1,,78,0.7843766479794106,0.99,0.20562335202058935,1,1,persuadable,0.727,1,1,259,0,1
KESTREL-000157,36.0,20.2,basic,8,32,4,1,0,0,,423,0.9422935339128088,0.9309425832966103,-0.011350950616198507,1,0,sure_thing,0.9078,1,0,1096,1,1
KESTREL-000158,36.0,54.68,pro,8,21,3,0,0,0,,170,0.9588213725184216,0.9162497483825333,-0.04257162413588833,1,1,sure_thing,0.503,1,1,1096,1,1
KESTREL-000159,14.0,18.5,basic,1,16,3,1,0,1,,53,0.8661266386282256,0.8395530749799175,-0.026573563648308096,1,1,lost_cause,0.4912,1,1,426,1,1
KESTREL-000160,18.1,118.75,enterprise,13,9,7,0,0,1,,288,0.9807480653309347,0.964624857465633,-0.016123207865301747,1,1,sure_thing,0.3215,0,1,551,1,0
KESTREL-000161,36.0,25.49,basic,6,2,5,1,0,0,,311,0.9548511322416231,0.9658527084215213,0.011001576179898165,1,1,sure_thing,0.1925,0,1,1096,1,0
KESTREL-000162,17.2,17.67,basic,7,103,3,2,1,0,,129,0.6919959679828562,0.877039971977401,0.1850440039945448,1,1,persuadable,0.9655,1,1,524,0,0
KESTREL-000163,17.7,29.52,basic,6,32,3,1,0,0,,183,0.8680604168150359,0.8543844147425933,-0.013676002072442572,1,1,lost_cause,0.8655,1,1,539,1,1
KESTREL-000164,26.1,21.67,basic,0,194,1,0,1,0,,75,0.6078327765614854,0.3747233921392572,-0.23310938442222817,1,1,sleeping_dog,0.9968,1,1,794,1,1
KESTREL-000165,13.4,129.49,enterprise,7,1,7,0,0,1,4.0,124,0.9678631372519197,0.9699034602068369,0.002040322954917184,1,1,sure_thing,0.031,0,1,408,1,0
KESTREL-000166,36.0,18.79,basic,23,9,9,0,1,0,,626,0.9704844869346306,0.978885112930108,0.008400625995477418,1,1,sure_thing,0.3582,1,1,1096,1,1
KESTREL-000167,16.0,15.93,basic,21,9,6,1,0,0,,271,0.9642062854428635,0.9619389045481801,-0.0022673808946833685,1,1,sure_thing,0.7255,1,1,487,1,0
KESTREL-000168,36.0,20.48,basic,17,10,5,0,0,1,10.0,520,0.9870261553990028,0.9384297096010197,-0.04859644579798317,1,1,sure_thing,0.4245,1,1,1096,1,1
KESTREL-000169,28.8,40.58,pro,3,173,1,2,0,0,,135,0.7935587079863105,0.6282301829048029,-0.16532852508150753,1,1,sleeping_dog,0.4212,1,1,877,1,1
KESTREL-000170,17.2,14.18,basic,10,19,6,0,0,0,5.0,180,0.9331277956011791,0.9146568013639871,-0.018470994237192007,1,1,sure_thing,0.7775,1,1,524,1,1
KESTREL-000171,31.6,49.48,pro,8,0,4,0,0,0,,232,0.9792496441437921,0.9645196317705997,-0.01473001237319238,1,1,sure_thing,0.693,1,1,962,1,1
KESTREL-000172,14.7,46.64,pro,6,7,4,0,1,0,,87,0.9239120603683054,0.9745356736906859,0.05062361332238052,1,1,persuadable,0.3925,1,1,447,1,1
KESTREL-000173,27.3,123.52,enterprise,2,22,3,2,1,0,,104,0.8095218306046681,0.99,0.1804781693953319,1,1,persuadable,0.885,1,1,831,1,1
KESTREL-000174,36.0,47.37,pro,6,8,5,1,0,0,7.0,389,0.9686856223375055,0.987092896378697,0.018407274041191468,1,1,sure_thing,0.362,1,1,1096,1,1
KESTREL-000175,12.1,38.27,pro,9,27,9,1,0,0,,158,0.9438850040157948,0.9572169874698679,0.01333198345407316,1,1,sure_thing,0.2878,0,1,368,1,0
KESTREL-000176,36.0,18.12,basic,8,17,4,1,0,0,,298,0.9347473235225119,0.9324456903505521,-0.0023016331719597494,1,1,sure_thing,0.393,1,1,1096,1,1
KESTREL-000177,14.1,42.96,pro,7,0,8,0,0,0,,175,0.96108890610045,0.9595705402913729,-0.001518365809077049,1,1,sure_thing,0.212,0,1,429,1,0
KESTREL-000178,26.8,19.22,basic,7,15,5,0,0,0,7.0,233,0.9385995565765418,0.9176787245698251,-0.020920832006716683,1,1,sure_thing,0.1765,0,1,816,1,0
KESTREL-000179,17.1,34.58,pro,12,6,5,1,1,0,,196,0.8944038550815563,0.99,0.0955961449184437,1,1,persuadable,0.6192,1,1,521,1,1
KESTREL-000180,36.0,52.15,pro,15,0,8,1,0,0,,445,0.9724189395103934,0.9848076366329397,0.01238869712254631,1,1,sure_thing,0.4105,1,1,1096,1,1
KESTREL-000181,29.5,48.45,pro,5,19,2,0,0,0,,201,0.9429891460994319,0.8911574580227942,-0.05183168807663763,1,1,sleeping_dog,0.4468,1,1,898,1,1
KESTREL-000182,12.1,16.43,basic,7,11,6,0,0,0,9.0,141,0.9404428759777399,0.9272698190965868,-0.013173056881153111,1,1,sure_thing,0.5853,1,1,368,1,0
KESTREL-000183,36.0,17.57,basic,5,0,5,0,0,0,,512,0.9779332998046661,0.96640080956977,-0.011532490234896109,1,1,sure_thing,0.2562,0,1,1096,1,0
KESTREL-000184,26.2,24.17,basic,2,22,3,0,0,0,,197,0.936892638149298,0.8923461045783461,-0.04454653357095195,1,1,sure_thing,0.3792,1,1,798,1,1
KESTREL-000185,32.4,41.12,pro,12,4,12,0,0,1,10.0,441,0.9695302921599026,0.9665806838352373,-0.002949608324665287,1,1,sure_thing,0.8352,1,1,986,1,1
KESTREL-000186,9.8,45.87,pro,8,0,4,0,0,0,,105,0.9434498366512177,0.9283759889353705,-0.015073847715847188,1,1,sure_thing,0.834,1,1,298,1,1
KESTREL-000187,17.9,22.33,basic,11,1,7,0,0,0,8.0,151,0.9534369030957153,0.9470104602254342,-0.006426442870281046,1,1,sure_thing,0.416,1,1,545,1,0
KESTREL-000188,25.3,16.39,basic,5,48,1,1,1,1,3.0,123,0.7280902934864802,0.784661352327619,0.05657105884113878,0,0,persuadable,0.642,1,0,770,1,0
KESTREL-000189,10.1,64.11,pro,10,56,6,0,0,0,,122,0.9468022051982372,0.8918105694101095,-0.05499163578812771,1,1,sleeping_dog,0.7968,1,1,307,1,0
KESTREL-000190,36.0,19.26,basic,7,23,3,1,1,0,,375,0.836635292637027,0.9494682952590435,0.11283300262201656,1,1,persuadable,0.62,1,1,1096,1,0
KESTREL-000191,20.3,15.39,basic,16,4,9,1,0,0,9.0,293,0.9710267675807875,0.9755920918692631,0.0045653242884755585,1,1,sure_thing,0.2345,0,1,618,1,0
KESTREL-000192,14.8,22.18,basic,2,9,8,2,0,0,,133,0.8290708960382466,0.9190331366149507,0.0899622405767041,1,1,persuadable,0.939,1,1,451,1,1
KESTREL-000193,20.8,34.39,pro,21,4,9,0,0,0,,343,0.98627484810778,0.9821698645322963,-0.004104983575483723,1,1,sure_thing,0.419,1,1,633,1,1
KESTREL-000194,29.3,138.65,enterprise,0,237,1,0,1,0,,103,0.7669400325583716,0.6803948089539114,-0.08654522360446026,1,0,sleeping_dog,0.8302,1,0,892,1,1
KESTREL-000195,24.0,47.35,pro,4,22,0,1,1,0,,91,0.8020203066548491,0.9631978174443299,0.16117751078948073,1,1,persuadable,0.398,1,1,731,1,1
KESTREL-000196,21.8,19.2,basic,6,14,2,1,1,0,,180,0.8745232134996362,0.99,0.11547678650036375,1,1,persuadable,0.3292,0,1,664,1,0
KESTREL-000197,2.5,41.51,pro,5,6,1,0,0,0,2.0,14,0.9032814190382393,0.8568845054639186,-0.04639691357432074,0,0,lost_cause,0.5698,1,0,76,1,1
KESTREL-000198,8.6,18.21,basic,6,38,4,0,0,0,,88,0.8638788201352684,0.8068831684407408,-0.05699565169452758,1,1,sleeping_dog,0.795,1,1,262,1,1
KESTREL-000199,36.0,14.49,basic,7,19,1,1,0,1,8.0,350,0.9156152419537017,0.8437182011400509,-0.07189704081365078,1,1,sleeping_dog,0.3708,1,1,1096,1,1
KESTREL-000200,36.0,42.77,pro,3,81,4,1,0,0,,233,0.9193987013713106,0.853443981250844,-0.06595472012046666,1,1,sleeping_dog,0.6085,1,1,1096,1,1
KESTREL-000201,24.6,144.39,enterprise,9,5,3,1,0,0,8.0,268,0.9510364674780631,0.99,0.03896353252193685,1,1,sure_thing,0.466,1,1,749,1,1
KESTREL-000202,8.5,17.68,basic,9,21,5,1,0,0,8.0,69,0.8609630233247739,0.8598304798829837,-0.001132543441790257,0,0,lost_cause,0.7408,1,0,259,1,1
KESTREL-000203,12.9,21.66,basic,1,30,1,0,1,0,8.0,66,0.8467354104855982,0.8643828979959521,0.017647487510353943,1,1,lost_cause,0.5255,1,1,393,1,1
KESTREL-000204,36.0,60.44,pro,8,2,4,0,1,0,,268,0.9378719766409116,0.99,0.05212802335908839,1,1,persuadable,0.6542,1,1,1096,1,1
KESTREL-000205,19.0,18.74,basic,13,8,4,0,0,0,,174,0.9687896836858824,0.9452896064509391,-0.023500077234943295,1,1,sure_thing,0.491,1,1,578,1,0
KESTREL-000206,36.0,61.12,pro,14,42,6,2,1,0,,436,0.9270626097589426,0.99,0.06293739024105738,1,1,persuadable,0.008,0,1,1096,1,0
KESTREL-000207,25.3,52.99,pro,8,15,1,0,1,1,6.0,214,0.918324522719416,0.918953508187193,0.0006289854677770101,1,1,lost_cause,0.6388,1,1,770,1,1
KESTREL-000208,29.0,18.5,basic,15,7,5,0,0,0,9.0,508,0.9769856315245741,0.9598574423347783,-0.01712818918979575,1,1,sure_thing,0.1003,0,1,883,1,0
KESTREL-000209,12.6,20.21,basic,5,280,2,0,1,0,,70,0.6471433233498236,0.3883498964927687,-0.2587934268570549,0,0,sleeping_dog,0.9625,1,0,384,1,0
KESTREL-000210,6.3,56.58,pro,5,1,1,1,1,0,8.0,53,0.7229035098262336,0.9026286997090959,0.17972518988286224,1,1,persuadable,0.8708,1,1,192,1,1
KESTREL-000211,16.0,24.81,basic,1,2,2,1,0,1,4.0,87,0.904048833946482,0.887115449194093,-0.016933384752388925,1,1,lost_cause,0.8062,1,1,487,1,1
KESTREL-000212,13.8,42.76,pro,5,4,4,1,0,0,,117,0.9231774387712849,0.9397876440578905,0.016610205286605617,1,1,sure_thing,0.1905,0,1,420,1,0
KESTREL-000213,26.7,18.99,basic,15,40,6,0,0,0,,383,0.9818214114530385,0.9445313009041825,-0.037290110548856004,1,1,sure_thing,0.4272,1,1,813,1,1
KESTREL-000214,13.2,158.23,enterprise,10,53,4,0,0,0,7.0,117,0.9702742668318911,0.9156011536343646,-0.054673113197526546,1,1,sleeping_dog,0.6035,0,1,402,1,0
KESTREL-000215,11.8,58.42,pro,8,11,2,1,0,0,,94,0.9099041867758569,0.9156021611170141,0.005697974341157153,1,1,lost_cause,0.1862,0,1,359,1,0
KESTREL-000216,30.0,16.94,basic,7,12,3,0,0,0,8.0,257,0.9595520963627523,0.9252245884014125,-0.034327507961339765,1,1,sure_thing,0.5148,1,1,913,1,0
KESTREL-000217,23.3,57.28,pro,5,13,2,2,0,0,,154,0.8784807710975602,0.9890859016299935,0.11060513053243337,1,1,persuadable,0.2507,0,1,709,1,0
KESTREL-000218,5.6,52.82,pro,17,19,8,0,1,0,10.0,66,0.9314533113964781,0.9582379757077161,0.026784664311237938,1,1,sure_thing,0.8365,1,1,170,1,1
KESTREL-000219,28.5,136.17,enterprise,2,68,2,1,1,1,,214,0.85742488156822,0.99,0.13257511843177994,1,1,persuadable,0.2218,0,1,868,1,0
KESTREL-000220,36.0,47.66,pro,9,3,4,2,0,0,,298,0.9336275705183402,0.99,0.05637242948165977,1,1,persuadable,0.6602,1,1,1096,1,0
KESTREL-000221,11.2,20.01,basic,18,18,10,0,0,0,9.0,199,0.9692347001141424,0.9640730415580362,-0.0051616585561061745,1,1,sure_thing,0.6582,1,1,341,1,1
KESTREL-000222,7.1,23.41,basic,4,3,7,0,1,0,,95,0.8844317195260754,0.9273526636912698,0.04292094416519443,1,1,lost_cause,0.6105,1,1,216,1,1
KESTREL-000223,28.8,55.51,pro,5,8,3,0,0,0,,221,0.9622197944962472,0.9363518360781061,-0.025867958418141046,1,1,sure_thing,0.3608,1,1,877,1,1
KESTREL-000224,32.2,43.32,pro,4,26,2,0,1,1,,327,0.8991720738123073,0.9027534037814896,0.0035813299691822564,1,1,lost_cause,0.7155,1,1,980,1,1
KESTREL-000225,36.0,72.53,pro,14,9,7,0,0,1,,475,0.9813636102766878,0.9572482217140681,-0.024115388562619744,1,1,sure_thing,0.0442,0,1,1096,1,0
KESTREL-000226,8.1,17.24,basic,4,46,5,0,1,0,,48,0.8663680604255248,0.8871962489364634,0.020828188510938594,1,1,lost_cause,0.734,1,1,247,1,1
KESTREL-000227,10.9,36.92,pro,52,0,17,0,0,1,10.0,420,0.99,0.99,0.0,1,1,sure_thing,0.1278,0,1,332,1,0
KESTREL-000228,34.0,22.03,basic,15,9,10,0,0,0,,458,0.9869341532575818,0.9838395286053236,-0.003094624652258182,1,1,sure_thing,0.6558,1,1,1035,0,0
KESTREL-000229,25.8,15.4,basic,9,52,3,0,0,0,,211,0.9567789485349436,0.8542333930584509,-0.10254555547649269,1,1,sleeping_dog,0.1325,0,1,785,1,0
KESTREL-000230,36.0,15.31,basic,59,2,23,0,0,0,10.0,1391,0.99,0.99,0.0,1,1,sure_thing,0.6288,1,1,1096,1,1
KESTREL-000231,30.1,27.56,basic,23,8,22,0,0,0,10.0,639,0.99,0.99,0.0,1,1,sure_thing,0.589,1,1,916,1,0
KESTREL-000232,36.0,51.32,pro,16,29,6,0,1,0,9.0,422,0.9662572095538723,0.9891032177391744,0.022846008185302136,1,1,sure_thing,0.9425,1,1,1096,1,0
KESTREL-000233,22.7,51.4,pro,7,11,3,0,0,0,7.0,203,0.9630173300727869,0.9325563527050968,-0.030460977367690045,1,1,sure_thing,0.6342,1,1,691,1,1
KESTREL-000234,12.3,17.0,basic,1,27,1,2,0,0,,75,0.7209430157336798,0.7871072951300191,0.06616427939633929,0,1,persuadable,0.6028,1,1,374,1,1
KESTREL-000235,5.9,45.21,pro,22,13,11,0,0,1,,119,0.9865521120605875,0.9771915971904462,-0.009360514870141223,1,1,sure_thing,0.443,1,1,180,1,1
KESTREL-000236,18.9,26.39,pro,3,14,4,0,0,0,,118,0.9342673497870276,0.9086830240736139,-0.025584325713413736,1,1,sure_thing,0.08,0,1,575,1,0
KESTREL-000237,16.3,19.75,basic,10,2,5,1,0,0,,152,0.9336853050043391,0.9384280753190121,0.004742770314672962,1,1,sure_thing,0.6142,1,1,496,1,1
KESTREL-000238,26.3,20.8,basic,12,18,2,1,0,0,9.0,307,0.9494902112960569,0.9313883537621511,-0.018101857533905807,1,1,sure_thing,0.7025,1,1,801,1,1
KESTREL-000239,10.4,19.32,basic,3,15,1,1,0,0,,74,0.8618980372811226,0.8483129930815817,-0.013585044199540874,0,0,lost_cause,0.3315,0,0,317,1,0
KESTREL-000240,36.0,20.7,basic,1,365,1,0,1,0,,95,0.5739901494469186,0.32759414510342644,-0.24639600434349218,1,0,sleeping_dog,0.9748,1,0,1096,1,0
KESTREL-000241,7.6,26.45,basic,7,16,10,0,0,1,8.0,82,0.949460904109816,0.9371008773898782,-0.012360026719937744,1,1,sure_thing,0.4432,1,1,231,1,1
KESTREL-000242,36.0,21.82,basic,4,22,1,1,1,0,4.0,192,0.8002291935095971,0.9287436438094505,0.12851445029985342,0,0,persuadable,0.7185,1,0,1096,1,0
KESTREL-000243,23.6,15.72,basic,6,29,8,0,0,1,,169,0.9634915783795357,0.9261910055949155,-0.03730057278462018,1,1,sure_thing,0.9808,1,1,718,1,0
KESTREL-000244,36.0,46.4,pro,14,10,10,0,0,0,8.0,461,0.9745488430434593,0.9725666160554516,-0.0019822269880077625,1,1,sure_thing,0.28,0,1,1096,0,0
KESTREL-000245,5.7,42.88,pro,0,8,3,0,0,0,,7,0.8748007142998456,0.8501083400136576,-0.02469237428618798,1,1,lost_cause,0.428,1,1,174,1,0
KESTREL-000246,17.5,15.92,basic,20,18,4,3,0,0,7.0,203,0.8886299866220926,0.9816748787201148,0.09304489209802225,1,1,persuadable,0.043,1,1,533,0,1
KESTREL-000247,18.9,47.3,pro,8,20,7,1,1,0,7.0,212,0.9133408980916984,0.99,0.07665910190830161,1,1,persuadable,0.2915,0,1,575,1,0
KESTREL-000248,36.0,21.69,basic,19,11,7,1,0,0,,577,0.9802228953271106,0.9808631199538321,0.0006402246267215306,1,1,sure_thing,0.0412,0,1,1096,1,0
KESTREL-000249,22.4,42.81,pro,19,7,5,0,0,0,,346,0.979028615220592,0.9621687082485221,-0.01685990697206996,1,1,sure_thing,0.3845,0,1,682,1,0
KESTREL-000250,17.5,11.89,basic,13,6,8,1,0,0,,201,0.9585695042540895,0.9633467426136612,0.004777238359571667,1,1,sure_thing,0.0988,0,1,533,1,0
KESTREL-000251,31.3,19.73,basic,16,1,6,1,0,1,9.0,415,0.9729760405400775,0.966270388664726,-0.006705651875351437,1,1,sure_thing,0.197,0,1,953,1,0
KESTREL-000252,36.0,104.64,enterprise,2,302,2,0,0,0,,241,0.8558988133044422,0.578942283744146,-0.27695652956029615,0,0,sleeping_dog,0.9172,1,0,1096,1,0
KESTREL-000253,27.8,14.2,basic,5,10,2,0,0,0,,178,0.9547162190238785,0.9126129968277448,-0.042103222196133716,1,1,sure_thing,0.4162,1,1,846,1,1
KESTREL-000254,13.9,175.98,enterprise,19,3,5,1,0,0,,178,0.9810166910358632,0.99,0.008983308964136794,1,1,sure_thing,0.6305,1,1,423,1,1
KESTREL-000255,11.0,29.75,basic,17,0,9,0,0,0,10.0,203,0.9627053663216139,0.9596199892918361,-0.003085377029777736,1,1,sure_thing,0.2862,0,1,335,1,0
KESTREL-000256,14.6,11.37,basic,6,70,3,0,0,0,4.0,81,0.875636721561824,0.7299382393388409,-0.1456984822229831,1,1,sleeping_dog,0.9075,1,1,444,1,0
KESTREL-000257,34.5,19.98,basic,3,200,1,0,0,1,,241,0.9155112780808279,0.6206207843433882,-0.2948904937374397,1,1,sleeping_dog,0.3738,1,1,1050,0,1
KESTREL-000258,36.0,25.91,basic,11,44,2,0,0,0,6.0,249,0.9630260000665138,0.8586707965875379,-0.10435520347897598,1,1,sleeping_dog,0.436,1,1,1096,1,1
KESTREL-000259,19.1,26.56,basic,6,85,3,1,0,1,,133,0.8617855020861875,0.6803906339225239,-0.18139486816366368,1,1,sleeping_dog,0.379,1,1,581,1,1
KESTREL-000260,5.8,32.62,pro,1,78,3,2,1,0,,16,0.526863690184546,0.7687787941162165,0.24191510393167048,1,1,persuadable,0.9972,1,1,177,1,0
KESTREL-000261,30.1,15.15,basic,4,60,3,3,1,0,,162,0.6655000264645288,0.9461408512061911,0.2806408247416623,1,1,persuadable,0.981,1,1,916,1,1
KESTREL-000262,5.9,21.64,basic,2,3,0,0,0,0,,24,0.8838768101273107,0.8278210051030566,-0.05605580502425411,1,1,sleeping_dog,0.1435,0,1,180,1,0
KESTREL-000263,36.0,46.78,pro,1,116,1,3,0,1,,186,0.7273411015297112,0.7634409367720112,0.03609983524229998,0,0,lost_cause,0.9135,1,0,1096,1,0
KESTREL-000264,21.9,25.39,basic,2,14,3,2,1,1,5.0,166,0.7798800558730838,0.99,0.21011994412691615,0,1,persuadable,0.4,1,1,667,1,1
KESTREL-000265,8.4,165.13,enterprise,6,73,6,0,0,0,,99,0.9488641305661847,0.905392802363973,-0.04347132820221167,1,1,sure_thing,0.0762,0,1,256,1,0
KESTREL-000266,16.0,15.99,basic,5,44,4,0,0,0,,88,0.9152798644169065,0.8481951662722936,-0.06708469814461282,1,1,sleeping_dog,0.374,1,1,487,1,1
KESTREL-000267,3.2,49.33,pro,2,36,1,2,1,1,4.0,6,0.6042026340599224,0.8489938779737136,0.24479124391379126,0,1,persuadable,0.973,1,1,97,1,0
KESTREL-000268,15.0,38.83,pro,10,70,4,0,0,0,,150,0.9171761515661473,0.7940797308919897,-0.1230964206741576,1,1,sleeping_dog,0.5682,1,1,457,1,0
KESTREL-000269,26.4,38.18,pro,9,22,4,0,0,0,,300,0.9568369262525735,0.9220787000024274,-0.03475822625014613,1,1,sure_thing,0.5718,1,1,804,1,1
KESTREL-000270,32.7,16.55,basic,6,3,3,1,0,0,7.0,259,0.910857870531167,0.9128216738896621,0.0019638033584951087,0,0,lost_cause,0.666,1,0,995,1,1
KESTREL-000271,18.2,81.36,enterprise,8,4,3,0,0,1,10.0,210,0.9753077503829836,0.916313602280956,-0.05899414810202752,1,0,sleeping_dog,0.5772,1,0,554,1,0
KESTREL-000272,5.0,124.65,enterprise,11,3,9,1,1,0,,73,0.852910836448361,0.99,0.13708916355163903,1,1,persuadable,0.5933,1,1,152,1,1
KESTREL-000273,26.7,17.78,basic,13,0,9,0,0,0,10.0,487,0.9821379790807185,0.9792056940147106,-0.002932285066007956,1,1,sure_thing,0.2975,0,1,813,1,0
KESTREL-000274,36.0,66.63,pro,51,0,22,0,0,0,,1096,0.99,0.99,0.0,1,1,sure_thing,0.3288,0,1,1096,1,0
KESTREL-000275,34.5,59.88,pro,20,1,11,0,0,1,,595,0.9876574012949413,0.9826708496510455,-0.004986551643895831,1,1,sure_thing,0.4475,1,1,1050,1,1
KESTREL-000276,12.7,18.41,basic,20,1,10,1,0,0,,224,0.9609742953993565,0.9647527909655003,0.003778495566143736,1,1,sure_thing,0.629,1,1,387,1,0
KESTREL-000277,6.2,64.71,pro,24,5,8,0,0,0,,158,0.9811113784452671,0.9755106770368124,-0.0056007014084547,1,1,sure_thing,0.784,0,1,189,1,0
KESTREL-000278,11.2,12.76,basic,3,44,2,2,0,0,,38,0.778191431841587,0.8229263662267101,0.044734934385123104,0,0,lost_cause,0.9472,0,0,341,1,0
KESTREL-000279,6.3,38.15,pro,4,34,4,2,0,0,,40,0.8561735974014241,0.9447899472787541,0.08861634987733003,1,1,persuadable,0.8518,1,1,192,1,1
KESTREL-000280,33.4,17.05,basic,4,6,4,0,0,1,6.0,239,0.9526887929572674,0.8993252435211562,-0.05336354943611121,1,1,sleeping_dog,0.8792,1,1,1017,1,1
KESTREL-000281,36.0,16.8,basic,2,249,2,1,0,0,5.0,140,0.7296705521861946,0.45228103253847063,-0.27738951964772396,1,0,sleeping_dog,0.9875,1,0,1096,1,0
KESTREL-000282,36.0,91.59,enterprise,7,40,1,0,0,0,8.0,250,0.9568201333767073,0.8509096737924235,-0.1059104595842838,1,1,sleeping_dog,0.6122,1,1,1096,1,0
KESTREL-000283,8.7,54.72,pro,6,19,3,1,1,1,5.0,62,0.797431338225515,0.9571710328262452,0.15973969460073012,1,1,persuadable,0.5317,1,1,265,1,1
KESTREL-000284,16.6,18.93,basic,11,40,9,1,0,0,10.0,141,0.9108691025186928,0.9138526839454955,0.0029835814268026617,1,1,lost_cause,0.1982,0,1,505,1,0
KESTREL-000285,36.0,60.98,pro,12,9,12,0,0,1,9.0,637,0.9774429078869605,0.9748954186333916,-0.0025474892535689575,1,1,sure_thing,0.3812,1,1,1096,1,1
KESTREL-000286,28.1,59.08,pro,1,6,4,3,0,0,3.0,145,0.8376606186994021,0.99,0.15233938130059788,1,1,persuadable,0.8558,1,1,855,1,0
KESTREL-000287,36.0,16.03,basic,8,25,4,0,0,0,,275,0.9527598657851842,0.9133927971972748,-0.03936706858790939,1,1,sure_thing,0.7505,1,1,1096,1,0
KESTREL-000288,18.6,136.31,enterprise,5,25,4,0,0,0,8.0,161,0.9513270884427946,0.9416978347414724,-0.009629253701322171,1,1,sure_thing,0.1138,0,1,566,1,0
KESTREL-000289,14.6,17.52,basic,14,49,7,2,0,0,,131,0.8978989768592845,0.928703963106939,0.030804986247654487,1,1,lost_cause,0.4768,1,1,444,1,0
KESTREL-000290,8.7,17.28,basic,9,9,7,1,0,1,10.0,121,0.9342196569786542,0.9328529730991068,-0.0013666838795474145,1,1,sure_thing,0.0288,0,1,265,1,0
KESTREL-000291,18.5,19.24,basic,4,36,3,1,0,0,,139,0.8269509179441851,0.8083320174228855,-0.018618900521299553,1,1,lost_cause,0.9442,1,1,563,1,0
KESTREL-000292,3.9,37.77,pro,32,20,14,0,0,1,,99,0.99,0.9856084369659731,-0.00439156303402688,1,1,sure_thing,0.4428,1,1,119,1,1
KESTREL-000293,14.7,41.45,pro,0,131,2,2,0,1,,38,0.6462928789057866,0.5200992395799984,-0.1261936393257882,1,0,sleeping_dog,0.9485,1,0,447,1,1
KESTREL-000294,8.1,48.47,pro,6,13,8,0,0,0,,92,0.9467211657888984,0.9428376420401465,-0.0038835237487518937,1,1,sure_thing,0.5838,1,1,247,1,1
KESTREL-000295,19.7,18.9,basic,9,0,2,0,0,0,7.0,170,0.9464803725518696,0.915120467923756,-0.031359904628113555,0,0,sure_thing,0.157,0,0,600,1,0
KESTREL-000296,9.7,22.06,basic,1,13,2,1,0,0,5.0,58,0.9188323092883457,0.919339282122852,0.0005069728345062918,1,1,lost_cause,0.8968,1,1,295,1,0
KESTREL-000297,16.3,49.52,pro,7,23,5,1,0,0,8.0,218,0.9310725805639629,0.9428946278094328,0.011822047245469869,0,0,sure_thing,0.1575,0,0,496,1,0
KESTREL-000298,26.3,67.77,pro,8,16,5,0,1,1,5.0,288,0.9354874671938642,0.9863465962030122,0.05085912900914802,1,1,persuadable,0.1162,0,1,801,1,0
KESTREL-000299,28.7,20.73,basic,13,18,4,0,0,0,,291,0.9722579657737117,0.939933987831396,-0.032323977942315674,1,1,sure_thing,0.9162,1,1,874,1,1
KESTREL-000300,28.9,61.85,pro,13,3,3,0,0,0,,461,0.9786263182886621,0.954465277163893,-0.024161041124769134,1,1,sure_thing,0.8925,1,1,880,1,0
KESTREL-000301,20.2,179.86,enterprise,27,6,8,1,1,1,,469,0.9813213756095173,0.99,0.008678624390482725,1,1,sure_thing,0.9412,1,1,615,1,1
KESTREL-000302,36.0,46.16,pro,9,56,5,1,0,0,5.0,289,0.9382243542361558,0.9193774462737847,-0.018846907962371096,1,1,sure_thing,0.8432,1,1,1096,1,0
KESTREL-000303,17.0,19.01,basic,4,39,6,0,0,0,4.0,137,0.9120651213306326,0.8781625665945026,-0.03390255473612991,1,1,lost_cause,0.6838,1,1,517,1,1
KESTREL-000304,36.0,22.7,basic,7,23,3,1,0,0,,305,0.9364355360592271,0.9270944798536198,-0.009341056205607323,1,1,sure_thing,0.6262,1,1,1096,1,1
KESTREL-000305,25.7,27.56,basic,7,45,4,1,0,0,9.0,193,0.8839536489456382,0.8638068072632747,-0.02014684168236347,1,0,lost_cause,0.9055,1,0,782,1,1
KESTREL-000306,12.9,18.79,basic,7,22,2,1,0,1,,90,0.8779658136396753,0.8186662619927891,-0.05929955164688616,1,1,sleeping_dog,0.7802,1,1,393,1,1
KESTREL-000307,34.8,16.49,basic,10,23,6,2,0,0,,268,0.9304503113547854,0.976766157808193,0.04631584645340758,1,1,sure_thing,0.222,0,1,1059,1,0
KESTREL-000308,20.7,62.75,pro,14,3,12,0,0,0,,350,0.9768985535501701,0.9788014461197719,0.001902892569601855,1,1,sure_thing,0.6782,1,1,630,1,1
KESTREL-000309,1.0,12.55,basic,6,28,3,0,0,0,,9,0.894334097555882,0.8388370100698294,-0.05549708748605264,1,1,sleeping_dog,0.5612,1,1,30,1,0
KESTREL-000310,36.0,23.75,basic,9,50,5,2,0,0,,329,0.9080525945717851,0.9532538024408207,0.04520120786903559,1,1,lost_cause,0.5515,1,1,1096,1,1
KESTREL-000311,13.8,24.65,basic,5,6,2,0,0,0,,94,0.9359333864219936,0.899466335637837,-0.036467050784156685,0,0,sure_thing,0.2125,0,0,420,1,0
KESTREL-000312,35.7,21.06,basic,17,28,7,0,0,0,9.0,483,0.9772399222600964,0.9579056891511923,-0.01933423310890403,1,1,sure_thing,0.133,0,1,1087,1,0
KESTREL-000313,33.8,23.25,basic,5,6,1,2,0,0,9.0,255,0.8366783488911722,0.9025106423934773,0.06583229350230513,1,1,persuadable,0.105,0,1,1029,1,0
KESTREL-000314,36.0,151.81,enterprise,4,40,4,0,0,0,,242,0.9631662703980634,0.944934575453211,-0.018231694944852328,1,1,sure_thing,0.6218,1,1,1096,1,0
KESTREL-000315,19.3,16.11,basic,7,9,4,0,0,0,,131,0.9401547702390377,0.9168768504529354,-0.023277919786102275,1,1,sure_thing,0.4505,1,1,587,1,1
KESTREL-000316,16.9,21.4,basic,17,1,12,1,1,1,,271,0.9395654713358188,0.99,0.05043452866418119,1,1,persuadable,0.383,1,1,514,1,1
KESTREL-000317,8.2,14.28,basic,12,5,6,0,0,0,7.0,75,0.9436439351126161,0.9322193593342336,-0.011424575778382517,1,1,sure_thing,0.231,0,1,250,1,0
KESTREL-000318,16.3,34.86,basic,10,52,2,1,0,0,,80,0.8758058509719218,0.8176029161647496,-0.0582029348071722,1,1,sleeping_dog,0.8912,1,1,496,1,1
KESTREL-000319,16.2,122.28,enterprise,6,27,7,1,0,0,,146,0.9401456726393796,0.99,0.04985432736062034,1,1,sure_thing,0.5,1,1,493,1,1
KESTREL-000320,9.2,80.15,pro,11,7,12,0,1,0,,83,0.9113027649632385,0.9819667924340211,0.0706640274707826,1,1,persuadable,0.8325,1,1,280,0,1
KESTREL-000321,14.5,17.03,basic,34,4,11,1,0,0,,343,0.988721628155311,0.989073134066957,0.00035150591164601064,1,1,sure_thing,0.4282,1,1,441,1,1
KESTREL-000322,32.7,46.41,pro,16,9,6,1,0,1,6.0,408,0.9760732450087319,0.9703057452093484,-0.005767499799383513,1,1,sure_thing,0.5688,1,1,995,1,0
KESTREL-000323,36.0,150.72,enterprise,12,5,3,0,0,1,,576,0.9870994830569874,0.9420822564462038,-0.045017226610783556,1,1,sure_thing,0.046,0,1,1096,1,0
KESTREL-000324,36.0,24.29,basic,7,52,7,1,0,0,,313,0.9161489023449874,0.9118574686273511,-0.004291433717636295,1,1,lost_cause,0.0892,0,1,1096,1,0
KESTREL-000325,36.0,50.01,pro,0,121,6,1,1,0,,186,0.8084144703655401,0.9438672350252326,0.13545276465969247,1,1,persuadable,0.3152,0,1,1096,1,0
KESTREL-000326,14.1,19.73,basic,35,3,8,0,0,0,9.0,278,0.99,0.9854848805117545,-0.004515119488245456,1,1,sure_thing,0.755,0,1,429,1,0
KESTREL-000327,15.8,148.56,enterprise,2,192,1,0,0,0,,41,0.9358654779850261,0.6879073013527021,-0.247958176632324,1,1,sleeping_dog,0.096,0,1,481,1,0
KESTREL-000328,36.0,34.13,pro,8,33,2,0,0,1,,314,0.9582818407802571,0.8089268835687424,-0.1493549572115147,1,1,sleeping_dog,0.4402,1,1,1096,1,1
KESTREL-000329,11.0,12.48,basic,3,7,1,1,0,0,,53,0.8786881640256194,0.8699693581824871,-0.008718805843132338,0,0,lost_cause,0.196,0,0,335,1,0
KESTREL-000330,31.1,37.86,pro,3,138,2,1,0,0,2.0,135,0.8601753492633254,0.6331900671867289,-0.22698528207659652,0,0,sleeping_dog,0.7622,1,0,947,1,1
KESTREL-000331,11.4,11.53,basic,78,2,27,1,0,1,,521,0.99,0.99,0.0,1,1,sure_thing,0.3872,1,1,347,1,1
KESTREL-000332,32.2,54.16,pro,28,7,9,1,0,0,9.0,676,0.99,0.99,0.0,1,1,sure_thing,0.3358,0,1,980,1,0
KESTREL-000333,1.1,29.87,pro,2,17,2,1,0,0,,3,0.7866831020860041,0.785724416928505,-0.000958685157499084,1,1,lost_cause,0.4592,1,1,33,1,0
KESTREL-000334,22.7,31.58,pro,3,25,3,4,0,0,,63,0.72418713270662,0.99,0.26581286729337994,1,1,persuadable,0.7822,1,1,691,1,1
KESTREL-000335,20.7,20.7,basic,6,12,2,0,1,1,6.0,129,0.9018495809040191,0.8996614204245331,-0.002188160479486001,1,1,lost_cause,0.5152,1,1,630,1,1
KESTREL-000336,14.2,17.5,basic,18,3,8,0,0,1,,196,0.9747567186871453,0.957569037027663,-0.017187681659482257,0,0,sure_thing,0.618,1,0,432,1,1
KESTREL-000337,22.6,16.57,basic,6,4,2,1,0,0,5.0,209,0.9105201725984207,0.9074856007604315,-0.003034571837989164,1,1,lost_cause,0.5825,1,1,688,1,1
KESTREL-000338,22.1,38.89,pro,1,62,0,2,1,0,,108,0.6558215705594035,0.8930446254428374,0.23722305488343387,0,1,persuadable,0.3558,1,1,673,1,0
KESTREL-000339,10.0,34.49,pro,22,6,13,0,1,1,,187,0.959288611128487,0.9728307981617369,0.013542187033249942,1,1,sure_thing,0.375,1,1,304,1,1
KESTREL-000340,15.9,119.63,enterprise,7,90,1,1,0,0,,123,0.9352632619273594,0.8352244065209705,-0.1000388554063889,1,1,sleeping_dog,0.3757,1,1,484,1,0
KESTREL-000341,14.7,23.45,basic,7,2,7,3,0,0,,143,0.8549617520653139,0.99,0.1350382479346861,1,1,persuadable,0.2122,0,1,447,1,0
KESTREL-000342,36.0,17.01,basic,2,79,1,2,1,0,,131,0.6142787449982943,0.8253672931365759,0.2110885481382816,0,1,persuadable,0.2088,0,0,1096,1,0
KESTREL-000343,31.0,23.13,basic,14,71,5,0,0,1,9.0,387,0.9652639464178079,0.7857879310665886,-0.17947601535121926,0,0,sleeping_dog,0.266,0,0,944,0,0
KESTREL-000344,19.8,55.99,pro,17,1,12,0,0,0,,388,0.9809866966960469,0.9817621884631094,0.0007754917670624861,1,1,sure_thing,0.1348,0,1,603,1,0
KESTREL-000345,30.8,46.23,pro,8,43,9,0,0,0,,333,0.972324495776954,0.958016343237756,-0.014308152539198038,1,1,sure_thing,0.3538,1,1,938,0,0
KESTREL-000346,28.4,12.19,basic,9,38,4,1,0,0,9.0,209,0.9229951550892741,0.9035880269713792,-0.019407128117894912,1,1,sure_thing,0.239,0,1,864,1,0
KESTREL-000347,6.5,39.66,pro,7,57,5,1,0,0,6.0,46,0.9010509648126432,0.881697915130192,-0.019353049682451218,1,1,lost_cause,0.9045,1,1,198,1,1
KESTREL-000348,13.0,14.83,basic,3,77,6,1,0,0,5.0,69,0.8707288499087129,0.8329812585518915,-0.037747591356821375,1,1,lost_cause,0.4892,1,1,396,1,1
KESTREL-000349,16.5,15.05,basic,66,3,25,0,0,0,,708,0.99,0.99,0.0,1,1,sure_thing,0.297,0,1,502,1,0
KESTREL-000350,20.0,19.42,basic,14,14,4,0,0,1,,202,0.9688036333435637,0.9001059406787247,-0.06869769266483894,1,1,sleeping_dog,0.3188,0,1,609,1,0
KESTREL-000351,30.4,23.62,basic,9,77,5,2,0,1,8.0,223,0.904698913612057,0.8821473087473022,-0.022551604864754826,1,1,lost_cause,0.7258,1,1,925,1,1
KESTREL-000352,9.7,92.63,enterprise,24,10,12,0,1,1,,173,0.9756255728032116,0.99,0.014374427196788386,1,1,sure_thing,0.4525,1,1,295,1,1
KESTREL-000353,11.1,17.4,basic,4,81,3,0,1,1,,101,0.7568654813329516,0.6376339344171756,-0.11923154691577598,1,0,sleeping_dog,0.968,1,0,338,1,1
KESTREL-000354,27.0,22.14,basic,23,9,8,0,1,0,,545,0.9847209827301817,0.99,0.005279017269818276,1,1,sure_thing,0.0305,0,1,822,1,0
KESTREL-000355,33.4,129.79,enterprise,46,7,19,0,0,0,,941,0.99,0.99,0.0,1,1,sure_thing,0.336,0,1,1017,1,0
KESTREL-000356,30.2,11.82,basic,4,43,2,1,1,0,,212,0.7893435678580721,0.8967912481138397,0.10744768025576756,0,1,persuadable,0.9868,1,1,919,1,1
KESTREL-000357,20.2,43.79,pro,5,75,2,1,0,1,8.0,93,0.8935989446615389,0.7237008587927445,-0.1698980858687944,1,1,sleeping_dog,0.5738,1,1,615,1,1
KESTREL-000358,33.8,11.78,basic,13,12,6,3,1,0,,438,0.8108607373605103,0.99,0.17913926263948965,1,1,persuadable,0.681,1,1,1029,1,1
KESTREL-000359,20.3,18.91,basic,3,11,2,0,0,0,7.0,193,0.9543737384406265,0.9119016116120454,-0.042472126828581036,1,1,sure_thing,0.5972,1,1,618,1,1
KESTREL-000360,21.0,44.52,pro,1,246,3,1,0,1,4.0,71,0.7351763190332998,0.47339147597543374,-0.2617848430578661,1,0,sleeping_dog,0.943,1,0,639,1,1
KESTREL-000361,11.0,63.85,pro,14,1,7,0,0,0,,196,0.9609389985122119,0.9563293533627345,-0.0046096451494773705,1,1,sure_thing,0.2992,0,1,335,1,0
KESTREL-000362,14.1,40.95,pro,5,18,1,2,0,0,,99,0.8022825438708806,0.8839988529738655,0.08171630910298489,1,1,persuadable,0.5798,1,1,429,1,1
KESTREL-000363,23.4,20.77,basic,38,2,16,0,0,0,,638,0.99,0.99,0.0,1,1,sure_thing,0.5337,1,1,712,1,1
KESTREL-000364,36.0,15.94,basic,7,1,5,0,0,0,,450,0.9493000992987538,0.9366775788248118,-0.012622520473941967,1,1,sure_thing,0.112,0,1,1096,1,0
KESTREL-000365,25.1,23.14,basic,20,4,14,0,0,0,,499,0.9895705272544911,0.9894800220802255,-9.050517426567595e-05,1,1,sure_thing,0.0188,1,1,764,1,1
KESTREL-000366,35.9,16.39,basic,13,28,5,0,0,1,7.0,427,0.9655916467392203,0.8872406645612987,-0.07835098217792158,1,1,sleeping_dog,0.6792,1,1,1093,1,0
KESTREL-000367,15.7,37.27,pro,5,118,5,0,1,0,,111,0.8760954288555234,0.7958112145431968,-0.08028421431232657,1,1,sleeping_dog,0.8598,0,1,478,0,0
KESTREL-000368,23.7,16.45,basic,8,13,1,1,1,1,,151,0.8269547323198863,0.9114488630417392,0.08449413072185297,1,1,persuadable,0.2035,0,1,721,1,0
KESTREL-000369,33.0,136.25,enterprise,10,53,4,0,0,0,10.0,454,0.9798889113367013,0.9144460964276168,-0.06544281490908455,1,1,sleeping_dog,0.5968,1,1,1005,1,1
KESTREL-000370,36.0,41.22,pro,30,42,17,1,0,0,9.0,795,0.99,0.99,0.0,1,1,sure_thing,0.6265,1,1,1096,1,1
KESTREL-000371,36.0,23.28,basic,26,0,11,0,0,0,,768,0.99,0.99,0.0,1,1,sure_thing,0.2142,0,1,1096,1,0
KESTREL-000372,13.8,53.83,pro,25,5,9,1,0,0,,314,0.9674839769122661,0.97218184907763,0.004697872165363881,1,1,sure_thing,0.311,0,1,420,1,0
KESTREL-000373,6.1,43.4,pro,21,12,12,0,0,0,,119,0.9816817902946757,0.9803277656266762,-0.0013540246679994983,1,1,sure_thing,0.12,0,1,186,1,0
KESTREL-000374,20.3,13.83,basic,7,9,3,0,0,0,8.0,227,0.9504724685144887,0.919116208588622,-0.03135625992586677,1,1,sure_thing,0.1165,0,1,618,1,0
KESTREL-000375,36.0,23.14,basic,21,0,10,0,1,1,,639,0.9743133137408804,0.9845089772298035,0.01019566348892309,1,1,sure_thing,0.138,0,1,1096,1,0
KESTREL-000376,30.4,79.27,pro,14,16,9,0,0,0,,367,0.9892939576236557,0.9868717084067098,-0.002422249216945893,1,1,sure_thing,0.1908,0,1,925,1,0
KESTREL-000377,7.4,23.32,basic,4,25,3,1,0,0,,30,0.8365831860558303,0.8300118347810516,-0.006571351274778703,1,1,lost_cause,0.4512,1,1,225,1,0
KESTREL-000378,9.9,51.12,pro,12,7,4,0,0,0,,104,0.9585715586680456,0.9377875618299664,-0.02078399683807919,1,1,sure_thing,0.881,1,1,301,1,1
KESTREL-000379,20.6,19.4,basic,4,120,2,1,1,0,7.0,51,0.6954672199403964,0.687877950065977,-0.007589269874419435,1,1,lost_cause,0.7143,1,1,627,1,0
KESTREL-000380,15.3,18.78,basic,11,6,4,0,0,1,7.0,220,0.9524683331387763,0.8975777486137393,-0.054890584525037034,1,1,sleeping_dog,0.6755,1,1,466,1,0
KESTREL-000381,28.0,39.0,pro,8,60,3,1,0,1,,229,0.9173371196451982,0.7979438833719568,-0.11939323627324139,1,1,sleeping_dog,0.6952,1,1,852,1,0
KESTREL-000382,25.0,16.15,basic,2,6,0,0,0,0,,146,0.9042786889495312,0.8427439099505648,-0.06153477899896642,1,1,sleeping_dog,0.5998,1,1,761,1,1
KESTREL-000383,25.1,28.27,basic,7,67,2,0,1,0,6.0,185,0.8670674982556722,0.8285608734051285,-0.03850662485054368,1,1,lost_cause,0.426,1,1,764,1,1
KESTREL-000384,36.0,21.03,basic,5,1,4,1,0,0,,287,0.9424043809059172,0.9511041979429313,0.008699817037014168,1,1,sure_thing,0.3508,1,1,1096,1,1
KESTREL-000385,30.7,199.48,enterprise,7,47,3,1,2,1,,202,0.754970162294095,0.99,0.23502983770590502,1,1,persuadable,0.9845,1,1,935,1,1
KESTREL-000386,23.7,102.23,enterprise,14,7,9,0,0,0,,404,0.9756950567717343,0.9784442347496216,0.002749177977887318,1,1,sure_thing,0.1205,0,1,721,1,0
KESTREL-000387,24.8,53.42,pro,6,7,6,1,0,0,8.0,264,0.9394976161269453,0.9635252533360528,0.0240276372091075,1,1,sure_thing,0.2628,0,1,755,1,0
KESTREL-000388,25.1,19.39,basic,31,2,11,0,0,0,,579,0.9881511582493081,0.9857468989700957,-0.002404259279212395,1,1,sure_thing,0.0505,0,1,764,1,0
KESTREL-000389,28.5,101.63,enterprise,32,33,10,1,0,0,,551,0.99,0.99,0.0,1,1,sure_thing,0.345,1,1,868,1,1
KESTREL-000390,36.0,42.6,pro,3,62,2,0,1,0,,248,0.9008072828202455,0.8976244236010611,-0.003182859219184375,1,1,lost_cause,0.78,1,1,1096,1,1
KESTREL-000391,36.0,16.04,basic,12,28,5,0,0,0,,430,0.9873300613084167,0.9537926658223272,-0.03353739548608947,1,1,sure_thing,0.4662,1,1,1096,1,1
KESTREL-000392,8.2,21.28,basic,2,70,3,2,0,0,,45,0.6962910449860507,0.7359671233263704,0.03967607834031972,0,0,lost_cause,0.9352,1,0,250,1,1
KESTREL-000393,13.2,65.45,pro,7,56,3,2,0,0,8.0,122,0.8953282633820706,0.9836102780934619,0.0882820147113913,1,1,persuadable,0.7558,1,1,402,0,1
KESTREL-000394,29.0,11.95,basic,25,3,12,0,0,1,6.0,695,0.9884057065913587,0.9831206154900511,-0.005285091101307593,1,1,sure_thing,0.373,1,1,883,1,1
KESTREL-000395,17.6,15.52,basic,26,18,11,0,1,0,7.0,310,0.9768501747727446,0.983085992268246,0.0062358174955013945,1,1,sure_thing,0.8962,1,1,536,1,1
KESTREL-000396,36.0,58.5,pro,5,183,3,1,0,0,7.0,248,0.8388919644622996,0.5896038117232822,-0.2492881527390174,1,1,sleeping_dog,0.3137,0,1,1096,1,0
KESTREL-000397,17.2,113.05,enterprise,7,28,6,0,1,0,,182,0.9315700639732732,0.99,0.05842993602672675,1,1,persuadable,0.4302,1,1,524,1,1
KESTREL-000398,26.9,19.75,basic,2,263,0,2,0,1,,92,0.570420137741492,0.3595611913254493,-0.21085894641604275,0,0,sleeping_dog,0.9478,1,0,819,1,0
KESTREL-000399,32.6,40.71,pro,4,88,2,0,2,0,,100,0.739792307542183,0.914855673380462,0.17506336583827908,0,1,persuadable,0.789,1,1,992,1,1
KESTREL-000400,17.7,41.28,pro,11,21,4,0,0,0,8.0,220,0.9508649269637081,0.9168564159303353,-0.03400851103337277,1,1,sure_thing,0.4688,1,1,539,1,1
KESTREL-000401,19.7,19.2,basic,13,11,4,1,0,0,,220,0.9271451934730128,0.9233935326466214,-0.0037516608263914453,1,1,sure_thing,0.1362,0,1,600,1,0
KESTREL-000402,14.8,18.87,basic,14,2,8,0,1,0,,231,0.9268074094352864,0.9453473221060048,0.018539912670718417,1,1,sure_thing,0.4875,1,1,451,0,1
KESTREL-000403,35.1,113.81,enterprise,9,10,1,1,1,0,,302,0.9056260941105727,0.99,0.08437390588942728,1,1,persuadable,0.3468,1,1,1068,1,1
KESTREL-000404,6.5,43.76,pro,16,34,4,3,1,0,,86,0.6582147052769145,0.9366507413316233,0.2784360360547088,1,1,persuadable,0.8162,1,1,198,1,1
KESTREL-000405,26.3,18.3,basic,10,2,4,0,1,0,8.0,303,0.9160428846949538,0.9368218021646919,0.020778917469738145,1,1,lost_cause,0.1235,0,1,801,1,0
KESTREL-000406,23.0,21.09,basic,10,22,8,0,0,0,,396,0.946922623023909,0.9364216426331965,-0.010500980390712455,1,1,sure_thing,0.148,0,1,700,1,0
KESTREL-000407,14.5,19.44,basic,0,72,4,1,1,0,,83,0.745817361436379,0.8799027265737371,0.13408536513735814,1,1,persuadable,0.4462,1,1,441,1,1
KESTREL-000408,22.3,19.21,basic,8,1,6,0,0,1,8.0,172,0.9504641834342745,0.9234853913677044,-0.026978792066570167,1,1,sure_thing,0.2615,0,1,679,1,0
KESTREL-000409,36.0,26.38,basic,15,7,10,0,0,1,,509,0.9861096275740016,0.9760355953758296,-0.010074032198171934,1,1,sure_thing,0.4522,1,1,1096,1,1
KESTREL-000410,27.9,22.13,basic,1,365,0,0,0,1,,77,0.6039063700746663,0.3091511190543121,-0.2947552510203542,1,1,sleeping_dog,0.9935,1,1,849,1,1
KESTREL-000411,36.0,46.54,pro,24,3,10,0,0,1,,805,0.99,0.9839405199878872,-0.006059480012112761,1,1,sure_thing,0.3958,1,1,1096,1,1
KESTREL-000412,13.0,24.99,basic,2,139,2,2,0,1,,39,0.7461504680518776,0.5769579433032381,-0.16919252474863944,0,0,sleeping_dog,0.9455,1,0,396,1,1
KESTREL-000413,36.0,65.0,pro,14,7,9,1,0,0,,564,0.97518329786845,0.99,0.014816702131549953,1,1,sure_thing,0.3805,1,1,1096,1,1
KESTREL-000414,30.4,112.78,enterprise,12,56,3,0,0,0,,358,0.9773694195663747,0.8756190222675904,-0.10175039729878432,1,1,sleeping_dog,0.2885,0,1,925,1,0
KESTREL-000415,36.0,24.51,basic,9,2,15,0,0,0,,659,0.9813904380893291,0.9834168184950332,0.0020263804057040202,1,1,sure_thing,0.651,1,1,1096,1,1
KESTREL-000416,36.0,171.96,enterprise,4,25,3,0,2,0,7.0,210,0.9343484824707653,0.99,0.055651517529234695,1,1,persuadable,0.6335,1,1,1096,0,1
KESTREL-000417,19.5,60.74,pro,7,4,4,1,0,0,,162,0.9409434499210326,0.9627086758114339,0.021765225890401307,1,1,sure_thing,0.3195,0,1,594,1,0
KESTREL-000418,24.4,19.91,basic,3,20,4,3,0,1,,155,0.8130346371180628,0.99,0.1769653628819372,1,1,persuadable,0.7912,1,1,743,1,1
KESTREL-000419,7.1,17.66,basic,8,0,8,0,0,0,,69,0.9409630139740617,0.9373271030796856,-0.003635910894376093,1,1,sure_thing,0.092,0,1,216,1,0
KESTREL-000420,17.2,17.86,basic,29,6,7,1,0,1,9.0,359,0.9735682612881843,0.9634784618624584,-0.010089799425725854,1,1,sure_thing,0.4145,1,1,524,1,0
KESTREL-000421,16.1,16.4,basic,31,0,10,0,1,1,,303,0.9728383376387462,0.975202898300563,0.0023645606618167836,1,1,sure_thing,0.808,1,1,490,1,0
KESTREL-000422,27.4,54.38,pro,3,9,2,1,0,1,,139,0.8987908715155553,0.8844968044207184,-0.014294067094836826,1,1,lost_cause,0.823,1,1,834,1,1
KESTREL-000423,31.7,37.6,pro,3,64,4,0,0,0,,123,0.9153707423504113,0.8091220695740817,-0.10624867277632954,1,1,sleeping_dog,0.153,0,1,965,1,0
KESTREL-000424,36.0,12.94,basic,7,46,1,0,0,0,6.0,341,0.9263019403835003,0.7961867864653808,-0.13011515391811956,1,1,sleeping_dog,0.3492,1,1,1096,1,1
KESTREL-000425,8.9,42.44,pro,9,8,10,0,0,1,,100,0.9573738624922454,0.9491615978541875,-0.008212264638057909,1,1,sure_thing,0.339,0,1,271,1,0
KESTREL-000426,33.7,36.5,pro,15,16,9,0,0,0,,498,0.9863140099205763,0.9805203262706563,-0.005793683649919945,1,1,sure_thing,0.0145,0,1,1026,1,0
KESTREL-000427,31.7,40.16,pro,9,38,3,0,0,0,,315,0.9346401704320753,0.8628726380454085,-0.07176753238666678,1,1,sleeping_dog,0.0572,0,1,965,1,0
KESTREL-000428,15.0,16.17,basic,8,32,7,0,0,0,10.0,134,0.9507958059926082,0.9299734756213095,-0.02082233037129866,1,1,sure_thing,0.4775,1,1,457,1,1
KESTREL-000429,14.9,14.99,basic,17,0,9,0,0,1,,239,0.9775453845609194,0.9661527044543267,-0.011392680106592779,1,1,sure_thing,0.8418,1,1,454,1,1
KESTREL-000430,8.4,118.26,enterprise,11,34,6,1,0,0,10.0,101,0.9426664077109778,0.99,0.04733359228902223,1,1,sure_thing,0.252,0,1,256,1,0
KESTREL-000431,20.5,38.97,pro,16,7,9,0,0,0,,301,0.979097386212619,0.9752832827203899,-0.003814103492229104,1,1,sure_thing,0.0568,0,1,624,1,0
KESTREL-000432,14.7,47.99,pro,3,252,3,1,0,0,,46,0.6913458811585282,0.42747193697104663,-0.2638739441874816,1,0,sleeping_dog,0.8148,1,0,447,1,0
KESTREL-000433,18.4,15.91,basic,6,58,1,0,1,0,,149,0.8218060692890289,0.7782643209619919,-0.043541748327036944,1,1,lost_cause,0.476,1,1,560,1,1
KESTREL-000434,28.5,21.46,basic,4,59,1,2,1,0,,149,0.7319558594016607,0.9575314549129466,0.2255755955112858,0,1,persuadable,0.9858,1,1,868,1,1
KESTREL-000435,3.0,57.2,pro,7,26,2,1,0,1,,16,0.8791034520809152,0.8274191982376728,-0.05168425384324238,1,1,sleeping_dog,0.94,1,1,91,1,1
KESTREL-000436,9.6,14.61,basic,10,14,8,0,0,0,,106,0.93701612642061,0.9291619914426796,-0.007854134977930416,1,1,sure_thing,0.1403,0,1,292,1,0
KESTREL-000437,36.0,19.0,basic,31,7,17,0,0,0,,738,0.99,0.99,0.0,0,0,sure_thing,0.1068,0,0,1096,1,0
KESTREL-000438,19.3,132.28,enterprise,6,17,2,0,2,0,,177,0.8169819313886699,0.99,0.17301806861133007,1,1,persuadable,0.6548,1,1,587,1,1
KESTREL-000439,6.0,18.07,basic,5,15,5,1,1,0,6.0,60,0.7930398337048613,0.920555199270312,0.12751536556545073,1,1,persuadable,0.7205,1,1,183,1,1
KESTREL-000440,3.5,16.69,basic,20,1,11,1,0,0,,52,0.965253957485224,0.9692865597778698,0.004032602292645793,1,1,sure_thing,0.1425,0,1,107,1,0
KESTREL-000441,18.5,43.16,pro,3,19,2,1,0,0,,87,0.851693642829154,0.8537708370643994,0.0020771942352453276,1,1,lost_cause,0.085,0,1,563,1,0
KESTREL-000442,25.8,59.1,pro,5,29,6,2,0,0,,156,0.8868013776689737,0.99,0.10319862233102628,1,1,persuadable,0.0882,0,1,785,1,0
KESTREL-000443,14.7,63.64,pro,1,264,1,1,1,0,,50,0.3987669861861704,0.3176887280329905,-0.08107825815317993,1,1,sleeping_dog,0.9958,1,1,447,1,1
KESTREL-000444,36.0,47.59,pro,11,14,5,1,1,0,7.0,357,0.9053765467164727,0.99,0.08462345328352727,1,1,persuadable,0.5602,1,1,1096,1,1
KESTREL-000445,22.1,44.94,pro,4,320,1,0,0,1,5.0,86,0.7741248881744588,0.48055827596009604,-0.29356661221436275,1,1,sleeping_dog,0.7522,1,1,673,1,1
KESTREL-000446,20.0,40.02,pro,1,71,2,2,0,0,3.0,52,0.7987743267468614,0.8535695378560794,0.05479521110921792,0,1,persuadable,0.6148,0,0,609,1,0
KESTREL-000447,36.0,49.49,pro,12,41,2,1,0,1,8.0,269,0.9502081433911349,0.8534835790005599,-0.09672456439057497,1,1,sleeping_dog,0.123,0,1,1096,1,0
KESTREL-000448,2.8,18.83,basic,19,14,7,0,0,0,,37,0.9700418419495033,0.9578445958227978,-0.012197246126705474,1,1,sure_thing,0.399,1,1,85,1,1
KESTREL-000449,36.0,16.7,basic,41,4,12,1,0,0,,1089,0.99,0.99,0.0,1,1,sure_thing,0.5888,1,1,1096,1,1
KESTREL-000450,13.8,69.74,pro,17,25,7,1,0,0,,169,0.9681138178006882,0.9774252846179237,0.009311466817235492,1,1,sure_thing,0.4332,1,1,420,1,1
KESTREL-000451,36.0,26.41,basic,7,19,3,0,0,1,5.0,237,0.9564130392792313,0.8616994119639392,-0.09471362731529209,1,1,sleeping_dog,0.3733,1,1,1096,1,1
KESTREL-000452,9.8,15.12,basic,7,21,8,0,0,1,,94,0.9374399719666026,0.9083213585939598,-0.029118613372642765,1,1,sure_thing,0.2158,0,1,298,1,0
KESTREL-000453,36.0,22.64,basic,12,22,7,0,0,1,7.0,344,0.9817198747330605,0.9413186394478573,-0.04040123528520323,1,1,sure_thing,0.019,0,1,1096,1,0
KESTREL-000454,36.0,53.68,pro,4,1,2,0,0,1,,209,0.9561290221486082,0.8844884363066908,-0.07164058584191735,1,1,sleeping_dog,0.036,0,1,1096,1,0
KESTREL-000455,21.6,72.06,pro,1,171,1,1,0,1,5.0,58,0.8129405841662808,0.5766816441230889,-0.23625894004319192,1,1,sleeping_dog,0.9565,1,1,658,1,1
KESTREL-000456,26.7,38.27,pro,8,66,4,1,0,0,,244,0.9073313881638353,0.8596700525059177,-0.047661335657917636,1,1,lost_cause,0.2098,0,1,813,1,0
KESTREL-000457,10.7,158.65,enterprise,16,28,5,1,0,1,,124,0.9531641731487888,0.99,0.03683582685121123,1,1,sure_thing,0.4368,1,1,326,1,1
KESTREL-000458,15.4,51.05,pro,2,108,1,2,1,0,5.0,89,0.5781914320044623,0.7657371958746194,0.1875457638701571,1,1,persuadable,0.9962,1,1,469,1,1
KESTREL-000459,8.9,41.42,pro,7,0,9,0,0,1,,104,0.9454040997479253,0.9374685757572749,-0.00793552399065034,1,1,sure_thing,0.633,1,1,271,1,1
KESTREL-000460,27.5,17.92,basic,4,90,4,2,0,1,10.0,209,0.8444803278934953,0.7874540571948726,-0.05702627069862265,1,1,sleeping_dog,0.9652,1,1,837,0,1
KESTREL-000461,20.8,62.57,pro,3,87,3,2,1,0,,131,0.7450423462222865,0.99,0.2449576537777135,1,1,persuadable,0.365,1,1,633,1,1
KESTREL-000462,19.9,17.57,basic,14,16,4,0,0,0,,210,0.9532102493758361,0.9226004412371861,-0.030609808138649997,1,1,sure_thing,0.047,0,1,606,1,0
KESTREL-000463,8.1,14.79,basic,3,41,7,3,1,0,,58,0.6230422593393539,0.909520067171584,0.2864778078322301,0,1,persuadable,0.507,1,1,247,1,1
KESTREL-000464,33.2,41.57,pro,3,42,4,2,0,1,10.0,270,0.8921978428863636,0.9620772051028824,0.0698793622165188,1,1,persuadable,0.3678,1,1,1011,1,0
KESTREL-000465,7.0,42.25,pro,9,42,4,0,3,0,,49,0.6493895755112695,0.9365916509997596,0.2872020754884901,1,1,persuadable,0.9735,1,1,213,1,0
KESTREL-000466,36.0,160.98,enterprise,20,21,6,0,0,1,9.0,528,0.99,0.9561326522584146,-0.033867347741585396,1,1,sure_thing,0.433,1,1,1096,1,1
KESTREL-000467,19.4,93.51,enterprise,8,19,5,0,0,1,,133,0.9589534617547495,0.907000237978345,-0.051953223776404545,1,0,sleeping_dog,0.2955,0,1,591,1,0
KESTREL-000468,9.3,40.55,pro,26,28,2,0,0,0,,151,0.9746586142646891,0.9021370592148347,-0.07252155504985447,1,1,sleeping_dog,0.7,1,1,283,1,1
KESTREL-000469,36.0,111.63,enterprise,10,63,3,0,0,0,,367,0.9763258327704664,0.8594376363451224,-0.11688819642534398,1,1,sleeping_dog,0.3322,0,1,1096,1,0
KESTREL-000470,27.4,150.71,enterprise,36,1,17,2,0,0,,667,0.99,0.99,0.0,1,1,sure_thing,0.2648,0,1,834,1,0
KESTREL-000471,15.0,65.22,pro,8,11,6,1,0,0,,190,0.9258216005841888,0.9509297024407487,0.025108101856559872,1,1,sure_thing,0.2858,0,1,457,1,0
KESTREL-000472,19.3,22.24,basic,4,12,2,2,0,0,4.0,97,0.8324299099547752,0.9029104909246611,0.07048058096988596,1,1,persuadable,0.5362,1,1,587,1,0
KESTREL-000473,6.9,46.77,pro,12,17,7,2,1,0,8.0,62,0.7930264015954402,0.99,0.19697359840455975,0,1,persuadable,0.9672,1,1,210,1,1
KESTREL-000474,21.9,35.12,pro,21,1,12,0,0,0,,372,0.9874520178056442,0.9867621840920667,-0.0006898337135774479,1,1,sure_thing,0.0105,0,1,667,1,0
KESTREL-000475,22.2,16.92,basic,17,3,5,0,0,0,,338,0.9792163778480344,0.9640194080089514,-0.01519696983908303,1,1,sure_thing,0.0875,0,1,676,1,0
KESTREL-000476,18.4,14.51,basic,18,5,8,1,0,0,,319,0.958721308031408,0.9611876357817546,0.0024663277503466086,1,1,sure_thing,0.0915,0,1,560,1,0
KESTREL-000477,4.1,16.91,basic,8,18,3,1,0,0,6.0,23,0.8751781141121744,0.8667412104273687,-0.008436903684805652,0,0,lost_cause,0.1693,0,0,125,1,0
KESTREL-000478,36.0,19.93,basic,10,16,7,0,0,0,8.0,411,0.9819198537825551,0.9701308946432861,-0.011788959139269028,1,1,sure_thing,0.3777,1,1,1096,1,1
KESTREL-000479,24.9,41.24,pro,0,101,3,2,0,0,3.0,63,0.7695213680626736,0.788729175283475,0.0192078072208014,0,0,lost_cause,0.8368,1,0,758,1,1
KESTREL-000480,13.1,68.19,pro,1,3,0,0,0,1,,55,0.9183358618713957,0.8082874118835516,-0.11004844998784413,1,1,sleeping_dog,0.3172,0,1,399,1,0
KESTREL-000481,24.0,17.37,basic,4,8,1,0,1,0,,163,0.8784343187368395,0.9009663694086912,0.02253205067185171,0,1,lost_cause,0.4445,1,1,731,1,0
KESTREL-000482,24.5,56.15,pro,6,26,3,1,0,0,,208,0.9292649396423269,0.9333391620828578,0.004074222440530906,1,1,sure_thing,0.6662,1,1,746,1,1
KESTREL-000483,5.9,25.16,basic,15,9,5,2,0,0,6.0,75,0.8999785017153582,0.9379557343345176,0.03797723261915942,1,1,lost_cause,0.6708,1,1,180,1,1
KESTREL-000484,36.0,38.92,pro,2,7,2,2,0,1,,212,0.8693672716992111,0.9581401737884263,0.08877290208921518,1,1,persuadable,0.786,1,1,1096,1,1
KESTREL-000485,11.6,22.72,basic,9,0,5,0,0,0,9.0,177,0.9629242215139576,0.950706662801924,-0.012217558712033671,1,1,sure_thing,0.1445,0,1,353,1,0
KESTREL-000486,14.7,23.74,basic,19,9,14,0,0,0,,277,0.9825727512521344,0.982366494748117,-0.00020625650401739914,1,1,sure_thing,0.8812,1,1,447,1,1
KESTREL-000487,36.0,50.42,pro,10,64,7,1,0,0,,340,0.9504584568413799,0.9417054510069935,-0.008753005834386318,1,1,sure_thing,0.3787,1,1,1096,1,1
KESTREL-000488,23.8,15.62,basic,3,17,3,1,0,0,,158,0.899821428632493,0.8978583545414662,-0.0019630740910268063,1,1,lost_cause,0.7615,1,1,724,1,0
KESTREL-000489,4.5,58.42,pro,12,20,7,0,0,0,6.0,49,0.9625158618272623,0.950771015279639,-0.011744846547623311,1,1,sure_thing,0.8435,1,1,137,1,1
KESTREL-000490,12.4,14.78,basic,6,101,3,1,0,0,7.0,79,0.8801416989936109,0.7280909123949978,-0.15205078659861315,1,1,sleeping_dog,0.0322,0,1,377,1,0
KESTREL-000491,36.0,23.63,basic,2,148,1,1,0,1,5.0,196,0.802445594780175,0.5364053071025179,-0.2660402876776571,1,1,sleeping_dog,0.928,1,1,1096,1,0
KESTREL-000492,14.4,22.25,basic,21,12,13,0,0,1,,266,0.9841546606390085,0.9792732982680178,-0.004881362370990683,1,1,sure_thing,0.636,1,1,438,1,1
KESTREL-000493,36.0,34.3,basic,8,162,6,0,0,0,,220,0.9428723663393486,0.6776007072733805,-0.26527165906596806,1,1,sleeping_dog,0.7338,1,1,1096,1,0
KESTREL-000494,12.8,17.02,basic,6,14,1,1,2,0,,94,0.6634700414955994,0.9295768044367514,0.266106762941152,1,1,persuadable,0.9688,1,1,390,1,1
KESTREL-000495,28.9,43.53,pro,6,19,2,2,0,0,,267,0.9020575768000113,0.985824478763978,0.08376690196396674,1,1,persuadable,0.5725,1,1,880,1,1
KESTREL-000496,27.3,48.04,pro,8,23,10,0,0,0,,282,0.9711796724804861,0.9685458206660409,-0.0026338518144451983,1,1,sure_thing,0.347,1,1,831,1,1
KESTREL-000497,9.2,44.89,pro,5,16,4,0,1,1,,29,0.8429509926629372,0.8767460847294605,0.03379509206652331,1,1,lost_cause,0.3425,1,1,280,1,1
KESTREL-000498,10.8,22.19,basic,10,6,6,0,1,1,,121,0.9231202909055823,0.9412350507813254,0.01811475987574307,1,1,sure_thing,0.1168,0,1,329,1,0
KESTREL-000499,36.0,44.98,pro,19,25,7,0,0,0,,568,0.9881370796187087,0.9711714111031919,-0.01696566851551673,1,1,sure_thing,0.0452,0,1,1096,1,0
KESTREL-000500,6.1,36.44,pro,3,21,4,4,0,0,6.0,30,0.6075191912880706,0.8862385185565318,0.27871932726846116,1,1,persuadable,0.9242,1,1,186,1,0
KESTREL-000501,10.9,53.13,pro,4,75,5,0,0,0,5.0,82,0.9398678308914505,0.8299974239184851,-0.10987040697296546,1,0,sleeping_dog,0.499,1,0,332,1,0
KESTREL-000502,35.4,138.41,enterprise,6,58,2,2,0,0,8.0,263,0.898490737444825,0.99,0.091509262555175,1,1,persuadable,0.401,1,1,1078,1,1
KESTREL-000503,34.6,26.54,basic,12,22,6,1,0,0,8.0,422,0.9678783225508024,0.9690286958715001,0.001150373320697673,1,1,sure_thing,0.0732,0,1,1053,1,0
KESTREL-000504,36.0,51.12,pro,16,2,9,0,0,0,,695,0.987204593485988,0.9848881373903261,-0.0023164560956618896,1,1,sure_thing,0.628,1,1,1096,1,1
KESTREL-000505,6.7,44.35,pro,8,13,3,0,0,0,,62,0.9535761529234197,0.9198289218833288,-0.03374723104009092,1,1,sure_thing,0.3398,0,1,204,1,0
KESTREL-000506,26.8,19.0,basic,5,18,3,0,0,0,,314,0.9469119128385182,0.9061979635239781,-0.04071394931454009,1,1,sure_thing,0.2588,0,1,816,1,0
KESTREL-000507,10.1,55.87,pro,3,99,1,1,0,0,3.0,49,0.8769364976969781,0.7125309807064227,-0.1644055169905554,0,0,sleeping_dog,0.1085,0,0,307,0,0
KESTREL-000508,19.9,140.01,enterprise,5,47,3,2,0,0,,132,0.8722353075149981,0.99,0.11776469248500188,1,1,persuadable,0.5502,0,1,606,1,0
KESTREL-000509,8.9,84.4,pro,3,13,6,0,0,0,,81,0.9434588721973709,0.9409822829923016,-0.002476589205069324,1,1,sure_thing,0.3528,1,1,271,1,1
KESTREL-000510,8.7,12.22,basic,28,18,14,0,0,0,,170,0.9807818088749758,0.9792652244382266,-0.0015165844367491799,1,1,sure_thing,0.417,1,1,265,1,1
KESTREL-000511,30.7,18.15,basic,3,268,3,1,0,0,,116,0.7622314783804851,0.48343464378867906,-0.27879683459180604,1,1,sleeping_dog,0.886,1,1,935,1,0
KESTREL-000512,10.5,14.1,basic,2,14,3,0,0,0,9.0,70,0.926180757036408,0.8908229844589663,-0.03535777257744166,1,1,sure_thing,0.2958,0,1,320,1,0
KESTREL-000513,36.0,21.7,basic,11,0,3,0,1,1,7.0,318,0.933818720332262,0.9393508723280158,0.005532151995753853,1,1,sure_thing,0.3625,1,1,1096,1,1
KESTREL-000514,19.6,21.45,basic,22,5,21,0,1,1,,426,0.9776520857278482,0.9892815678706032,0.011629482142754943,1,1,sure_thing,0.572,1,1,597,1,1
KESTREL-000515,16.6,41.21,pro,8,16,4,1,2,1,5.0,105,0.7787488760061161,0.99,0.2112511239938839,1,1,persuadable,0.9602,1,1,505,1,1
KESTREL-000516,10.5,145.29,enterprise,6,22,3,0,1,0,,83,0.9314476217254493,0.99,0.05855237827455073,1,1,persuadable,0.6525,1,1,320,1,1
KESTREL-000517,36.0,146.51,enterprise,21,7,19,0,1,0,10.0,833,0.99,0.99,0.0,1,1,sure_thing,0.1805,0,1,1096,1,0
KESTREL-000518,9.4,42.35,pro,5,3,1,0,0,0,6.0,57,0.9077064155578171,0.8655568204993483,-0.042149595058468714,1,1,lost_cause,0.0902,0,1,286,1,0
KESTREL-000519,36.0,37.2,pro,11,76,6,0,0,1,,330,0.9755675784844984,0.8066623301418169,-0.1689052483426815,1,1,sleeping_dog,0.768,1,1,1096,1,1
KESTREL-000520,14.3,16.08,basic,23,14,7,0,0,0,9.0,308,0.9707351261554297,0.958171819932006,-0.01256330622342372,1,1,sure_thing,0.4118,1,1,435,1,1
KESTREL-000521,2.5,21.09,basic,7,128,1,1,1,1,,22,0.5732460507239364,0.45090533413889317,-0.12234071658504325,0,0,sleeping_dog,0.995,1,0,76,1,0
KESTREL-000522,14.2,41.67,pro,16,4,15,0,0,0,6.0,321,0.9819675965546018,0.9833493075807699,0.001381711026168131,1,1,sure_thing,0.037,0,1,432,1,0
KESTREL-000523,36.0,20.56,basic,7,12,1,3,1,0,,125,0.7669321175095236,0.99,0.22306788249047638,1,1,persuadable,0.367,1,1,1096,1,1
KESTREL-000524,36.0,67.27,pro,13,5,7,1,0,0,,381,0.9766727033986512,0.99,0.013327296601348793,1,1,sure_thing,0.0735,0,1,1096,1,0
KESTREL-000525,36.0,60.19,pro,7,3,3,0,0,0,,222,0.9677954696224991,0.9460583920082519,-0.021737077614247147,1,1,sure_thing,0.4195,1,1,1096,1,1
KESTREL-000526,36.0,21.86,basic,1,110,1,0,1,0,6.0,178,0.7814345876743507,0.6356650637291745,-0.14576952394517617,0,0,sleeping_dog,0.6862,1,0,1096,1,1
KESTREL-000527,1.3,17.61,basic,23,13,11,0,0,0,,29,0.987446696188709,0.9841719793523545,-0.0032747168363544965,1,1,sure_thing,0.761,1,1,40,1,0
KESTREL-000528,29.5,138.77,enterprise,2,50,1,1,0,1,,124,0.9319052223972905,0.9096713443792417,-0.02223387801804877,1,1,sure_thing,0.6162,1,1,898,1,0
KESTREL-000529,35.1,17.88,basic,7,75,6,0,0,0,,283,0.9512878276343497,0.8571744173754137,-0.09411341025893605,1,1,sleeping_dog,0.9175,1,1,1068,1,0
KESTREL-000530,36.0,18.96,basic,0,2,3,0,0,0,,206,0.9504536110430913,0.9281085847427893,-0.022345026300301996,1,1,sure_thing,0.857,1,1,1096,1,1
KESTREL-000531,18.7,26.65,basic,6,18,5,1,0,0,,142,0.874860667998394,0.8811760494791118,0.006315381480717752,0,0,lost_cause,0.6652,1,0,569,1,1
KESTREL-000532,16.5,11.33,basic,10,2,2,0,1,0,,166,0.8873520994335522,0.8997757718321657,0.012423672398613528,1,1,lost_cause,0.3525,1,1,502,1,1
KESTREL-000533,27.7,20.37,basic,10,1,6,0,0,0,4.0,259,0.9656871580617631,0.9564608204206226,-0.009226337641140447,1,1,sure_thing,0.29,0,1,843,1,0
KESTREL-000534,8.3,17.21,basic,4,2,5,0,0,0,,65,0.9076256488667171,0.8953747421832338,-0.012250906683483387,1,1,lost_cause,0.7682,1,1,253,1,1
KESTREL-000535,36.0,116.0,enterprise,6,43,4,0,2,0,8.0,307,0.9069254066869932,0.99,0.08307459331300682,1,1,persuadable,0.5535,1,1,1096,1,0
KESTREL-000536,7.0,22.74,basic,7,6,2,0,1,0,6.0,45,0.8430309276203171,0.8664188287557638,0.023387901135446754,1,1,lost_cause,0.1822,0,1,213,1,0
KESTREL-000537,35.3,18.31,basic,7,10,3,0,0,0,7.0,284,0.9523633925837522,0.9202379027191527,-0.03212548986459951,1,1,sure_thing,0.515,1,1,1075,1,1
KESTREL-000538,19.6,59.6,pro,8,18,2,0,1,0,,157,0.9450333412765272,0.9884634940720266,0.043430152795499444,1,1,sure_thing,0.229,0,1,597,1,0
KESTREL-000539,36.0,48.37,pro,12,55,9,0,0,0,,401,0.984544933491582,0.9605474072806136,-0.0239975262109684,1,1,sure_thing,0.6627,1,1,1096,1,0
KESTREL-000540,26.3,39.41,pro,39,1,12,0,0,0,10.0,679,0.99,0.99,0.0,1,1,sure_thing,0.0332,0,1,801,1,0
KESTREL-000541,8.6,16.65,basic,10,15,5,0,0,0,10.0,129,0.9421926474606542,0.9204991278941644,-0.021693519566489794,0,0,sure_thing,0.475,1,0,262,1,1
KESTREL-000542,18.9,109.46,enterprise,8,16,2,1,1,0,,126,0.8998327631209808,0.99,0.09016723687901917,1,1,persuadable,0.7228,1,1,575,1,1
KESTREL-000543,8.1,56.5,pro,1,13,2,0,0,0,,34,0.890973230635514,0.8517245881818422,-0.03924864245367188,1,1,lost_cause,0.1902,0,1,247,1,0
KESTREL-000544,4.6,10.01,basic,4,52,3,1,0,0,8.0,34,0.8183070700194139,0.775282582852605,-0.043024487166808956,1,1,lost_cause,0.5928,1,1,140,1,0
KESTREL-000545,7.4,22.88,basic,12,11,7,2,0,1,10.0,80,0.8814277408967787,0.9244392508073125,0.04301150991053382,1,1,lost_cause,0.8218,1,1,225,1,1
KESTREL-000546,19.0,20.74,basic,1,18,4,0,1,0,5.0,150,0.860402515424559,0.9028448857088287,0.04244237028426967,1,1,lost_cause,0.6492,1,1,578,1,0
KESTREL-000547,32.4,60.78,pro,72,1,20,0,0,0,8.0,1521,0.99,0.99,0.0,1,1,sure_thing,0.5298,1,1,986,1,1
KESTREL-000548,36.0,57.61,pro,7,32,4,1,0,0,,225,0.9526380423371285,0.9575785931301153,0.004940550792986831,1,1,sure_thing,0.8242,1,1,1096,1,0
KESTREL-000549,36.0,22.07,basic,14,5,6,0,1,0,,664,0.9584954241034824,0.9762390813029326,0.017743657199450147,1,1,sure_thing,0.7035,1,1,1096,1,0
KESTREL-000550,20.5,21.15,basic,4,1,7,2,0,0,7.0,158,0.873170722016546,0.9519767563833552,0.07880603436680922,1,1,persuadable,0.4698,1,1,624,1,1
KESTREL-000551,17.7,25.34,basic,14,25,7,0,0,0,10.0,319,0.977992833125687,0.9610593859215041,-0.016933447204182883,1,1,sure_thing,0.915,1,1,539,1,1
KESTREL-000552,4.4,40.78,pro,7,65,6,1,0,0,,28,0.906005270664617,0.8881053368093477,-0.017899933855269334,1,1,lost_cause,0.2292,0,1,134,1,0
KESTREL-000553,33.6,18.56,basic,16,9,10,2,0,0,,475,0.9619427436769221,0.99,0.028057256323077873,1,1,sure_thing,0.016,0,1,1023,1,0
KESTREL-000554,36.0,196.99,enterprise,34,3,21,0,0,0,,1077,0.99,0.99,0.0,1,1,sure_thing,0.1872,0,1,1096,1,0
KESTREL-000555,2.8,13.42,basic,16,2,8,1,0,0,,36,0.9457682891398917,0.9494325261519101,0.0036642370120183454,1,1,sure_thing,0.337,0,1,85,1,0
KESTREL-000556,16.1,22.38,basic,35,10,10,0,0,0,10.0,323,0.99,0.99,0.0,1,1,sure_thing,0.3578,1,1,490,1,1
KESTREL-000557,21.4,68.32,pro,4,174,1,0,0,0,,85,0.8711357041173068,0.5863647077588904,-0.2847709963584164,1,1,sleeping_dog,0.2595,0,1,651,1,0
KESTREL-000558,14.0,65.32,pro,35,4,19,0,0,0,9.0,336,0.99,0.99,0.0,1,1,sure_thing,0.0008,0,1,426,1,0
KESTREL-000559,12.0,18.85,basic,8,0,4,0,0,0,,81,0.94787611141578,0.9308596390146512,-0.0170164724011288,1,1,sure_thing,0.4918,1,1,365,1,1
KESTREL-000560,9.8,55.3,pro,1,32,0,0,0,0,,29,0.8786873499703323,0.7683115363533941,-0.11037581361693816,1,0,sleeping_dog,0.8318,1,0,298,1,0
KESTREL-000561,36.0,126.95,enterprise,3,40,1,0,0,0,,180,0.9679928920579154,0.8814966557247346,-0.08649623633318082,1,1,sleeping_dog,0.7492,1,1,1096,1,1
KESTREL-000562,18.2,25.09,basic,26,10,11,0,0,0,,304,0.9851303377993686,0.9821669459038888,-0.0029633918954798943,1,1,sure_thing,0.2265,0,1,554,1,0
KESTREL-000563,22.8,165.95,enterprise,10,6,4,0,0,1,,233,0.975152725036406,0.9560254321653487,-0.0191272928710573,1,1,sure_thing,0.7722,1,1,694,1,1
KESTREL-000564,35.3,21.35,basic,5,72,3,1,0,1,,179,0.9191859249205544,0.768003666678795,-0.15118225824175935,1,1,sleeping_dog,0.371,1,1,1075,1,1
KESTREL-000565,30.2,16.77,basic,13,8,9,0,0,0,8.0,547,0.9750521049258294,0.9706502507115147,-0.0044018542143147155,1,1,sure_thing,0.5382,1,1,919,1,1
KESTREL-000566,36.0,24.16,basic,5,25,3,0,0,0,,258,0.9528197156323651,0.9029282034492213,-0.049891512183143805,1,1,sure_thing,0.5072,1,1,1096,1,0
KESTREL-000567,33.0,15.58,basic,11,23,1,1,0,0,5.0,250,0.9414923751014871,0.9086990052976578,-0.0327933698038293,1,1,sure_thing,0.496,1,1,1005,1,1
KESTREL-000568,22.6,19.87,basic,4,21,5,0,1,0,,182,0.9018864550809595,0.9358032491432042,0.03391679406224468,1,1,lost_cause,0.218,0,1,688,1,0
KESTREL-000569,36.0,48.4,pro,16,0,7,0,0,0,8.0,605,0.987211031391261,0.981338485418755,-0.0058725459725059714,1,1,sure_thing,0.144,0,1,1096,1,0
KESTREL-000570,20.6,20.54,basic,6,144,3,1,1,0,,120,0.6807604541804392,0.6256116689510302,-0.055148785229409025,1,1,sleeping_dog,0.631,1,1,627,1,0
KESTREL-000571,13.5,48.96,pro,18,0,5,1,0,1,,165,0.9773288913189562,0.970366792113826,-0.0069620992051301345,1,1,sure_thing,0.1628,0,1,411,1,0
KESTREL-000572,5.6,12.13,basic,7,30,3,3,0,1,9.0,35,0.751673273991456,0.8997780878322977,0.14810481384084173,1,1,persuadable,0.9558,1,1,170,1,0
KESTREL-000573,36.0,15.12,basic,3,120,8,0,0,0,,208,0.9469681580702488,0.7878616078273055,-0.1591065502429433,1,0,sleeping_dog,0.4412,1,0,1096,1,1
KESTREL-000574,36.0,15.69,basic,5,66,1,0,0,1,,314,0.9428031729273579,0.7037785397402094,-0.2390246331871485,1,0,sleeping_dog,0.7452,1,0,1096,1,1
KESTREL-000575,35.7,51.5,pro,6,7,1,0,0,0,,310,0.9516565139333991,0.9044785512957283,-0.04717796263767082,1,1,sure_thing,0.7225,1,1,1087,1,0
KESTREL-000576,7.3,49.19,pro,3,32,6,0,1,0,,63,0.8207380490317311,0.8841887917129688,0.06345074268123774,1,1,persuadable,0.8195,1,1,222,1,0
KESTREL-000577,22.8,58.03,pro,7,0,5,1,0,0,6.0,190,0.9100788154575412,0.9339743368404744,0.02389552138293316,1,1,lost_cause,0.744,1,1,694,1,1
KESTREL-000578,23.1,45.9,pro,23,1,7,0,0,0,10.0,361,0.9882244203518225,0.9808636621725861,-0.007360758179236315,1,1,sure_thing,0.146,0,1,703,1,0
KESTREL-000579,31.3,18.23,basic,4,9,1,2,0,0,,179,0.7870078124142778,0.8505337985396836,0.06352598612540583,1,1,persuadable,0.5155,1,1,953,1,1
KESTREL-000580,32.5,44.86,pro,6,3,3,0,1,0,7.0,348,0.9094667445368226,0.9571353383035945,0.047668593766771905,1,1,lost_cause,0.7188,1,1,989,0,1
KESTREL-000581,27.0,20.35,basic,6,31,5,1,0,0,5.0,400,0.9170584236275151,0.9148845905312034,-0.0021738330963116947,1,1,lost_cause,0.566,1,1,822,1,1
KESTREL-000582,8.4,65.11,pro,6,23,7,2,0,0,6.0,46,0.8723574326292777,0.99,0.11764256737072232,1,1,persuadable,0.7178,1,1,256,1,0
KESTREL-000583,3.5,52.81,pro,2,53,5,1,0,0,7.0,22,0.8060359467893891,0.8092597021215474,0.003223755332158351,1,1,lost_cause,0.052,0,1,107,1,0
KESTREL-000584,31.1,24.62,basic,8,21,9,0,0,0,,239,0.9678997873388752,0.9615678418993623,-0.006331945439512876,1,1,sure_thing,0.0435,0,1,947,1,0
KESTREL-000585,34.5,63.58,pro,3,37,3,1,1,0,6.0,161,0.8459980281322902,0.99,0.1440019718677098,1,1,persuadable,0.7842,1,1,1050,1,1
KESTREL-000586,18.0,49.66,pro,1,121,2,2,0,0,2.0,62,0.7457824898705034,0.7005872837996316,-0.045195206070871796,0,0,lost_cause,0.1595,0,0,548,1,0
KESTREL-000587,6.9,19.81,basic,9,17,6,0,0,0,8.0,140,0.9388847978765394,0.9221188700245286,-0.01676592785201081,1,1,sure_thing,0.2552,1,1,210,1,1
KESTREL-000588,13.0,84.71,pro,4,9,3,1,0,0,,65,0.8924569558811668,0.935278569027953,0.04282161314678623,0,0,lost_cause,0.2422,0,0,396,1,0
KESTREL-000589,6.3,143.93,enterprise,18,31,10,0,0,0,9.0,98,0.9844466749226117,0.9887412097381989,0.00429453481558717,1,1,sure_thing,0.2182,0,1,192,0,0
KESTREL-000590,5.6,17.55,basic,2,15,0,1,0,0,,7,0.865054326854569,0.8423416031526761,-0.022712723701892812,1,1,lost_cause,0.7218,1,1,170,1,1
KESTREL-000591,7.1,45.77,pro,10,20,6,1,0,0,6.0,64,0.8870705569118208,0.8968475404235245,0.009776983511703752,1,1,lost_cause,0.412,1,1,216,1,1
KESTREL-000592,17.2,17.66,basic,4,155,1,0,1,0,,94,0.6309268818403206,0.402478116790545,-0.22844876504977563,0,0,sleeping_dog,0.942,1,0,524,1,0
KESTREL-000593,14.5,65.08,pro,8,13,0,3,0,1,,73,0.8085868107943135,0.99,0.1814131892056865,1,1,persuadable,0.3185,0,1,441,1,0
KESTREL-000594,19.2,42.91,pro,17,13,9,1,1,0,,240,0.9648559530558691,0.99,0.02514404694413086,1,1,sure_thing,0.0065,0,1,584,1,0
KESTREL-000595,22.9,20.05,basic,5,22,5,1,0,0,,213,0.9256614994833529,0.9294097287327404,0.003748229249387558,1,1,sure_thing,0.7942,0,1,697,1,0
KESTREL-000596,15.6,14.67,basic,3,133,3,1,1,0,6.0,70,0.6386256124584264,0.6197160754244009,-0.018909537034025536,0,0,lost_cause,0.8388,1,0,475,1,1
KESTREL-000597,4.7,20.63,basic,13,16,5,1,0,0,7.0,51,0.9326340512558196,0.9306925098893472,-0.001941541366472399,1,1,sure_thing,0.34,0,1,143,0,0
KESTREL-000598,16.4,52.72,pro,18,11,4,0,1,0,10.0,246,0.9591288577863176,0.9784681620602192,0.019339304273901625,1,1,sure_thing,0.1978,0,1,499,1,0
KESTREL-000599,7.6,58.68,pro,12,16,5,0,0,0,,95,0.9670610997902407,0.9467625614793507,-0.020298538310890013,1,1,sure_thing,0.6115,1,1,231,1,1
KESTREL-000600,23.5,79.97,enterprise,9,4,5,1,0,0,,267,0.9327897906387451,0.9640330615248813,0.03124327088613621,1,1,sure_thing,0.1335,0,1,715,1,0
KESTREL-000601,25.3,48.38,pro,1,10,6,0,0,1,8.0,148,0.95336505362364,0.9231312383447828,-0.030233815278857157,1,0,sure_thing,0.2248,0,1,770,1,0
KESTREL-000602,13.4,51.73,pro,9,5,3,0,1,0,,116,0.8912227616153655,0.9335460880445751,0.04232332642920955,1,1,lost_cause,0.6595,1,1,408,1,1
KESTREL-000603,1.0,126.21,enterprise,7,150,2,2,1,0,,5,0.46065436093195883,0.5877311756981822,0.1270768147662234,1,1,persuadable,0.9938,1,1,30,1,1
KESTREL-000604,16.4,23.09,basic,30,0,12,0,0,1,,391,0.9897578773367572,0.9849201264283437,-0.004837750908413541,1,1,sure_thing,0.7388,1,1,499,1,1
KESTREL-000605,36.0,16.63,basic,7,7,3,2,0,0,9.0,264,0.9370866195451233,0.99,0.0529133804548767,1,1,persuadable,0.0142,0,1,1096,1,0
KESTREL-000606,6.1,16.69,basic,15,19,11,1,0,0,10.0,84,0.9591517653707093,0.9647012950844263,0.005549529713716916,1,1,sure_thing,0.1308,0,1,186,1,0
KESTREL-000607,12.9,54.62,pro,4,21,1,1,0,0,,48,0.885057524348801,0.880307121576233,-0.0047504027725679965,1,1,lost_cause,0.5863,1,1,393,1,1
KESTREL-000608,9.2,117.7,enterprise,1,42,0,0,0,0,,44,0.8922480033308889,0.778544827628475,-0.11370317570241395,1,1,sleeping_dog,0.7083,1,1,280,1,1
KESTREL-000609,11.6,35.21,pro,9,9,7,0,1,0,10.0,169,0.9190002429910478,0.9550674295097191,0.03606718651867136,1,1,lost_cause,0.2312,0,1,353,1,0
KESTREL-000610,12.1,26.4,basic,11,17,5,2,0,0,,133,0.9002401550654104,0.9510993806919936,0.05085922562658318,1,1,persuadable,0.6538,1,1,368,1,1
KESTREL-000611,36.0,11.34,basic,13,26,9,2,1,0,8.0,380,0.8651062671872181,0.99,0.12489373281278193,1,1,persuadable,0.377,1,1,1096,1,1
KESTREL-000612,36.0,23.12,basic,2,132,3,1,0,1,5.0,194,0.868963181722029,0.6211256519542349,-0.24783752976779416,1,1,sleeping_dog,0.6408,1,1,1096,1,0
KESTREL-000613,23.7,23.22,basic,5,19,6,2,0,0,,200,0.8342411400321567,0.9080427877345675,0.07380164770241082,1,1,persuadable,0.194,0,1,721,1,0
KESTREL-000614,17.9,15.98,basic,3,68,5,1,0,0,,107,0.877433080290158,0.840336229199132,-0.037096851091026006,1,1,lost_cause,0.621,1,1,545,1,1
KESTREL-000615,26.4,19.16,basic,19,0,8,0,0,0,,519,0.9704404017453598,0.9652255493078471,-0.00521485243751274,1,1,sure_thing,0.5118,1,1,804,1,0
KESTREL-000616,10.4,148.08,enterprise,13,5,4,0,0,1,,157,0.968439993685796,0.9351362454760438,-0.03330374820975224,1,1,sure_thing,0.2232,0,1,317,1,0
KESTREL-000617,36.0,22.33,basic,15,3,4,0,0,0,7.0,538,0.99,0.9701000642875153,-0.019899935712484718,1,1,sure_thing,0.7638,1,1,1096,1,1
KESTREL-000618,36.0,21.69,basic,1,166,1,1,1,0,,83,0.6693921903610248,0.5729606376906686,-0.09643155267035619,1,1,sleeping_dog,0.7922,1,1,1096,1,1
KESTREL-000619,4.9,18.39,basic,24,8,10,0,0,1,10.0,108,0.9674713859682553,0.9559168836953719,-0.01155450227288346,1,1,sure_thing,0.7662,1,1,149,1,1
KESTREL-000620,12.9,13.94,basic,3,187,2,1,1,0,,36,0.5856260008017855,0.4528414433039955,-0.13278455749779,1,0,sleeping_dog,0.994,1,0,393,1,1
KESTREL-000621,20.3,132.86,enterprise,16,10,6,0,0,1,10.0,341,0.9844651230142746,0.9589651525846314,-0.025499970429643137,1,1,sure_thing,0.2488,0,1,618,1,0
KESTREL-000622,36.0,41.87,pro,5,23,3,0,0,0,,286,0.9514599564807096,0.9060719879856942,-0.04538796849501536,1,1,sure_thing,0.696,1,1,1096,1,1
KESTREL-000623,1.6,22.93,basic,12,15,3,1,0,0,7.0,16,0.9243691631561198,0.9154830106146495,-0.008886152541470294,1,1,sure_thing,0.8055,1,1,49,1,1
KESTREL-000624,36.0,60.87,pro,14,47,4,0,0,0,,310,0.9772637495179782,0.9052140388568329,-0.0720497106611453,1,1,sleeping_dog,0.0632,0,1,1096,1,0
KESTREL-000625,19.6,153.43,enterprise,9,1,11,0,0,0,,261,0.9835900262790971,0.99,0.006409973720902906,1,1,sure_thing,0.603,1,1,597,1,1
KESTREL-000626,29.9,22.84,basic,6,14,7,1,0,0,8.0,262,0.9377482005071847,0.9491391514442873,0.011390950937102629,1,1,sure_thing,0.5205,1,1,910,0,0
KESTREL-000627,27.2,20.07,basic,2,43,2,0,0,0,4.0,160,0.8975031946650269,0.7975349845798488,-0.09996821008517809,0,0,sleeping_dog,0.73,1,0,828,1,0
KESTREL-000628,25.6,14.0,basic,8,12,2,2,0,0,5.0,181,0.8607755504891571,0.9057694985346505,0.04499394804549339,0,0,lost_cause,0.3058,0,0,779,1,0
KESTREL-000629,26.5,19.08,basic,5,78,1,2,0,0,,129,0.7652700760663838,0.7414348693340471,-0.023835206732336633,0,0,lost_cause,0.8152,1,0,807,1,0
KESTREL-000630,18.0,17.5,basic,10,53,7,0,0,0,9.0,210,0.9593054520174322,0.9178001629811204,-0.04150528903631179,1,1,sure_thing,0.3815,1,1,548,1,1
KESTREL-000631,30.1,156.95,enterprise,4,0,3,1,0,0,4.0,158,0.9616330341861836,0.99,0.02836696581381637,1,1,sure_thing,0.4025,1,1,916,1,0
KESTREL-000632,26.4,160.94,enterprise,0,2,1,3,1,0,,94,0.7004212711078116,0.99,0.2895787288921884,1,1,persuadable,0.7508,1,1,804,1,1
KESTREL-000633,23.0,15.91,basic,3,14,1,0,0,0,7.0,162,0.9294555300180051,0.8690037579622608,-0.06045177205574426,1,1,sleeping_dog,0.3688,1,1,700,1,1
KESTREL-000634,22.8,59.7,pro,6,136,1,1,0,0,,73,0.8352980143120647,0.6056957195655999,-0.22960229474646487,1,1,sleeping_dog,0.4175,1,1,694,1,0
KESTREL-000635,15.0,64.05,pro,3,32,1,0,0,1,7.0,91,0.9277320653477541,0.7651403171075417,-0.16259174824021239,1,1,sleeping_dog,0.4565,1,1,457,1,1
KESTREL-000636,36.0,41.31,pro,1,42,1,0,0,1,6.0,175,0.9457266296280399,0.7570903325186087,-0.1886362971094312,1,1,sleeping_dog,0.7817,1,1,1096,1,1
KESTREL-000637,36.0,139.58,enterprise,5,5,1,0,0,1,,210,0.9750760271050386,0.9028571211901315,-0.0722189059149071,1,1,sleeping_dog,0.6655,1,1,1096,1,0
KESTREL-000638,34.2,20.62,basic,13,11,10,0,0,0,,475,0.9828543740319658,0.9796765404144423,-0.003177833617523551,1,1,sure_thing,0.275,0,1,1041,1,0
KESTREL-000639,30.1,23.43,basic,4,28,5,0,0,1,9.0,296,0.9667965738969512,0.890878949853581,-0.07591762404337021,1,1,sleeping_dog,0.0845,0,1,916,1,0
KESTREL-000640,13.1,15.4,basic,12,33,7,0,0,0,,135,0.9613641204811656,0.9390483512928417,-0.022315769188323897,1,1,sure_thing,0.7867,1,1,399,1,1
KESTREL-000641,7.3,60.93,pro,21,3,11,0,0,0,,165,0.9791533042681814,0.9784725494662584,-0.0006807548019229781,1,1,sure_thing,0.2708,0,1,222,1,0
KESTREL-000642,25.3,34.71,pro,19,0,6,0,1,0,10.0,487,0.9672973346954319,0.9827463541530811,0.015449019457649205,1,1,sure_thing,0.0945,0,1,770,1,0
KESTREL-000643,31.8,15.14,basic,2,8,7,0,0,0,7.0,230,0.9452874327157428,0.9384842002718036,-0.006803232443939211,1,1,sure_thing,0.3278,0,1,968,1,0
KESTREL-000644,17.2,14.17,basic,9,59,3,1,0,0,5.0,139,0.9000676217198104,0.840904575370615,-0.059163046349195336,1,1,sleeping_dog,0.4425,1,1,524,1,1
KESTREL-000645,31.0,15.78,basic,1,9,2,1,0,0,,82,0.8786355145988264,0.8792997252967634,0.0006642106979369844,1,1,lost_cause,0.8118,1,1,944,1,1
KESTREL-000646,10.4,41.65,pro,5,90,6,0,2,0,,92,0.5892641762300712,0.7942206389582886,0.20495646272821744,0,1,persuadable,0.612,1,1,317,1,1
KESTREL-000647,36.0,26.4,basic,2,256,0,2,1,0,,105,0.4445130110034102,0.40582272602270475,-0.038690284980705425,1,1,lost_cause,0.9768,1,1,1096,1,1
KESTREL-000648,7.2,43.63,pro,1,71,4,0,0,0,6.0,31,0.8846478671169304,0.7634755002117242,-0.12117236690520627,1,1,sleeping_dog,0.8705,1,1,219,1,0
KESTREL-000649,8.9,16.61,basic,10,16,8,0,0,0,,99,0.9128729045667808,0.9044372416362555,-0.008435662930525334,0,0,lost_cause,0.8748,1,0,271,1,1
KESTREL-000650,9.5,131.48,enterprise,5,40,7,1,0,0,6.0,97,0.9164244030863514,0.99,0.07357559691364857,0,1,persuadable,0.0482,0,0,289,1,0
KESTREL-000651,16.4,27.27,basic,25,12,8,0,0,0,,378,0.9882030320563691,0.979616303087043,-0.008586728969326107,1,1,sure_thing,0.8965,1,1,499,1,1
KESTREL-000652,36.0,52.71,pro,4,20,3,0,0,0,,200,0.9458585490522922,0.9064209686836533,-0.03943758036863887,1,0,sure_thing,0.396,1,0,1096,1,1
KESTREL-000653,32.8,16.68,basic,6,41,2,1,0,0,,239,0.9245397613947047,0.8844103065827089,-0.04012945481199581,1,1,sure_thing,0.6592,1,1,998,1,1
KESTREL-000654,7.7,20.86,basic,5,17,1,0,0,0,,30,0.9067093532941144,0.8408124953124895,-0.06589685798162492,1,1,sleeping_dog,0.764,1,1,234,1,0
KESTREL-000655,32.7,17.27,basic,4,98,3,0,0,1,,122,0.9372783672623791,0.67959139371688,-0.2576869735454991,1,0,sleeping_dog,0.1358,0,1,995,1,0
KESTREL-000656,33.9,25.93,basic,3,63,2,2,0,0,4.0,193,0.8806060195503921,0.9183200979886633,0.03771407843827124,1,1,lost_cause,0.9335,1,1,1032,1,1
KESTREL-000657,12.6,61.92,pro,2,259,2,3,0,0,2.0,45,0.4700660150232192,0.4242165021554445,-0.04584951286777472,0,0,lost_cause,0.9722,1,0,384,1,0
KESTREL-000658,12.6,34.89,basic,17,14,4,0,0,0,10.0,181,0.958667432692648,0.9301066081564743,-0.0285608245361737,1,1,sure_thing,0.143,0,1,384,1,0
KESTREL-000659,28.0,21.96,basic,7,60,4,2,1,0,,265,0.7250256026677202,0.9515891030501042,0.22656350038238404,1,1,persuadable,0.9032,1,1,852,1,1
KESTREL-000660,35.7,46.3,pro,6,16,2,2,0,1,6.0,230,0.9090624688973736,0.9778123730009353,0.06874990410356163,0,1,persuadable,0.1448,0,0,1087,1,0
KESTREL-000661,12.8,24.54,basic,11,56,4,0,0,0,,98,0.9408664784102388,0.8490981147348722,-0.09176836367536667,1,1,sleeping_dog,0.4762,1,1,390,1,1
KESTREL-000662,36.0,41.78,pro,1,51,4,1,0,0,,341,0.9182008546787298,0.9088401410981638,-0.009360713580566005,1,1,lost_cause,0.1852,0,1,1096,1,0
KESTREL-000663,34.8,56.02,pro,4,1,7,1,0,0,,302,0.9603764619967285,0.99,0.029623538003271443,1,1,sure_thing,0.578,1,1,1059,1,1
KESTREL-000664,27.1,69.74,pro,4,45,2,1,1,1,5.0,113,0.7882917523049453,0.9451484430383049,0.15685669073335962,1,1,persuadable,0.5225,1,1,825,1,1
KESTREL-000665,31.1,53.88,pro,23,0,8,0,0,0,,568,0.9880781458842881,0.9833714533632206,-0.004706692521067479,1,1,sure_thing,0.8028,1,1,947,1,1
KESTREL-000666,36.0,43.99,pro,19,5,4,1,1,0,10.0,526,0.9650177473878119,0.99,0.024982252612188116,1,1,sure_thing,0.09,0,1,1096,1,0
KESTREL-000667,20.3,57.4,pro,3,222,2,2,0,0,4.0,84,0.7046124373416649,0.5457521738382622,-0.15886026350340265,1,1,sleeping_dog,0.9928,1,1,618,1,1
KESTREL-000668,17.6,19.56,basic,13,26,6,2,0,0,,185,0.8603496475782118,0.8988636977171799,0.03851405013896814,0,0,lost_cause,0.763,1,0,536,1,0
KESTREL-000669,21.7,19.91,basic,5,8,5,1,0,0,,224,0.9441357341954231,0.9530200949418156,0.008884360746392539,1,1,sure_thing,0.2808,0,1,661,1,0
KESTREL-000670,20.3,24.75,basic,15,2,9,0,0,0,6.0,365,0.9656651547261302,0.962364614153565,-0.003300540572565236,1,1,sure_thing,0.0115,0,1,618,1,0
KESTREL-000671,29.2,12.5,basic,13,19,7,0,0,0,,419,0.9699059215129425,0.9559120356803463,-0.013993885832596198,1,1,sure_thing,0.6692,1,1,889,1,1
KESTREL-000672,14.6,22.42,basic,18,0,5,0,0,0,,193,0.9689748125017154,0.9553085312974581,-0.01366628120425728,1,1,sure_thing,0.3998,1,1,444,1,0
KESTREL-000673,14.0,140.85,enterprise,5,0,2,2,0,1,,89,0.8505438738692036,0.99,0.1394561261307964,1,1,persuadable,0.7857,1,1,426,1,1
KESTREL-000674,15.6,19.4,basic,32,3,10,0,0,1,10.0,438,0.9897533655370684,0.9796655178639091,-0.01008784767315929,1,1,sure_thing,0.0052,0,1,475,1,0
KESTREL-000675,31.2,19.57,basic,15,33,1,0,0,0,,360,0.9718450195028947,0.8714765865508965,-0.10036843295199815,1,1,sleeping_dog,0.9518,1,1,950,1,1
KESTREL-000676,19.0,13.63,basic,13,22,6,0,0,0,,198,0.963915016983594,0.9429474340045861,-0.020967582979007915,1,1,sure_thing,0.3005,0,1,578,1,0
KESTREL-000677,15.3,57.01,pro,25,8,10,0,0,0,,260,0.985605954729989,0.9824774424287742,-0.003128512301214803,1,1,sure_thing,0.6018,1,1,466,1,0
KESTREL-000678,23.0,45.86,pro,36,0,7,1,0,0,8.0,515,0.9871310948747105,0.9857964617613801,-0.0013346331133303746,1,1,sure_thing,0.573,1,1,700,1,0
KESTREL-000679,33.6,59.08,pro,18,7,9,0,0,0,9.0,481,0.9853525488958264,0.9821146352583973,-0.0032379136374290907,1,1,sure_thing,0.175,0,1,1023,1,0
KESTREL-000680,36.0,35.56,pro,6,5,4,0,1,1,,335,0.9140722873318794,0.943831296271263,0.029759008939383658,1,1,lost_cause,0.2745,0,1,1096,1,0
KESTREL-000681,27.1,40.17,pro,15,55,6,0,0,0,,389,0.9663673270415306,0.9096381085438879,-0.056729218497642675,1,1,sleeping_dog,0.5605,1,1,825,1,0
KESTREL-000682,9.7,21.69,basic,9,40,5,0,0,1,,109,0.9440988214597512,0.8411582083034336,-0.10294061315631764,1,1,sleeping_dog,0.1383,1,1,295,1,1
KESTREL-000683,25.3,35.04,pro,8,60,6,0,0,0,8.0,328,0.9510144230509814,0.887384240689803,-0.06363018236117834,1,1,sleeping_dog,0.793,1,1,770,1,1
KESTREL-000684,28.0,38.38,pro,3,4,3,3,1,0,,177,0.7188543833343431,0.99,0.27114561666565684,1,1,persuadable,0.5397,1,1,852,1,1
KESTREL-000685,15.3,45.45,pro,7,102,1,1,0,1,5.0,91,0.8908480623622781,0.6562163807009753,-0.23463168166130277,1,0,sleeping_dog,0.5078,1,0,466,1,1
KESTREL-000686,36.0,18.14,basic,13,9,10,0,0,1,8.0,493,0.9769916755515292,0.9661272087372342,-0.010864466814294982,1,1,sure_thing,0.5975,1,1,1096,1,1
KESTREL-000687,36.0,60.08,pro,1,23,4,0,1,0,,274,0.9265976408778647,0.99,0.06340235912213532,1,1,persuadable,0.0582,0,1,1096,1,0
KESTREL-000688,36.0,52.93,pro,14,40,9,1,0,1,8.0,597,0.9784926356901434,0.9739861947033812,-0.004506440986762228,1,1,sure_thing,0.2008,0,1,1096,1,0
KESTREL-000689,22.3,16.27,basic,4,29,1,0,0,1,,136,0.9035326916992504,0.7420173551102931,-0.16151533658895734,0,0,sleeping_dog,0.9258,1,0,679,1,0
KESTREL-000690,5.5,46.03,pro,11,56,6,2,1,0,,71,0.7804918736084323,0.99,0.20950812639156768,0,1,persuadable,0.8425,1,1,167,1,1
KESTREL-000691,28.4,23.57,basic,10,32,3,0,0,0,8.0,275,0.9522199706788542,0.8899027000796371,-0.0623172705992171,1,1,sleeping_dog,0.4435,1,1,864,1,1
KESTREL-000692,15.9,62.92,pro,9,36,4,1,0,1,,163,0.952512906597391,0.9138985978558416,-0.038614308741549364,1,1,sure_thing,0.439,1,1,484,1,1
KESTREL-000693,17.2,17.76,basic,7,8,3,0,0,0,6.0,98,0.9124051077473824,0.882264411234481,-0.03014069651290141,1,1,lost_cause,0.4642,1,1,524,1,1
KESTREL-000694,36.0,230.59,enterprise,18,3,11,0,0,0,,609,0.99,0.99,0.0,1,1,sure_thing,0.6395,1,1,1096,1,1
KESTREL-000695,9.6,20.7,basic,4,41,6,0,1,0,,84,0.8837685212894528,0.9143054845693788,0.030536963279925944,1,1,lost_cause,0.2462,0,1,292,1,0
KESTREL-000696,11.6,22.82,basic,4,0,4,0,0,0,7.0,121,0.9302433075467811,0.9145933019872104,-0.015650005559570634,1,1,sure_thing,0.2238,0,1,353,1,0
KESTREL-000697,18.4,17.66,basic,22,1,9,1,0,0,9.0,312,0.979285069877939,0.9816162391965706,0.002331169318631643,1,1,sure_thing,0.4285,1,1,560,1,1
KESTREL-000698,26.8,100.94,enterprise,3,4,5,0,0,0,,173,0.9639443603504445,0.966799165432293,0.0028548050818485438,1,1,sure_thing,0.291,0,1,816,1,0
KESTREL-000699,4.1,46.47,pro,9,37,5,1,0,0,6.0,39,0.8698959594803428,0.8687041340651502,-0.0011918254151925822,1,1,lost_cause,0.4852,1,1,125,1,1
KESTREL-000700,22.6,167.23,enterprise,2,73,5,1,1,0,,163,0.855442295013742,0.99,0.13455770498625796,1,1,persuadable,0.6812,1,1,688,1,1
KESTREL-000701,14.4,27.62,basic,9,7,3,2,1,1,,115,0.8496034768875887,0.99,0.14039652311241124,1,1,persuadable,0.9042,1,1,438,1,0
KESTREL-000702,4.7,18.41,basic,1,45,2,0,1,1,7.0,18,0.7451555213445631,0.7014040385226401,-0.04375148282192298,0,0,lost_cause,0.7535,1,0,143,1,0
KESTREL-000703,36.0,31.09,basic,42,2,10,0,0,0,,932,0.99,0.99,0.0,1,1,sure_thing,0.2282,0,1,1096,1,0
KESTREL-000704,25.1,25.88,basic,29,3,12,1,0,1,,580,0.9862953535171762,0.9866656216763561,0.0003702681591798429,1,1,sure_thing,0.4795,1,1,764,1,1
KESTREL-000705,7.5,89.34,enterprise,25,2,9,0,0,0,7.0,194,0.9893897567867558,0.9871480451645608,-0.0022417116221949973,1,1,sure_thing,0.2192,0,1,228,1,0
KESTREL-000706,17.6,21.01,basic,11,32,8,0,0,1,,208,0.9687434867158149,0.9270191033324603,-0.0417243833833546,1,1,sure_thing,0.192,0,1,536,1,0
KESTREL-000707,18.3,15.16,basic,6,36,2,0,0,0,9.0,198,0.9348289518616107,0.848579494160298,-0.08624945770131276,1,1,sleeping_dog,0.309,0,1,557,1,0
KESTREL-000708,36.0,16.82,basic,2,276,3,0,0,0,,264,0.8072758524490272,0.511965666405243,-0.29531018604378423,0,0,sleeping_dog,0.707,1,0,1096,1,1
KESTREL-000709,36.0,19.03,basic,7,4,5,0,0,1,,288,0.973376939773591,0.934219197272456,-0.03915774250113502,1,1,sure_thing,0.4632,1,1,1096,1,1
KESTREL-000710,36.0,44.77,pro,1,124,1,0,1,0,,70,0.8118635580191977,0.6607293577381481,-0.15113420028104962,0,0,sleeping_dog,0.5005,1,0,1096,1,0
KESTREL-000711,9.2,97.59,enterprise,13,4,4,1,0,0,,97,0.9359226859918851,0.965343995459761,0.02942130946787591,1,1,sure_thing,0.0958,0,1,280,1,0
KESTREL-000712,10.6,21.14,basic,6,214,1,0,0,1,8.0,67,0.7352703827398531,0.43924380373610294,-0.2960265790037502,1,0,sleeping_dog,0.733,1,0,323,1,1
KESTREL-000713,36.0,13.18,basic,11,11,4,1,0,1,,477,0.9645600865245343,0.9408082654968881,-0.02375182102764617,1,0,sure_thing,0.11,0,1,1096,1,0
KESTREL-000714,24.8,59.14,pro,14,2,7,0,0,0,8.0,318,0.9704339883493074,0.9651692586808628,-0.005264729668444601,1,1,sure_thing,0.061,0,1,755,1,0
KESTREL-000715,13.4,56.27,pro,20,31,7,0,0,1,,221,0.979699954937873,0.9271490428038591,-0.05255091213401386,1,1,sleeping_dog,0.2565,0,1,408,1,0
KESTREL-000716,20.1,35.53,pro,4,31,4,0,0,1,,126,0.9164115076129798,0.8164327125728745,-0.09997879504010532,1,1,sleeping_dog,0.165,0,1,612,1,0
KESTREL-000717,12.1,55.69,pro,8,2,5,0,0,0,,128,0.9696064959522576,0.9593561514487091,-0.010250344503548448,1,1,sure_thing,0.5685,1,1,368,1,1
KESTREL-000718,10.6,16.23,basic,4,17,2,1,0,0,,48,0.9203067981610094,0.9105072679121905,-0.009799530248818855,0,0,sure_thing,0.4325,1,0,323,1,0
KESTREL-000719,12.8,48.06,pro,29,4,5,0,0,1,,272,0.9832453864011925,0.9419516802317165,-0.04129370616947603,1,1,sure_thing,0.353,1,1,390,1,1
KESTREL-000720,28.7,11.05,basic,14,20,13,0,0,0,,396,0.9836845987687176,0.9823000225834068,-0.0013845761853108485,1,1,sure_thing,0.487,1,1,874,1,1
KESTREL-000721,8.2,42.78,pro,5,18,4,0,0,0,6.0,90,0.927711995049966,0.8991129019531313,-0.028599093096834727,1,1,sure_thing,0.7825,1,1,250,1,0
KESTREL-000722,36.0,18.68,basic,3,98,2,0,0,0,4.0,192,0.950546313304064,0.7236933316776419,-0.2268529816264221,0,0,sleeping_dog,0.246,0,0,1096,1,0
KESTREL-000723,15.9,14.65,basic,2,190,2,0,0,1,,65,0.7996567100359443,0.5053746466330074,-0.29428206340293694,1,0,sleeping_dog,0.8292,1,0,484,1,1
KESTREL-000724,36.0,11.83,basic,10,21,8,0,0,0,,249,0.9704083981145485,0.9599013731616497,-0.010507024952898791,1,1,sure_thing,0.571,1,1,1096,1,1
KESTREL-000725,24.0,107.75,enterprise,14,7,7,0,1,1,,324,0.9621714162803225,0.99,0.027828583719677447,1,1,sure_thing,0.273,0,1,731,1,0
KESTREL-000726,36.0,18.68,basic,2,82,2,1,0,1,,66,0.8877354559891394,0.6970043426074086,-0.19073111338173077,1,1,sleeping_dog,0.5012,0,1,1096,1,0
KESTREL-000727,36.0,53.32,pro,9,11,5,2,1,0,,334,0.8962571048224605,0.99,0.09374289517753953,1,1,persuadable,0.1398,0,1,1096,1,0
KESTREL-000728,15.1,33.24,basic,15,1,7,2,0,0,,246,0.9442567755822256,0.99,0.04574322441777434,1,1,sure_thing,0.5672,1,1,460,1,1
KESTREL-000729,35.9,71.19,pro,2,139,2,0,0,1,10.0,254,0.9495931641161818,0.6701199933171645,-0.27947317079901723,1,0,sleeping_dog,0.914,1,0,1093,1,0
KESTREL-000730,25.8,50.01,pro,1,44,0,2,0,0,,108,0.7723866140352555,0.8562378113632866,0.08385119732803104,1,1,persuadable,0.7198,1,1,785,1,0
KESTREL-000731,36.0,46.0,pro,13,4,6,0,0,0,,377,0.9845480774517731,0.9748773608459977,-0.009670716605775342,1,1,sure_thing,0.5505,1,1,1096,1,1
KESTREL-000732,18.2,16.0,basic,2,4,2,1,1,1,,100,0.8190046903770494,0.9495333103398214,0.13052861996277199,1,1,persuadable,0.774,1,1,554,1,0
KESTREL-000733,18.4,16.31,basic,20,5,12,0,1,0,8.0,360,0.9776677057001616,0.9894194427606289,0.011751737060467282,1,1,sure_thing,0.0022,0,1,560,1,0
KESTREL-000734,20.7,16.07,basic,3,20,2,0,1,0,7.0,139,0.8553991446623682,0.8779784388276718,0.022579294165303576,0,0,lost_cause,0.6688,1,0,630,1,1
KESTREL-000735,12.9,24.56,basic,5,63,1,0,2,1,7.0,84,0.5810022849277708,0.7089969869618948,0.127994702034124,1,1,persuadable,0.9682,1,1,393,1,1
KESTREL-000736,33.6,17.31,basic,10,3,11,0,0,0,,450,0.9817440383948609,0.9811276380015812,-0.0006164003932797035,1,1,sure_thing,0.543,1,1,1023,1,1
KESTREL-000737,26.3,39.83,pro,3,10,7,2,1,0,,274,0.811155861812278,0.99,0.17884413818772205,1,1,persuadable,0.7768,1,1,801,1,0
KESTREL-000738,13.9,42.68,pro,1,348,2,0,0,0,,82,0.7027162060311689,0.41051523149607666,-0.29220097453509225,1,1,sleeping_dog,0.8475,1,1,423,1,0
KESTREL-000739,18.7,18.06,basic,32,6,16,0,2,0,,380,0.9830996925317995,0.99,0.006900307468200473,1,1,sure_thing,0.39,1,1,569,1,1
KESTREL-000740,13.6,14.74,basic,16,38,2,0,1,0,,132,0.889748112393379,0.8703167071678721,-0.019431405225506904,1,1,lost_cause,0.9272,1,1,414,1,0
KESTREL-000741,11.7,20.49,basic,25,0,12,0,1,1,,277,0.9755199346824853,0.9830474132224443,0.007527478539958943,1,1,sure_thing,0.3548,1,1,356,1,0
KESTREL-000742,5.4,12.99,basic,7,33,3,0,2,0,9.0,62,0.771353629475014,0.9414447463574445,0.1700911168824305,1,1,persuadable,0.8462,1,1,164,1,0
KESTREL-000743,36.0,18.49,basic,2,38,1,0,0,0,,160,0.9390461425032803,0.830052153771803,-0.10899398873147736,1,1,sleeping_dog,0.4755,1,1,1096,1,0
KESTREL-000744,20.0,25.47,basic,22,3,20,1,0,0,7.0,394,0.9875580137229348,0.99,0.0024419862770651557,1,1,sure_thing,0.7855,1,1,609,1,1
KESTREL-000745,36.0,16.2,basic,6,10,1,2,0,0,,233,0.92035077192332,0.9724868593506625,0.05213608742734244,1,1,persuadable,0.468,1,1,1096,1,1
KESTREL-000746,21.5,16.5,basic,4,11,8,0,0,0,,202,0.9347544163641841,0.9293201627143958,-0.005434253649788334,1,1,sure_thing,0.0342,0,1,654,1,0
KESTREL-000747,15.8,17.06,basic,2,93,1,1,0,0,,42,0.7593743468177788,0.5903069576640274,-0.1690673891537514,1,1,sleeping_dog,0.6345,1,1,481,1,1
KESTREL-000748,25.8,62.82,pro,32,14,12,0,0,1,,499,0.99,0.9867656936016846,-0.0032343063983153453,1,1,sure_thing,0.5752,1,1,785,1,1
KESTREL-000749,5.3,13.13,basic,3,26,5,1,0,0,8.0,28,0.7917675729599084,0.7940105038873336,0.002242930927425224,1,1,lost_cause,0.866,1,1,161,1,1
KESTREL-000750,36.0,42.19,pro,11,44,3,0,0,1,,438,0.9762529221335001,0.8212104280240697,-0.15504249410943038,1,1,sleeping_dog,0.0328,0,1,1096,1,0
KESTREL-000751,10.3,48.54,pro,4,6,10,0,0,1,,98,0.9538015315424372,0.9491100798281239,-0.004691451714313288,1,1,sure_thing,0.9548,1,1,314,1,1
KESTREL-000752,10.3,17.34,basic,3,6,2,0,1,0,,64,0.8189715664608139,0.8498960277755928,0.030924461314778884,1,1,lost_cause,0.7325,1,1,314,1,1
KESTREL-000753,8.9,16.23,basic,3,21,1,0,0,0,4.0,34,0.8915469935503828,0.8185335554418317,-0.0730134381085511,1,0,sleeping_dog,0.1562,0,1,271,1,0
KESTREL-000754,36.0,61.24,pro,8,5,3,1,0,1,,368,0.9582550513433119,0.9519964804671878,-0.0062585708761241365,1,0,sure_thing,0.0825,0,1,1096,1,0
KESTREL-000755,20.1,83.98,enterprise,6,6,3,0,1,0,,198,0.9426288475255263,0.99,0.047371152474473655,1,1,sure_thing,0.1745,0,1,612,1,0
KESTREL-000756,36.0,23.76,basic,29,5,27,0,0,0,8.0,1025,0.99,0.99,0.0,1,1,sure_thing,0.1638,0,1,1096,1,0
KESTREL-000757,17.8,109.12,enterprise,4,56,5,1,0,0,,94,0.9251936367651754,0.9702800242812631,0.045086387516087734,0,0,sure_thing,0.2152,0,0,542,1,0
KESTREL-000758,13.2,22.92,basic,11,120,3,1,1,0,,103,0.7711837050309054,0.7500147403835008,-0.021168964647404587,0,0,lost_cause,0.974,1,0,402,1,1
KESTREL-000759,20.3,20.9,basic,7,4,1,2,0,0,,157,0.8145010338665429,0.8697382326072334,0.05523719874069044,0,0,persuadable,0.8582,1,0,618,1,1
KESTREL-000760,5.1,16.95,basic,9,10,3,0,1,0,,32,0.836855449079228,0.8541875880380898,0.017332138958861765,1,1,lost_cause,0.9158,1,1,155,1,1
KESTREL-000761,22.0,19.77,basic,5,28,3,2,0,0,7.0,201,0.85606590698097,0.9161576526584431,0.06009174567747311,1,1,persuadable,0.8512,1,1,670,1,1
KESTREL-000762,10.4,41.48,pro,5,74,3,0,1,0,,82,0.7677676247223216,0.749828881408078,-0.01793874331424361,1,1,lost_cause,0.9522,1,1,317,1,0
KESTREL-000763,36.0,43.27,pro,31,15,12,1,0,0,9.0,808,0.9896938036283937,0.99,0.0003061963716063376,1,1,sure_thing,0.2852,0,1,1096,1,0
KESTREL-000764,34.7,25.6,basic,3,25,3,1,1,0,,221,0.8619936906080179,0.99,0.1280063093919821,1,1,persuadable,0.2675,0,1,1056,1,0
KESTREL-000765,9.0,19.29,basic,26,11,8,1,0,0,10.0,185,0.9677163747400692,0.9669358123558268,-0.0007805623842424003,1,1,sure_thing,0.4422,1,1,274,1,1
KESTREL-000766,14.4,24.85,basic,1,100,2,0,1,0,4.0,59,0.7704274597467772,0.6724084892457609,-0.09801897050101627,1,1,sleeping_dog,0.6675,1,1,438,1,0
KESTREL-000767,18.1,19.88,basic,4,65,2,0,0,0,,125,0.8956854925838611,0.7414856882624945,-0.1541998043213666,1,1,sleeping_dog,0.172,0,1,551,1,0
KESTREL-000768,36.0,146.09,enterprise,4,0,4,1,0,0,,199,0.9674554758537811,0.99,0.02254452414621888,1,1,sure_thing,0.087,0,1,1096,1,0
KESTREL-000769,19.9,36.92,pro,11,92,2,0,0,0,,194,0.9423981377005373,0.7257086780611197,-0.21668945963941755,1,1,sleeping_dog,0.483,1,1,606,1,1
KESTREL-000770,5.3,50.35,pro,3,159,0,0,1,0,6.0,34,0.755517606372078,0.5503857471792888,-0.2051318591927892,1,1,sleeping_dog,0.9678,1,1,161,1,0
KESTREL-000771,36.0,12.63,basic,3,95,2,1,0,0,7.0,208,0.8824982003446223,0.7266201058960138,-0.15587809444860856,1,1,sleeping_dog,0.872,1,1,1096,1,1
KESTREL-000772,2.9,48.49,pro,15,14,10,0,1,1,10.0,39,0.9552994272433892,0.9832284878965045,0.02792906065311529,1,1,sure_thing,0.6702,1,1,88,1,1
KESTREL-000773,25.9,41.8,pro,3,6,2,0,0,1,,194,0.9492935076515221,0.8665091847232193,-0.08278432292830284,1,1,sleeping_dog,0.1737,0,1,788,1,0
KESTREL-000774,8.2,14.49,basic,13,8,4,0,0,0,4.0,91,0.962794602075155,0.9391440986540944,-0.023650503421060565,1,1,sure_thing,0.0155,0,1,250,1,0
KESTREL-000775,6.0,123.86,enterprise,19,9,3,1,0,1,9.0,117,0.9764588082927207,0.9764925559308016,3.374763808094983e-05,1,1,sure_thing,0.8502,1,1,183,1,1
KESTREL-000776,7.4,18.73,basic,1,327,2,2,1,0,,22,0.24518074828834047,0.20050730706252595,-0.044673441225814514,0,0,lost_cause,0.9998,1,0,225,1,1
KESTREL-000777,18.8,65.95,pro,1,29,2,1,0,0,8.0,94,0.9007786238949921,0.9144965913469616,0.013717967451969515,0,0,lost_cause,0.3015,0,0,572,1,0
KESTREL-000778,7.7,19.14,basic,15,83,1,0,0,0,,103,0.9409522468172147,0.7230391513706199,-0.21791309544659476,1,1,sleeping_dog,0.3968,1,1,234,1,1
KESTREL-000779,7.9,16.82,basic,2,68,3,0,0,0,,33,0.827567044064862,0.6883739982665511,-0.13919304579831093,1,1,sleeping_dog,0.6438,1,1,240,1,1
KESTREL-000780,13.4,17.13,basic,22,13,9,0,0,0,,228,0.9806293524775462,0.9741984269161923,-0.0064309255613539396,1,1,sure_thing,0.171,0,1,408,1,0
KESTREL-000781,36.0,20.07,basic,3,32,3,0,2,0,,209,0.8540863076420308,0.99,0.13591369235796924,1,1,persuadable,0.8402,1,1,1096,1,0
KESTREL-000782,6.6,20.91,basic,55,0,33,0,0,0,,259,0.99,0.99,0.0,1,1,sure_thing,0.0982,0,1,201,1,0
KESTREL-000783,12.9,18.97,basic,2,14,4,0,1,0,4.0,71,0.8644273159516208,0.9033375453717754,0.03891022942015454,0,0,lost_cause,0.302,0,0,393,1,0
KESTREL-000784,10.6,126.25,enterprise,6,10,3,0,2,1,,109,0.8384351659325001,0.99,0.15156483406749988,1,1,persuadable,0.7652,1,1,323,1,0
KESTREL-000785,5.4,31.9,pro,8,8,6,0,0,0,,60,0.9632381343761914,0.9522422648643181,-0.010995869511873368,1,1,sure_thing,0.106,0,1,164,1,0
KESTREL-000786,7.2,19.54,basic,3,17,6,2,1,0,8.0,46,0.6551909540229721,0.902672282632515,0.24748132860954286,1,1,persuadable,0.7992,1,1,219,1,0
KESTREL-000787,11.6,14.09,basic,10,4,12,0,0,0,,176,0.9568851201730734,0.9568009612518545,-8.415892121882429e-05,1,1,sure_thing,0.3022,0,1,353,1,0
KESTREL-000788,31.6,45.62,pro,5,32,3,2,0,1,,293,0.8921953848010005,0.9578123160407963,0.06561693123979584,1,1,persuadable,0.053,0,1,962,1,0
KESTREL-000789,9.3,56.98,pro,13,8,7,0,0,0,,104,0.9724726977255754,0.9654142676637644,-0.007058430061811061,1,1,sure_thing,0.3018,0,1,283,1,0
KESTREL-000790,4.6,81.38,pro,6,22,0,0,0,0,9.0,28,0.9250851150853575,0.8388626037582816,-0.08622251132707592,1,1,sleeping_dog,0.2072,0,1,140,1,0
KESTREL-000791,1.1,16.89,basic,3,55,1,1,0,0,5.0,3,0.8044489906789933,0.7256029142778122,-0.07884607640118113,1,1,sleeping_dog,0.754,1,1,33,1,1
KESTREL-000792,1.0,20.51,basic,24,5,14,0,2,0,8.0,18,0.9071455165114488,0.99,0.08285448348855118,1,1,persuadable,0.6175,1,1,30,1,1
KESTREL-000793,36.0,14.76,basic,8,29,4,2,0,0,,261,0.880291899068777,0.9262209811589741,0.04592908209019708,1,1,lost_cause,0.6405,1,1,1096,1,1
KESTREL-000794,14.1,17.41,basic,10,12,7,0,0,0,,163,0.9627766146903532,0.9525744101196851,-0.010202204570668116,1,1,sure_thing,0.3915,1,1,429,0,0
KESTREL-000795,32.9,35.88,pro,20,7,10,0,0,0,9.0,501,0.9874234870478712,0.9844261160464557,-0.0029973710014155053,1,1,sure_thing,0.7222,1,1,1001,1,1
KESTREL-000796,15.3,39.92,pro,9,12,6,0,0,1,,168,0.9405184758086497,0.903224834654893,-0.03729364115375666,1,1,sure_thing,0.391,1,1,466,1,0
KESTREL-000797,20.4,32.61,pro,7,24,5,0,0,0,,147,0.9516224992392136,0.9240984417526825,-0.027524057486531084,1,1,sure_thing,0.605,1,1,621,1,1
KESTREL-000798,28.4,15.78,basic,11,19,4,1,0,0,,279,0.9660000085043811,0.9593046931964946,-0.0066953153078864736,1,1,sure_thing,0.0107,0,1,864,1,0
KESTREL-000799,36.0,41.8,pro,9,129,6,1,0,1,,224,0.9403651066383414,0.7255729481976607,-0.21479215844068067,1,0,sleeping_dog,0.2015,0,1,1096,1,0
KESTREL-000800,27.9,16.81,basic,8,77,4,0,1,0,5.0,184,0.882872887960815,0.8488028318088454,-0.03407005615196956,1,1,lost_cause,0.5578,1,1,849,1,1
KESTREL-000801,20.1,232.75,enterprise,26,29,7,0,0,0,,289,0.99,0.99,0.0,1,1,sure_thing,0.586,1,1,612,1,1
KESTREL-000802,7.6,21.38,basic,4,9,4,0,0,0,,49,0.9228100514860929,0.900708084683433,-0.022101966802659856,1,1,sure_thing,0.8858,1,1,231,0,0
KESTREL-000803,36.0,17.7,basic,20,28,11,1,1,0,7.0,564,0.9555190486822865,0.99,0.03448095131771345,1,1,sure_thing,0.4765,1,1,1096,1,0
KESTREL-000804,17.4,14.8,basic,10,12,3,1,0,1,,176,0.9177918239718486,0.8840314321848641,-0.03376039178698442,1,1,lost_cause,0.1332,1,1,530,1,0
KESTREL-000805,29.2,124.99,enterprise,8,35,3,0,0,0,9.0,242,0.9630233654668944,0.9140804692273476,-0.04894289623954673,1,1,sure_thing,0.0922,0,1,889,1,0
KESTREL-000806,14.1,15.26,basic,7,0,5,1,1,0,7.0,234,0.8562755937237276,0.9695158986007318,0.1132403048770042,1,1,persuadable,0.951,1,1,429,1,1
KESTREL-000807,24.1,40.6,pro,1,152,4,1,0,0,4.0,94,0.7947874793548267,0.5787354206313688,-0.2160520587234579,1,0,sleeping_dog,0.851,1,0,734,1,1
KESTREL-000808,10.4,15.53,basic,19,11,12,0,1,0,,221,0.961839958604776,0.9742354988059886,0.012395540201212585,1,1,sure_thing,0.1182,0,1,317,1,0
KESTREL-000809,18.7,14.62,basic,14,12,6,0,0,1,9.0,245,0.9579186284658309,0.9183112870737941,-0.03960734139203681,1,1,sure_thing,0.46,1,1,569,1,1
KESTREL-000810,3.5,17.06,basic,6,0,8,0,0,0,,33,0.9038350092307521,0.9006374992353136,-0.003197509995438552,0,0,lost_cause,0.5875,1,0,107,1,1
KESTREL-000811,26.2,17.56,basic,8,15,4,0,0,1,,425,0.9386730308442524,0.8691464288352356,-0.06952660200901672,1,0,sleeping_dog,0.7705,1,0,798,1,1
KESTREL-000812,22.4,69.59,pro,5,4,5,1,1,0,,180,0.9145755483631289,0.99,0.07542445163687106,1,1,persuadable,0.406,1,1,682,1,0
KESTREL-000813,6.2,45.96,pro,11,1,11,1,0,1,,121,0.9387162967683492,0.9538220875545445,0.015105790786195228,1,1,sure_thing,0.369,1,1,189,1,0
KESTREL-000814,28.0,18.54,basic,15,18,2,0,0,0,5.0,289,0.962556604114066,0.9075317705594134,-0.0550248335546526,1,1,sleeping_dog,0.1945,0,1,852,1,0
KESTREL-000815,10.5,25.0,basic,6,60,1,0,0,0,5.0,47,0.9188501100969051,0.754891487971409,-0.16395862212549606,1,1,sleeping_dog,0.9195,1,1,320,1,0
KESTREL-000816,10.6,18.1,basic,8,33,1,2,1,1,,79,0.7187867088370179,0.9224992863554722,0.20371257751845429,1,1,persuadable,0.9145,1,1,323,1,0
KESTREL-000817,12.1,25.07,basic,9,66,4,1,1,0,6.0,91,0.7405661274279255,0.8340785447086448,0.09351241728071935,0,0,persuadable,0.9838,0,0,368,1,0
KESTREL-000818,9.5,22.43,basic,5,95,0,1,0,0,5.0,25,0.806793922352713,0.6114614846247761,-0.19533243772793685,1,1,sleeping_dog,0.3868,1,1,289,1,1
KESTREL-000819,26.2,55.35,pro,17,37,6,0,0,0,10.0,366,0.9846132911701504,0.9517705110170549,-0.0328427801530955,1,1,sure_thing,0.2365,0,1,798,1,0
KESTREL-000820,36.0,11.22,basic,4,45,2,3,1,0,,215,0.7015943401508428,0.9822877429848895,0.28069340283404676,1,1,persuadable,0.8648,1,1,1096,1,1
KESTREL-000821,29.9,245.91,enterprise,31,1,8,0,0,0,,725,0.99,0.99,0.0,1,1,sure_thing,0.1245,0,1,910,1,0
KESTREL-000822,10.0,13.13,basic,7,60,2,1,0,0,7.0,81,0.9096008573331716,0.8328629790306936,-0.07673787830247802,1,1,sleeping_dog,0.5068,1,1,304,1,1
KESTREL-000823,1.0,49.87,pro,16,76,9,0,0,0,,13,0.9513816099380431,0.9031985510439772,-0.04818305889406593,1,1,sure_thing,0.2985,1,1,30,1,0
KESTREL-000824,36.0,15.53,basic,1,137,0,0,1,0,,136,0.8729260689467774,0.6614407044981855,-0.2114853644485919,1,0,sleeping_dog,0.8898,1,0,1096,1,0
KESTREL-000825,36.0,38.09,pro,1,6,3,2,0,0,,131,0.8264439384402562,0.9378265148557126,0.11138257641545635,1,1,persuadable,0.5655,1,1,1096,1,1
KESTREL-000826,32.0,16.11,basic,1,218,0,1,0,1,,70,0.727860687596814,0.4512933627005442,-0.2765673248962698,1,0,sleeping_dog,0.9532,1,0,974,1,1
KESTREL-000827,30.9,65.49,pro,5,0,1,1,0,0,,220,0.9380178275546538,0.9567967268221866,0.018778899267532845,1,1,sure_thing,0.2285,0,1,941,1,0
KESTREL-000828,12.1,24.81,basic,1,11,5,0,0,1,6.0,92,0.9156815830851065,0.8697786904721972,-0.04590289261290925,1,0,lost_cause,0.5982,1,0,368,1,1
KESTREL-000829,23.7,28.12,basic,12,12,10,1,0,1,,418,0.9595670385230362,0.9653162576295049,0.00574921910646875,1,1,sure_thing,0.0955,0,1,721,1,0
KESTREL-000830,35.6,19.91,basic,26,4,12,0,0,0,,884,0.99,0.99,0.0,1,1,sure_thing,0.2882,0,1,1084,1,0
KESTREL-000831,36.0,45.86,pro,1,84,1,0,0,1,6.0,137,0.9228858799606777,0.6657596140679689,-0.2571262658927088,1,0,sleeping_dog,0.3618,0,1,1096,1,0
KESTREL-000832,8.3,12.43,basic,14,0,1,0,0,0,,72,0.9156113596362779,0.873244576765438,-0.04236678287083995,1,1,lost_cause,0.8982,1,1,253,1,0
KESTREL-000833,18.5,22.27,basic,3,60,5,0,0,0,7.0,119,0.912772302294418,0.8331158247896598,-0.07965647750475813,1,1,sleeping_dog,0.538,1,1,563,1,1
KESTREL-000834,7.9,36.8,pro,4,24,3,0,0,0,6.0,66,0.9212011327986447,0.8742828930092973,-0.046918239789347393,1,1,sure_thing,0.912,1,1,240,1,1
KESTREL-000835,26.4,14.06,basic,2,317,0,0,0,0,,95,0.6927357411714544,0.39691388200971084,-0.2958218591617436,1,0,sleeping_dog,0.2702,0,1,804,1,0
KESTREL-000836,28.4,20.52,basic,14,20,6,0,0,0,,382,0.9723525484019487,0.9528397892274296,-0.019512759174519112,1,1,sure_thing,0.546,1,1,864,0,0
KESTREL-000837,24.3,18.13,basic,5,226,0,1,1,0,10.0,100,0.5847534785742463,0.42088605352612496,-0.16386742504812135,0,0,sleeping_dog,0.9108,1,0,740,0,0
KESTREL-000838,19.0,17.97,basic,4,90,4,0,0,0,6.0,115,0.9029486372410352,0.7305719346075905,-0.17237670263344473,1,1,sleeping_dog,0.4142,1,1,578,0,1
KESTREL-000839,15.7,68.73,pro,5,9,5,0,0,0,9.0,182,0.9507791182374373,0.9401912727965762,-0.01058784544086111,1,1,sure_thing,0.4492,1,1,478,1,1
KESTREL-000840,32.9,26.65,basic,17,13,10,0,1,1,,567,0.9605945236441726,0.9750940784853172,0.014499554841144513,1,1,sure_thing,0.166,0,1,1001,1,0
KESTREL-000841,28.9,20.89,basic,5,98,4,2,0,0,,222,0.8248402098373387,0.8167424695177528,-0.008097740319585989,1,1,lost_cause,0.7123,1,1,880,1,1
KESTREL-000842,17.1,48.9,pro,9,10,3,0,0,0,,154,0.9429541633849918,0.912472244036678,-0.03048191934831379,1,1,sure_thing,0.4258,1,1,521,1,1
KESTREL-000843,29.7,19.98,basic,12,0,5,3,2,1,,309,0.6463538134300116,0.9440606135796379,0.29770680014962625,1,1,persuadable,0.9185,1,1,904,1,0
KESTREL-000844,22.7,34.74,pro,10,98,1,0,0,1,10.0,198,0.9029470809690598,0.628903650747406,-0.2740434302216539,1,1,sleeping_dog,0.95,1,1,691,1,1
KESTREL-000845,14.8,15.3,basic,22,2,10,0,0,0,,225,0.9843315983321951,0.9813679217183413,-0.002963676613853772,1,1,sure_thing,0.787,1,1,451,1,1
KESTREL-000846,15.7,141.69,enterprise,1,3,2,2,0,0,2.0,76,0.8248619824473135,0.99,0.16513801755268653,1,1,persuadable,0.8682,1,1,478,1,1
KESTREL-000847,7.9,46.48,pro,3,125,6,1,0,1,5.0,54,0.7540652612620392,0.5600695845727804,-0.19399567668925877,1,0,sleeping_dog,0.896,1,0,240,0,1
KESTREL-000848,9.3,15.03,basic,2,35,4,0,0,0,8.0,81,0.891252320489815,0.8398827993492379,-0.051369521140577024,1,1,sleeping_dog,0.445,1,1,283,1,0
KESTREL-000849,4.5,57.91,pro,3,17,4,0,1,1,,18,0.8211391654446851,0.8767189602667608,0.055579794822075645,1,1,persuadable,0.3535,1,1,137,1,1
KESTREL-000850,25.8,20.06,basic,14,0,8,0,0,0,,336,0.9758687711060396,0.9712653195880551,-0.00460345151798458,1,1,sure_thing,0.076,0,1,785,1,0
KESTREL-000851,36.0,15.88,basic,5,27,4,1,0,0,7.0,258,0.9215545461762086,0.9161766508778033,-0.005377895298405266,1,1,sure_thing,0.2105,0,1,1096,1,0
KESTREL-000852,28.0,46.31,pro,9,3,5,0,1,0,,285,0.9659387282161662,0.99,0.02406127178383377,1,1,sure_thing,0.2612,0,1,852,1,0
KESTREL-000853,7.4,20.32,basic,8,1,5,0,1,0,7.0,59,0.8890654639610344,0.9170930338751122,0.028027569914077843,0,0,lost_cause,0.675,1,0,225,1,1
KESTREL-000854,7.9,57.71,pro,15,1,7,0,0,0,8.0,121,0.9795851832839085,0.9742209177664061,-0.0053642655175024645,1,1,sure_thing,0.1952,0,1,240,1,0
KESTREL-000855,11.1,105.95,enterprise,7,7,8,0,0,0,,144,0.9531698935275459,0.9612781288491887,0.008108235321642843,1,1,sure_thing,0.1988,0,1,338,1,0
KESTREL-000856,24.2,27.0,pro,8,14,2,1,1,0,,183,0.8749798538005087,0.99,0.1150201461994913,1,1,persuadable,0.9215,1,1,737,1,1
KESTREL-000857,5.3,16.42,basic,15,0,6,0,0,0,,89,0.9506409890522074,0.9408444646924723,-0.009796524359735104,1,1,sure_thing,0.5732,1,1,161,1,1
KESTREL-000858,18.3,43.02,pro,19,46,4,1,0,0,6.0,218,0.950353467404281,0.9207242938659099,-0.029629173538371023,1,1,sure_thing,0.4945,1,1,557,1,1
KESTREL-000859,36.0,17.13,basic,27,8,8,0,0,0,,806,0.99,0.9856333733415756,-0.004366626658424355,1,1,sure_thing,0.0015,0,1,1096,1,0
KESTREL-000860,10.4,58.79,pro,10,55,5,0,0,1,6.0,106,0.9516302839627191,0.8150018529578688,-0.13662843100485034,1,1,sleeping_dog,0.7095,1,1,317,1,0
KESTREL-000861,8.6,45.44,pro,14,61,7,0,0,0,,111,0.9456992974829186,0.8938301760707941,-0.05186912141212452,1,1,sleeping_dog,0.5938,1,1,262,1,0
KESTREL-000862,17.3,19.58,basic,12,20,6,0,0,0,,188,0.9602407300057246,0.9410024468159099,-0.019238283189814687,1,1,sure_thing,0.5345,1,1,527,1,1
KESTREL-000863,10.9,16.92,basic,1,48,1,1,0,0,,61,0.8235946352874508,0.7627493930483501,-0.060845242239100705,0,0,sleeping_dog,0.7758,1,0,332,0,1
KESTREL-000864,16.1,33.93,pro,6,12,5,0,1,0,8.0,121,0.9334721294673662,0.9741627404564804,0.040690610989114195,1,1,sure_thing,0.7322,1,1,490,1,0
KESTREL-000865,13.9,22.17,basic,44,0,17,0,0,0,,470,0.99,0.99,0.0,1,1,sure_thing,0.1128,0,1,423,1,0
KESTREL-000866,13.6,51.67,pro,8,8,4,0,0,0,,112,0.9636191968062656,0.9435583793602981,-0.02006081744596755,1,1,sure_thing,0.005,0,1,414,1,0
KESTREL-000867,28.0,41.78,pro,2,23,2,2,0,0,,153,0.89341727256105,0.99,0.09658272743895002,1,1,persuadable,0.4185,1,1,852,1,1
KESTREL-000868,34.5,21.49,basic,3,77,6,0,0,0,6.0,187,0.9376376875462537,0.8405145647228117,-0.09712312282344193,1,1,sleeping_dog,0.7895,1,1,1050,1,1
KESTREL-000869,36.0,63.43,pro,6,11,4,1,0,0,,241,0.9649968368393492,0.9881352554884076,0.023138418649058412,1,1,sure_thing,0.7045,1,1,1096,1,1
KESTREL-000870,36.0,15.99,basic,11,39,5,0,1,0,9.0,355,0.9371857433298711,0.9452006230091619,0.00801487967929071,1,1,sure_thing,0.0672,0,1,1096,1,0
KESTREL-000871,18.2,39.98,pro,6,31,3,0,0,0,,104,0.9198296450592598,0.8615364221130872,-0.05829322294617256,1,1,sleeping_dog,0.923,1,1,554,1,1
KESTREL-000872,8.3,57.89,pro,25,24,11,0,0,1,,140,0.9882412972647756,0.9743111244487603,-0.013930172816015274,1,1,sure_thing,0.4818,1,1,253,1,1
KESTREL-000873,32.8,21.41,basic,13,20,18,0,0,0,,662,0.9845398700020819,0.9858660647026494,0.0013261947005674957,1,1,sure_thing,0.0075,0,1,998,1,0
KESTREL-000874,7.7,14.81,basic,4,61,3,0,0,0,,48,0.9106481303236611,0.7879770935376144,-0.12267103678604674,1,1,sleeping_dog,0.6168,1,1,234,1,1
KESTREL-000875,4.4,24.42,basic,1,134,0,1,0,0,,6,0.6910164186878223,0.44689575237406365,-0.24412066631375862,1,0,sleeping_dog,0.9772,1,0,134,1,0
KESTREL-000876,1.4,42.89,pro,4,93,7,1,0,0,,10,0.7794871431956165,0.7402610336609436,-0.03922610953467287,0,0,lost_cause,0.8252,1,0,43,1,1
KESTREL-000877,24.9,37.62,pro,7,5,3,0,0,0,,254,0.9480763025770633,0.9221759860767759,-0.025900316500287457,1,1,sure_thing,0.1588,0,1,758,1,0
KESTREL-000878,19.8,23.87,basic,7,56,3,0,1,1,6.0,168,0.8805566542782027,0.8179382045572774,-0.06261844972092534,1,1,sleeping_dog,0.1172,0,1,603,1,0
KESTREL-000879,36.0,23.81,basic,4,41,7,1,0,0,5.0,214,0.9258693006303895,0.9318090180588846,0.005939717428495084,1,1,sure_thing,0.5915,1,1,1096,1,1
KESTREL-000880,10.2,53.84,pro,1,9,1,0,0,0,5.0,39,0.919737957359336,0.8729697222149456,-0.046768235144390324,1,1,lost_cause,0.2275,0,1,310,1,0
KESTREL-000881,36.0,22.72,basic,7,6,3,1,0,0,,259,0.9637690008677895,0.9649766384148201,0.0012076375470305711,1,1,sure_thing,0.2448,0,1,1096,1,0
KESTREL-000882,17.0,43.08,pro,9,7,3,0,0,0,10.0,169,0.9383788970755661,0.9103870803756056,-0.027991816699960537,1,1,sure_thing,0.1485,0,1,517,1,0
KESTREL-000883,24.8,178.64,enterprise,12,81,8,0,1,0,,224,0.9552912586676257,0.99,0.03470874133237434,1,1,sure_thing,0.0928,0,1,755,1,0
KESTREL-000884,27.2,10.31,basic,11,6,3,0,0,0,7.0,287,0.9690599129828088,0.9397230389042618,-0.029336874078547015,1,1,sure_thing,0.5958,1,1,828,1,1
KESTREL-000885,11.4,50.97,pro,5,58,1,1,0,0,4.0,69,0.8594184120898036,0.7855822812495714,-0.07383613084023222,1,1,sleeping_dog,0.1968,0,1,347,1,0
KESTREL-000886,14.6,23.46,basic,13,12,3,0,0,0,8.0,114,0.9545250186722563,0.9193247824987595,-0.03520023617349677,1,1,sure_thing,0.533,1,1,444,1,0
KESTREL-000887,20.9,23.93,basic,17,25,5,2,0,0,,292,0.9614716926676762,0.99,0.02852830733232381,1,1,sure_thing,0.4488,1,1,636,1,1
KESTREL-000888,5.1,15.98,basic,12,21,9,1,0,0,,69,0.9136255009303702,0.9190057368751757,0.005380235944805523,1,1,lost_cause,0.1915,0,1,155,1,0
KESTREL-000889,10.5,23.33,basic,3,8,2,1,1,1,,81,0.8029549500813897,0.9361659493858261,0.13321099930443636,1,1,persuadable,0.811,1,1,320,1,0
KESTREL-000890,13.3,109.84,enterprise,4,75,2,0,1,0,,81,0.7972264747030594,0.8504588171717249,0.05323234246866548,1,1,persuadable,0.6778,1,1,405,1,0
KESTREL-000891,26.9,22.44,basic,15,14,11,1,0,0,,403,0.9752076788741659,0.982019401639485,0.00681172276531905,1,1,sure_thing,0.6928,1,1,819,1,1
KESTREL-000892,15.9,10.08,basic,1,365,3,2,0,0,,56,0.35539829497317343,0.13758144068403455,-0.21781685428913888,0,0,sleeping_dog,0.99,1,0,484,1,0
KESTREL-000893,36.0,55.65,pro,9,28,6,0,1,0,7.0,334,0.948923339976613,0.99,0.041076660023386946,1,1,sure_thing,0.5903,1,1,1096,1,1
KESTREL-000894,36.0,19.31,basic,2,8,3,2,1,1,,223,0.7895238909207747,0.99,0.2004761090792253,0,1,persuadable,0.9048,1,1,1096,1,1
KESTREL-000895,36.0,17.42,basic,32,6,18,0,0,0,,856,0.99,0.99,0.0,1,1,sure_thing,0.131,0,1,1096,1,0
KESTREL-000896,6.5,21.88,basic,5,29,5,0,1,0,,52,0.8655456013172782,0.8952572860806562,0.029711684763378043,1,1,lost_cause,0.191,0,1,198,1,0
KESTREL-000897,21.5,14.81,basic,24,19,0,1,0,0,7.0,316,0.9740415955370765,0.9281414133066781,-0.04590018223039838,1,1,sure_thing,0.3718,1,1,654,1,0
KESTREL-000898,22.5,24.32,basic,7,9,4,0,0,0,,194,0.9389107861981985,0.9161337821782448,-0.02277700401995364,0,0,sure_thing,0.6828,1,0,685,1,0
KESTREL-000899,7.6,54.95,pro,8,1,2,1,0,0,7.0,66,0.931431875141338,0.9416240608242717,0.010192185682933785,1,1,sure_thing,0.1148,0,1,231,1,0
KESTREL-000900,36.0,58.54,pro,22,6,9,0,0,0,,572,0.99,0.9889237261358111,-0.001076273864188848,0,0,sure_thing,0.6895,1,0,1096,1,0
KESTREL-000901,21.9,52.43,pro,10,6,4,0,1,0,8.0,226,0.9322174552985016,0.97392542531816,0.041707970019658314,1,1,sure_thing,0.469,1,1,667,1,0
KESTREL-000902,6.0,29.29,basic,6,12,1,0,0,0,7.0,36,0.914698758311778,0.8576406184385089,-0.05705813987326913,1,1,sleeping_dog,0.7605,1,1,183,1,0
KESTREL-000903,1.9,15.23,basic,10,17,2,0,1,0,,20,0.8692693616943926,0.8762875785402559,0.007018216845863234,1,1,lost_cause,0.593,1,1,58,1,0
KESTREL-000904,27.0,35.83,pro,1,292,0,0,1,0,3.0,53,0.6369251030196739,0.40507856863863256,-0.2318465343810413,0,0,sleeping_dog,0.9395,1,0,822,1,1
KESTREL-000905,18.0,83.45,pro,7,77,3,1,0,0,9.0,123,0.9264573769536697,0.8658025177294482,-0.060654859224221536,1,1,sleeping_dog,0.51,1,1,548,1,1
KESTREL-000906,17.9,106.72,enterprise,5,114,5,1,1,1,5.0,102,0.8217674090288346,0.9261370675350322,0.10436965850619762,1,1,persuadable,0.7428,1,1,545,1,1
KESTREL-000907,36.0,44.31,pro,5,107,5,0,0,0,,223,0.9493737306216774,0.7598396248731559,-0.18953410574852148,1,1,sleeping_dog,0.0585,0,1,1096,1,0
KESTREL-000908,36.0,28.56,pro,36,6,13,0,0,0,,947,0.99,0.99,0.0,1,1,sure_thing,0.1515,0,1,1096,1,0
KESTREL-000909,2.0,17.07,basic,2,10,3,1,0,0,,14,0.8357034661455298,0.8399959977256776,0.0042925315801477515,1,1,lost_cause,0.898,1,1,61,1,1
KESTREL-000910,19.5,30.63,basic,21,16,8,1,0,1,,352,0.9621488092679839,0.9553304825617829,-0.006818326706200972,1,1,sure_thing,0.2308,0,1,594,1,0
KESTREL-000911,25.4,22.19,basic,3,0,1,1,0,0,,148,0.9212214509056524,0.9212741480194396,5.269711378719233e-05,1,1,sure_thing,0.6965,1,1,773,1,1
KESTREL-000912,17.0,153.38,enterprise,5,7,3,2,1,0,,89,0.82163150218614,0.99,0.16836849781385999,1,1,persuadable,0.7905,1,1,517,1,1
KESTREL-000913,30.4,129.58,enterprise,7,115,7,0,1,0,,253,0.9375920403474135,0.99,0.05240795965258649,1,1,persuadable,0.219,1,1,925,1,1
KESTREL-000914,36.0,142.79,enterprise,21,22,11,1,0,0,7.0,531,0.9878375404104156,0.99,0.0021624595895843868,1,1,sure_thing,0.0602,0,1,1096,1,0
KESTREL-000915,36.0,18.59,basic,12,1,6,0,0,1,5.0,496,0.970966818549583,0.943186942012017,-0.027779876537565973,1,1,sure_thing,0.1188,0,1,1096,1,0
KESTREL-000916,18.1,52.88,pro,15,1,5,0,0,0,,245,0.9794629269186974,0.9670843531560239,-0.012378573762673484,1,1,sure_thing,0.314,0,1,551,1,0
KESTREL-000917,16.3,25.08,basic,19,4,5,1,0,0,10.0,239,0.9532361145660988,0.9519377453986393,-0.0012983691674595121,1,1,sure_thing,0.9635,1,1,496,1,1
KESTREL-000918,11.1,66.88,pro,9,19,2,0,0,0,,98,0.922633956150795,0.8710565290901023,-0.05157742706069268,1,1,sleeping_dog,0.278,0,1,338,1,0
KESTREL-000919,12.7,38.12,pro,29,4,12,0,1,0,,277,0.9846755704127037,0.99,0.005324429587296287,1,1,sure_thing,0.7695,1,1,387,1,1
KESTREL-000920,20.6,54.32,pro,13,31,6,0,0,0,,213,0.9674411519886654,0.9413915884620976,-0.026049563526567843,1,1,sure_thing,0.3435,1,1,627,1,1
KESTREL-000921,7.2,48.17,pro,4,34,4,2,0,0,,52,0.7846748680319218,0.886896360115899,0.10222149208397724,1,1,persuadable,0.6705,1,1,219,1,1
KESTREL-000922,36.0,41.14,pro,3,18,2,0,0,0,4.0,201,0.9549880177144722,0.9048121864030482,-0.050175831311424,1,1,sleeping_dog,0.702,1,1,1096,1,1
KESTREL-000923,36.0,141.46,enterprise,4,18,4,1,0,0,7.0,354,0.9540577949338119,0.99,0.03594220506618806,1,1,sure_thing,0.0165,0,1,1096,0,0
KESTREL-000924,12.3,12.95,basic,10,58,4,0,0,0,,168,0.9516637028867333,0.8551956734434093,-0.096468029443324,1,1,sleeping_dog,0.517,1,1,374,1,1
KESTREL-000925,14.5,27.02,basic,121,0,45,0,0,0,,1018,0.99,0.99,0.0,1,1,sure_thing,0.829,1,1,441,1,1
KESTREL-000926,34.2,15.65,basic,13,7,4,0,1,0,8.0,489,0.939403984118193,0.9525268460844971,0.013122861966304078,1,1,sure_thing,0.637,1,1,1041,1,1
KESTREL-000927,33.3,13.52,basic,1,150,0,0,0,1,8.0,116,0.9006541162716427,0.6082865526843154,-0.2923675635873273,1,1,sleeping_dog,0.647,1,1,1014,1,0
KESTREL-000928,26.3,21.37,basic,12,4,3,1,1,0,8.0,258,0.9250421893053465,0.99,0.06495781069465345,1,1,persuadable,0.3795,1,1,801,1,1
KESTREL-000929,36.0,14.76,basic,16,1,4,0,1,1,9.0,574,0.9509313319261228,0.9504909060597355,-0.0004404258663872618,1,1,sure_thing,0.6468,1,1,1096,1,0
KESTREL-000930,1.0,22.54,basic,22,23,13,0,0,0,,17,0.9751592761297667,0.9729629965112228,-0.0021962796185439615,1,1,sure_thing,0.7495,1,1,30,1,1
KESTREL-000931,16.3,18.53,basic,29,6,17,0,1,0,,312,0.981122692696274,0.987402215898304,0.006279523202030068,1,1,sure_thing,0.2892,0,1,496,1,0
KESTREL-000932,36.0,57.86,pro,6,63,2,0,0,0,,286,0.9628001744167292,0.8166624750512774,-0.14613769936545173,1,1,sleeping_dog,0.5962,1,1,1096,1,1
KESTREL-000933,14.5,21.24,basic,11,3,7,1,0,0,9.0,178,0.9687934833118529,0.9761153388231162,0.007321855511263298,1,1,sure_thing,0.2978,0,1,441,1,0
KESTREL-000934,18.9,18.94,basic,23,1,10,0,0,0,9.0,390,0.9860291738649176,0.9831817119450811,-0.002847461919836536,1,0,sure_thing,0.1102,0,1,575,0,0
KESTREL-000935,35.6,22.04,basic,15,18,7,0,0,0,8.0,403,0.9851422744141696,0.9716807824990369,-0.013461491915132684,1,1,sure_thing,0.249,0,1,1084,0,0
KESTREL-000936,1.8,37.8,pro,17,14,5,0,0,0,8.0,16,0.9624599378112147,0.9411779464410814,-0.021281991370133313,1,1,sure_thing,0.182,0,1,55,1,0
KESTREL-000937,27.7,16.64,basic,43,16,26,1,0,0,9.0,892,0.99,0.99,0.0,1,1,sure_thing,0.075,0,1,843,1,0
KESTREL-000938,36.0,46.41,pro,3,13,5,3,0,1,,195,0.7908144499939929,0.99,0.19918555000600713,1,1,persuadable,0.986,0,1,1096,1,0
KESTREL-000939,8.6,13.69,basic,8,3,6,0,0,0,8.0,109,0.9283329022715163,0.918406982157271,-0.009925920114245312,1,1,sure_thing,0.7173,1,1,262,1,0
KESTREL-000940,23.0,20.94,basic,15,8,9,0,0,1,,394,0.9827106957075818,0.9680621999242045,-0.014648495783377347,1,1,sure_thing,0.213,0,1,700,1,0
KESTREL-000941,34.6,19.41,basic,12,5,6,0,0,1,8.0,316,0.9768955640154414,0.9453707355127274,-0.031524828502713986,1,1,sure_thing,0.654,1,1,1053,1,1
KESTREL-000942,28.4,131.99,enterprise,1,48,2,1,0,0,,183,0.9147472923791788,0.9803448282577688,0.06559753587858996,0,1,persuadable,0.8228,1,1,864,1,1
KESTREL-000943,17.9,44.85,pro,1,28,2,1,0,0,,75,0.9350246515033659,0.933993231753174,-0.001031419750191942,1,1,sure_thing,0.2392,0,1,545,1,0
KESTREL-000944,36.0,25.61,basic,2,6,5,0,0,0,6.0,265,0.9503393660634645,0.9373639215905119,-0.012975444472952624,1,1,sure_thing,0.268,0,1,1096,1,0
KESTREL-000945,19.9,157.76,enterprise,5,117,3,0,0,0,6.0,119,0.9036026054623342,0.7029526857746278,-0.2006499196877064,1,1,sleeping_dog,0.0408,0,1,606,1,0
KESTREL-000946,34.8,22.54,basic,0,117,2,0,0,0,3.0,101,0.8678697794473417,0.6146142150353728,-0.25325556441196884,1,0,sleeping_dog,0.6612,1,0,1059,1,0
KESTREL-000947,31.1,17.23,basic,3,25,4,0,0,0,,210,0.9618697335956099,0.9239003579012575,-0.037969375694352436,1,1,sure_thing,0.4712,1,1,947,1,1
KESTREL-000948,36.0,43.81,pro,5,88,2,0,1,0,,199,0.9035404114508169,0.8376803771531733,-0.06586003429764353,1,1,sleeping_dog,0.7778,1,1,1096,1,0
KESTREL-000949,15.0,39.59,pro,5,0,6,0,1,0,,97,0.8847981131781713,0.9370813817235428,0.052283268545371575,1,1,persuadable,0.1395,0,1,457,1,0
KESTREL-000950,31.5,72.9,pro,8,10,8,2,0,0,,445,0.9384845797726056,0.99,0.051515420227394415,1,1,persuadable,0.4798,1,1,959,1,1
KESTREL-000951,14.7,13.82,basic,5,9,5,1,0,0,,133,0.8554117989343617,0.8620739278773929,0.006662128943031198,0,0,lost_cause,0.5662,1,0,447,1,1
KESTREL-000952,36.0,24.29,basic,6,28,1,0,0,1,8.0,292,0.9611657318359446,0.8021167901051747,-0.1590489417307699,1,1,sleeping_dog,0.234,0,1,1096,1,0
KESTREL-000953,12.2,18.9,basic,6,116,4,3,0,0,6.0,67,0.5693679540245421,0.6786182239297492,0.10925026990520714,1,1,persuadable,0.6855,1,1,371,1,1
KESTREL-000954,36.0,120.99,enterprise,9,20,5,0,0,0,,453,0.985977978604983,0.976347787564602,-0.009630191040380987,1,1,sure_thing,0.062,0,1,1096,1,0
KESTREL-000955,5.0,23.18,basic,4,87,0,0,0,1,7.0,23,0.82860642230254,0.5570589148608152,-0.27154750744172484,1,0,sleeping_dog,0.7342,1,0,152,1,1
KESTREL-000956,20.1,15.73,basic,6,51,2,0,1,0,6.0,142,0.8713193546212171,0.8543409775802548,-0.016978377040962278,1,1,lost_cause,0.1838,0,1,612,1,0
KESTREL-000957,32.1,128.11,enterprise,5,9,3,0,0,0,,200,0.9688263048910596,0.9627418456530795,-0.006084459237980067,1,1,sure_thing,0.6528,1,1,977,1,1
KESTREL-000958,18.0,17.01,basic,12,46,3,0,0,0,,168,0.941307873034668,0.8515151854875975,-0.08979268754707048,1,1,sleeping_dog,0.0985,0,1,548,1,0
KESTREL-000959,19.5,58.67,pro,29,3,15,0,0,0,,524,0.9895747318294492,0.9898076236420428,0.00023289181259356084,1,1,sure_thing,0.536,1,1,594,1,1
KESTREL-000960,36.0,56.01,pro,4,9,3,0,0,0,,207,0.9564583790931295,0.9302623638271609,-0.026196015265968597,1,0,sure_thing,0.8505,1,0,1096,1,1
KESTREL-000961,36.0,45.99,pro,19,9,8,1,0,0,,642,0.9731480626995508,0.9792153527080217,0.006067290008470949,1,1,sure_thing,0.7875,1,1,1096,1,1
KESTREL-000962,16.2,103.13,enterprise,7,36,7,0,0,1,,100,0.9530988883535826,0.905751652315517,-0.047347236038065565,1,1,sure_thing,0.1892,0,1,493,1,0
KESTREL-000963,24.3,51.43,pro,3,12,2,0,1,0,4.0,76,0.9138318825987987,0.9734676465953946,0.05963576399659598,1,1,persuadable,0.559,1,1,740,1,0
KESTREL-000964,15.6,21.12,basic,3,269,0,0,0,0,,31,0.6289321830958329,0.3334872507386489,-0.295444932357184,1,0,sleeping_dog,0.9902,1,0,475,1,0
KESTREL-000965,36.0,52.6,pro,7,4,3,0,0,0,,377,0.9725350319590197,0.949004107140906,-0.023530924818113697,1,1,sure_thing,0.342,1,1,1096,1,1
KESTREL-000966,18.6,22.25,basic,0,49,3,0,0,0,,74,0.9016710734419767,0.8090917648132827,-0.09257930862869401,1,1,sleeping_dog,0.9788,1,1,566,1,1
KESTREL-000967,26.2,22.55,basic,12,0,18,1,0,0,,529,0.9709261663587442,0.981859263606638,0.01093309724789382,1,1,sure_thing,0.2532,0,1,798,1,0
KESTREL-000968,8.6,22.88,basic,12,34,8,1,0,0,8.0,98,0.9202180550066672,0.922379959748471,0.0021619047418037773,1,1,sure_thing,0.4122,1,1,262,1,1
KESTREL-000969,36.0,13.98,basic,46,3,13,1,0,0,10.0,1056,0.99,0.99,0.0,1,1,sure_thing,0.4135,1,1,1096,1,1
KESTREL-000970,11.3,20.78,basic,4,95,2,4,0,1,6.0,51,0.6132881902821999,0.8062449144207353,0.19295672413853537,1,1,persuadable,0.9785,1,1,344,1,1
KESTREL-000971,3.0,40.57,pro,17,3,12,0,1,0,,45,0.9447939731957697,0.9685880881109356,0.02379411491516581,1,1,sure_thing,0.4215,1,1,91,1,1
KESTREL-000972,9.7,20.86,basic,3,108,6,0,1,1,,43,0.81409741373631,0.6992618165928542,-0.1148355971434557,1,1,sleeping_dog,0.4715,1,1,295,1,0
KESTREL-000973,11.4,27.64,basic,8,2,4,0,0,0,,77,0.9069290629065805,0.8891663683745497,-0.01776269453203083,1,1,lost_cause,0.8685,1,1,347,1,1
KESTREL-000974,28.2,21.12,basic,3,89,5,2,0,0,,214,0.7995893819783411,0.8321862976217995,0.03259691564345846,1,1,lost_cause,0.8822,1,1,858,1,1
KESTREL-000975,6.8,33.81,pro,8,7,3,1,0,0,,65,0.9095785617534812,0.9125526174617149,0.002974055708233725,1,1,lost_cause,0.3125,0,1,207,1,0
KESTREL-000976,30.5,45.67,pro,11,42,1,0,0,0,,277,0.9522924493975995,0.8329766513480245,-0.11931579804957504,1,1,sleeping_dog,0.4615,1,1,928,1,1
KESTREL-000977,5.8,26.49,basic,9,18,2,2,0,0,10.0,64,0.8477278728217262,0.898236341755819,0.050508468934092776,1,1,persuadable,0.8355,1,1,177,1,1
KESTREL-000978,13.0,15.44,basic,7,9,6,0,0,1,6.0,136,0.9592473164919973,0.9243192627653068,-0.0349280537266905,1,1,sure_thing,0.4228,1,1,396,1,1
KESTREL-000979,8.0,70.33,pro,11,31,10,1,0,0,8.0,100,0.9064629433028136,0.9306800102751988,0.024217066972385126,1,1,lost_cause,0.6228,1,1,244,1,0
KESTREL-000980,5.3,22.53,basic,0,143,2,1,0,0,7.0,26,0.7515722910709443,0.5171581123438187,-0.23441417872712556,0,0,sleeping_dog,0.8645,1,0,161,1,1
KESTREL-000981,26.7,48.97,pro,3,214,1,0,1,0,,140,0.6791134414847266,0.4568284373753749,-0.22228500410935176,1,1,sleeping_dog,0.972,1,1,813,1,0
KESTREL-000982,22.2,58.84,pro,4,63,0,1,0,0,5.0,120,0.8821808696212491,0.7823741076178952,-0.09980676200335392,1,1,sleeping_dog,0.1112,0,1,676,1,0
KESTREL-000983,5.3,19.06,basic,6,87,4,0,0,0,,49,0.8644755782081452,0.6989386377691866,-0.1655369404389586,1,1,sleeping_dog,0.2375,0,1,161,1,0
KESTREL-000984,24.7,151.53,enterprise,12,7,3,0,0,0,,285,0.9812604172689581,0.9746299527015805,-0.006630464567377592,1,1,sure_thing,0.574,1,1,752,1,0
KESTREL-000985,14.5,18.16,basic,14,14,12,2,0,0,10.0,197,0.9419586975934324,0.9816308920473712,0.03967219445393877,1,1,sure_thing,0.7465,1,1,441,0,1
KESTREL-000986,24.7,15.63,basic,9,14,5,0,0,0,,202,0.9485817594375942,0.9277564714953295,-0.02082528794226468,1,1,sure_thing,0.8872,1,1,752,1,1
KESTREL-000987,36.0,18.04,basic,2,41,1,1,0,0,,170,0.8818369863659331,0.8331352329587831,-0.048701753407149995,1,1,lost_cause,0.5308,1,1,1096,1,1
KESTREL-000988,10.4,29.14,basic,2,25,3,0,0,0,4.0,45,0.9170440150024692,0.868724629742426,-0.0483193852600432,1,1,lost_cause,0.6082,1,1,317,1,1
KESTREL-000989,6.0,28.69,basic,4,5,1,0,0,0,,36,0.9024156313191226,0.856575275161695,-0.04584035615742765,1,1,lost_cause,0.3828,1,1,183,0,0
KESTREL-000990,30.5,131.79,enterprise,5,104,1,2,0,0,,248,0.862769287431277,0.9270110846700006,0.06424179723872359,1,1,persuadable,0.588,1,1,928,1,1
KESTREL-000991,15.4,110.02,enterprise,2,3,3,0,0,0,,55,0.9376329451386451,0.9343846127999406,-0.003248332338704585,1,1,sure_thing,0.7038,1,1,469,1,1
KESTREL-000992,36.0,62.68,pro,9,6,7,0,1,0,,418,0.9528882330187638,0.99,0.037111766981236194,1,1,sure_thing,0.4655,1,1,1096,1,0
KESTREL-000993,12.0,14.1,basic,5,0,1,2,0,0,6.0,93,0.8075997539467267,0.8656896012321751,0.058089847285448415,1,1,persuadable,0.8005,1,1,365,1,1
KESTREL-000994,31.9,20.16,basic,3,3,6,2,0,0,,218,0.858675377055857,0.9403133621815496,0.08163798512569265,1,1,persuadable,0.8688,1,1,971,1,1
KESTREL-000995,36.0,22.71,basic,5,1,2,0,1,0,5.0,258,0.9085540680839188,0.9394062231733329,0.03085215508941408,1,1,lost_cause,0.2328,0,1,1096,1,0
KESTREL-000996,17.2,142.12,enterprise,8,4,2,0,0,0,6.0,134,0.9598889934524393,0.9506061412215933,-0.009282852230846017,1,1,sure_thing,0.9595,1,1,524,1,1
KESTREL-000997,17.2,19.52,basic,6,139,1,1,0,1,5.0,75,0.837167523394704,0.5668562214050973,-0.27031130198960673,1,1,sleeping_dog,0.4625,1,1,524,1,1
KESTREL-000998,17.0,18.71,basic,28,8,9,0,1,1,8.0,294,0.9776106295966203,0.979523381754556,0.0019127521579357376,1,1,sure_thing,0.1105,0,1,517,1,0
KESTREL-000999,2.0,19.52,basic,7,35,3,1,0,0,6.0,13,0.8289140638176046,0.8075591269259198,-0.021354936891684773,1,1,lost_cause,0.8492,1,1,61,1,0
KESTREL-001000,36.0,41.35,pro,12,89,2,0,0,0,,367,0.9572742322252997,0.7466148957432117,-0.210659336482088,1,0,sleeping_dog,0.1248,0,1,1096,1,0
KESTREL-001001,22.6,19.82,basic,3,80,3,0,0,1,,166,0.9358843538475061,0.703699560994195,-0.23218479285331117,1,1,sleeping_dog,0.6775,1,1,688,1,1
KESTREL-001002,8.9,151.86,enterprise,18,9,11,0,0,0,6.0,109,0.9755540270728084,0.9883522336328445,0.012798206560036163,1,1,sure_thing,0.0972,0,1,271,1,0
KESTREL-001003,23.5,47.03,pro,18,26,9,1,0,0,,361,0.9699607916862664,0.9758318586400683,0.005871066953801907,1,1,sure_thing,0.3462,1,1,715,1,0
KESTREL-001004,12.4,60.06,pro,4,23,3,0,0,1,,83,0.945323356980713,0.8466349507061122,-0.09868840627460085,1,1,sleeping_dog,0.2638,0,1,377,1,0
KESTREL-001005,22.8,20.41,basic,17,0,10,1,0,1,10.0,381,0.9746280881442682,0.9774046813221089,0.002776593177840736,1,1,sure_thing,0.739,1,1,694,1,1
KESTREL-001006,36.0,15.35,basic,5,43,1,3,0,0,3.0,185,0.8806570030149391,0.99,0.10934299698506089,1,1,persuadable,0.5052,1,1,1096,1,1
KESTREL-001007,33.4,46.21,pro,4,74,3,1,1,0,4.0,123,0.8745958214289166,0.99,0.11540417857108343,1,1,persuadable,0.724,1,1,1017,1,1
KESTREL-001008,21.7,22.75,basic,6,7,2,1,1,0,,155,0.8649837340331442,0.99,0.12501626596685578,1,1,persuadable,0.6682,1,1,661,1,1
KESTREL-001009,1.2,16.06,basic,4,38,3,1,1,0,4.0,9,0.6516581172728104,0.772480947631796,0.12082283035898556,1,1,persuadable,0.8232,1,1,37,1,1
KESTREL-001010,36.0,41.73,pro,7,26,3,0,0,0,,275,0.9651539545786666,0.9145630372680695,-0.05059091731059706,1,1,sleeping_dog,0.093,0,1,1096,1,0
KESTREL-001011,5.2,17.11,basic,13,49,5,0,0,1,10.0,63,0.9592334546338585,0.8340436731878598,-0.12518978144599868,1,1,sleeping_dog,0.261,0,1,158,0,0
KESTREL-001012,18.4,19.19,basic,9,9,4,0,1,1,7.0,116,0.8835387881876439,0.8918401344848276,0.00830134629718371,1,1,lost_cause,0.3335,0,1,560,0,0
KESTREL-001013,29.0,10.35,basic,25,4,14,0,0,0,9.0,716,0.99,0.99,0.0,1,1,sure_thing,0.19,0,1,883,1,0
KESTREL-001014,4.6,16.57,basic,9,98,3,1,0,0,,38,0.7660578288229345,0.6187343725172277,-0.14732345630570676,1,1,sleeping_dog,0.8915,1,1,140,1,1
KESTREL-001015,3.7,177.19,enterprise,39,0,11,0,1,0,7.0,107,0.99,0.99,0.0,1,1,sure_thing,0.1698,0,1,113,1,0
KESTREL-001016,6.3,46.96,pro,17,51,10,0,0,1,,95,0.9762742568886609,0.932936687625363,-0.043337569263297904,1,1,sure_thing,0.845,1,1,192,1,1
KESTREL-001017,14.0,13.94,basic,2,72,2,1,0,0,5.0,74,0.7647548476315166,0.6675594488918052,-0.09719539873971139,1,1,sleeping_dog,0.7375,1,1,426,1,1
KESTREL-001018,36.0,14.79,basic,4,8,5,0,0,0,6.0,309,0.9518363889652094,0.9360963696598602,-0.015740019305349184,1,1,sure_thing,0.5248,1,1,1096,1,1
KESTREL-001019,30.4,39.87,pro,5,103,3,0,0,1,,93,0.9502262979449677,0.6888946690803951,-0.2613316288645726,1,1,sleeping_dog,0.567,1,1,925,1,1
KESTREL-001020,34.4,40.16,pro,14,27,10,2,1,0,,451,0.9283473089567413,0.99,0.061652691043258656,1,1,persuadable,0.4438,1,1,1047,1,0
KESTREL-001021,20.7,16.21,basic,5,86,9,0,0,0,,105,0.9354596870953366,0.8722785281814096,-0.06318115891392695,1,1,sleeping_dog,0.6985,1,1,630,1,0
KESTREL-001022,12.6,62.19,pro,1,31,0,1,0,0,,82,0.8520802540439997,0.8340643622475546,-0.018015891796445027,1,1,lost_cause,0.813,1,1,384,1,1
KESTREL-001023,14.1,51.61,pro,3,3,1,0,0,0,5.0,94,0.9490193169885471,0.9091134146232603,-0.039905902365286794,1,1,sure_thing,0.084,0,1,429,1,0
KESTREL-001024,32.3,15.41,basic,11,3,4,1,0,0,,339,0.9510433415504087,0.9511547048395688,0.00011136328916006022,1,1,sure_thing,0.8595,1,1,983,1,1
KESTREL-001025,19.5,61.04,pro,9,15,3,0,1,0,7.0,168,0.9085127634217028,0.955479893555782,0.04696713013407916,1,1,lost_cause,0.5412,1,1,594,1,1
KESTREL-001026,8.3,37.78,pro,2,4,4,2,1,0,5.0,53,0.644641363796222,0.9079475342541595,0.2633061704579376,0,1,persuadable,0.9248,1,1,253,1,1
KESTREL-001027,6.5,20.22,basic,5,8,7,0,2,1,,74,0.8425889948990593,0.99,0.14741100510094074,0,1,persuadable,0.7772,1,1,198,1,1
KESTREL-001028,36.0,21.23,basic,10,107,5,0,0,0,8.0,177,0.9551731734716244,0.7623000923274414,-0.192873081144183,1,1,sleeping_dog,0.188,0,1,1096,1,0
KESTREL-001029,16.2,69.88,pro,1,128,1,1,1,0,,48,0.6431958462350829,0.6795391058078046,0.036343259572721776,1,1,lost_cause,0.9562,1,1,493,1,0
KESTREL-001030,23.9,37.43,pro,7,18,3,1,0,0,9.0,179,0.9288745046295218,0.9282623352125525,-0.0006121694169692882,1,1,sure_thing,0.1858,0,1,728,1,0
KESTREL-001031,36.0,17.72,basic,3,17,6,0,1,0,6.0,262,0.8710434309918953,0.9095464599750804,0.03850302898318514,1,1,lost_cause,0.7958,1,1,1096,1,1
KESTREL-001032,17.4,38.76,pro,7,32,3,2,1,0,7.0,98,0.7728619058134581,0.99,0.21713809418654184,0,1,persuadable,0.4342,1,1,530,1,1
KESTREL-001033,36.0,46.82,pro,5,88,1,0,0,1,8.0,283,0.9402749383112199,0.6771570976093081,-0.2631178407019118,1,0,sleeping_dog,0.4742,1,0,1096,1,1
KESTREL-001034,7.8,20.04,basic,2,122,1,0,0,0,7.0,32,0.7865872397469248,0.5184787636272514,-0.26810847611967337,1,1,sleeping_dog,0.8608,1,1,237,1,0
KESTREL-001035,28.8,55.15,pro,21,0,13,0,0,0,,650,0.987210965694269,0.9877523045159784,0.0005413388217093695,1,1,sure_thing,0.9415,1,1,877,1,1
KESTREL-001036,23.4,18.8,basic,8,43,2,1,0,1,5.0,199,0.8985744031554488,0.7928075793819459,-0.10576682377350288,1,1,sleeping_dog,0.6402,1,1,712,1,1
KESTREL-001037,36.0,155.97,enterprise,11,4,5,0,0,0,9.0,400,0.9795878254796426,0.99,0.010412174520357365,0,1,sure_thing,0.535,1,1,1096,1,1
KESTREL-001038,9.6,18.95,basic,8,53,8,0,0,1,7.0,118,0.9166095947961437,0.8422301668349165,-0.0743794279612272,1,1,sleeping_dog,0.9058,1,1,292,1,0
KESTREL-001039,15.1,28.17,basic,11,12,7,0,0,0,,209,0.9512034288546982,0.9413253409978712,-0.009878087856826978,1,1,sure_thing,0.1152,0,1,460,1,0
KESTREL-001040,1.6,20.18,basic,11,6,4,0,1,0,8.0,10,0.9121940278306923,0.9309836639849621,0.018789636154269873,0,0,lost_cause,0.8902,1,0,49,1,1
KESTREL-001041,31.1,48.96,pro,12,27,2,1,0,0,,247,0.9445522103189663,0.9250608525164539,-0.019491357802512432,1,1,sure_thing,0.0382,0,1,947,1,0
KESTREL-001042,14.2,18.97,basic,4,9,3,0,1,0,,93,0.8628455582226839,0.8942558112406094,0.03141025301792544,1,1,lost_cause,0.2128,0,1,432,1,0
KESTREL-001043,28.2,14.25,basic,8,1,3,1,0,1,7.0,212,0.9314649688232552,0.9117312179330886,-0.0197337508901666,1,1,sure_thing,0.4922,1,1,858,1,1
KESTREL-001044,9.4,20.5,basic,6,8,4,2,0,1,9.0,77,0.8278017727288441,0.8837200741554189,0.055918301426574724,1,1,persuadable,0.427,1,1,286,1,1
KESTREL-001045,36.0,48.29,pro,5,46,0,0,0,0,,165,0.952714988580302,0.8041711845095855,-0.14854380407071655,1,1,sleeping_dog,0.169,0,1,1096,1,0
KESTREL-001046,36.0,20.59,basic,16,42,7,1,0,1,8.0,549,0.9608758100516317,0.9301742237450195,-0.03070158630661224,1,1,sure_thing,0.3368,1,1,1096,1,1
KESTREL-001047,17.1,40.65,pro,3,42,2,0,0,0,5.0,80,0.9339130760885631,0.83794417311551,-0.09596890297305316,1,1,sleeping_dog,0.27,0,1,521,1,0
KESTREL-001048,26.0,33.9,pro,15,10,6,0,0,0,,280,0.9775737214606256,0.9641499890393015,-0.013423732421324108,1,1,sure_thing,0.3115,0,1,791,1,0
KESTREL-001049,29.3,60.52,pro,10,53,5,0,1,0,,265,0.9388822265830754,0.9696643141863948,0.030782087603319352,1,1,sure_thing,0.5615,1,1,892,1,1
KESTREL-001050,16.8,23.08,basic,4,22,5,0,0,0,,159,0.9300500111056468,0.9045765404845837,-0.025473470621063088,1,0,sure_thing,0.9388,1,0,511,1,1
KESTREL-001051,36.0,17.98,basic,8,15,10,0,1,1,,509,0.9490286918279611,0.9757706802496197,0.026741988421658536,1,1,sure_thing,0.1465,0,1,1096,1,0
KESTREL-001052,5.5,24.36,basic,1,114,6,1,0,0,6.0,34,0.779992759090724,0.6727543262138104,-0.10723843287691359,1,1,sleeping_dog,0.889,1,1,167,1,1
KESTREL-001053,36.0,19.57,basic,8,13,12,1,0,0,,500,0.9529202640921116,0.9657765476120801,0.012856283519968481,1,1,sure_thing,0.5185,1,1,1096,1,0
KESTREL-001054,11.1,116.15,enterprise,5,1,3,1,1,0,9.0,86,0.9008896318582202,0.99,0.08911036814177975,0,1,persuadable,0.7298,1,1,338,1,1
KESTREL-001055,13.5,13.29,basic,35,1,12,0,1,0,8.0,386,0.99,0.99,0.0,1,1,sure_thing,0.2512,0,1,411,1,0
KESTREL-001056,5.1,50.12,pro,28,8,16,0,1,0,9.0,111,0.9837240811117812,0.99,0.006275918888218768,1,1,sure_thing,0.0002,0,1,155,1,0
KESTREL-001057,31.3,61.36,pro,27,7,12,0,0,0,,745,0.99,0.99,0.0,1,1,sure_thing,0.4108,1,1,953,1,1
KESTREL-001058,3.0,169.51,enterprise,9,4,6,0,1,0,,30,0.915300597594397,0.99,0.07469940240560302,1,1,persuadable,0.5142,0,1,91,1,0
KESTREL-001059,19.5,52.45,pro,8,2,7,2,0,1,9.0,209,0.9062199166304129,0.99,0.08378008336958709,1,1,persuadable,0.7595,1,1,594,1,1
KESTREL-001060,8.3,23.87,basic,9,7,4,1,0,0,,117,0.9266293930037174,0.9291725790363936,0.0025431860326762257,1,1,sure_thing,0.3488,1,1,253,0,1
KESTREL-001061,13.3,16.36,basic,0,19,2,2,1,1,,74,0.6289600575178068,0.8730971245816622,0.2441370670638554,0,0,persuadable,0.9758,1,0,405,1,1
KESTREL-001062,10.2,11.95,basic,0,52,0,0,0,0,,18,0.8314990602575929,0.6664011712655578,-0.16509788899203515,1,1,sleeping_dog,0.9452,1,1,310,1,1
KESTREL-001063,27.9,67.52,pro,8,75,4,3,1,0,,232,0.7567785929222862,0.99,0.23322140707771377,1,1,persuadable,0.9372,1,1,849,1,0
KESTREL-001064,6.7,20.17,basic,1,0,1,0,0,0,,23,0.8697999214692406,0.8309369245142942,-0.03886299695494633,1,1,lost_cause,0.4208,1,1,204,1,0
KESTREL-001065,3.8,18.53,basic,3,22,4,2,0,0,,32,0.7860697959475232,0.859517451433259,0.07344765548573573,1,1,persuadable,0.6382,1,1,116,0,1
KESTREL-001066,9.9,12.1,basic,3,19,5,0,0,0,5.0,53,0.9116144163456892,0.8881854302074341,-0.02342898613825506,1,1,lost_cause,0.4188,1,1,301,1,1
KESTREL-001067,36.0,12.37,basic,4,51,0,0,1,0,,179,0.8626629870010725,0.818435290804547,-0.044227696196525446,1,1,lost_cause,0.3595,1,1,1096,1,1
KESTREL-001068,11.4,41.72,pro,7,18,3,1,0,1,,117,0.9156425892319586,0.8856422742591378,-0.030000314972820852,1,1,lost_cause,0.6748,1,1,347,1,1
KESTREL-001069,21.1,23.22,basic,1,20,1,3,1,0,4.0,71,0.5343145654145715,0.8223198378803576,0.2880052724657861,0,1,persuadable,0.9585,1,1,642,1,1
KESTREL-001070,27.1,20.2,basic,7,10,2,1,1,0,7.0,203,0.8716306800288757,0.9868307563248264,0.11520007629595075,1,1,persuadable,0.8752,1,1,825,1,1
KESTREL-001071,29.0,28.4,pro,7,5,1,1,0,0,5.0,260,0.9143367401456538,0.907056984165459,-0.007279755980194813,0,0,lost_cause,0.3905,0,0,883,1,0
KESTREL-001072,15.0,24.12,basic,21,2,13,0,0,0,9.0,265,0.9795371211532883,0.9790538373425203,-0.0004832838107680093,1,1,sure_thing,0.44,1,1,457,1,1
KESTREL-001073,7.7,18.2,basic,18,18,4,0,1,0,,100,0.9255427265703106,0.9294266033739973,0.0038838768036867366,1,1,sure_thing,0.8408,1,1,234,1,1
KESTREL-001074,36.0,25.06,basic,25,15,12,0,0,0,,859,0.99,0.99,0.0,1,1,sure_thing,0.8438,1,1,1096,1,1
KESTREL-001075,19.1,18.96,basic,1,71,1,2,1,0,,71,0.5979891358872318,0.8220092470271883,0.22402011113995646,1,1,persuadable,0.7395,1,1,581,1,0
KESTREL-001076,36.0,16.02,basic,10,67,6,1,0,1,7.0,238,0.9310443474916903,0.8486268388836218,-0.08241750860806851,0,0,sleeping_dog,0.0182,0,0,1096,1,0
KESTREL-001077,10.5,20.27,basic,3,85,2,0,0,0,5.0,37,0.876577963554132,0.675472400895734,-0.20110556265839796,1,1,sleeping_dog,0.5288,1,1,320,1,1
KESTREL-001078,12.9,14.99,basic,3,43,1,3,0,1,,50,0.547839624860283,0.6947011141989495,0.1468614893386665,0,1,persuadable,0.9608,1,1,393,1,0
KESTREL-001079,35.7,65.61,pro,11,12,4,0,0,0,,331,0.9791291770859796,0.9559646681722871,-0.023164508913692483,1,1,sure_thing,0.1305,0,1,1087,1,0
KESTREL-001080,16.6,47.16,pro,9,9,3,1,0,0,,187,0.9280390546380797,0.9334237597373165,0.005384705099236831,0,0,sure_thing,0.7328,1,0,505,1,1
KESTREL-001081,15.6,110.18,enterprise,4,229,1,2,0,0,,48,0.7454891420326728,0.6530166606991377,-0.09247248133353514,1,1,sleeping_dog,0.8805,1,1,475,1,0
KESTREL-001082,11.2,14.18,basic,7,17,10,1,0,0,,95,0.9092376200742532,0.9202723500321919,0.011034729957938638,1,1,lost_cause,0.7715,1,1,341,1,1
KESTREL-001083,9.7,12.6,basic,13,36,10,0,0,0,10.0,133,0.9692781148029402,0.9593856879166163,-0.009892426886323968,1,1,sure_thing,0.1832,0,1,295,1,0
KESTREL-001084,29.2,21.36,basic,31,11,13,1,0,0,10.0,738,0.9886419221382494,0.99,0.0013580778617505729,1,1,sure_thing,0.5212,1,1,889,1,1
KESTREL-001085,13.6,19.37,basic,3,62,1,0,1,0,,61,0.735208120181037,0.6944459013341095,-0.040762218846927434,0,0,lost_cause,0.9665,1,0,414,1,1
KESTREL-001086,16.9,14.78,basic,12,6,9,1,1,1,,249,0.9096357018149138,0.99,0.08036429818508617,1,1,persuadable,0.7732,1,1,514,1,1
KESTREL-001087,21.3,21.53,basic,8,12,4,0,0,0,6.0,201,0.9492974189909247,0.9236046211271115,-0.025692797863813177,1,1,sure_thing,0.736,1,1,648,1,1
KESTREL-001088,22.0,18.01,basic,1,217,1,0,0,0,6.0,37,0.8138668537583714,0.5199653462727174,-0.293901507485654,1,0,sleeping_dog,0.243,0,1,670,1,0
KESTREL-001089,30.2,15.74,basic,3,26,3,2,0,0,,113,0.8692404873928572,0.9348858220181663,0.06564533462530908,1,1,persuadable,0.1415,0,1,919,1,0
KESTREL-001090,20.6,40.67,pro,10,39,10,1,0,0,,236,0.9395932880325849,0.9517655742318825,0.012172286199297555,1,1,sure_thing,0.4385,1,1,627,1,1
KESTREL-001091,14.0,141.86,enterprise,7,10,6,4,0,0,,125,0.8477701441804592,0.99,0.14222985581954084,1,1,persuadable,0.917,1,1,426,1,0
KESTREL-001092,24.4,21.82,basic,3,13,0,2,1,0,,135,0.709056579025468,0.9531848221680228,0.24412824314255477,1,1,persuadable,0.998,1,1,743,1,1
KESTREL-001093,36.0,21.87,basic,3,256,2,1,0,1,,121,0.7274349809254792,0.4495278938540722,-0.277907087071407,1,1,sleeping_dog,0.8075,1,1,1096,1,0
KESTREL-001094,12.6,18.84,basic,1,16,2,1,2,0,,83,0.6485041146935191,0.9253743120953323,0.2768701974018132,1,1,persuadable,0.9718,1,1,384,1,1
KESTREL-001095,11.3,39.73,pro,25,0,14,0,1,0,10.0,280,0.9807865026245702,0.99,0.009213497375429758,1,1,sure_thing,0.4602,1,1,344,1,1
KESTREL-001096,15.4,47.7,pro,6,18,4,0,0,1,,145,0.936408169574581,0.8642811099402333,-0.07212705963434762,0,0,sleeping_dog,0.4442,1,0,469,1,1
KESTREL-001097,31.9,30.69,pro,11,2,2,1,0,0,4.0,190,0.9642352798274088,0.960581759214156,-0.0036535206132527476,1,1,sure_thing,0.082,0,1,971,1,0
KESTREL-001098,11.4,19.99,basic,8,8,2,1,0,0,,58,0.9225119977306476,0.9156549617459313,-0.00685703598471632,0,0,sure_thing,0.2995,0,0,347,1,0
KESTREL-001099,31.4,75.45,pro,5,43,1,0,1,0,,61,0.9097328407852467,0.9512897365246312,0.04155689573938448,1,1,lost_cause,0.5002,1,1,956,1,1
KESTREL-001100,12.1,41.08,pro,16,13,5,2,0,1,,170,0.9210680741110921,0.9593618441983491,0.038293770087256984,1,1,sure_thing,0.6518,1,1,368,1,1
KESTREL-001101,4.5,14.64,basic,9,7,2,0,0,0,,32,0.8921277651617774,0.8528711348135787,-0.03925663034819871,1,1,lost_cause,0.5438,1,1,137,1,0
KESTREL-001102,36.0,49.07,pro,12,2,0,0,0,0,,307,0.9715519563869888,0.9159926903407685,-0.0555592660462203,1,1,sleeping_dog,0.81,0,1,1096,1,0
KESTREL-001103,27.0,20.39,basic,3,270,3,0,0,0,,118,0.7068659209242445,0.41158183201922016,-0.29528408890502433,1,1,sleeping_dog,0.9202,1,1,822,1,1
KESTREL-001104,9.0,49.83,pro,7,20,4,1,2,0,8.0,65,0.6395659171693049,0.9196769595286285,0.2801110423593236,1,1,persuadable,0.988,1,1,274,1,1
KESTREL-001105,36.0,118.89,enterprise,17,1,8,0,1,0,8.0,581,0.9732290644247711,0.99,0.016770935575228907,1,1,sure_thing,0.0885,0,1,1096,1,0
KESTREL-001106,25.1,49.72,pro,2,10,2,0,0,1,,188,0.9471410949980352,0.8574630428431542,-0.089678052154881,1,1,sleeping_dog,0.0748,0,1,764,1,0
KESTREL-001107,11.6,32.74,pro,11,1,6,0,0,0,,204,0.9429758427136824,0.9341823765162289,-0.00879346619745347,1,1,sure_thing,0.6102,1,1,353,1,1
KESTREL-001108,20.3,174.0,enterprise,9,61,4,1,0,0,,118,0.9444758377039866,0.99,0.045524162296013415,1,1,sure_thing,0.2315,0,1,618,1,0
KESTREL-001109,19.3,107.54,enterprise,42,9,11,1,0,0,,454,0.99,0.99,0.0,1,1,sure_thing,0.7785,1,1,587,1,1
KESTREL-001110,9.5,68.85,pro,9,33,3,2,0,0,,55,0.8135887647069721,0.9123756766584683,0.09878691195149625,1,1,persuadable,0.7877,1,1,289,1,1
KESTREL-001111,14.9,24.25,basic,11,7,8,0,0,0,6.0,207,0.9588855920556686,0.9533242754234763,-0.005561316632192281,1,1,sure_thing,0.4455,1,1,454,1,1
KESTREL-001112,14.9,16.17,basic,4,7,4,1,0,0,,122,0.9116290936155861,0.9180054798021945,0.006376386186608407,1,1,lost_cause,0.319,0,1,454,1,0
KESTREL-001113,25.7,17.43,basic,45,3,13,0,1,0,,682,0.99,0.99,0.0,1,1,sure_thing,0.425,1,1,782,1,0
KESTREL-001114,15.3,23.51,basic,4,8,5,0,1,0,8.0,171,0.857947496194427,0.8977586264695804,0.03981113027515337,1,1,lost_cause,0.2002,0,1,466,1,0
KESTREL-001115,11.7,41.58,pro,6,31,6,0,1,0,,121,0.8781035996043225,0.9224204387226609,0.04431683911833839,0,0,lost_cause,0.6275,1,0,356,1,1
KESTREL-001116,26.3,28.58,basic,11,3,5,0,0,0,,272,0.9611262647761902,0.9472902993445802,-0.013835965431610031,0,0,sure_thing,0.3685,1,0,801,1,1
KESTREL-001117,7.3,14.75,basic,27,6,9,0,0,0,8.0,169,0.9828339698154676,0.9775758526178507,-0.005258117197616818,1,1,sure_thing,0.394,1,1,222,1,1
KESTREL-001118,25.2,43.23,pro,20,2,5,0,1,0,10.0,295,0.9778328033964545,0.99,0.012167196603545483,1,1,sure_thing,0.287,0,1,767,1,0
KESTREL-001119,16.2,17.48,basic,17,13,4,0,0,1,8.0,238,0.9744381292487334,0.9070929350146542,-0.06734519423407925,1,1,sleeping_dog,0.5315,1,1,493,1,1
KESTREL-001120,35.2,20.48,basic,10,106,1,0,1,0,10.0,225,0.8890741905846726,0.7263020282895125,-0.16277216229516012,1,1,sleeping_dog,0.6955,1,1,1071,1,0
KESTREL-001121,14.8,21.49,basic,8,80,6,1,0,0,,144,0.901459324515356,0.8546486036862563,-0.04681072082909976,0,0,lost_cause,0.1375,0,0,451,1,0
KESTREL-001122,26.5,23.7,basic,8,110,5,2,1,0,10.0,202,0.7118471006946856,0.9112619349973186,0.19941483430263296,1,1,persuadable,0.7698,1,1,807,1,1
KESTREL-001123,36.0,31.26,pro,15,17,13,0,1,1,,519,0.9704622932029813,0.99,0.019537706797018717,1,1,sure_thing,0.2655,0,1,1096,1,0
KESTREL-001124,9.8,31.1,pro,3,148,3,0,0,0,,50,0.8716393713379408,0.598067639948497,-0.2735717313894438,0,0,sleeping_dog,0.9628,1,0,298,1,0
KESTREL-001125,28.8,58.3,pro,7,28,10,0,1,0,,216,0.9019064226834167,0.964922010757838,0.06301558807442131,1,1,persuadable,0.2665,0,1,877,1,0
KESTREL-001126,19.0,16.48,basic,3,34,4,0,1,0,,132,0.8721051445512124,0.8972387042901491,0.025133559738936717,1,1,lost_cause,0.6815,1,1,578,1,1
KESTREL-001127,27.8,159.59,enterprise,7,41,3,0,1,1,7.0,204,0.9592191031900618,0.99,0.03078089680993823,1,1,sure_thing,0.0878,0,1,846,1,0
KESTREL-001128,23.6,65.75,pro,6,9,5,0,1,0,,180,0.9452286085745605,0.99,0.04477139142543951,1,1,sure_thing,0.6597,1,1,718,1,1
KESTREL-001129,9.6,21.32,basic,3,121,0,0,0,1,,44,0.7458575974375816,0.45851631330245896,-0.28734128413512267,1,1,sleeping_dog,0.655,1,1,292,1,0
KESTREL-001130,16.7,127.98,enterprise,3,49,3,0,0,0,,81,0.950636969419505,0.8847048261730766,-0.06593214324642849,1,1,sleeping_dog,0.5778,1,1,508,1,1
KESTREL-001131,36.0,132.98,enterprise,10,44,5,0,0,1,8.0,350,0.9816461407955777,0.8878213501361263,-0.09382479065945137,1,1,sleeping_dog,0.1762,0,1,1096,1,0
KESTREL-001132,31.9,40.67,pro,4,100,1,0,0,1,6.0,156,0.9199115052032866,0.6471428183933776,-0.27276868680990896,1,1,sleeping_dog,0.308,0,1,971,1,0
KESTREL-001133,1.9,41.18,pro,14,10,6,0,0,0,,17,0.9504505259389556,0.9375635993146644,-0.01288692662429125,1,1,sure_thing,0.1008,0,1,58,1,0
KESTREL-001134,19.4,68.51,pro,4,16,8,1,0,0,,134,0.9182684118000197,0.9589898038318563,0.040721392031836556,0,0,lost_cause,0.6315,1,0,591,1,1
KESTREL-001135,36.0,13.98,basic,2,30,3,0,1,0,6.0,239,0.9010357990374989,0.9243353603219314,0.023299561284432557,0,0,lost_cause,0.444,1,0,1096,0,1
KESTREL-001136,4.5,20.08,basic,5,14,8,0,0,0,9.0,34,0.9365652922081276,0.9301648006503895,-0.006400491557738031,1,1,sure_thing,0.5258,1,1,137,1,1
KESTREL-001137,25.0,18.93,basic,4,29,1,1,1,0,6.0,177,0.8342636470097166,0.9550836092906392,0.12081996228092262,0,1,persuadable,0.8272,1,1,761,0,1
KESTREL-001138,11.4,20.81,basic,20,0,6,0,1,0,8.0,212,0.9731421167300897,0.9832129883075402,0.010070871577450569,1,1,sure_thing,0.023,0,1,347,1,0
KESTREL-001139,29.9,101.93,enterprise,8,26,5,1,0,0,,238,0.9692241010080781,0.99,0.020775898991921893,1,1,sure_thing,0.236,0,1,910,1,0
KESTREL-001140,7.7,71.38,pro,3,6,6,1,0,0,,53,0.9145226649529694,0.9593653740755478,0.04484270912257837,1,1,lost_cause,0.335,0,1,234,1,0
KESTREL-001141,36.0,12.42,basic,5,17,0,0,0,0,6.0,257,0.9402573274558533,0.8568204483565195,-0.08343687909933384,1,0,sleeping_dog,0.3658,1,0,1096,1,1
KESTREL-001142,35.5,166.67,enterprise,4,6,2,0,1,1,3.0,158,0.9377211865089867,0.99,0.052278813491013265,1,1,persuadable,0.5218,1,1,1081,1,1
KESTREL-001143,11.9,52.87,pro,4,2,5,0,0,0,,78,0.9447429686281852,0.9362046386145436,-0.00853833001364157,1,1,sure_thing,0.1815,0,1,362,1,0
KESTREL-001144,13.8,53.18,pro,0,49,0,1,1,0,,56,0.6269478693583016,0.7945627790357057,0.1676149096774041,0,0,persuadable,0.96,1,0,420,1,1
KESTREL-001145,7.3,23.44,basic,4,33,5,1,0,0,6.0,26,0.9038964718768029,0.9043860116465914,0.000489539769788494,1,1,lost_cause,0.77,1,1,222,1,1
KESTREL-001146,10.1,22.1,basic,6,125,1,1,0,0,,80,0.8288717117510006,0.5958166403837408,-0.23305507136725978,1,1,sleeping_dog,0.6025,1,1,307,1,1
KESTREL-001147,36.0,16.23,basic,1,127,1,2,0,0,6.0,78,0.7841877390064943,0.6601432310125114,-0.12404450799398292,1,1,sleeping_dog,0.58,1,1,1096,1,1
KESTREL-001148,24.5,18.07,basic,5,71,3,1,1,1,,191,0.7151952210564032,0.7640478430651128,0.048852622008709545,0,1,lost_cause,0.585,1,1,746,1,1
KESTREL-001149,22.1,19.08,basic,11,51,4,1,0,0,,298,0.93724178363505,0.9033117752386948,-0.03393000839635518,1,1,sure_thing,0.2268,0,1,673,0,0
KESTREL-001150,21.8,18.21,basic,9,19,2,0,0,0,6.0,180,0.9125518742335228,0.8569491626530611,-0.055602711580461706,1,1,sleeping_dog,0.0503,0,1,664,1,0
KESTREL-001151,36.0,20.23,basic,14,1,7,1,1,1,,518,0.9452858739287697,0.99,0.044714126071230265,1,1,sure_thing,0.7275,1,1,1096,1,1
KESTREL-001152,26.7,117.32,enterprise,4,25,2,0,0,1,,218,0.9688310728890526,0.8604902493182024,-0.10834082357085018,1,1,sleeping_dog,0.0213,0,1,813,1,0
KESTREL-001153,36.0,63.4,pro,2,71,2,1,0,0,,298,0.9136809689198268,0.8467242644558901,-0.06695670446393664,1,1,sleeping_dog,0.122,0,1,1096,0,0
KESTREL-001154,16.6,47.37,pro,10,4,6,1,0,1,7.0,134,0.9607522113042279,0.9654144386892918,0.004662227385063833,1,1,sure_thing,0.1095,0,1,505,1,0
KESTREL-001155,8.7,17.63,basic,0,54,1,2,0,0,,29,0.8082722393972552,0.8512637006343033,0.04299146123704811,1,1,lost_cause,0.8638,1,1,265,1,1
KESTREL-001156,28.3,17.62,basic,3,111,0,0,1,0,6.0,165,0.8254787958498015,0.6491294559805236,-0.17634933986927792,1,1,sleeping_dog,0.3252,0,1,861,1,0
KESTREL-001157,15.8,17.61,basic,5,40,6,0,0,0,,73,0.9283305447403231,0.8929197033983962,-0.035410841341926846,1,1,sure_thing,0.254,0,1,481,1,0
KESTREL-001158,9.7,77.65,pro,4,40,1,1,0,0,,70,0.8784532345594109,0.8628232678624116,-0.015629966696999342,0,0,lost_cause,0.5082,1,0,295,1,0
KESTREL-001159,10.6,18.44,basic,3,142,2,3,2,1,,37,0.29115508103087506,0.5144079061360586,0.22325282510518352,0,1,persuadable,0.993,1,1,323,1,1
KESTREL-001160,26.3,20.42,basic,14,6,10,0,0,1,8.0,374,0.98072079190798,0.9709565409572942,-0.009764250950685782,1,1,sure_thing,0.032,0,1,801,1,0
KESTREL-001161,19.4,48.41,pro,2,87,3,0,0,0,5.0,92,0.9005126618281669,0.7184646266613309,-0.182048035166836,1,1,sleeping_dog,0.7728,1,1,591,1,0
KESTREL-001162,10.5,19.85,basic,9,17,5,0,0,0,,92,0.938336632386564,0.9154808602553424,-0.022855772131221586,1,1,sure_thing,0.3652,1,1,320,1,1
KESTREL-001163,32.1,53.03,pro,12,40,9,1,0,0,,398,0.9512987940614396,0.9626651965958362,0.01136640253439658,1,1,sure_thing,0.3585,1,1,977,1,0
KESTREL-001164,10.6,18.01,basic,11,6,8,0,0,0,,191,0.960715099225582,0.9551277933065786,-0.00558730591900336,1,1,sure_thing,0.8222,1,1,323,0,1
KESTREL-001165,18.4,28.08,basic,19,21,12,0,0,0,,310,0.9764959828141236,0.973907134763765,-0.0025888480503586386,1,1,sure_thing,0.205,0,1,560,1,0
KESTREL-001166,21.2,21.01,basic,4,3,2,2,0,0,7.0,108,0.860358893289547,0.9322994910011356,0.07194059771158867,1,1,persuadable,0.5765,1,1,645,1,1
KESTREL-001167,36.0,70.59,pro,1,136,7,0,0,0,,157,0.9352764960472779,0.7290300939111978,-0.20624640213608014,1,1,sleeping_dog,0.9228,1,1,1096,1,0
KESTREL-001168,36.0,17.76,basic,6,57,4,1,0,0,9.0,208,0.9225204269554275,0.8852160574044967,-0.03730436955093075,1,1,sure_thing,0.4572,1,1,1096,1,1
KESTREL-001169,24.8,58.66,pro,9,40,6,1,0,1,,305,0.9213861844050172,0.9016025992287867,-0.019783585176230467,1,1,sure_thing,0.7103,1,1,755,1,0
KESTREL-001170,7.1,23.54,basic,5,2,7,1,0,1,8.0,74,0.8815470570401527,0.8896136210846026,0.008066564044449942,1,1,lost_cause,0.2982,0,1,216,1,0
KESTREL-001171,36.0,20.57,basic,6,0,4,0,0,0,5.0,192,0.961687588189106,0.9452702987565166,-0.016417289432589466,1,1,sure_thing,0.1578,0,1,1096,1,0
KESTREL-001172,16.0,112.42,enterprise,16,2,5,0,1,0,9.0,211,0.97158493336765,0.99,0.01841506663235004,1,1,sure_thing,0.2198,0,1,487,1,0
KESTREL-001173,36.0,30.0,basic,5,365,3,1,0,0,,118,0.6573718356150962,0.3791049018408019,-0.27826693377429423,1,1,sleeping_dog,0.9142,1,1,1096,1,0
KESTREL-001174,36.0,34.88,pro,14,12,5,0,0,0,,630,0.981663022420942,0.9621716193342856,-0.019491403086656423,1,1,sure_thing,0.0775,0,1,1096,1,0
KESTREL-001175,7.8,35.39,pro,10,14,5,1,0,0,,62,0.9490890577737043,0.9544296313663607,0.0053405735926563835,1,1,sure_thing,0.0132,0,1,237,1,0
KESTREL-001176,26.2,12.25,basic,1,89,0,1,1,0,4.0,114,0.6296380658742512,0.6621683860915093,0.0325303202172581,0,0,lost_cause,0.9662,1,0,798,1,0
KESTREL-001177,18.1,13.05,basic,6,47,7,1,0,0,8.0,184,0.882079504792186,0.8787426173817067,-0.003336887410479328,1,1,lost_cause,0.6298,1,1,551,1,0
KESTREL-001178,25.4,44.36,pro,8,106,3,2,1,1,,171,0.7453242647554466,0.8906929588693184,0.14536869411387188,1,1,persuadable,0.9525,1,1,773,1,1
KESTREL-001179,17.4,18.52,basic,5,22,4,0,0,0,7.0,140,0.9476886549620309,0.9126969734656681,-0.03499168149636278,1,1,sure_thing,0.0998,0,1,530,1,0
KESTREL-001180,36.0,18.7,basic,7,47,5,0,0,0,7.0,350,0.9702699498780296,0.9127980875220976,-0.057471862355932046,1,1,sleeping_dog,0.8715,1,1,1096,1,1
KESTREL-001181,4.6,43.04,pro,2,77,2,1,1,0,5.0,17,0.7353485931990278,0.8648056037665796,0.12945701056755177,1,1,persuadable,0.9888,1,1,140,1,1
KESTREL-001182,17.0,60.16,pro,3,55,1,1,1,0,,79,0.814945227027025,0.9791257990291882,0.16418057200216318,1,1,persuadable,0.3782,1,1,517,1,1
KESTREL-001183,36.0,41.45,pro,3,23,3,2,0,0,,242,0.8960267958498929,0.99,0.09397320415010713,1,1,persuadable,0.0278,0,1,1096,1,0
KESTREL-001184,36.0,17.49,basic,3,250,1,1,1,0,,99,0.6177239132649791,0.4629095346047021,-0.15481437866027703,1,1,sleeping_dog,0.9482,1,1,1096,1,0
KESTREL-001185,30.3,21.6,basic,14,14,6,1,0,0,8.0,309,0.9606475180148664,0.96162638350861,0.000978865493743597,1,1,sure_thing,0.0308,0,1,922,1,0
KESTREL-001186,24.6,19.59,basic,20,10,8,1,0,1,6.0,452,0.9819657223351856,0.9766571814506745,-0.005308540884511159,1,1,sure_thing,0.1295,0,1,749,1,0
KESTREL-001187,21.3,15.54,basic,3,23,1,0,0,0,8.0,123,0.9198107813632505,0.8428662955383219,-0.07694448582492852,1,1,sleeping_dog,0.714,1,1,648,1,1
KESTREL-001188,27.8,12.57,basic,4,56,4,0,1,0,,271,0.8792273000699146,0.8811675788238691,0.0019402787539545274,1,1,lost_cause,0.8278,1,1,846,1,1
KESTREL-001189,36.0,22.16,basic,1,1,4,0,0,0,6.0,226,0.931825878898978,0.9166040021279989,-0.015221876770979192,0,0,sure_thing,0.5712,1,0,1096,1,1
KESTREL-001190,4.4,12.24,basic,7,4,4,1,0,0,,22,0.8607936503139154,0.8635255761451874,0.0027319258312720196,1,1,lost_cause,0.7525,1,1,134,1,1
KESTREL-001191,29.3,116.39,enterprise,2,259,2,5,1,0,,113,0.2085270182073344,0.26524766728273363,0.056720649075399227,0,0,persuadable,0.9982,1,0,892,1,0
KESTREL-001192,7.8,51.8,pro,6,0,1,0,0,0,3.0,45,0.9443460489689756,0.9066915565543623,-0.03765449241461327,1,1,sure_thing,0.921,1,1,237,1,1
KESTREL-001193,18.3,23.3,basic,13,12,5,1,0,0,,202,0.9374694253768233,0.9374681182472708,-1.3071295524857973e-06,1,1,sure_thing,0.2895,0,1,557,1,0
KESTREL-001194,36.0,11.49,basic,24,18,8,0,0,0,8.0,578,0.9880576001173724,0.9772849288513635,-0.010772671266008893,1,1,sure_thing,0.7472,1,1,1096,1,0
KESTREL-001195,15.6,20.3,basic,6,64,1,1,0,1,,120,0.8392407888486653,0.6632774079982415,-0.17596338085042373,1,0,sleeping_dog,0.946,1,0,475,1,0
KESTREL-001196,36.0,40.29,pro,2,283,1,0,1,0,4.0,161,0.7537501615554744,0.5224882944166294,-0.231261867138845,1,1,sleeping_dog,0.848,1,1,1096,1,1
KESTREL-001197,31.4,14.44,basic,12,10,10,0,2,0,,436,0.9361842857301699,0.99,0.05381571426983012,1,1,persuadable,0.5415,1,1,956,1,1
KESTREL-001198,16.6,18.36,basic,6,23,7,0,1,0,,193,0.8615280497703711,0.8925733635273724,0.03104531375700126,1,1,lost_cause,0.6485,0,1,505,1,0
KESTREL-001199,36.0,35.95,pro,68,0,35,0,0,0,,1715,0.99,0.99,0.0,1,1,sure_thing,0.284,0,1,1096,1,0
KESTREL-001200,23.6,34.64,pro,6,23,1,2,0,0,,97,0.88744998265711,0.9529490775142089,0.06549909485709893,0,1,persuadable,0.7582,1,1,718,1,1
KESTREL-001201,36.0,36.85,pro,8,1,6,0,0,1,,501,0.9744590502850858,0.9486403624981352,-0.025818687786950623,1,1,sure_thing,0.8808,1,1,1096,1,1
KESTREL-001202,15.4,23.5,basic,20,53,12,0,1,0,,257,0.9423823345092633,0.9531585233841028,0.010776188874839443,1,1,sure_thing,0.2175,0,1,469,1,0
KESTREL-001203,30.2,27.7,basic,10,6,7,1,0,0,,397,0.9636470954354058,0.973078436308347,0.009431340872941174,1,1,sure_thing,0.0688,0,1,919,1,0
KESTREL-001204,5.8,123.72,enterprise,3,83,3,0,0,1,,40,0.9173939698167467,0.7060644164668768,-0.21132955334986991,1,1,sleeping_dog,0.1495,0,1,177,1,0
KESTREL-001205,12.1,184.45,enterprise,3,12,1,0,0,1,,34,0.9418772495353978,0.8991638032388939,-0.042713446296503865,1,1,sure_thing,0.1992,0,1,368,1,0
KESTREL-001206,19.3,20.35,basic,1,34,2,0,0,1,,99,0.9173716823218232,0.7667854454881774,-0.1505862368336458,1,1,sleeping_dog,0.0472,0,1,587,1,0
KESTREL-001207,8.3,33.83,basic,2,8,2,2,0,1,,43,0.8074441248627577,0.8884719700259402,0.08102784516318251,1,1,persuadable,0.934,0,1,253,1,0
KESTREL-001208,6.9,49.8,pro,2,73,3,0,0,0,,54,0.8624931698124015,0.7146733682584798,-0.14781980155392171,1,1,sleeping_dog,0.3855,1,1,210,1,0
KESTREL-001209,3.8,127.28,enterprise,2,51,1,1,0,1,,29,0.8069347378478732,0.7656731023136005,-0.041261635534272645,1,1,lost_cause,0.7108,1,1,116,1,1
KESTREL-001210,9.3,120.57,enterprise,3,54,3,2,0,0,8.0,45,0.8740641827614044,0.99,0.11593581723859558,1,1,persuadable,0.7515,1,1,283,1,0
KESTREL-001211,2.4,57.46,pro,14,14,12,0,0,1,,18,0.9659805106835097,0.9612213075816433,-0.004759203101866394,1,1,sure_thing,0.3932,1,1,73,1,1
KESTREL-001212,36.0,150.71,enterprise,8,44,3,1,0,1,7.0,237,0.9607294935847528,0.9777535500467511,0.017024056461998338,1,1,sure_thing,0.5905,1,1,1096,1,1
KESTREL-001213,33.6,59.77,pro,5,4,4,1,1,0,,215,0.8368442654988966,0.99,0.15315573450110342,1,1,persuadable,0.5492,1,1,1023,1,1
KESTREL-001214,36.0,59.24,pro,4,2,2,0,0,1,,251,0.946913272193332,0.8741635491894204,-0.07274972300391158,1,1,sleeping_dog,0.687,1,1,1096,1,1
KESTREL-001215,12.7,44.55,pro,8,56,7,0,0,1,,94,0.9449553359097654,0.8477131964489522,-0.09724213946081328,1,1,sleeping_dog,0.5138,1,1,387,1,1
KESTREL-001216,19.3,23.64,basic,2,12,3,2,0,0,5.0,86,0.8120830218455947,0.8970804021645664,0.08499738031897175,1,1,persuadable,0.6752,1,1,587,1,0
KESTREL-001217,36.0,15.38,basic,15,19,8,0,0,0,,631,0.9771159666324541,0.9667995271273295,-0.01031643950512462,1,1,sure_thing,0.0542,0,1,1096,1,0
KESTREL-001218,12.0,42.7,pro,24,5,10,0,0,0,,326,0.9871884244301227,0.9842204273412863,-0.002967997088836327,1,1,sure_thing,0.6235,1,1,365,1,1
KESTREL-001219,10.6,23.94,basic,1,365,0,1,1,0,,24,0.2898312044477451,0.1535254273088242,-0.13630577713892092,0,0,sleeping_dog,1.0,1,0,323,1,0
KESTREL-001220,20.7,18.39,basic,6,18,5,0,0,0,,142,0.9510783115686966,0.9280557826600974,-0.023022528908599238,1,1,sure_thing,0.149,0,1,630,1,0
KESTREL-001221,13.2,18.02,basic,4,270,1,2,0,0,4.0,65,0.5342312174417385,0.31237855447657803,-0.22185266296516049,1,1,sleeping_dog,0.9952,1,1,402,1,1
KESTREL-001222,6.5,19.06,basic,5,0,5,0,0,0,,59,0.9304059467143192,0.9189759250537396,-0.011430021660579603,1,1,sure_thing,0.0665,0,1,198,1,0
KESTREL-001223,30.3,41.55,pro,17,7,9,1,0,0,6.0,368,0.9774661814173714,0.9854681574207028,0.008001976003331412,1,1,sure_thing,0.601,1,1,922,1,1
KESTREL-001224,31.8,66.86,pro,18,6,7,1,0,0,,463,0.9777190580891885,0.9889525137541973,0.011233455665008885,1,1,sure_thing,0.441,1,1,968,0,1
KESTREL-001225,15.7,23.3,basic,3,140,4,1,2,0,5.0,75,0.5771846836514467,0.7844496583622693,0.2072649747108226,1,1,persuadable,0.9405,1,1,478,1,1
KESTREL-001226,21.0,53.56,pro,1,2,3,1,0,0,,89,0.9373165887903546,0.9677401260072226,0.03042353721686797,1,1,sure_thing,0.2948,0,1,639,1,0
KESTREL-001227,24.1,18.59,basic,12,9,7,0,0,0,,334,0.9689356491964217,0.9595831142579941,-0.009352534938427581,1,1,sure_thing,0.141,0,1,734,1,0
KESTREL-001228,22.1,20.38,basic,13,9,2,1,1,1,,196,0.921622431482637,0.99,0.06837756851736299,1,1,persuadable,0.9062,1,1,673,1,1
KESTREL-001229,29.2,22.59,basic,6,0,1,0,1,0,,162,0.8965251571090892,0.9212192656628108,0.02469410855372156,1,1,lost_cause,0.338,0,1,889,1,0
KESTREL-001230,7.4,24.28,basic,11,9,5,1,1,0,,83,0.9033111075287885,0.99,0.08668889247121148,1,1,persuadable,0.0055,0,1,225,1,0
KESTREL-001231,9.8,21.57,basic,16,22,14,0,1,0,,165,0.9496958334491216,0.9676451923410384,0.017949358891916845,1,1,sure_thing,0.8778,1,1,298,1,1
KESTREL-001232,24.8,20.2,basic,11,37,5,4,0,0,6.0,216,0.756537554796765,0.99,0.233462445203235,0,1,persuadable,0.9438,1,1,755,1,1
KESTREL-001233,28.4,53.42,pro,2,107,1,0,2,0,,113,0.6098292468647974,0.7522133457175348,0.1423840988527374,1,1,persuadable,0.5265,0,1,864,1,0
KESTREL-001234,22.7,135.06,enterprise,12,18,11,1,0,0,,417,0.9741513547911995,0.99,0.01584864520880047,1,1,sure_thing,0.0032,0,1,691,1,0
KESTREL-001235,29.8,20.0,basic,2,199,2,0,0,0,,99,0.846305029429294,0.5540104722982827,-0.29229455713101127,1,0,sleeping_dog,0.5432,1,0,907,1,0
KESTREL-001236,23.0,47.43,pro,4,46,4,0,0,0,,194,0.9342878749027255,0.8668859745408132,-0.06740190036191229,1,1,sleeping_dog,0.0072,0,1,700,1,0
KESTREL-001237,18.5,28.7,basic,21,46,7,2,0,0,,280,0.9574572603234461,0.9786523974863811,0.021195137162934974,1,1,sure_thing,0.2348,0,1,563,1,0
KESTREL-001238,31.1,21.68,basic,33,2,10,0,0,0,10.0,647,0.99,0.99,0.0,1,1,sure_thing,0.004,0,1,947,1,0
KESTREL-001239,3.3,53.98,pro,7,40,9,1,1,0,,29,0.7945402608920762,0.9636062519111805,0.16906599101910436,0,1,persuadable,0.2092,0,0,100,1,0
KESTREL-001240,7.7,17.28,basic,12,13,8,0,0,1,,85,0.9467909547279202,0.9236758535944595,-0.023115101133460714,1,1,sure_thing,0.0292,0,1,234,1,0
KESTREL-001241,27.4,13.07,basic,4,34,2,0,0,0,,176,0.9363923757991419,0.854655855845887,-0.08173651995325493,1,1,sleeping_dog,0.7105,1,1,834,1,1
KESTREL-001242,14.9,22.51,basic,5,62,1,1,0,0,,97,0.8023887936126026,0.7066075973881195,-0.09578119622448311,1,1,sleeping_dog,0.5342,1,1,454,1,0
KESTREL-001243,11.4,18.7,basic,10,73,5,0,0,0,9.0,106,0.9193152161512107,0.8090651184447597,-0.110250097706451,1,1,sleeping_dog,0.2085,0,1,347,1,0
KESTREL-001244,9.4,47.63,pro,10,9,7,0,0,0,,144,0.960366739903765,0.953181010399597,-0.007185729504167959,1,1,sure_thing,0.418,1,1,286,1,1
KESTREL-001245,36.0,18.14,basic,0,365,1,0,0,0,,57,0.6506199657515054,0.355882015093741,-0.29473795065776437,1,1,sleeping_dog,0.9775,1,1,1096,1,0
KESTREL-001246,12.7,46.14,pro,9,3,4,0,1,0,,166,0.8920979798591541,0.9327632920964829,0.04066531223732883,1,1,lost_cause,0.9198,1,1,387,1,1
KESTREL-001247,7.0,111.11,enterprise,8,9,8,0,0,1,,84,0.9702687596829778,0.964526181334552,-0.005742578348425731,1,1,sure_thing,0.477,1,1,213,1,1
KESTREL-001248,12.0,58.17,pro,5,47,1,1,0,0,5.0,71,0.8493392499105544,0.8032503490695206,-0.046088900841033786,1,1,lost_cause,0.6278,1,1,365,1,0
KESTREL-001249,22.2,58.11,pro,4,23,2,0,0,0,8.0,209,0.9652010910556171,0.9087713866783838,-0.05642970437723338,1,1,sleeping_dog,0.8868,1,1,676,1,1
KESTREL-001250,13.2,42.25,pro,10,13,4,0,0,1,,132,0.9518800136446841,0.8869874420381658,-0.06489257160651829,1,1,sleeping_dog,0.3225,0,1,402,1,0
KESTREL-001251,36.0,13.89,basic,27,11,3,1,0,1,6.0,580,0.9786713853198439,0.9378707479631032,-0.040800637356740665,1,1,sure_thing,0.6378,1,1,1096,1,1
KESTREL-001252,15.9,26.64,basic,5,55,3,1,0,1,,117,0.8191045497400448,0.7120303983111997,-0.10707415142884502,1,1,sleeping_dog,0.358,1,1,484,1,0
KESTREL-001253,36.0,49.93,pro,16,14,7,0,0,0,,438,0.9893530400521855,0.9787158011854983,-0.010637238866687215,1,1,sure_thing,0.1355,0,1,1096,1,0
KESTREL-001254,23.6,56.3,pro,16,17,10,0,0,0,10.0,361,0.9855278040050227,0.9823662794195461,-0.0031615245854765828,1,1,sure_thing,0.257,0,1,718,1,0
KESTREL-001255,13.6,18.01,basic,14,6,9,1,1,0,,239,0.9256294339835147,0.99,0.06437056601648528,1,1,persuadable,0.256,0,1,414,1,0
KESTREL-001256,13.9,64.32,pro,19,2,13,1,1,0,,168,0.9707121276628946,0.99,0.019287872337105383,1,1,sure_thing,0.658,1,1,423,1,1
KESTREL-001257,36.0,46.75,pro,4,7,3,0,0,0,,246,0.9641826013123559,0.9386633341590116,-0.025519267153344294,1,1,sure_thing,0.4298,1,1,1096,1,1
KESTREL-001258,20.1,22.15,basic,27,18,12,0,0,1,10.0,306,0.99,0.981068127744471,-0.008931872255528939,1,1,sure_thing,0.4072,1,1,612,1,0
KESTREL-001259,11.6,29.14,basic,2,22,1,1,0,0,,55,0.8929962748271083,0.8775852794748218,-0.015410995352286516,1,1,lost_cause,0.8508,1,1,353,1,0
KESTREL-001260,36.0,38.33,pro,2,16,1,0,0,0,5.0,139,0.9604873935582567,0.8992463809369461,-0.06124101262131065,1,1,sleeping_dog,0.672,1,1,1096,1,1
KESTREL-001261,5.1,14.61,basic,28,9,16,1,0,1,,117,0.9822345751233521,0.983901852913665,0.0016672777903129488,1,1,sure_thing,0.0235,0,1,155,0,0
KESTREL-001262,10.8,18.88,basic,1,31,2,1,1,0,1.0,56,0.7365890892140772,0.8787756953791066,0.14218660616502943,1,1,persuadable,0.822,1,1,329,1,1
KESTREL-001263,36.0,21.13,basic,9,18,4,2,0,1,6.0,326,0.9252238381540697,0.9640008847908474,0.03877704663677772,1,1,sure_thing,0.1082,0,1,1096,1,0
KESTREL-001264,29.3,22.13,basic,5,14,5,0,0,1,6.0,171,0.9628314006673924,0.9108256569472041,-0.05200574372018829,1,1,sleeping_dog,0.0368,0,1,892,1,0
KESTREL-001265,24.0,50.91,pro,13,22,10,0,0,0,7.0,371,0.9776889784227556,0.9738636385535467,-0.0038253398692088547,1,1,sure_thing,0.0357,0,1,731,1,0
KESTREL-001266,16.7,20.41,basic,13,15,7,0,1,1,,216,0.9500717341564442,0.9615803283175772,0.011508594161133034,1,1,sure_thing,0.9052,1,1,508,1,1
KESTREL-001267,12.8,13.85,basic,5,15,5,1,0,0,,91,0.8970460572244604,0.9017042400268604,0.004658182802400046,1,1,lost_cause,0.413,1,1,390,1,1
KESTREL-001268,36.0,34.67,pro,8,40,2,1,0,0,7.0,344,0.9294798074552985,0.8939777852696298,-0.03550202218566867,1,1,sure_thing,0.864,1,1,1096,1,0
KESTREL-001269,9.4,17.07,basic,5,73,7,0,0,1,,93,0.8185203863410074,0.6793417012479086,-0.13917868509309883,0,0,sleeping_dog,0.7475,1,0,286,1,1
KESTREL-001270,33.9,39.38,pro,6,10,2,1,1,1,,156,0.8745992142320662,0.99,0.11540078576793378,0,1,persuadable,0.568,1,1,1032,1,1
KESTREL-001271,36.0,79.88,pro,24,2,15,2,0,0,,835,0.99,0.99,0.0,1,1,sure_thing,0.3258,0,1,1096,1,0
KESTREL-001272,36.0,49.82,pro,3,22,7,0,0,0,6.0,289,0.9638289695686576,0.9542294696179727,-0.009599499950684875,1,1,sure_thing,0.4068,1,1,1096,1,1
KESTREL-001273,22.1,9.6,basic,43,0,15,0,0,0,,578,0.99,0.99,0.0,1,1,sure_thing,0.0938,0,1,673,1,0
KESTREL-001274,12.1,18.52,basic,1,149,2,0,0,0,,53,0.7821357302754798,0.5025337122695686,-0.2796020180059112,1,1,sleeping_dog,0.073,0,1,368,1,0
KESTREL-001275,10.6,38.58,pro,4,7,2,1,1,1,,93,0.7665252494996397,0.916614623419156,0.15008937391951627,1,1,persuadable,0.8602,1,1,323,0,0
KESTREL-001276,21.8,35.13,basic,4,195,0,3,0,0,7.0,90,0.4121107086362694,0.34577825430652664,-0.06633245432974277,1,1,sleeping_dog,0.9985,1,1,664,1,1
KESTREL-001277,3.2,132.87,enterprise,9,68,2,1,1,0,9.0,41,0.7972636189675649,0.99,0.19273638103243507,1,1,persuadable,0.7678,1,1,97,1,0
KESTREL-001278,36.0,44.1,pro,11,3,3,1,2,0,8.0,293,0.8446066646401184,0.99,0.14539333535988164,1,1,persuadable,0.8528,1,1,1096,1,0
KESTREL-001279,36.0,20.91,basic,5,27,2,0,0,0,5.0,272,0.9505664721771239,0.8825865881747365,-0.06797988400238741,1,1,sleeping_dog,0.6645,1,1,1096,1,1
KESTREL-001280,31.0,11.96,basic,7,16,1,1,0,0,4.0,233,0.9230414094674181,0.9010531123030885,-0.021988297164329595,1,1,sure_thing,0.5652,1,1,944,1,1
KESTREL-001281,36.0,61.1,pro,20,38,1,0,1,0,9.0,620,0.9614091629978018,0.9434906672578526,-0.017918495739949192,1,1,sure_thing,0.5025,1,1,1096,1,1
KESTREL-001282,29.5,57.22,pro,16,90,13,0,1,1,,360,0.9679942981887768,0.9806476767907748,0.012653378601998,0,1,sure_thing,0.523,1,1,898,1,1
KESTREL-001283,9.6,20.82,basic,26,8,11,0,0,0,,212,0.978499704280379,0.9757128220715475,-0.002786882208831498,1,1,sure_thing,0.5675,1,1,292,1,0
KESTREL-001284,16.4,25.48,basic,14,17,5,2,0,0,,131,0.8678557170609384,0.9077665676642755,0.0399108506033371,1,1,lost_cause,0.8988,1,1,499,1,1
KESTREL-001285,15.1,24.83,basic,8,15,6,0,0,0,,91,0.9559499517172991,0.9408754240799015,-0.015074527637397583,1,1,sure_thing,0.0722,0,1,460,1,0
KESTREL-001286,16.9,27.05,pro,15,10,6,0,0,0,7.0,212,0.9627255610537401,0.949031127348401,-0.01369443370533907,1,1,sure_thing,0.1088,0,1,514,1,0
KESTREL-001287,9.4,12.3,basic,7,7,4,0,1,0,,74,0.836086409005695,0.8589230105765637,0.022836601570868753,1,1,lost_cause,0.529,1,1,286,1,1
KESTREL-001288,19.2,62.85,pro,3,18,2,0,0,0,,105,0.9459298571046637,0.8990695893230607,-0.046860267781603016,1,1,sure_thing,0.5448,1,1,584,0,1
KESTREL-001289,9.2,42.39,pro,6,7,2,1,1,0,,76,0.8263979411386847,0.9805984793595206,0.1542005382208359,1,1,persuadable,0.7468,1,1,280,1,0
KESTREL-001290,10.3,53.45,pro,15,0,8,0,0,1,9.0,116,0.9735777781594963,0.9599763629257951,-0.013601415233701175,1,1,sure_thing,0.6995,1,1,314,1,0
KESTREL-001291,11.7,17.33,basic,34,2,16,0,0,0,9.0,355,0.99,0.99,0.0,1,1,sure_thing,0.6238,1,1,356,1,1
KESTREL-001292,6.2,13.55,basic,12,65,2,0,0,0,,37,0.9218999890268054,0.7655930871346828,-0.1563069018921226,1,1,sleeping_dog,0.0222,0,1,189,1,0
KESTREL-001293,9.5,62.38,pro,15,21,7,0,0,0,,130,0.9651528901215422,0.9522315808070828,-0.01292130931445934,1,1,sure_thing,0.1072,0,1,289,1,0
KESTREL-001294,12.4,72.61,pro,5,68,4,0,1,0,6.0,117,0.8001285844240806,0.8402983451491285,0.040169760725047854,1,1,lost_cause,0.547,1,1,377,1,1
KESTREL-001295,18.9,18.25,basic,16,44,1,0,0,0,,197,0.9471454823958192,0.8206931902588559,-0.1264522921369633,1,1,sleeping_dog,0.7365,1,1,575,1,1
KESTREL-001296,14.5,17.3,basic,0,99,3,0,0,1,4.0,67,0.8133214683259994,0.5559332519603091,-0.2573882163656903,1,0,sleeping_dog,0.6318,1,0,441,1,0
KESTREL-001297,30.7,131.37,enterprise,15,12,8,1,0,0,,362,0.9878192054203683,0.99,0.0021807945796317174,1,1,sure_thing,0.4242,1,1,935,1,0
KESTREL-001298,6.3,66.78,pro,10,5,5,1,0,0,,81,0.9235882758589956,0.9443646933273558,0.02077641746836023,0,0,sure_thing,0.346,1,0,192,1,1
KESTREL-001299,15.1,42.56,pro,1,220,0,0,1,0,,31,0.6146632249211647,0.39255577155650734,-0.22210745336465731,1,1,sleeping_dog,0.9552,1,1,460,1,0
KESTREL-001300,3.0,58.16,pro,7,64,5,3,0,1,6.0,27,0.6407536440777579,0.8364422978990476,0.19568865382128964,1,1,persuadable,0.7938,1,1,91,1,1
KESTREL-001301,23.6,24.77,basic,3,232,1,0,0,0,3.0,65,0.8184723109365076,0.5239455485239228,-0.2945267624125848,1,0,sleeping_dog,0.3802,1,0,718,1,0
KESTREL-001302,29.2,176.41,enterprise,1,18,3,2,0,1,,211,0.9471929468985919,0.99,0.04280705310140809,1,1,sure_thing,0.2,0,1,889,0,0
KESTREL-001303,21.7,38.69,pro,3,12,4,0,0,0,3.0,135,0.9416035668418901,0.9190941501215105,-0.022509416720379538,1,1,sure_thing,0.6802,1,1,661,1,1
KESTREL-001304,36.0,40.38,pro,4,23,5,0,1,0,,363,0.9161281500455908,0.9665153538438039,0.050387203798213154,1,1,persuadable,0.674,1,1,1096,0,1
KESTREL-001305,11.9,59.38,pro,3,9,5,1,0,0,6.0,47,0.9090914408201178,0.9416691074767078,0.03257766665659001,1,1,lost_cause,0.6607,1,1,362,1,1
KESTREL-001306,28.0,16.55,basic,18,2,4,0,0,0,,470,0.9746426002933397,0.9547456649440813,-0.019896935349258404,1,1,sure_thing,0.5202,1,1,852,1,1
KESTREL-001307,11.4,21.94,basic,9,8,2,2,0,0,7.0,85,0.8559274304819456,0.905844060188336,0.049916629706390325,0,1,lost_cause,0.5465,1,1,347,1,1
KESTREL-001308,17.4,13.22,basic,9,22,1,1,1,1,,97,0.8382011371419669,0.9045296171442259,0.066328480002259,1,1,persuadable,0.665,1,1,530,1,0
KESTREL-001309,14.6,15.95,basic,14,6,9,0,0,0,8.0,225,0.9687569115744392,0.9645821909405649,-0.0041747206338743625,1,1,sure_thing,0.1478,0,1,444,1,0
KESTREL-001310,12.0,62.72,pro,7,18,6,0,0,0,7.0,138,0.9482517269542414,0.9353455649485541,-0.012906162005687283,1,1,sure_thing,0.1115,0,1,365,1,0
KESTREL-001311,16.2,64.98,pro,1,182,3,3,0,0,4.0,48,0.6367665243865862,0.6532268815066726,0.016460357120086422,1,1,lost_cause,0.9675,1,1,493,1,0
KESTREL-001312,35.5,21.58,basic,10,20,6,0,1,0,,399,0.9617227545763417,0.984078827795499,0.022356073219157335,1,1,sure_thing,0.1755,0,1,1081,1,0
KESTREL-001313,36.0,40.87,pro,4,118,4,1,0,0,,294,0.8680666536846544,0.7095144415382435,-0.1585522121464109,1,1,sleeping_dog,0.2775,0,1,1096,1,0
KESTREL-001314,12.3,88.72,pro,5,10,2,0,0,0,,76,0.9508477661224444,0.9191056241303719,-0.03174214199207248,1,1,sure_thing,0.026,0,1,374,1,0
KESTREL-001315,1.0,13.5,basic,5,34,4,2,0,1,,4,0.7706881444052406,0.8052290695379336,0.03454092513269302,0,1,lost_cause,0.6272,1,1,30,1,1
KESTREL-001316,16.2,25.39,basic,8,31,8,0,0,0,6.0,145,0.9484834864620479,0.9343815747396065,-0.014101911722441463,1,1,sure_thing,0.8255,1,1,493,1,1
KESTREL-001317,13.7,101.32,enterprise,18,1,9,1,1,0,,283,0.9352913465626369,0.99,0.054708653437363086,1,1,persuadable,0.7718,1,1,417,1,1
KESTREL-001318,18.1,55.35,pro,3,354,2,4,0,0,9.0,78,0.28037940104146525,0.2671016834516213,-0.013277717589843974,1,1,lost_cause,0.9945,1,1,551,1,0
KESTREL-001319,12.2,30.32,basic,9,13,7,0,1,0,,196,0.9036901375257521,0.9360830633731754,0.03239292584742326,1,1,lost_cause,0.2658,0,1,371,1,0
KESTREL-001320,5.2,18.86,basic,44,0,17,0,0,0,,146,0.99,0.99,0.0,1,1,sure_thing,0.2778,0,1,158,1,0
KESTREL-001321,24.8,49.65,pro,4,15,2,1,1,0,,170,0.8191405596768531,0.99,0.17085944032314693,1,1,persuadable,0.792,1,1,755,1,1
KESTREL-001322,21.1,17.98,basic,14,0,8,0,0,0,9.0,391,0.9717373261058815,0.9670626431135775,-0.004674682992304002,1,1,sure_thing,0.731,1,1,642,1,1
KESTREL-001323,34.6,22.25,basic,6,34,4,2,1,0,5.0,175,0.8383879047401914,0.99,0.15161209525980857,1,1,persuadable,0.7568,1,1,1053,1,1
KESTREL-001324,16.5,17.6,basic,11,16,1,0,2,0,8.0,144,0.7916700030823876,0.9445712295700136,0.15290122648762605,0,0,persuadable,0.9318,1,0,502,1,1
KESTREL-001325,36.0,12.75,basic,13,41,6,1,2,0,,390,0.8684561714063819,0.99,0.12154382859361812,1,1,persuadable,0.1512,0,1,1096,1,0
KESTREL-001326,31.0,15.89,basic,7,2,3,0,1,0,,300,0.9104951402091931,0.9342877073033793,0.0237925670941862,1,1,lost_cause,0.7832,1,1,944,1,0
KESTREL-001327,3.0,42.66,pro,29,4,3,0,0,0,,48,0.979669339504662,0.9511051950397859,-0.028564144464876096,1,1,sure_thing,0.1695,0,1,91,1,0
KESTREL-001328,26.0,16.03,basic,17,1,7,0,0,0,,407,0.9830647993494979,0.9755620906239298,-0.007502708725568019,1,1,sure_thing,0.9348,1,1,791,1,1
KESTREL-001329,14.3,21.56,basic,9,109,5,0,0,1,,109,0.9273748458696454,0.6767968338284518,-0.25057801204119357,1,1,sleeping_dog,0.316,0,1,435,1,0
KESTREL-001330,18.3,15.0,basic,14,0,0,1,0,0,,181,0.8900783906410884,0.8697464679889165,-0.020331922652171874,1,1,lost_cause,0.7062,1,1,557,1,1
KESTREL-001331,34.7,78.3,pro,15,1,7,0,0,0,,394,0.9849663372366559,0.9812855955241754,-0.003680741712480562,1,1,sure_thing,0.163,0,1,1056,1,0
KESTREL-001332,28.6,50.47,pro,7,0,1,0,0,0,,303,0.9568791294409977,0.9186048069876993,-0.038274322453298426,1,1,sure_thing,0.2102,0,1,871,1,0
KESTREL-001333,27.3,16.43,basic,5,2,3,0,0,0,,186,0.9421588059566904,0.917897382433914,-0.024261423522776382,1,1,sure_thing,0.329,1,1,831,1,1
KESTREL-001334,17.2,50.32,pro,14,35,1,1,0,1,7.0,154,0.9354517031984256,0.8296036882523286,-0.10584801494609708,0,0,sleeping_dog,0.1772,0,0,524,1,0
KESTREL-001335,18.2,38.63,pro,33,0,18,0,0,0,,609,0.99,0.99,0.0,1,1,sure_thing,0.891,1,1,554,1,1
KESTREL-001336,8.3,34.95,pro,22,1,12,1,2,0,,157,0.9175097928816479,0.99,0.07249020711835208,1,1,persuadable,0.8788,1,1,253,1,1
KESTREL-001337,33.0,20.41,basic,5,38,5,0,0,0,,210,0.9593201506307089,0.915708087116981,-0.04361206351372782,1,1,sure_thing,0.167,0,1,1005,1,0
KESTREL-001338,8.9,27.32,basic,1,133,1,1,0,0,5.0,44,0.7944141668625793,0.5616463488905106,-0.2327678179720687,1,0,sleeping_dog,0.8008,1,0,271,1,0
KESTREL-001339,23.0,53.48,pro,9,7,9,1,1,0,,295,0.8897445710257282,0.99,0.10025542897427175,1,1,persuadable,0.6412,1,1,700,1,1
KESTREL-001340,36.0,16.5,basic,2,12,3,1,0,1,,161,0.9025161520746453,0.8787965317014332,-0.02371962037321207,0,0,lost_cause,0.505,1,0,1096,1,0
KESTREL-001341,24.9,13.65,basic,6,79,2,0,0,0,,197,0.9047197565957572,0.715694488690369,-0.1890252679053882,1,1,sleeping_dog,0.717,1,1,758,1,1
KESTREL-001342,25.9,41.06,pro,11,0,4,1,1,0,,227,0.9046137944658127,0.99,0.0853862055341873,1,1,persuadable,0.6575,1,1,788,1,0
KESTREL-001343,36.0,24.61,basic,4,14,9,1,0,0,,321,0.9393363176704557,0.9570234906454295,0.017687172974973797,1,1,sure_thing,0.242,0,1,1096,1,0
KESTREL-001344,36.0,30.18,basic,13,11,7,1,0,0,,520,0.9661022645877989,0.9722807271830367,0.006178462595237799,1,1,sure_thing,0.488,1,1,1096,1,1
KESTREL-001345,27.8,25.46,basic,8,4,3,1,0,0,5.0,187,0.9505954149479501,0.9523263581029887,0.0017309431550386334,1,1,sure_thing,0.437,1,1,846,1,1
KESTREL-001346,15.3,23.08,basic,6,35,1,1,1,0,8.0,108,0.7992237228190181,0.9105643414706517,0.11134061865163358,1,1,persuadable,0.5582,1,1,466,1,1
KESTREL-001347,7.9,66.32,pro,1,40,3,0,0,1,,36,0.8861953579340807,0.7498254697365819,-0.13636988819749873,1,0,sleeping_dog,0.9122,1,0,240,1,0
KESTREL-001348,16.6,17.13,basic,50,0,20,0,0,1,,590,0.99,0.99,0.0,1,1,sure_thing,0.045,0,1,505,1,0
KESTREL-001349,36.0,51.99,pro,40,2,21,0,0,1,,1049,0.99,0.99,0.0,1,1,sure_thing,0.0173,0,1,1096,1,0
KESTREL-001350,28.9,37.89,pro,1,99,1,1,1,0,,126,0.6585948226352157,0.7255244274409032,0.06692960480568744,1,1,persuadable,0.9378,1,1,880,1,0
KESTREL-001351,12.7,14.12,basic,2,35,1,0,0,0,5.0,83,0.8473442665879357,0.744951160387015,-0.10239310620092068,0,0,sleeping_dog,0.4008,1,0,387,1,1
KESTREL-001352,16.3,11.52,basic,17,12,5,1,0,0,,192,0.9343210795381602,0.9299906921049111,-0.004330387433249094,1,1,sure_thing,0.3572,0,1,496,1,0
KESTREL-001353,36.0,12.44,basic,10,13,3,0,0,0,,418,0.9754657916133644,0.9392154289829088,-0.03625036263045567,1,1,sure_thing,0.815,1,1,1096,1,1
KESTREL-001354,24.8,20.27,basic,4,363,0,0,0,0,,94,0.6860284824613226,0.3900244184440084,-0.2960040640173142,1,1,sleeping_dog,0.941,1,1,755,1,0
KESTREL-001355,31.0,14.33,basic,2,24,1,0,2,0,,121,0.7225568267331507,0.9196238702631055,0.19706704352995486,1,1,persuadable,0.9668,1,1,944,1,1
KESTREL-001356,13.3,26.77,basic,4,15,3,2,1,0,7.0,40,0.6016526507260324,0.8500730555285799,0.24842040480254757,1,1,persuadable,0.9282,1,1,405,1,0
KESTREL-001357,3.7,12.39,basic,3,79,1,0,0,0,,20,0.7697315584626043,0.5619906551552624,-0.20774090330734196,1,1,sleeping_dog,0.8658,1,1,113,1,1
KESTREL-001358,3.8,126.86,enterprise,7,119,7,0,2,1,,28,0.8081008662725456,0.99,0.18189913372745437,0,1,persuadable,0.4758,1,1,116,1,1
KESTREL-001359,15.3,24.87,basic,5,15,2,0,0,0,,89,0.9278146223025276,0.8796641231729684,-0.048150499129559265,1,1,sure_thing,0.8342,1,1,466,1,1
KESTREL-001360,14.1,10.79,basic,3,126,5,1,0,0,4.0,85,0.7906591923074453,0.6234186910096954,-0.16724050129774992,1,1,sleeping_dog,0.8298,1,1,429,1,0
KESTREL-001361,17.8,47.17,pro,8,139,4,1,0,0,,84,0.8792573801846378,0.6722376277092212,-0.2070197524754166,1,0,sleeping_dog,0.9125,1,0,542,1,0
KESTREL-001362,6.0,17.25,basic,9,13,9,1,0,0,6.0,70,0.961630317384625,0.9708895252717349,0.009259207887109877,1,1,sure_thing,0.498,1,1,183,1,1
KESTREL-001363,3.6,44.07,pro,12,12,3,3,0,0,,41,0.8160079931587955,0.99,0.17399200684120453,1,1,persuadable,0.7183,1,1,110,1,1
KESTREL-001364,10.2,14.14,basic,2,14,4,1,0,0,,69,0.8782649123067433,0.8838718982472542,0.0056069859405109,1,1,lost_cause,0.5883,1,1,310,1,0
KESTREL-001365,36.0,18.51,basic,8,61,2,1,0,0,,259,0.9232498929987112,0.844724716541225,-0.07852517645748613,1,1,sleeping_dog,0.4822,1,1,1096,1,0
KESTREL-001366,25.3,11.23,basic,3,69,2,1,1,0,8.0,197,0.7326053942548598,0.8210622440507007,0.0884568497958409,1,1,persuadable,0.9065,1,1,770,1,0
KESTREL-001367,20.2,23.88,basic,6,15,2,0,1,0,,137,0.8747640375441841,0.8971891210936229,0.02242508354943884,1,1,lost_cause,0.18,0,1,615,1,0
KESTREL-001368,23.0,24.8,basic,16,4,6,0,0,0,,216,0.9631835098457442,0.9519734552190467,-0.011210054626697441,1,1,sure_thing,0.5812,1,1,700,1,1
KESTREL-001369,29.9,22.7,basic,5,23,3,1,1,0,,221,0.846382019064746,0.9759861550342238,0.12960413596947784,1,1,persuadable,0.2848,0,1,910,1,0
KESTREL-001370,7.8,18.79,basic,4,62,5,3,2,0,,46,0.33940970195190057,0.6373040224715112,0.2978943205196106,0,1,persuadable,0.9835,1,1,237,1,1
KESTREL-001371,9.3,15.49,basic,2,81,4,1,2,0,,73,0.5698380379488256,0.8339639248000376,0.26412588685121197,1,1,persuadable,0.796,1,1,283,1,1
KESTREL-001372,28.1,24.74,basic,2,17,4,1,0,0,,136,0.8979433750682042,0.9063980791866685,0.008454704118464273,1,1,lost_cause,0.4178,1,1,855,1,1
KESTREL-001373,13.6,21.38,basic,19,3,5,0,0,0,,201,0.9621566622294329,0.9468664740228311,-0.015290188206601774,1,1,sure_thing,0.0405,0,1,414,1,0
KESTREL-001374,15.1,18.87,basic,11,21,9,1,0,0,,243,0.9350880634723542,0.9418529703556536,0.0067649068832994486,1,1,sure_thing,0.086,0,1,460,1,0
KESTREL-001375,18.3,24.51,basic,3,67,2,2,0,1,5.0,87,0.7850284314709544,0.7535853861010058,-0.031443045369948575,0,0,lost_cause,0.6905,1,0,557,1,1
KESTREL-001376,36.0,33.47,pro,19,0,11,1,0,0,,561,0.9825278862707134,0.9892145199366218,0.006686633665908381,1,1,sure_thing,0.6725,1,1,1096,1,1
KESTREL-001377,10.8,36.66,pro,5,72,2,2,0,0,,50,0.7787364341053785,0.805137144624594,0.026400710519215442,1,1,lost_cause,0.8002,1,1,329,1,0
KESTREL-001378,36.0,167.68,enterprise,16,4,6,0,0,1,,494,0.99,0.9870719578304928,-0.00292804216950715,1,1,sure_thing,0.4338,1,1,1096,1,1
KESTREL-001379,1.3,38.27,pro,13,30,4,1,0,1,10.0,17,0.9094279468812642,0.8653329508282936,-0.044094996052970514,1,1,lost_cause,0.334,0,1,40,1,0
KESTREL-001380,10.9,150.34,enterprise,9,2,8,0,0,0,,76,0.9672986562096066,0.99,0.022701343790393347,1,1,sure_thing,0.9795,1,1,332,1,1
KESTREL-001381,8.7,61.65,pro,8,195,1,2,0,1,9.0,68,0.7687536238189545,0.5846917970800094,-0.1840618267389451,1,0,sleeping_dog,0.6762,1,0,265,1,0
KESTREL-001382,33.5,117.32,enterprise,8,18,6,1,0,1,,360,0.96270379273249,0.99,0.02729620726751003,1,1,sure_thing,0.6892,1,1,1020,1,1
KESTREL-001383,36.0,53.94,pro,0,96,2,1,0,1,,138,0.8361854957521478,0.6446233363463085,-0.19156215940583932,1,1,sleeping_dog,0.1752,0,1,1096,1,0
KESTREL-001384,21.7,17.67,basic,10,13,6,0,0,0,6.0,220,0.9623045856463042,0.9475214724083197,-0.014783113237984424,1,1,sure_thing,0.276,0,1,661,1,0
KESTREL-001385,36.0,63.72,pro,2,123,2,0,0,0,,150,0.904344878579932,0.6495222416032668,-0.2548226369766652,1,1,sleeping_dog,0.2812,0,1,1096,1,0
KESTREL-001386,6.0,44.89,pro,8,57,5,0,1,1,,56,0.8525493555249617,0.8354257323868115,-0.01712362313815019,1,1,lost_cause,0.9345,0,1,183,1,0
KESTREL-001387,36.0,21.19,basic,5,84,6,1,0,0,9.0,309,0.9521905097998397,0.9022743462630782,-0.049916163536761426,1,1,sure_thing,0.0818,0,1,1096,1,0
KESTREL-001388,36.0,13.83,basic,6,1,3,1,1,0,,272,0.9086014872993666,0.99,0.08139851270063336,1,1,persuadable,0.3375,0,1,1096,1,0
KESTREL-001389,4.9,26.66,basic,9,50,9,0,0,0,,70,0.9282860373848273,0.9075881121145227,-0.020697925270304562,0,0,sure_thing,0.5158,1,0,149,1,1
KESTREL-001390,11.3,23.45,basic,3,11,2,0,1,1,,50,0.8219087813485645,0.8318051272179644,0.009896345869399914,1,1,lost_cause,0.4842,1,1,344,1,1
KESTREL-001391,6.8,164.58,enterprise,28,1,13,1,1,0,10.0,167,0.9824170920486563,0.99,0.007582907951343643,1,1,sure_thing,0.0805,0,1,207,1,0
KESTREL-001392,27.7,26.09,basic,2,160,3,0,0,0,,124,0.8687259786853153,0.5884379239441194,-0.2802880547411959,1,1,sleeping_dog,0.3518,1,1,843,0,1
KESTREL-001393,10.3,22.2,basic,10,5,4,0,1,0,5.0,105,0.9058553548577016,0.9279189141348683,0.022063559277166633,1,1,lost_cause,0.2672,0,1,314,1,0
KESTREL-001394,8.5,58.01,pro,5,46,4,1,1,0,7.0,65,0.8172781025502949,0.99,0.17272189744970512,0,1,persuadable,0.5985,1,1,259,1,1
KESTREL-001395,32.7,18.58,basic,19,71,3,0,0,0,,410,0.9785826485651358,0.8286877033851887,-0.14989494517994706,1,1,sleeping_dog,0.0642,0,1,995,1,0
KESTREL-001396,10.7,21.8,basic,12,15,3,0,0,0,8.0,132,0.9353227920345163,0.8968339677718522,-0.03848882426266409,1,0,sure_thing,0.1565,0,1,326,0,0
KESTREL-001397,19.0,17.06,basic,24,1,11,0,1,0,9.0,348,0.9748915142834299,0.9833298280030647,0.008438313719634771,1,1,sure_thing,0.1672,0,1,578,1,0
KESTREL-001398,12.7,41.98,pro,2,26,1,2,0,0,,79,0.7316912586151968,0.8263413482189788,0.09465008960378196,0,1,persuadable,0.9648,1,1,387,1,0
KESTREL-001399,11.0,40.95,pro,11,0,4,0,0,0,7.0,149,0.9423344472344986,0.9259105723298061,-0.016423874904692437,1,1,sure_thing,0.3238,0,1,335,1,0
KESTREL-001400,18.3,17.6,basic,4,123,2,0,0,1,7.0,107,0.8464356276271923,0.5638857319163637,-0.28254989571082856,1,1,sleeping_dog,0.9422,1,1,557,1,0
KESTREL-001401,12.4,24.55,basic,2,365,0,0,1,0,,16,0.35817061531462285,0.11155495942177482,-0.24661565589284803,0,0,sleeping_dog,0.9975,1,0,377,1,1
KESTREL-001402,7.2,19.65,basic,4,59,6,0,0,0,8.0,45,0.9069595567343632,0.8451324087583023,-0.061827147976060925,1,1,sleeping_dog,0.6472,1,1,219,1,0
KESTREL-001403,36.0,18.74,basic,19,0,9,0,0,0,,680,0.9890087410247828,0.9853908292891707,-0.0036179117356121004,1,1,sure_thing,0.4812,1,1,1096,1,1
KESTREL-001404,26.2,145.48,enterprise,6,7,5,1,0,0,,225,0.9776122370100214,0.99,0.012387762989978568,1,1,sure_thing,0.01,0,1,798,1,0
KESTREL-001405,8.4,17.26,basic,4,8,3,1,0,0,7.0,43,0.8625080927387052,0.8649246721310488,0.002416579392343632,1,1,lost_cause,0.3202,0,1,256,1,0
KESTREL-001406,35.5,53.49,pro,15,12,6,0,0,0,,548,0.9844339029211358,0.970999195045604,-0.013434707875531804,1,1,sure_thing,0.7378,1,1,1081,1,1
KESTREL-001407,21.7,130.89,enterprise,9,0,7,3,0,0,7.0,182,0.9176292472009479,0.99,0.07237075279905214,1,1,persuadable,0.541,1,1,661,1,1
KESTREL-001408,13.6,46.33,pro,9,38,12,2,1,1,8.0,193,0.8732973197025272,0.99,0.11670268029747277,1,1,persuadable,0.435,1,1,414,1,1
KESTREL-001409,29.2,23.44,basic,8,59,2,0,0,0,,141,0.9360528104296554,0.7959711984879787,-0.14008161194167668,1,1,sleeping_dog,0.6222,1,1,889,1,1
KESTREL-001410,36.0,52.12,pro,6,3,3,0,1,0,4.0,168,0.940182349872674,0.99,0.049817650127325974,1,1,sure_thing,0.6045,1,1,1096,1,1
KESTREL-001411,12.1,19.16,basic,3,12,0,2,0,0,5.0,56,0.7734453315316343,0.8365192415051762,0.0630739099735419,1,1,persuadable,0.5788,1,1,368,0,1
KESTREL-001412,35.3,13.51,basic,8,40,2,0,1,0,,364,0.8636515061472373,0.8547674953881548,-0.008884010759082517,1,1,lost_cause,0.0812,0,1,1075,1,0
KESTREL-001413,25.2,18.69,basic,7,8,5,1,0,0,,238,0.9435247167911642,0.9495221243005229,0.005997407509358621,1,1,sure_thing,0.7265,1,1,767,1,1
KESTREL-001414,10.5,18.62,basic,17,12,11,0,0,0,7.0,181,0.9776851595917703,0.9750827344658647,-0.002602425125905583,1,1,sure_thing,0.5522,1,1,320,1,1
KESTREL-001415,24.3,54.12,pro,15,5,9,0,0,0,,368,0.9830098348175745,0.9805788757189791,-0.0024309590985954754,1,1,sure_thing,0.4978,1,1,740,1,1
KESTREL-001416,29.4,62.21,pro,10,44,5,0,2,0,,287,0.8784966141138605,0.99,0.1115033858861395,1,1,persuadable,0.3995,1,1,895,0,1
KESTREL-001417,13.4,12.99,basic,28,2,16,0,1,0,,319,0.9820148566330821,0.9880885742708594,0.0060737176377773094,1,1,sure_thing,0.022,0,1,408,1,0
KESTREL-001418,31.1,20.51,basic,1,111,1,1,0,0,,190,0.8540067348708732,0.65051907892006,-0.2034876559508132,1,1,sleeping_dog,0.5165,0,1,947,1,0
KESTREL-001419,17.7,18.61,basic,10,33,1,0,0,0,8.0,137,0.9451017055354982,0.8454916197176775,-0.09961008581782071,1,1,sleeping_dog,0.9408,1,1,539,1,1
KESTREL-001420,25.9,33.52,basic,14,9,7,0,0,0,,372,0.9750713313344709,0.9660052275625685,-0.009066103771902423,1,1,sure_thing,0.4365,1,1,788,1,1
KESTREL-001421,8.3,74.88,pro,15,62,2,0,1,0,7.0,85,0.9140457543898611,0.8953186840332849,-0.01872707035657628,1,1,lost_cause,0.876,1,1,253,1,1
KESTREL-001422,27.3,25.33,pro,18,0,5,0,0,1,10.0,458,0.9849343273151339,0.9487613593335712,-0.036172967981562665,1,1,sure_thing,0.0995,0,1,831,1,0
KESTREL-001423,36.0,53.24,pro,3,126,4,0,1,0,5.0,191,0.8420872198795486,0.7441397439647981,-0.0979474759147505,1,1,sleeping_dog,0.839,1,1,1096,1,1
KESTREL-001424,19.9,36.95,pro,80,0,30,0,0,1,,943,0.99,0.99,0.0,1,1,sure_thing,0.0718,0,1,606,1,0
KESTREL-001425,9.9,71.26,pro,19,2,11,0,0,1,,169,0.9784810908321799,0.9740962154779942,-0.004384875354185747,1,1,sure_thing,0.2802,0,1,301,0,0
KESTREL-001426,8.6,46.07,pro,3,10,1,0,1,0,,31,0.8476283236396991,0.8975906247309237,0.04996230109122457,1,1,lost_cause,0.6078,1,1,262,1,0
KESTREL-001427,22.2,51.82,pro,1,80,3,2,1,0,,113,0.6220990578359731,0.8728903300406885,0.2507912722047154,1,1,persuadable,0.9025,1,1,676,1,1
KESTREL-001428,6.7,57.5,pro,2,18,1,0,1,0,,27,0.8113274021095405,0.8733272358424207,0.061999833732880205,0,0,persuadable,0.7985,1,0,204,1,1
KESTREL-001429,14.0,247.07,enterprise,1,41,3,1,0,0,7.0,62,0.9234396671599038,0.99,0.06656033284009621,1,1,persuadable,0.6572,1,1,426,1,0
KESTREL-001430,31.2,20.2,basic,26,4,6,1,0,0,,600,0.9810852137877647,0.9785857780547673,-0.0024994357329973793,1,1,sure_thing,0.1388,0,1,950,1,0
KESTREL-001431,22.4,22.75,basic,13,23,6,0,1,0,9.0,210,0.9311615514852107,0.9475830505998245,0.01642149911461377,1,1,sure_thing,0.2838,0,1,682,1,0
KESTREL-001432,36.0,16.0,basic,8,48,7,0,0,0,,307,0.9583419723421289,0.9230435328087241,-0.035298439533404835,1,1,sure_thing,0.6552,1,1,1096,1,1
KESTREL-001433,36.0,129.44,enterprise,4,6,9,2,1,0,,341,0.8854412557426071,0.99,0.10455874425739287,1,1,persuadable,0.3808,1,1,1096,1,1
KESTREL-001434,27.2,24.14,basic,4,142,4,0,1,1,,229,0.8332645714807567,0.6193035829831122,-0.21396098849764456,1,0,sleeping_dog,0.8078,1,0,828,1,1
KESTREL-001435,36.0,25.0,basic,7,9,2,2,0,0,8.0,326,0.9132420086250713,0.9741262868651773,0.060884278240106005,1,1,persuadable,0.4882,1,1,1096,1,1
KESTREL-001436,13.2,17.11,basic,13,4,4,0,0,0,7.0,143,0.9533248208730374,0.9326982827887227,-0.020626538084314694,1,1,sure_thing,0.5843,1,1,402,1,1
KESTREL-001437,34.7,32.61,basic,8,25,8,0,0,0,10.0,478,0.9753549010640918,0.9647229901984883,-0.010631910865603555,1,1,sure_thing,0.8275,1,1,1056,1,1
KESTREL-001438,3.6,57.43,pro,20,14,13,1,0,1,,60,0.9682980250930442,0.9769032542153316,0.00860522912228745,1,1,sure_thing,0.069,0,1,110,1,0
KESTREL-001439,27.6,19.0,basic,14,9,4,0,0,0,,424,0.9713782218254937,0.9469561586006249,-0.02442206322486884,1,1,sure_thing,0.6728,1,1,840,0,1
KESTREL-001440,3.9,116.27,enterprise,6,17,2,1,0,0,5.0,31,0.8588928553687167,0.9152177175135199,0.056324862144803145,1,1,persuadable,0.97,1,1,119,1,1
KESTREL-001441,17.7,70.6,enterprise,3,46,3,0,0,0,,81,0.8651075373593966,0.7846483578851752,-0.08045917947422143,1,1,sleeping_dog,0.6062,1,1,539,1,0
KESTREL-001442,12.3,17.39,basic,7,73,0,0,0,1,,59,0.9056159713154273,0.6454628194448813,-0.260153151870546,1,1,sleeping_dog,0.2362,0,1,374,1,0
KESTREL-001443,30.6,24.53,basic,35,2,13,0,0,0,10.0,820,0.99,0.99,0.0,1,1,sure_thing,0.762,1,1,931,1,0
KESTREL-001444,16.7,44.86,pro,2,124,2,1,1,1,,45,0.7704040089448994,0.7336669905891261,-0.036737018355773254,1,1,lost_cause,0.5545,1,1,508,1,0
KESTREL-001445,30.0,18.49,basic,22,4,10,0,0,0,,578,0.9874920057150409,0.9843236381359134,-0.003168367579127529,1,1,sure_thing,0.0162,0,1,913,1,0
KESTREL-001446,5.2,26.22,basic,6,60,4,1,0,0,,37,0.8966478691008306,0.8575318250010988,-0.039116044099731795,1,0,lost_cause,0.5355,1,0,158,1,1
KESTREL-001447,36.0,70.64,pro,4,62,5,1,0,1,,301,0.9116391406631799,0.8566975008683154,-0.05494163979486444,1,1,sleeping_dog,0.0808,0,1,1096,1,0
KESTREL-001448,10.2,35.73,pro,3,69,0,1,0,1,,33,0.8326910307027126,0.6384238433910399,-0.1942671873116727,1,1,sleeping_dog,0.7827,1,1,310,1,0
KESTREL-001449,4.5,17.7,basic,6,143,5,1,0,0,,30,0.7665368284593527,0.5608295510834758,-0.2057072773758769,1,1,sleeping_dog,0.8675,1,1,137,1,1
KESTREL-001450,27.8,17.57,basic,13,0,5,0,0,0,,432,0.974365918308046,0.961185618745669,-0.013180299562376985,1,1,sure_thing,0.4788,1,1,846,1,0
KESTREL-001451,17.5,17.24,basic,24,0,13,0,1,1,,370,0.983276593133175,0.99,0.0067234068668250435,1,1,sure_thing,0.024,0,1,533,1,0
KESTREL-001452,24.7,174.87,enterprise,3,73,2,1,0,0,,167,0.9247155754142862,0.9881418085117065,0.06342623309742035,1,1,persuadable,0.2568,0,1,752,1,0
KESTREL-001453,34.5,100.06,enterprise,4,22,0,0,0,0,6.0,235,0.9615943495051157,0.8825421473535597,-0.07905220215155595,1,1,sleeping_dog,0.2055,0,1,1050,1,0
KESTREL-001454,13.4,37.16,pro,6,22,5,0,0,0,8.0,106,0.9200992692077299,0.8951333716751777,-0.024965897532552184,0,0,sure_thing,0.352,1,0,408,1,1
KESTREL-001455,9.2,14.32,basic,4,15,4,0,0,0,,43,0.9124855423448455,0.884672122835833,-0.027813419509012505,1,1,lost_cause,0.2385,0,1,280,1,0
KESTREL-001456,16.9,48.59,pro,29,1,12,0,0,0,10.0,433,0.9895337642104286,0.9884123142294469,-0.0011214499809817369,1,1,sure_thing,0.0418,0,1,514,1,0
KESTREL-001457,17.7,16.23,basic,7,4,4,0,0,0,7.0,145,0.9526402965989355,0.9330875241190787,-0.01955277247985676,1,1,sure_thing,0.7578,1,1,539,1,0
KESTREL-001458,19.1,23.62,basic,2,75,0,0,1,0,,43,0.737235827090772,0.6527940284194514,-0.08444179867132051,1,1,sleeping_dog,0.5035,1,1,581,1,1
KESTREL-001459,32.2,15.19,basic,4,23,8,1,0,0,,304,0.9399870836622702,0.9515228955541205,0.011535811891850267,1,1,sure_thing,0.3078,0,1,980,1,0
KESTREL-001460,20.4,17.91,basic,3,11,5,1,1,0,,129,0.7595024526750348,0.8991742660578854,0.13967181338285062,1,1,persuadable,0.9695,1,1,621,1,1
KESTREL-001461,14.1,15.84,basic,6,120,3,2,0,1,,68,0.7261043875099777,0.568134600752153,-0.1579697867578247,1,1,sleeping_dog,0.599,1,1,429,1,1
KESTREL-001462,5.9,48.89,pro,23,0,14,0,0,0,,138,0.9887668237411734,0.9891882444825799,0.00042142074140649743,1,1,sure_thing,0.2358,0,1,180,1,0
KESTREL-001463,4.1,131.56,enterprise,22,6,8,0,0,0,,69,0.972430084484968,0.9728704190025047,0.00044033451753666686,1,1,sure_thing,0.0338,0,1,125,1,0
KESTREL-001464,29.9,16.38,basic,0,179,2,1,0,1,,101,0.7175586845624089,0.4468912971324167,-0.2706673874299922,0,0,sleeping_dog,0.8172,1,0,910,1,0
KESTREL-001465,20.3,43.81,pro,2,48,2,0,0,0,4.0,75,0.9400417193773147,0.8311429587428089,-0.10889876063450588,1,1,sleeping_dog,0.5055,1,1,618,1,1
KESTREL-001466,18.8,67.2,pro,8,43,9,0,0,1,,237,0.9559324313254164,0.9162991882006544,-0.03963324312476202,1,1,sure_thing,0.098,0,1,572,1,0
KESTREL-001467,28.5,140.87,enterprise,3,167,0,1,1,0,4.0,71,0.8363493551503847,0.8418283418286888,0.005478986678304154,1,1,lost_cause,0.195,0,1,868,1,0
KESTREL-001468,32.0,27.07,basic,9,14,7,1,0,0,,330,0.9572881810274839,0.9662291885466565,0.008941007519172595,1,1,sure_thing,0.474,1,1,974,1,1
KESTREL-001469,36.0,72.26,pro,2,153,2,1,0,0,6.0,197,0.8712912335603075,0.6552148481236657,-0.21607638543664176,0,0,sleeping_dog,0.8208,1,0,1096,1,1
KESTREL-001470,31.5,45.53,pro,10,10,3,0,0,0,8.0,302,0.9651056878657821,0.9339961823686015,-0.031109505497180612,1,1,sure_thing,0.4028,1,1,959,1,1
KESTREL-001471,16.3,13.94,basic,2,365,0,1,0,0,,51,0.49800655939060245,0.21827539821360908,-0.27973116117699337,1,1,sleeping_dog,0.996,1,1,496,1,1
KESTREL-001472,5.5,53.83,pro,6,58,5,0,0,0,,29,0.9260057189561653,0.8523436450209727,-0.07366207393519264,1,1,sleeping_dog,0.3095,0,1,167,1,0
KESTREL-001473,31.3,68.87,pro,11,7,5,0,0,1,7.0,344,0.9577361726673054,0.9176085714492346,-0.040127601218070796,1,1,sure_thing,0.1612,0,1,953,1,0
KESTREL-001474,18.5,47.01,pro,11,8,4,0,1,0,6.0,286,0.9412605402308983,0.9752446071511767,0.03398406692027833,0,0,sure_thing,0.0925,0,0,563,1,0
KESTREL-001475,17.0,12.63,basic,8,20,6,1,0,1,,177,0.9200618416295568,0.9065553395447993,-0.013506502084757566,1,1,sure_thing,0.6282,1,1,517,1,1
KESTREL-001476,8.8,13.13,basic,24,1,14,2,0,0,,192,0.961912574208889,0.979459396840779,0.017546822631890002,1,1,sure_thing,0.2135,0,1,268,1,0
KESTREL-001477,36.0,30.64,pro,32,1,11,0,0,0,10.0,835,0.99,0.99,0.0,1,1,sure_thing,0.0622,0,1,1096,1,0
KESTREL-001478,1.0,15.6,basic,8,14,7,0,0,1,9.0,5,0.9126513977802175,0.8815438891269037,-0.031107508653313798,1,1,lost_cause,0.9222,1,1,30,1,1
KESTREL-001479,8.8,52.27,pro,6,14,3,1,0,0,,69,0.883260933362574,0.8938801439290319,0.01061921056645787,1,1,lost_cause,0.0853,0,1,268,1,0
KESTREL-001480,10.6,12.14,basic,17,1,5,2,1,0,10.0,146,0.8422040809955194,0.99,0.14779591900448064,1,1,persuadable,0.3665,1,1,323,1,1
KESTREL-001481,18.8,26.54,basic,3,17,2,0,0,0,5.0,67,0.9217916642782187,0.8715501227012994,-0.05024154157691929,1,1,sleeping_dog,0.6292,1,1,572,1,1
KESTREL-001482,7.5,15.46,basic,3,33,1,0,0,0,,50,0.8815602395886788,0.7834871873577689,-0.0980730522309099,1,1,sleeping_dog,0.5275,1,1,228,1,1
KESTREL-001483,8.8,54.45,pro,8,21,3,0,0,0,,73,0.9178044614484218,0.8752078842987555,-0.04259657714966625,1,1,lost_cause,0.627,1,1,268,1,1
KESTREL-001484,22.4,33.42,pro,4,20,4,1,0,0,7.0,226,0.9303603003511534,0.9374308593280255,0.007070558976872143,1,1,sure_thing,0.3628,1,1,682,1,1
KESTREL-001485,18.4,15.9,basic,4,9,2,0,1,0,,140,0.8437279966242762,0.869366340881207,0.02563834425693079,1,1,lost_cause,0.41,1,1,560,1,1
KESTREL-001486,36.0,24.57,basic,4,120,1,2,0,0,6.0,158,0.8060626157966079,0.6922699344249751,-0.11379268137163279,1,1,sleeping_dog,0.1098,0,1,1096,1,0
KESTREL-001487,21.5,25.54,basic,7,1,5,1,0,0,,164,0.9088603075048867,0.9187697813565109,0.009909473851624218,1,1,lost_cause,0.6922,1,1,654,1,1
KESTREL-001488,36.0,123.46,enterprise,10,9,10,0,0,0,,442,0.9873964634124419,0.99,0.002603536587558075,1,1,sure_thing,0.2245,0,1,1096,1,0
KESTREL-001489,25.9,152.62,enterprise,36,3,19,1,0,0,8.0,735,0.99,0.99,0.0,1,1,sure_thing,0.4888,1,1,788,1,1
KESTREL-001490,24.7,41.0,pro,4,42,3,2,0,0,6.0,147,0.8670272889458273,0.9502533888515421,0.08322609990571483,1,1,persuadable,0.9492,1,1,752,1,1
KESTREL-001491,21.9,17.38,basic,6,4,5,0,0,0,7.0,131,0.9464371691138704,0.9326036135717064,-0.013833555542164033,1,1,sure_thing,0.451,1,1,667,1,1
KESTREL-001492,36.0,24.52,basic,17,1,7,0,0,1,,426,0.9839848559552,0.9627354294809313,-0.02124942647426875,1,1,sure_thing,0.1662,0,1,1096,1,0
KESTREL-001493,22.2,173.23,enterprise,2,15,2,1,0,0,5.0,161,0.943888354477222,0.99,0.04611164552277802,1,1,sure_thing,0.5795,1,1,676,1,1
KESTREL-001494,36.0,16.34,basic,5,10,2,1,0,0,,258,0.9396518661665036,0.9339463573055784,-0.005705508860925246,1,1,sure_thing,0.7585,1,1,1096,1,1
KESTREL-001495,20.7,16.19,basic,6,54,3,0,1,0,,157,0.8827144501407754,0.8738571684630931,-0.008857281677682294,1,1,lost_cause,0.8122,1,1,630,1,0
KESTREL-001496,23.3,20.22,basic,6,9,4,0,0,1,7.0,134,0.9193560527931254,0.8608766055634836,-0.05847944722964182,1,1,sleeping_dog,0.8668,1,1,709,1,1
KESTREL-001497,4.8,22.28,basic,1,53,4,0,0,0,,26,0.9112532354885305,0.8286002495773919,-0.08265298591113868,0,0,sleeping_dog,0.869,1,0,146,1,1
KESTREL-001498,25.4,23.93,basic,9,92,4,2,0,0,,294,0.7912519726244492,0.7808460038629097,-0.010405968761539541,1,1,lost_cause,0.434,1,1,773,1,1
KESTREL-001499,32.0,61.5,pro,2,29,3,0,0,0,,176,0.9513327306510361,0.9016141514413418,-0.04971857920969425,1,1,sure_thing,0.0782,0,1,974,1,0
KESTREL-001500,7.4,50.82,pro,28,5,13,0,0,0,,174,0.9899192713310869,0.9892276767964269,-0.000691594534660056,1,1,sure_thing,0.0058,0,1,225,1,0
KESTREL-001501,36.0,15.54,basic,12,10,10,1,1,1,,496,0.9109129954279422,0.99,0.07908700457205775,0,1,persuadable,0.2928,0,0,1096,1,0
KESTREL-001502,25.8,15.79,basic,1,19,1,1,0,0,8.0,179,0.8904871802360608,0.8744721174838953,-0.016015062752165465,1,1,lost_cause,0.4638,1,1,785,1,1
KESTREL-001503,18.6,51.19,pro,2,6,7,0,0,0,,175,0.9403952012770002,0.9385082738196869,-0.0018869274573132255,1,1,sure_thing,0.2132,0,1,566,1,0
KESTREL-001504,36.0,120.68,enterprise,1,11,3,0,0,0,,137,0.9530510803119598,0.9496927224603512,-0.003358357851608651,1,1,sure_thing,0.4388,1,1,1096,1,1
KESTREL-001505,17.0,47.86,pro,4,99,5,1,1,1,,112,0.704250960732841,0.7804100128330721,0.0761590521002311,1,1,persuadable,0.8672,1,1,517,1,1
KESTREL-001506,10.5,44.71,pro,16,11,5,1,0,0,9.0,142,0.9390747742470618,0.9413591871268264,0.0022844128797646635,1,1,sure_thing,0.4855,1,1,320,1,1
KESTREL-001507,36.0,46.75,pro,3,2,2,1,0,0,,171,0.9217894699103524,0.9380239536982646,0.016234483787912257,1,1,sure_thing,0.442,1,1,1096,1,1
KESTREL-001508,1.4,22.05,basic,4,62,4,1,1,0,,8,0.6725957042044745,0.7940841942282353,0.12148849002376083,1,1,persuadable,0.803,1,1,43,1,1
KESTREL-001509,12.6,20.58,basic,8,2,5,0,0,0,,91,0.9434167977003403,0.9303271751270177,-0.013089622573322579,1,1,sure_thing,0.9038,1,1,384,1,1
KESTREL-001510,12.0,70.69,pro,21,9,8,0,0,0,10.0,142,0.9812206654762143,0.9753992351991196,-0.005821430277094697,1,1,sure_thing,0.094,0,1,365,1,0
KESTREL-001511,21.2,49.57,pro,1,9,5,0,0,0,,93,0.9409429948637339,0.9298741124214175,-0.011068882442316408,1,1,sure_thing,0.0835,0,1,645,1,0
KESTREL-001512,7.6,56.76,pro,35,0,18,0,0,1,,212,0.99,0.99,0.0,1,1,sure_thing,0.2013,0,1,231,1,0
KESTREL-001513,10.8,46.09,pro,9,1,2,0,2,0,,111,0.7805362861806285,0.9878679006520255,0.20733161447139692,1,1,persuadable,0.6738,1,1,329,1,1
KESTREL-001514,10.8,147.44,enterprise,11,40,4,1,0,0,,110,0.9596142163273141,0.99,0.03038578367268585,1,1,sure_thing,0.747,1,1,329,1,1
KESTREL-001515,4.4,22.05,basic,5,98,1,0,0,0,,20,0.8625762260786421,0.6209470271396315,-0.2416291989390107,1,0,sleeping_dog,0.817,1,0,134,1,1
KESTREL-001516,24.8,25.02,basic,10,26,3,1,0,0,7.0,193,0.9031779076152764,0.88862283887149,-0.014555068743786426,1,1,lost_cause,0.3222,0,1,755,1,0
KESTREL-001517,5.6,49.67,pro,2,38,2,1,0,0,,28,0.8072309225120223,0.7939636852881341,-0.013267237223888229,1,1,lost_cause,0.892,1,1,170,0,0
KESTREL-001518,27.9,21.74,basic,6,25,3,0,1,0,,213,0.9008186597983208,0.921146020827816,0.020327361029495283,1,1,lost_cause,0.8198,1,1,849,1,1
KESTREL-001519,19.4,17.77,basic,4,56,3,0,0,0,,90,0.9222967733161228,0.811840247501503,-0.11045652581461984,1,1,sleeping_dog,0.7305,1,1,591,1,0
KESTREL-001520,31.5,42.65,pro,18,3,7,0,0,0,,323,0.9836764657159935,0.9763047439898095,-0.007371721726184055,1,1,sure_thing,0.1488,0,1,959,1,0
KESTREL-001521,36.0,23.54,basic,6,8,6,0,0,0,6.0,347,0.9746102384493205,0.9636025244386831,-0.011007714010637382,1,1,sure_thing,0.6368,1,1,1096,1,0
KESTREL-001522,8.4,27.71,basic,7,57,5,2,0,1,,55,0.8404157620947067,0.864617730985136,0.02420196889042925,1,1,lost_cause,0.8285,1,1,256,1,0
KESTREL-001523,8.7,52.24,pro,7,12,7,0,0,0,7.0,126,0.94989695319521,0.9431849714463663,-0.006711981748843687,1,1,sure_thing,0.894,1,1,265,0,1
KESTREL-001524,12.2,16.96,basic,7,34,6,0,0,0,,106,0.9297584438028688,0.9000829756421944,-0.029675468160674345,1,1,sure_thing,0.363,1,1,371,1,1
KESTREL-001525,25.1,18.35,basic,5,107,3,1,0,0,,139,0.8808544250182883,0.7165387353627236,-0.16431568965556465,1,1,sleeping_dog,0.1145,0,1,764,1,0
KESTREL-001526,17.8,101.32,enterprise,16,27,4,1,0,1,,222,0.9622625821896253,0.9435321405089115,-0.018730441680713805,0,0,sure_thing,0.263,0,0,542,1,0
KESTREL-001527,36.0,54.14,pro,9,18,2,2,0,0,,315,0.9191870095385384,0.99,0.07081299046146161,1,1,persuadable,0.3502,0,1,1096,1,0
KESTREL-001528,19.2,59.83,pro,16,9,9,0,0,0,,252,0.9813166929202675,0.9782003858165715,-0.0031163071036959256,1,1,sure_thing,0.035,0,1,584,1,0
KESTREL-001529,19.1,27.86,basic,5,81,3,0,0,1,,87,0.8956031696873433,0.6617523040484675,-0.2338508656388758,1,1,sleeping_dog,0.262,0,1,581,1,0
KESTREL-001530,36.0,23.08,basic,16,11,8,0,1,0,9.0,558,0.9594348864234347,0.97580428774844,0.016369401325005306,1,1,sure_thing,0.6968,1,1,1096,1,1
KESTREL-001531,25.3,13.38,basic,13,5,7,0,0,0,,271,0.9718797589834997,0.9635634412368631,-0.008316317746636548,1,1,sure_thing,0.214,0,1,770,1,0
KESTREL-001532,12.3,34.3,pro,9,33,5,0,0,0,,90,0.9143569201213302,0.8768404823803518,-0.03751643774097835,1,1,lost_cause,0.5845,1,1,374,1,0
KESTREL-001533,23.6,18.86,basic,2,89,2,1,0,0,7.0,137,0.873345131665399,0.7360819972231601,-0.1372631344422388,1,1,sleeping_dog,0.766,1,1,718,1,1
KESTREL-001534,26.4,40.69,pro,7,7,3,0,0,0,,179,0.9533644488651621,0.9258677858156544,-0.027496663049507708,1,1,sure_thing,0.753,1,1,804,1,1
KESTREL-001535,19.2,22.56,basic,16,1,10,0,1,0,,422,0.9700974322160483,0.9879646931676486,0.017867260951600294,1,1,sure_thing,0.1142,0,1,584,1,0
KESTREL-001536,24.4,19.1,basic,8,26,6,0,2,0,8.0,246,0.8435786497027554,0.99,0.14642135029724457,1,1,persuadable,0.8995,1,1,743,1,1
KESTREL-001537,12.3,20.27,basic,7,6,5,0,0,1,,125,0.9318360624425884,0.8902754216670868,-0.04156064077550159,1,1,sure_thing,0.57,1,1,374,1,1
KESTREL-001538,16.5,19.17,basic,6,2,4,2,0,0,,123,0.8564353316321346,0.9212404374104671,0.06480510577833254,1,1,persuadable,0.9578,1,1,502,1,1
KESTREL-001539,9.1,40.81,pro,2,44,1,1,0,0,,34,0.8395952840698478,0.7963038682174021,-0.04329141585244578,1,1,lost_cause,0.9782,1,1,277,1,1
KESTREL-001540,36.0,99.95,enterprise,3,138,0,1,0,0,7.0,130,0.891869251867362,0.6976044741208771,-0.19426477774648487,1,0,sleeping_dog,0.862,1,0,1096,1,0
KESTREL-001541,27.8,82.71,pro,19,11,7,0,1,1,,405,0.9719016573085696,0.99,0.018098342691430402,1,1,sure_thing,0.5755,1,1,846,1,1
KESTREL-001542,21.4,43.97,pro,23,3,11,0,0,0,,438,0.9840747855297299,0.9825130430629362,-0.0015617424667937474,1,1,sure_thing,0.8452,1,1,651,1,0
KESTREL-001543,36.0,18.85,basic,3,3,4,1,0,0,,242,0.925988699355387,0.936188572441336,0.010199873085949052,1,1,sure_thing,0.3875,1,1,1096,1,0
KESTREL-001544,32.3,43.55,pro,10,17,5,1,0,0,,358,0.9600967990620933,0.9669896579326882,0.006892858870594876,1,1,sure_thing,0.0202,0,1,983,1,0
KESTREL-001545,36.0,44.47,pro,4,16,4,0,0,0,3.0,235,0.9519082048352535,0.9259522066076421,-0.02595599822761141,1,1,sure_thing,0.69,1,1,1096,1,1
KESTREL-001546,36.0,21.86,basic,19,18,8,0,1,1,,642,0.9753330209389768,0.980868130715571,0.005535109776594216,1,1,sure_thing,0.5785,1,1,1096,1,1
KESTREL-001547,36.0,181.85,enterprise,12,35,9,0,2,1,,346,0.9634081904992666,0.99,0.026591809500733365,1,1,sure_thing,0.1412,0,1,1096,1,0
KESTREL-001548,14.8,21.75,basic,9,9,4,1,0,1,,132,0.9250345871876103,0.9069588310204035,-0.018075756167206802,1,1,sure_thing,0.0528,0,1,451,1,0
KESTREL-001549,36.0,20.18,basic,3,23,4,1,0,0,,275,0.9198292498748069,0.9213551625355032,0.0015259126606963491,1,1,lost_cause,0.3132,0,1,1096,1,0
KESTREL-001550,35.7,62.68,pro,5,10,0,1,0,0,9.0,322,0.9394479419329743,0.939718316019069,0.0002703740860946491,1,1,sure_thing,0.6012,1,1,1087,1,1
KESTREL-001551,36.0,26.12,basic,16,33,8,0,0,0,5.0,483,0.9807566258523949,0.9640471064954392,-0.016709519356955638,0,0,sure_thing,0.24,0,0,1096,1,0
KESTREL-001552,15.7,126.0,enterprise,19,31,12,1,0,0,,280,0.9786150331494995,0.99,0.0113849668505005,1,1,sure_thing,0.5022,1,1,478,1,0
KESTREL-001553,19.3,19.09,basic,6,2,1,0,1,0,,201,0.889692138224928,0.9111397604822488,0.021447622257320775,0,1,lost_cause,0.8188,1,1,587,1,1
KESTREL-001554,17.7,56.29,pro,18,11,7,0,0,0,,317,0.974410773254576,0.9648989204459306,-0.009511852808645416,1,1,sure_thing,0.0865,0,1,539,1,0
KESTREL-001555,3.2,48.81,pro,5,64,1,0,0,0,,15,0.9004683656123755,0.7293991036444663,-0.17106926196790928,0,0,sleeping_dog,0.3123,1,0,97,1,1
KESTREL-001556,25.4,48.64,pro,0,26,1,2,0,1,2.0,78,0.881783821949804,0.9649595788673141,0.08317575691751011,1,1,persuadable,0.2235,0,1,773,1,0
KESTREL-001557,21.0,27.56,basic,7,12,4,0,0,0,,150,0.9375346436727161,0.9124876584906163,-0.0250469851820998,1,1,sure_thing,0.23,0,1,639,1,0
KESTREL-001558,36.0,13.28,basic,6,21,7,1,1,0,,293,0.9066647386946781,0.99,0.08333526130532187,1,1,persuadable,0.1075,0,1,1096,1,0
KESTREL-001559,9.1,50.5,pro,4,44,5,1,0,1,,63,0.8403192138851245,0.8076065806110105,-0.032712633274114,0,0,lost_cause,0.6392,1,0,277,1,1
KESTREL-001560,36.0,15.6,basic,6,15,9,0,0,1,,437,0.9722617340912917,0.9550370071120228,-0.01722472697926891,1,1,sure_thing,0.057,0,1,1096,1,0
KESTREL-001561,20.4,49.81,pro,4,18,8,1,0,0,,165,0.9365958127366859,0.9644926554389065,0.027896842702220592,1,1,sure_thing,0.0715,0,1,621,1,0
KESTREL-001562,6.4,21.63,basic,13,41,4,0,0,0,,65,0.9020508135581534,0.8388253456909959,-0.06322546786715755,1,1,sleeping_dog,0.9338,1,1,195,1,1
KESTREL-001563,30.8,59.58,pro,4,97,3,0,0,0,,186,0.9152192904710074,0.711605828417769,-0.20361346205323838,1,0,sleeping_dog,0.4908,1,0,938,1,0
KESTREL-001564,36.0,20.57,basic,4,61,5,0,0,1,,174,0.9522343482405341,0.7994064442939381,-0.15282790394659596,1,1,sleeping_dog,0.4998,1,1,1096,1,1
KESTREL-001565,36.0,24.16,basic,9,7,2,0,0,0,9.0,292,0.9690645383519838,0.930296512654507,-0.03876802569747684,1,1,sure_thing,0.113,0,1,1096,1,0
KESTREL-001566,25.9,18.62,basic,6,53,6,1,0,0,,196,0.9047966659420353,0.8926071201068618,-0.01218954583517351,1,1,lost_cause,0.0575,0,1,788,1,0
KESTREL-001567,18.9,27.22,basic,4,38,2,0,1,1,9.0,128,0.8376211385585253,0.8055186445584173,-0.032102494000108006,0,0,lost_cause,0.6678,1,0,575,1,1
KESTREL-001568,9.8,24.48,basic,14,7,4,0,0,0,,145,0.9501312845784394,0.9274570240412784,-0.02267426053716104,1,1,sure_thing,0.7332,1,1,298,1,0
KESTREL-001569,17.4,49.88,pro,10,1,2,1,0,0,,118,0.9509230039388259,0.9553177367517917,0.004394732812965763,1,1,sure_thing,0.9535,1,1,530,1,0
KESTREL-001570,36.0,21.3,basic,7,34,6,1,0,0,6.0,186,0.9402316231738769,0.9402921958743372,6.057270046033736e-05,1,1,sure_thing,0.5475,1,1,1096,1,1
KESTREL-001571,35.0,17.19,basic,14,13,13,0,1,1,,610,0.9745125846162245,0.99,0.015487415383775516,1,1,sure_thing,0.486,1,1,1065,1,1
KESTREL-001572,15.5,121.87,enterprise,2,113,1,1,1,0,,56,0.7340714141782066,0.8478958714420862,0.11382445726387957,1,1,persuadable,0.9448,1,1,472,1,0
KESTREL-001573,26.9,48.04,pro,6,285,1,1,0,0,,151,0.7554726898224561,0.48364740199208534,-0.27182528783037074,1,0,sleeping_dog,0.4972,1,0,819,1,0
KESTREL-001574,19.1,20.55,basic,13,23,10,0,0,0,8.0,219,0.9751462376726403,0.9695013759868564,-0.005644861685783931,1,1,sure_thing,0.819,1,1,581,1,1
KESTREL-001575,32.7,190.3,enterprise,0,45,1,1,0,0,,164,0.9267846876525321,0.99,0.06321531234746791,1,1,persuadable,0.3402,1,1,995,1,1
KESTREL-001576,5.1,19.15,basic,5,8,5,2,0,1,,19,0.8535051897517604,0.9160552045962795,0.06255001484451916,1,1,persuadable,0.9465,1,1,155,1,1
KESTREL-001577,35.7,39.83,pro,14,9,5,0,0,0,7.0,357,0.9674668965830856,0.9501615696733865,-0.017305326909699104,1,1,sure_thing,0.3942,1,1,1087,1,1
KESTREL-001578,28.5,27.94,basic,13,63,4,1,1,0,10.0,312,0.8831951287015806,0.9605104181785161,0.07731528947693556,1,1,persuadable,0.1405,0,1,868,1,0
KESTREL-001579,17.5,48.43,pro,5,186,2,0,0,0,,78,0.8571679475325508,0.5682009058455484,-0.2889670416870024,1,0,sleeping_dog,0.7738,1,0,533,1,1
KESTREL-001580,20.2,53.35,pro,10,46,4,1,0,1,4.0,164,0.9192616927255458,0.8552406931107593,-0.06402099961478647,1,1,sleeping_dog,0.173,0,1,615,1,0
KESTREL-001581,20.3,24.39,basic,7,32,4,0,1,0,,160,0.908091340077852,0.9285060163355686,0.020414676257716646,1,1,lost_cause,0.4225,1,1,618,1,1
KESTREL-001582,36.0,19.12,basic,5,14,2,2,0,0,6.0,237,0.8981627266041469,0.9597280985090499,0.06156537190490308,1,1,persuadable,0.1365,0,1,1096,1,0
KESTREL-001583,6.2,46.31,pro,3,6,3,1,1,1,,26,0.7877399230939125,0.9592571922925701,0.17151726919865762,1,1,persuadable,0.8695,1,1,189,1,1
KESTREL-001584,7.6,40.39,pro,9,35,2,0,0,0,,55,0.9129360633158755,0.8296428079064877,-0.08329325540938781,1,1,sleeping_dog,0.357,1,1,231,1,1
KESTREL-001585,36.0,45.8,pro,17,0,6,0,0,0,,521,0.9825744921733073,0.97356589518001,-0.009008596993297258,1,1,sure_thing,0.3083,0,1,1096,1,0
KESTREL-001586,36.0,19.4,basic,23,6,15,0,0,1,9.0,632,0.99,0.99,0.0,1,1,sure_thing,0.1998,0,1,1096,1,0
KESTREL-001587,15.4,25.86,basic,10,12,8,0,0,0,,162,0.9758103991911166,0.9691279643678827,-0.006682434823233829,1,1,sure_thing,0.646,1,1,469,1,1
KESTREL-001588,33.3,54.75,pro,3,38,3,0,1,1,7.0,259,0.8943949278582538,0.9092946916782784,0.014899763820024559,1,1,lost_cause,0.1417,0,1,1014,1,0
KESTREL-001589,13.3,16.92,basic,14,2,8,0,0,1,9.0,196,0.9770929040649871,0.9609208402870024,-0.016172063777984635,1,1,sure_thing,0.1885,0,1,405,1,0
KESTREL-001590,17.7,24.63,basic,2,310,4,1,0,1,,105,0.5868841804397807,0.31158709097636417,-0.2752970894634166,1,0,sleeping_dog,0.9762,1,0,539,1,1
KESTREL-001591,36.0,19.02,basic,5,28,7,1,0,0,10.0,342,0.9433405487531787,0.9512203941870975,0.00787984543391873,1,1,sure_thing,0.1985,0,1,1096,1,0
KESTREL-001592,13.4,49.18,pro,10,7,4,1,0,1,10.0,114,0.8907943675296529,0.8819927342081922,-0.008801633321460667,1,1,lost_cause,0.285,0,1,408,1,0
KESTREL-001593,28.9,28.91,basic,7,0,7,1,1,0,9.0,286,0.8637396107573405,0.99,0.12626038924265948,1,1,persuadable,0.0707,0,1,880,1,0
KESTREL-001594,5.0,38.08,pro,19,9,4,0,0,1,,71,0.9738018796059748,0.9136303918311515,-0.060171487774823285,1,1,sleeping_dog,0.799,1,1,152,1,1
KESTREL-001595,36.0,27.51,basic,4,365,2,0,0,1,,149,0.7368503518334201,0.44144293543160223,-0.29540741640181784,0,0,sleeping_dog,0.971,1,0,1096,1,0
KESTREL-001596,22.6,17.74,basic,10,0,5,0,2,0,,275,0.8590533992200603,0.99,0.1309466007799397,1,1,persuadable,0.6332,1,1,688,1,1
KESTREL-001597,16.0,14.2,basic,7,38,4,0,0,0,,131,0.9207866315874816,0.8633147264641117,-0.05747190512336997,1,1,sleeping_dog,0.683,1,1,487,1,0
KESTREL-001598,33.4,15.37,basic,7,2,4,0,0,1,5.0,274,0.9804393630230376,0.9320994310964976,-0.04833993192653996,1,1,sure_thing,0.2642,0,1,1017,1,0
KESTREL-001599,32.8,25.8,basic,6,79,4,2,1,0,7.0,221,0.7746868076295061,0.99,0.21531319237049384,1,1,persuadable,0.8515,1,1,998,1,1
KESTREL-001600,6.2,110.81,enterprise,37,2,11,0,0,0,9.0,163,0.99,0.99,0.0,1,1,sure_thing,0.7232,1,1,189,1,1
KESTREL-001601,15.6,16.94,basic,32,1,6,0,1,1,,362,0.9789722284668007,0.9743065514696294,-0.004665676997171242,1,1,sure_thing,0.145,0,1,475,1,0
KESTREL-001602,24.9,13.19,basic,9,32,4,0,1,0,,163,0.9234904626986411,0.9330082956674992,0.009517832968858109,1,1,sure_thing,0.634,1,1,758,1,0
KESTREL-001603,36.0,36.61,pro,3,63,2,2,1,0,6.0,170,0.76031796560983,0.99,0.22968203439017,1,1,persuadable,0.837,1,1,1096,1,0
KESTREL-001604,12.9,20.54,basic,11,19,8,2,1,0,,146,0.8546875443166606,0.99,0.13531245568333938,1,1,persuadable,0.8282,1,1,393,1,1
KESTREL-001605,4.6,14.92,basic,0,101,3,2,0,0,6.0,27,0.6214238807958297,0.6047810766087114,-0.016642804187118276,1,1,lost_cause,0.624,1,1,140,1,1
KESTREL-001606,36.0,13.14,basic,26,9,13,0,0,0,,648,0.99,0.99,0.0,1,1,sure_thing,0.2023,0,1,1096,1,0
KESTREL-001607,36.0,149.22,enterprise,4,34,0,1,0,0,,154,0.957867990963457,0.99,0.03213200903654301,1,1,sure_thing,0.8378,0,1,1096,1,0
KESTREL-001608,26.4,67.05,pro,8,13,4,0,0,0,,301,0.9672599067937325,0.9448793296416103,-0.022380577152122272,1,1,sure_thing,0.327,0,1,804,1,0
KESTREL-001609,30.6,44.53,pro,6,16,1,2,0,1,9.0,136,0.9016222706280411,0.9583524177104626,0.05673014708242152,1,1,persuadable,0.1058,0,1,931,1,0
KESTREL-001610,25.0,44.85,pro,11,8,5,0,0,1,,220,0.966961391828609,0.9233459639203,-0.04361542790830897,1,1,sure_thing,0.1345,0,1,761,1,0
KESTREL-001611,36.0,17.8,basic,9,48,7,0,0,0,,476,0.9571051568355293,0.9216900581694384,-0.03541509866609094,1,1,sure_thing,0.0492,0,1,1096,1,0
KESTREL-001612,25.3,35.91,pro,12,57,6,0,2,0,,219,0.8525614610879487,0.99,0.13743853891205127,1,1,persuadable,0.797,1,1,770,1,1
KESTREL-001613,36.0,17.45,basic,16,2,6,0,0,0,9.0,502,0.9853885876608685,0.9747523367429388,-0.010636250917929635,1,1,sure_thing,0.114,0,1,1096,0,0
KESTREL-001614,23.0,20.25,basic,4,80,4,0,0,0,4.0,113,0.8840796331044561,0.7366079468636925,-0.14747168624076368,0,0,sleeping_dog,0.2732,0,0,700,1,0
KESTREL-001615,13.8,37.11,basic,6,14,4,0,0,0,10.0,116,0.9238392763326759,0.8981101057852405,-0.025729170547435398,1,1,sure_thing,0.7448,1,1,420,1,1
KESTREL-001616,36.0,51.17,pro,19,10,6,0,0,0,9.0,458,0.9882446078262659,0.9748586060785067,-0.013386001747759169,1,1,sure_thing,0.4038,1,1,1096,1,0
KESTREL-001617,8.2,18.88,basic,18,4,12,1,0,0,,140,0.9762075561711366,0.9816358119227369,0.0054282557516002194,1,1,sure_thing,0.1538,0,1,250,1,0
KESTREL-001618,17.1,39.77,pro,36,1,14,0,0,1,10.0,443,0.99,0.99,0.0,1,1,sure_thing,0.2325,0,1,521,0,0
KESTREL-001619,12.2,12.6,basic,6,80,4,2,0,0,9.0,86,0.8111691724187812,0.8213487199631403,0.010179547544359124,1,1,lost_cause,0.7195,1,1,371,1,1
KESTREL-001620,28.7,23.71,basic,2,1,1,1,1,0,,161,0.8047887830583109,0.9549943534053427,0.15020557034703175,0,0,persuadable,0.3118,0,0,874,1,0
KESTREL-001621,10.0,26.83,basic,11,18,8,0,0,0,7.0,142,0.9482450320830839,0.9393887803547575,-0.00885625172832638,0,0,sure_thing,0.5935,1,0,304,1,1
KESTREL-001622,19.1,15.49,basic,6,5,5,0,0,0,,182,0.9477235919440862,0.9332299864961839,-0.014493605447902236,1,1,sure_thing,0.6462,1,1,581,1,0
KESTREL-001623,32.7,19.16,basic,2,135,3,1,1,1,,248,0.8001816887987214,0.7224546903186404,-0.07772699848008102,1,1,sleeping_dog,0.8878,1,1,995,1,1
KESTREL-001624,14.0,18.59,basic,2,37,1,1,0,0,,94,0.7930530261532205,0.7515094071738962,-0.04154361897932424,1,1,lost_cause,0.653,1,1,426,1,1
KESTREL-001625,15.3,24.79,basic,9,12,6,0,2,0,,216,0.8338282952950429,0.99,0.15617170470495711,1,1,persuadable,0.9022,1,1,466,1,1
KESTREL-001626,5.0,16.12,basic,18,3,7,0,0,0,,88,0.9722701521419244,0.9640811964738242,-0.008188955668100184,1,1,sure_thing,0.8762,1,1,152,1,1
KESTREL-001627,12.4,120.17,enterprise,4,7,6,2,0,0,5.0,116,0.892349853188974,0.99,0.09765014681102602,1,1,persuadable,0.6172,1,1,377,1,1
KESTREL-001628,36.0,15.25,basic,2,115,2,2,0,1,,191,0.7967876647089595,0.6491043421559599,-0.14768332255299954,0,0,sleeping_dog,0.965,1,0,1096,1,0
KESTREL-001629,9.6,130.74,enterprise,11,11,5,0,1,0,9.0,155,0.940888119759271,0.99,0.04911188024072899,1,1,sure_thing,0.6825,1,1,292,1,1
KESTREL-001630,29.3,19.25,basic,4,16,4,1,0,0,,146,0.9329556957325902,0.9364845733297807,0.0035288775971905606,1,1,sure_thing,0.5802,1,1,892,1,1
KESTREL-001631,36.0,91.68,enterprise,5,39,3,0,2,0,,292,0.8610900579257172,0.99,0.12890994207428275,1,1,persuadable,0.7335,1,1,1096,1,1
KESTREL-001632,11.9,49.02,pro,3,77,5,2,0,0,6.0,87,0.7982781387218143,0.8830022488913225,0.0847241101695082,1,1,persuadable,0.8225,1,1,362,1,1
KESTREL-001633,21.7,51.03,pro,9,21,4,1,0,0,9.0,225,0.9367197382800752,0.9419706815308155,0.005250943250740381,1,1,sure_thing,0.6508,1,1,661,1,1
KESTREL-001634,36.0,57.48,pro,4,8,0,1,0,0,6.0,173,0.9662925421193841,0.9680172748203701,0.0017247327009860536,1,1,sure_thing,0.3248,0,1,1096,1,0
KESTREL-001635,14.9,50.28,pro,10,6,1,1,1,0,9.0,145,0.8730391066390824,0.99,0.11696089336091764,1,1,persuadable,0.3065,0,1,454,1,0
KESTREL-001636,33.5,173.37,enterprise,11,23,2,1,0,0,7.0,353,0.9520673226186297,0.99,0.037932677381370294,1,1,sure_thing,0.8678,1,1,1020,1,1
KESTREL-001637,27.5,35.06,pro,20,18,10,2,1,0,,375,0.9301844182833144,0.99,0.05981558171668555,1,1,persuadable,0.5352,1,1,837,1,0
KESTREL-001638,36.0,73.58,pro,9,3,3,0,0,1,,420,0.9675869463705691,0.9084303214229842,-0.05915662494758489,1,1,sleeping_dog,0.0375,0,1,1096,1,0
KESTREL-001639,9.5,52.91,pro,23,2,7,0,0,0,8.0,163,0.98019297582312,0.9727546039328959,-0.007438371890224116,1,1,sure_thing,0.189,0,1,289,1,0
KESTREL-001640,18.3,18.37,basic,16,29,5,0,0,0,,265,0.9651853087610545,0.9301255579951679,-0.03505975076588652,1,1,sure_thing,0.2162,0,1,557,1,0
KESTREL-001641,23.5,69.64,pro,3,60,3,0,0,0,7.0,109,0.9390313966725606,0.8263141056710966,-0.11271729100146399,1,1,sleeping_dog,0.814,1,1,715,1,1
KESTREL-001642,29.3,44.89,pro,3,147,2,3,0,1,,143,0.742632159419952,0.7277591815026485,-0.014872977917303465,0,0,lost_cause,0.906,1,0,892,1,1
KESTREL-001643,14.1,22.49,basic,8,15,3,3,0,0,,195,0.8344523050793786,0.99,0.15554769492062137,1,1,persuadable,0.3042,0,1,429,1,0
KESTREL-001644,9.7,39.35,pro,26,0,15,1,0,0,,265,0.9850217789801781,0.989752954735421,0.004731175755242956,1,1,sure_thing,0.6835,1,1,295,1,1
KESTREL-001645,36.0,144.97,enterprise,3,232,3,0,0,1,,159,0.9383836081567981,0.6821675933118125,-0.2562160148449856,1,1,sleeping_dog,0.9605,1,1,1096,1,1
KESTREL-001646,25.6,24.93,basic,11,18,9,1,1,0,,312,0.9337163751123843,0.99,0.056283624887615735,1,1,persuadable,0.3822,1,1,779,1,1
KESTREL-001647,21.1,23.06,basic,17,54,11,0,0,0,,254,0.9758474960303165,0.9618535788990509,-0.013993917131265632,1,1,sure_thing,0.6718,1,1,642,1,0
KESTREL-001648,21.4,12.51,basic,16,3,17,1,1,0,9.0,335,0.9574216533483341,0.99,0.032578346651665924,1,1,sure_thing,0.264,0,1,651,1,0
KESTREL-001649,29.3,21.97,basic,26,2,12,0,0,0,8.0,654,0.99,0.99,0.0,1,1,sure_thing,0.1492,0,1,892,1,0
KESTREL-001650,10.4,22.74,basic,8,88,9,0,0,1,7.0,72,0.8958185047586541,0.762894962710862,-0.1329235420477921,1,0,sleeping_dog,0.1078,0,1,317,1,0
KESTREL-001651,22.4,65.19,pro,6,62,5,1,0,0,5.0,141,0.9239864051330333,0.9136475411974214,-0.010338863935611897,1,1,sure_thing,0.42,1,1,682,1,0
KESTREL-001652,22.6,162.4,enterprise,6,10,3,0,0,1,8.0,205,0.9432218896423512,0.9108327595406586,-0.03238913010169264,1,1,sure_thing,0.3262,0,1,688,1,0
KESTREL-001653,7.0,27.31,basic,7,107,2,1,1,0,5.0,48,0.6730852973898155,0.6909462787606218,0.017860981370806273,0,0,lost_cause,0.7128,1,0,213,1,0
KESTREL-001654,10.2,25.93,basic,14,11,4,0,0,1,,135,0.9537005581867735,0.8904911340271338,-0.0632094241596397,1,1,sleeping_dog,0.3,0,1,310,1,0
KESTREL-001655,13.1,46.35,pro,3,39,3,0,0,0,,103,0.9192823219804209,0.8488017633999208,-0.07048055858050017,1,1,sleeping_dog,0.7952,1,1,399,1,0
KESTREL-001656,32.7,18.53,basic,5,15,4,0,0,1,,254,0.9646284288298499,0.8959101306844706,-0.06871829814537933,1,1,sleeping_dog,0.1,0,1,995,1,0
KESTREL-001657,34.9,43.93,pro,5,10,2,0,1,0,,375,0.922194269845873,0.9667309298763838,0.04453666003051071,0,0,sure_thing,0.7012,1,0,1062,1,1
KESTREL-001658,24.8,49.92,pro,9,10,4,0,0,0,,269,0.940862704285028,0.9186402067210201,-0.02222249756400796,1,1,sure_thing,0.8622,1,1,755,1,1
KESTREL-001659,23.2,27.89,basic,27,5,14,1,0,1,,539,0.99,0.99,0.0,1,1,sure_thing,0.1498,0,1,706,1,0
KESTREL-001660,21.9,31.63,basic,8,41,1,1,1,1,,148,0.8172651660993877,0.8901020629940013,0.07283689689461359,1,1,persuadable,0.422,1,1,667,1,1
KESTREL-001661,32.3,60.78,pro,19,0,9,1,0,0,6.0,609,0.9854727324709972,0.99,0.0045272675290027875,1,1,sure_thing,0.8338,1,1,983,1,1
KESTREL-001662,14.2,32.59,pro,12,29,6,0,0,0,7.0,188,0.9552432735182068,0.9298427997924315,-0.025400473725775363,1,1,sure_thing,0.3752,1,1,432,1,1
KESTREL-001663,3.8,16.16,basic,22,12,15,1,0,1,,90,0.9728867912688162,0.9758372696875407,0.0029504784187245336,1,1,sure_thing,0.1475,0,1,116,1,0
KESTREL-001664,23.3,14.25,basic,5,18,3,0,0,0,,142,0.949178367594424,0.9081480687346201,-0.041030298859803915,1,1,sure_thing,0.1252,0,1,709,1,0
KESTREL-001665,20.5,51.39,pro,1,133,3,1,1,0,6.0,49,0.6935615957597077,0.7384770950935454,0.04491549933383776,1,1,lost_cause,0.9555,0,1,624,1,0
KESTREL-001666,17.0,52.97,pro,11,20,5,2,0,0,8.0,148,0.9314361073487463,0.99,0.058563892651253724,1,1,persuadable,0.8405,1,1,517,1,0
KESTREL-001667,36.0,13.1,basic,5,9,3,1,0,0,6.0,215,0.9356446519313948,0.934922878383287,-0.0007217735481077625,1,1,sure_thing,0.332,0,1,1096,1,0
KESTREL-001668,36.0,19.0,basic,9,18,4,0,1,1,7.0,320,0.9437700329707569,0.9451102541890132,0.0013402212182562767,1,1,sure_thing,0.0485,0,1,1096,1,0
KESTREL-001669,14.5,41.04,pro,3,50,2,3,0,0,,100,0.7401991290707528,0.9479665217317058,0.207767392660953,1,1,persuadable,0.6562,1,1,441,1,1
KESTREL-001670,6.0,14.67,basic,3,51,2,0,0,0,5.0,31,0.8626631463227802,0.7430935451208989,-0.11956960120188131,1,0,sleeping_dog,0.458,1,0,183,1,0
KESTREL-001671,22.3,42.81,pro,8,34,2,0,0,0,,128,0.9266343948228953,0.84592154199205,-0.08071285283084528,1,1,sleeping_dog,0.6642,1,1,679,1,1
KESTREL-001672,16.8,18.17,basic,4,23,2,1,0,1,,65,0.8909459413927701,0.8334224363516566,-0.057523505041113476,1,1,sleeping_dog,0.448,1,1,511,1,0
KESTREL-001673,17.2,19.26,basic,1,126,1,1,0,0,7.0,79,0.7352217753618064,0.5074253429115121,-0.22779643245029435,1,1,sleeping_dog,0.957,1,1,524,1,0
KESTREL-001674,14.1,20.44,basic,15,11,11,1,0,0,,258,0.9692411067388429,0.9759099310645111,0.006668824325668177,1,1,sure_thing,0.2492,0,1,429,1,0
KESTREL-001675,10.3,16.66,basic,12,4,12,0,0,1,,130,0.976837427550321,0.972689137149099,-0.004148290401221999,1,1,sure_thing,0.6095,1,1,314,1,1
KESTREL-001676,24.9,52.18,pro,15,4,6,0,0,0,,377,0.9752640509876734,0.9654702291768004,-0.009793821810873071,1,1,sure_thing,0.011,0,1,758,1,0
KESTREL-001677,29.2,26.33,basic,5,4,4,0,0,0,,248,0.9562633318541883,0.9379476535841155,-0.018315678270072855,1,1,sure_thing,0.52,1,1,889,1,1
KESTREL-001678,18.6,22.02,basic,7,60,4,1,0,1,,140,0.8636965347498072,0.7616172836938268,-0.10207925105598048,1,1,sleeping_dog,0.0635,0,1,566,1,0
KESTREL-001679,10.6,21.93,basic,4,173,0,2,0,0,,48,0.7068798683066436,0.5067999107748253,-0.2000799575318183,0,0,sleeping_dog,0.8095,1,0,323,1,0
KESTREL-001680,29.6,18.55,basic,5,186,1,0,0,1,,161,0.9032828496391977,0.6081458996063828,-0.2951369500328149,0,0,sleeping_dog,0.5923,1,0,901,1,0
KESTREL-001681,15.4,121.58,enterprise,1,55,4,3,1,0,,137,0.5569633856371469,0.8518471605269295,0.2948837748897827,0,1,persuadable,0.8398,1,1,469,1,1
KESTREL-001682,36.0,48.34,pro,6,12,0,0,0,0,5.0,331,0.9607985806481595,0.8899483497308317,-0.07085023091732778,1,1,sleeping_dog,0.7415,1,1,1096,1,1
KESTREL-001683,11.6,50.05,pro,8,12,3,0,0,0,8.0,87,0.9468401802352979,0.9147330965682446,-0.03210708366705328,0,0,sure_thing,0.3073,0,0,353,1,0
KESTREL-001684,29.3,27.04,basic,4,13,0,3,0,1,,98,0.7685778995430612,0.9477216705441092,0.17914377100104795,1,1,persuadable,0.034,0,1,892,1,0
KESTREL-001685,18.0,20.6,basic,9,29,6,1,0,0,,146,0.9016510405854143,0.901603302819209,-4.773776620536907e-05,1,1,lost_cause,0.3218,0,1,548,1,0
KESTREL-001686,5.0,52.85,pro,5,83,3,0,0,0,,28,0.9223016284327326,0.7485770530763853,-0.17372457535634722,1,1,sleeping_dog,0.5188,1,1,152,1,1
KESTREL-001687,29.8,24.78,basic,3,50,3,0,1,0,7.0,180,0.8795839190321444,0.8903741411416995,0.010790222109555159,1,1,lost_cause,0.773,1,1,907,1,0
KESTREL-001688,27.0,46.59,pro,5,46,5,0,0,1,6.0,145,0.9606903349834415,0.8470555203502712,-0.11363481463317027,1,1,sleeping_dog,0.2062,0,1,822,1,0
KESTREL-001689,6.0,39.49,pro,1,2,6,0,1,0,,40,0.8596078323579042,0.927623424118354,0.0680155917604498,1,1,persuadable,0.1218,0,1,183,1,0
KESTREL-001690,14.4,15.35,basic,10,24,1,1,0,1,5.0,114,0.8888777713691298,0.8037027340318034,-0.08517503733732645,1,1,sleeping_dog,0.349,1,1,438,1,1
KESTREL-001691,20.6,24.98,basic,4,18,1,2,0,0,5.0,58,0.8529977070501777,0.9198228013352302,0.06682509428505246,1,1,persuadable,0.8065,1,1,627,1,1
KESTREL-001692,19.9,46.84,pro,17,1,7,0,0,0,,355,0.9857947931540166,0.9793653350900616,-0.006429458063955007,1,1,sure_thing,0.4335,1,1,606,1,1
KESTREL-001693,21.4,11.89,basic,11,11,5,0,1,0,,194,0.943307007136135,0.9593293475799222,0.016022340443787142,1,1,sure_thing,0.161,0,1,651,1,0
KESTREL-001694,23.5,57.37,pro,6,13,6,1,1,0,7.0,305,0.8961775815937607,0.99,0.09382241840623928,1,1,persuadable,0.7352,1,1,715,1,1
KESTREL-001695,8.2,137.62,enterprise,6,125,4,0,0,0,6.0,46,0.9192747425529059,0.7039917259099662,-0.2152830166429397,1,1,sleeping_dog,0.2058,0,1,250,1,0
KESTREL-001696,36.0,56.0,pro,3,1,6,1,0,0,,259,0.9530904830708483,0.9873150909606909,0.034224607889842606,1,1,sure_thing,0.9098,0,1,1096,1,0
KESTREL-001697,25.1,33.46,pro,17,11,8,0,0,0,8.0,391,0.9793170439748713,0.9720060842542729,-0.0073109597205983645,1,1,sure_thing,0.8855,1,1,764,1,1
KESTREL-001698,6.0,13.35,basic,2,145,2,2,0,0,,24,0.6020947958874197,0.4521779825766843,-0.14991681331073536,1,1,sleeping_dog,0.9755,1,1,183,1,1
KESTREL-001699,28.4,21.02,basic,13,10,10,1,0,0,,449,0.9633893028563645,0.9710653208894786,0.007676018033114129,0,1,sure_thing,0.3415,1,1,864,1,1
KESTREL-001700,36.0,21.18,basic,33,7,13,1,2,0,,739,0.9679113399215653,0.99,0.022088660078434685,1,1,sure_thing,0.855,1,1,1096,1,1
KESTREL-001701,36.0,50.88,pro,3,52,2,0,0,0,,228,0.95040227356985,0.8323082370328295,-0.11809403653702044,0,0,sleeping_dog,0.0095,0,0,1096,1,0
KESTREL-001702,21.0,14.5,basic,6,48,6,0,0,0,,146,0.9082277660345062,0.8624042762331626,-0.04582348980134354,1,1,lost_cause,0.244,0,1,639,1,0
KESTREL-001703,36.0,14.16,basic,31,12,14,0,1,0,,885,0.99,0.99,0.0,1,1,sure_thing,0.8392,1,1,1096,1,0
KESTREL-001704,21.8,64.05,pro,29,10,8,0,0,0,,469,0.99,0.9839570748125809,-0.0060429251874191126,1,1,sure_thing,0.4885,1,1,664,1,1
KESTREL-001705,13.9,18.09,basic,1,99,1,1,1,0,5.0,62,0.6132662203632998,0.651643871712199,0.038377651348899144,0,0,lost_cause,0.9005,1,0,423,1,1
KESTREL-001706,7.0,90.39,enterprise,20,16,7,2,0,1,,149,0.9574186091141961,0.99,0.03258139088580392,1,1,sure_thing,0.315,1,1,213,1,1
KESTREL-001707,36.0,54.2,pro,8,9,4,0,0,1,,351,0.967866798969329,0.9115843162828721,-0.05628248268645697,1,1,sleeping_dog,0.609,1,1,1096,1,1
KESTREL-001708,32.5,17.32,basic,2,36,1,2,0,0,8.0,149,0.8577887547043707,0.9117502288892014,0.05396147418483077,1,1,persuadable,0.3622,1,1,989,1,1
KESTREL-001709,3.6,28.65,basic,4,58,0,0,0,0,,20,0.853644413391643,0.6740724713288313,-0.17957194206281168,1,0,sleeping_dog,0.0605,0,1,110,1,0
KESTREL-001710,15.5,132.6,enterprise,3,85,5,2,0,0,,78,0.7843509755923043,0.971084878390416,0.18673390279811175,0,1,persuadable,0.1788,0,0,472,1,0
KESTREL-001711,16.0,103.55,enterprise,28,6,10,0,0,0,6.0,399,0.9868367438083891,0.985455356163383,-0.0013813876450061713,1,1,sure_thing,0.6352,1,1,487,1,0
KESTREL-001712,28.5,52.68,pro,8,47,2,0,0,0,5.0,219,0.9550625204822221,0.8466152820128282,-0.10844723846939386,1,1,sleeping_dog,0.027,0,1,868,1,0
KESTREL-001713,21.7,44.54,pro,8,3,6,1,0,1,,262,0.940532372092725,0.9477898356344376,0.007257463541712639,1,1,sure_thing,0.6185,1,1,661,0,1
KESTREL-001714,16.2,51.69,pro,19,46,3,0,0,0,,227,0.9675885888927073,0.8780418700723615,-0.08954671882034582,1,1,sleeping_dog,0.0965,0,1,493,1,0
KESTREL-001715,28.6,47.2,pro,4,11,2,0,0,0,8.0,199,0.9573647777067696,0.9173899756460852,-0.03997480206068449,1,1,sure_thing,0.59,1,1,871,1,0
KESTREL-001716,24.8,56.19,pro,15,22,8,2,0,1,,359,0.9497770275195433,0.99,0.0402229724804567,1,1,sure_thing,0.3428,1,1,755,1,1
KESTREL-001717,30.0,42.54,pro,1,206,2,0,0,1,,106,0.8391419523133125,0.5477955772615597,-0.29134637505175276,1,1,sleeping_dog,0.882,1,1,913,1,1
KESTREL-001718,15.8,14.88,basic,2,9,5,0,0,0,5.0,127,0.9200953774710164,0.9043675828890537,-0.015727794581962717,1,1,sure_thing,0.874,1,1,481,1,1
KESTREL-001719,7.6,130.36,enterprise,15,5,14,1,0,0,,94,0.9568648679445082,0.99,0.03313513205549179,1,1,sure_thing,0.6622,1,1,231,1,1
KESTREL-001720,11.0,46.45,pro,21,50,6,0,0,0,8.0,165,0.9682360615126896,0.9182945058502141,-0.04994155566247549,1,1,sure_thing,0.2515,0,1,335,1,0
KESTREL-001721,36.0,18.25,basic,23,20,13,0,1,0,,757,0.9822865847066198,0.99,0.00771341529338021,1,1,sure_thing,0.4498,1,1,1096,1,1
KESTREL-001722,20.1,21.12,basic,1,169,0,0,0,0,,99,0.7740574931148315,0.4837835569794706,-0.2902739361353609,1,1,sleeping_dog,0.9572,1,1,612,1,0
KESTREL-001723,2.7,30.27,basic,12,9,3,1,1,0,,24,0.833075329534086,0.9357675418373221,0.10269221230323611,0,1,persuadable,0.9312,1,1,82,1,1
KESTREL-001724,25.5,24.06,basic,5,119,1,1,0,0,,160,0.8621371015437512,0.6399704817329874,-0.2221666198107638,1,1,sleeping_dog,0.5622,1,1,776,1,1
KESTREL-001725,36.0,63.8,pro,15,6,8,1,0,0,,527,0.9742647220545216,0.98969659535661,0.015431873302088395,1,1,sure_thing,0.3895,1,1,1096,1,1
KESTREL-001726,36.0,15.66,basic,22,0,11,1,1,1,,707,0.9788521331995456,0.99,0.011147866800454431,1,1,sure_thing,0.6822,1,1,1096,1,0
KESTREL-001727,7.9,161.92,enterprise,9,0,1,0,0,0,7.0,75,0.9485925220048668,0.9427084054346243,-0.005884116570242459,1,1,sure_thing,0.5848,1,1,240,1,1
KESTREL-001728,27.8,22.03,basic,1,32,3,0,0,0,6.0,153,0.9359397111344736,0.8762149101555606,-0.05972480097891297,1,1,sleeping_dog,0.816,1,1,846,1,1
KESTREL-001729,5.3,142.71,enterprise,34,0,17,1,0,0,,143,0.99,0.99,0.0,1,1,sure_thing,0.2272,0,1,161,1,0
KESTREL-001730,36.0,21.57,basic,10,2,5,0,1,0,7.0,442,0.9409987899622191,0.9650889056640116,0.024090115701792536,1,1,sure_thing,0.0518,0,1,1096,1,0
KESTREL-001731,26.2,108.96,enterprise,11,31,4,2,0,1,,171,0.9444746218915497,0.99,0.045525378108450254,0,1,sure_thing,0.6488,1,1,798,1,0
KESTREL-001732,15.4,51.55,pro,3,20,3,1,0,1,,85,0.8859965937031969,0.8666640133560158,-0.019332580347181105,1,1,lost_cause,0.6715,1,1,469,1,1
KESTREL-001733,34.9,23.24,basic,14,44,7,0,0,1,,500,0.9803828775773596,0.9053833958044091,-0.07499948177295057,1,1,sleeping_dog,0.504,1,1,1062,1,1
KESTREL-001734,20.1,57.61,pro,6,27,10,1,0,0,,213,0.970456678612904,0.99,0.019543321387096024,1,1,sure_thing,0.3038,0,1,612,1,0
KESTREL-001735,12.9,44.19,pro,4,211,1,0,0,0,,48,0.7835195088425035,0.49137969345213034,-0.2921398153903732,1,1,sleeping_dog,0.542,1,1,393,1,0
KESTREL-001736,4.9,49.76,pro,1,69,2,1,0,0,,13,0.7949289944582583,0.7255714442096258,-0.06935755024863244,1,1,sleeping_dog,0.2968,0,1,149,1,0
KESTREL-001737,19.7,22.21,basic,8,50,6,0,0,0,,185,0.957520819754055,0.908879802427674,-0.04864101732638104,1,1,sure_thing,0.3255,0,1,600,1,0
KESTREL-001738,27.2,18.57,basic,6,9,7,1,0,0,6.0,188,0.9351293160989564,0.9461232603276427,0.01099394422868627,1,1,sure_thing,0.91,1,1,828,1,1
KESTREL-001739,23.8,40.26,pro,4,95,6,2,0,0,3.0,96,0.8597708507123671,0.915481512089342,0.05571066137697489,1,1,persuadable,0.7962,1,1,724,1,1
KESTREL-001740,18.2,18.94,basic,27,31,13,0,0,0,,322,0.986608529213674,0.9830786132042227,-0.003529916009451295,1,1,sure_thing,0.3955,1,1,554,1,1
KESTREL-001741,36.0,19.17,basic,3,109,0,0,1,1,,128,0.8169338998994388,0.5996673783547566,-0.21726652154468218,1,1,sleeping_dog,0.818,0,1,1096,1,0
KESTREL-001742,19.7,52.74,pro,11,3,4,0,0,0,9.0,278,0.9609739134087314,0.9434908607319692,-0.0174830526767622,1,1,sure_thing,0.198,0,1,600,1,0
KESTREL-001743,23.7,23.28,basic,6,365,2,1,0,0,,67,0.707403094909611,0.4252251015843073,-0.28217799332530363,0,0,sleeping_dog,0.8945,1,0,721,1,1
KESTREL-001744,18.9,64.64,pro,18,0,6,0,0,0,8.0,322,0.9836424247188712,0.9754068391781504,-0.008235585540720791,1,1,sure_thing,0.065,0,1,575,1,0
KESTREL-001745,15.8,41.54,pro,17,19,10,1,0,1,,225,0.9725684885711855,0.9751030587979117,0.002534570226726207,1,1,sure_thing,0.1758,0,1,481,1,0
KESTREL-001746,29.0,80.14,pro,65,0,24,0,0,0,,1253,0.99,0.99,0.0,1,1,sure_thing,0.3212,0,1,883,1,0
KESTREL-001747,36.0,20.33,basic,6,50,5,0,1,0,7.0,318,0.8856074799099151,0.9003048049658365,0.014697325055921473,1,1,lost_cause,0.2922,1,1,1096,1,0
KESTREL-001748,12.1,108.46,enterprise,3,29,3,1,0,0,6.0,61,0.9326740884574803,0.99,0.05732591154251965,1,1,persuadable,0.446,1,1,368,1,1
KESTREL-001749,21.3,52.5,pro,4,17,4,1,1,0,6.0,86,0.796783906442153,0.9785987011253199,0.18181479468316686,0,1,persuadable,0.9068,1,1,648,1,1
KESTREL-001750,28.0,45.15,pro,4,10,5,1,0,0,,168,0.9596448916368332,0.9805170227594185,0.020872131122585347,1,1,sure_thing,0.884,1,1,852,1,1
KESTREL-001751,16.7,23.84,basic,6,5,9,3,0,0,,203,0.8352491039837786,0.99,0.15475089601622138,1,1,persuadable,0.7458,1,1,508,1,0
KESTREL-001752,4.3,17.88,basic,4,94,1,2,0,0,5.0,12,0.7366922465460511,0.6783128709601517,-0.05837937558589945,0,0,sleeping_dog,0.723,1,0,131,1,1
KESTREL-001753,19.9,19.32,basic,6,10,2,1,1,0,7.0,193,0.8933168927958606,0.99,0.09668310720413942,1,1,persuadable,0.1918,0,1,606,1,0
KESTREL-001754,28.2,17.05,basic,9,14,4,1,0,1,,223,0.9254233747594649,0.90112125655387,-0.024302118205594914,1,1,sure_thing,0.8235,1,1,858,1,0
KESTREL-001755,12.8,25.13,basic,18,43,11,1,0,1,9.0,226,0.9567937205094762,0.950663658617935,-0.006130061891541194,1,1,sure_thing,0.6938,1,1,390,1,0
KESTREL-001756,36.0,54.43,pro,4,59,2,2,0,0,10.0,175,0.8815930256370625,0.9578004759320348,0.07620745029497222,1,1,persuadable,0.7742,1,1,1096,1,1
KESTREL-001757,36.0,13.34,basic,7,47,0,0,0,0,,276,0.9598246679174977,0.8052049635527838,-0.15461970436471384,1,1,sleeping_dog,0.3198,0,1,1096,1,0
KESTREL-001758,7.5,59.17,pro,4,18,3,1,0,0,,60,0.883151148871327,0.9002085870846415,0.017057438213314513,1,1,lost_cause,0.6555,1,1,228,1,1
KESTREL-001759,35.8,29.85,basic,13,25,1,1,0,0,,424,0.9492875212160578,0.9152426898138224,-0.034044831402235354,1,1,sure_thing,0.1285,0,1,1090,1,0
KESTREL-001760,36.0,18.26,basic,10,21,3,1,0,0,,328,0.957489174247122,0.9452863533585112,-0.0122028208886108,1,1,sure_thing,0.8458,1,1,1096,1,0
KESTREL-001761,29.9,50.32,pro,7,33,3,0,0,1,6.0,288,0.9557637866617363,0.8302367193117215,-0.12552706735001484,1,1,sleeping_dog,0.0872,0,1,910,1,0
KESTREL-001762,22.7,46.28,pro,4,14,1,3,0,0,,85,0.7632734190767773,0.982838081070358,0.2195646619935807,1,1,persuadable,0.8332,1,1,691,1,1
KESTREL-001763,36.0,45.68,pro,27,0,14,0,0,1,,616,0.99,0.99,0.0,1,1,sure_thing,0.1185,0,1,1096,1,0
KESTREL-001764,21.4,23.77,basic,4,12,5,0,2,0,,159,0.8319421888512972,0.99,0.15805781114870276,0,1,persuadable,0.8795,1,1,651,1,1
KESTREL-001765,19.1,131.59,enterprise,2,61,7,0,0,1,,99,0.957295324242701,0.880869096119517,-0.076426228123184,1,1,sleeping_dog,0.3522,1,1,581,1,0
KESTREL-001766,8.5,43.32,pro,15,3,8,1,0,1,,136,0.9344086553109705,0.9387096281515533,0.00430097284058284,1,1,sure_thing,0.809,1,1,259,1,1
KESTREL-001767,10.8,144.83,enterprise,13,12,10,0,0,0,,199,0.9797297964572037,0.99,0.010270203542796286,1,1,sure_thing,0.1703,0,1,329,1,0
KESTREL-001768,12.8,52.48,pro,3,190,6,0,1,0,7.0,75,0.7690176406870063,0.5853367558597662,-0.1836808848272401,1,1,sleeping_dog,0.3145,0,1,390,1,0
KESTREL-001769,13.0,56.24,pro,9,12,4,1,0,0,,89,0.9268627867759067,0.9389728896729488,0.012110102897042063,1,1,sure_thing,0.9138,1,1,396,1,1
KESTREL-001770,30.3,22.82,basic,5,5,9,1,0,1,,271,0.9267895376842381,0.9388425583017437,0.012053020617505572,1,1,sure_thing,0.0255,0,1,922,1,0
KESTREL-001771,36.0,150.87,enterprise,12,21,7,0,0,0,7.0,320,0.9862160184497929,0.99,0.003783981550207094,1,1,sure_thing,0.6842,1,1,1096,1,1
KESTREL-001772,26.2,170.34,enterprise,14,0,7,0,0,1,8.0,401,0.9864197254934838,0.99,0.0035802745065162123,1,1,sure_thing,0.0598,0,1,798,1,0
KESTREL-001773,14.1,41.81,pro,10,17,4,0,0,1,,137,0.9595896326557615,0.8873488171958286,-0.07224081545993288,1,1,sleeping_dog,0.286,0,1,429,1,0
KESTREL-001774,36.0,17.95,basic,13,0,8,1,0,0,,500,0.978535555983197,0.984984278256109,0.006448722272912044,1,1,sure_thing,0.059,0,1,1096,1,0
KESTREL-001775,32.2,22.36,basic,13,31,5,0,0,1,,248,0.9605776913919247,0.8764398013319254,-0.08413789005999928,1,1,sleeping_dog,0.3448,1,1,980,1,1
KESTREL-001776,32.0,56.31,pro,4,44,8,1,0,1,5.0,217,0.9491384085115372,0.9548442973521367,0.005705888840599527,1,1,sure_thing,0.6482,1,1,974,1,0
KESTREL-001777,23.9,13.86,basic,4,14,3,1,0,0,4.0,104,0.9305608951048012,0.928516413516742,-0.002044481588059255,1,1,sure_thing,0.3602,1,1,728,1,0
KESTREL-001778,36.0,19.07,basic,5,72,4,0,1,1,,222,0.9093045189599849,0.8324277583965519,-0.07687676056343296,1,1,sleeping_dog,0.3938,1,1,1096,1,1
KESTREL-001779,29.3,121.07,enterprise,9,35,1,3,1,0,9.0,189,0.7493047465147619,0.99,0.24069525348523813,0,1,persuadable,0.9822,1,1,892,1,1
KESTREL-001780,1.0,12.04,basic,15,1,6,0,0,0,,17,0.9529984698402882,0.9427063308576386,-0.01029213898264969,1,1,sure_thing,0.2662,0,1,30,1,0
KESTREL-001781,4.1,47.6,pro,10,24,5,1,0,0,8.0,34,0.9015660874290604,0.9068819902343996,0.005315902805339223,1,1,lost_cause,0.8295,1,1,125,1,0
KESTREL-001782,11.1,19.75,basic,7,47,5,0,0,0,,107,0.8953803789825668,0.837971310688426,-0.05740906829414083,1,0,sleeping_dog,0.402,1,0,338,0,0
KESTREL-001783,32.2,18.63,basic,11,6,5,1,0,0,6.0,325,0.9359247697113295,0.9384739005872034,0.0025491308758738285,1,1,sure_thing,0.5322,1,1,980,1,1
KESTREL-001784,6.9,54.84,pro,12,2,5,2,0,0,,60,0.8875995300240891,0.9658705629363035,0.07827103291221438,1,1,persuadable,0.361,1,1,210,1,1
KESTREL-001785,36.0,21.53,basic,40,5,17,1,0,1,9.0,936,0.99,0.99,0.0,1,1,sure_thing,0.298,0,1,1096,1,0
KESTREL-001786,6.3,43.61,pro,3,25,3,0,0,0,7.0,55,0.8936370905157357,0.8465409373920469,-0.047096153123688755,1,1,lost_cause,0.048,0,1,192,1,0
KESTREL-001787,36.0,44.69,pro,24,5,6,0,0,0,,649,0.9874638078428448,0.9754639797636266,-0.011999828079218178,1,1,sure_thing,0.2412,0,1,1096,1,0
KESTREL-001788,24.4,18.54,basic,15,14,6,2,1,0,,310,0.8862251052446304,0.99,0.1037748947553696,1,1,persuadable,0.524,1,1,743,1,1
KESTREL-001789,34.6,16.84,basic,6,0,2,0,0,0,7.0,253,0.9590731358494708,0.9282870388746224,-0.030786096974848465,1,1,sure_thing,0.6428,1,1,1053,1,1
KESTREL-001790,20.1,20.07,basic,23,7,6,0,0,1,8.0,337,0.9801803421504296,0.9454107110780754,-0.0347696310723542,1,1,sure_thing,0.5015,1,1,612,1,1
KESTREL-001791,36.0,42.31,pro,11,23,7,1,0,0,8.0,411,0.9679506721804327,0.9768861607328593,0.00893548855242654,1,1,sure_thing,0.0638,0,1,1096,1,0
KESTREL-001792,15.3,20.91,basic,4,32,2,0,1,0,5.0,77,0.854881343969739,0.8687953876011301,0.013914043631391038,1,1,lost_cause,0.2258,0,1,466,1,0
KESTREL-001793,9.7,17.22,basic,4,7,2,0,1,0,,85,0.8620916316208298,0.8895495858095736,0.02745795418874375,0,0,lost_cause,0.464,1,0,295,1,0
KESTREL-001794,16.6,70.8,pro,2,85,0,0,1,0,,57,0.8102173151980996,0.752955661673208,-0.05726165352489154,1,1,sleeping_dog,0.9862,1,1,505,1,0
KESTREL-001795,8.3,17.81,basic,63,1,23,0,0,0,,343,0.99,0.99,0.0,1,1,sure_thing,0.3392,0,1,253,0,0
KESTREL-001796,32.3,20.23,basic,18,17,4,0,0,0,10.0,530,0.9780272203038435,0.9460423148944321,-0.031984905409411346,1,1,sure_thing,0.3832,1,1,983,1,1
KESTREL-001797,24.2,15.65,basic,3,9,5,1,1,1,,136,0.7450412977284451,0.8767512606351856,0.13170996290674053,0,1,persuadable,0.664,1,1,737,1,1
KESTREL-001798,36.0,12.57,basic,6,15,8,1,0,1,,317,0.9322690516391177,0.9340455776413875,0.0017765260022698515,1,1,sure_thing,0.134,0,1,1096,1,0
KESTREL-001799,21.2,19.22,basic,12,14,9,1,0,0,,265,0.9395276710936366,0.9464358278314325,0.00690815673779599,1,1,sure_thing,0.5715,1,1,645,1,1
KESTREL-001800,36.0,15.14,basic,1,29,1,0,0,0,,183,0.9492248292758256,0.8605760886275134,-0.08864874064831219,1,1,sleeping_dog,0.7175,1,1,1096,1,0
KESTREL-001801,29.8,12.93,basic,26,17,14,0,0,0,10.0,697,0.99,0.99,0.0,1,1,sure_thing,0.1685,0,1,907,1,0
KESTREL-001802,36.0,131.1,enterprise,32,2,19,0,0,0,9.0,864,0.99,0.99,0.0,1,1,sure_thing,0.151,0,1,1096,1,0
KESTREL-001803,31.6,15.67,basic,7,39,8,2,0,0,,237,0.9016244492335352,0.9585373220170722,0.05691287278353696,1,1,persuadable,0.4725,1,1,962,1,1
KESTREL-001804,11.8,19.38,basic,4,86,6,0,0,0,4.0,60,0.8974184387995208,0.7787789670816329,-0.11863947171788791,1,1,sleeping_dog,0.8358,1,1,359,1,1
KESTREL-001805,12.0,24.17,basic,8,11,3,0,1,0,,137,0.91681133895995,0.9400907812909369,0.023279442330986888,1,1,lost_cause,0.7052,1,1,365,1,1
KESTREL-001806,12.8,12.96,basic,12,1,5,2,0,0,,169,0.9036996235863394,0.9427563679516577,0.03905674436531836,1,1,lost_cause,0.9012,1,1,390,1,1
KESTREL-001807,15.3,16.89,basic,9,36,1,1,0,0,,161,0.9247733560331742,0.8754029139758199,-0.0493704420573543,1,1,sure_thing,0.1455,0,1,466,1,0
KESTREL-001808,16.2,186.48,enterprise,9,52,2,0,0,0,,186,0.9661168924703408,0.8973293266487297,-0.06878756582161116,1,1,sleeping_dog,0.8072,1,1,493,0,1
KESTREL-001809,1.5,14.26,basic,8,3,6,0,0,0,,27,0.926154404619485,0.9162569600872449,-0.009897444532240063,1,1,sure_thing,0.5768,1,1,46,1,0
KESTREL-001810,36.0,18.8,basic,4,17,5,1,0,0,,329,0.9277910412997785,0.9346226058556932,0.006831564555914715,1,1,sure_thing,0.7592,1,1,1096,1,1
KESTREL-001811,28.2,36.63,pro,1,17,3,1,0,1,,128,0.8913183110851642,0.8723545542367427,-0.018963756848421554,1,1,lost_cause,0.1715,0,1,858,1,0
KESTREL-001812,19.4,61.16,pro,39,3,12,0,0,1,,519,0.99,0.9889631690925532,-0.001036830907446773,1,1,sure_thing,0.4718,1,1,591,1,0
KESTREL-001813,20.5,178.63,enterprise,2,365,1,0,0,0,,88,0.8116155147212157,0.5899855638209719,-0.22162995090024384,1,1,sleeping_dog,0.9112,1,1,624,1,1
KESTREL-001814,20.3,20.14,basic,4,0,1,1,0,1,,111,0.8695363563055728,0.8363932547297237,-0.0331431015758491,0,0,lost_cause,0.3345,0,0,618,1,0
KESTREL-001815,21.3,17.94,basic,9,14,11,0,0,0,,352,0.9727527994270347,0.9710716127579326,-0.0016811866691021082,0,0,sure_thing,0.6155,1,0,648,1,0
KESTREL-001816,36.0,17.98,basic,7,4,4,1,1,0,,383,0.9107138326912485,0.99,0.07928616730875149,1,1,persuadable,0.7252,1,1,1096,1,1
KESTREL-001817,29.9,17.8,basic,19,0,5,0,0,0,,446,0.9861508613621794,0.9722712100228517,-0.013879651339327781,1,1,sure_thing,0.258,0,1,910,1,0
KESTREL-001818,21.1,166.89,enterprise,7,27,3,1,0,0,,186,0.9435800725297817,0.99,0.04641992747021828,1,1,sure_thing,0.326,0,1,642,1,0
KESTREL-001819,13.0,15.82,basic,4,26,2,0,1,1,,100,0.8068179074148816,0.7876330097939046,-0.01918489762097697,1,1,lost_cause,0.975,1,1,396,1,1
KESTREL-001820,25.6,92.76,enterprise,3,3,4,1,0,0,7.0,237,0.9481106661460644,0.99,0.04188933385393556,1,1,sure_thing,0.0335,0,1,779,1,0
KESTREL-001821,36.0,16.88,basic,7,26,7,1,0,0,,274,0.9487271227976579,0.9541275745217263,0.005400451724068334,1,1,sure_thing,0.3965,1,1,1096,1,1
KESTREL-001822,18.1,20.21,basic,11,4,7,1,0,0,8.0,209,0.9362218541780863,0.9431730490337915,0.006951194855705167,1,1,sure_thing,0.0082,0,1,551,1,0
KESTREL-001823,36.0,16.92,basic,40,12,13,0,0,0,,972,0.99,0.99,0.0,1,1,sure_thing,0.241,0,1,1096,1,0
KESTREL-001824,36.0,20.11,basic,4,8,5,0,0,0,,299,0.964217277818819,0.9488666060315183,-0.015350671787300763,1,1,sure_thing,0.3612,1,1,1096,1,0
KESTREL-001825,36.0,17.7,basic,3,77,1,1,0,0,6.0,244,0.8965054642837864,0.7651031437567908,-0.13140232052699563,0,0,sleeping_dog,0.4265,1,0,1096,1,0
KESTREL-001826,4.9,24.82,basic,27,6,12,0,0,0,,113,0.984811956169834,0.9830716518855899,-0.0017403042842440986,1,1,sure_thing,0.1178,0,1,149,1,0
KESTREL-001827,9.0,26.12,basic,6,62,3,1,0,0,,86,0.8594509657829683,0.8015333950038234,-0.057917570779144945,1,1,sleeping_dog,0.769,1,1,274,1,1
KESTREL-001828,15.5,69.31,pro,15,5,12,0,0,0,,299,0.9815578357940349,0.9835104118269473,0.0019525760329124342,1,1,sure_thing,0.3272,0,1,472,1,0
KESTREL-001829,28.3,17.55,basic,8,23,2,1,0,0,8.0,246,0.9415989328302665,0.9218594809301601,-0.019739451900106397,1,1,sure_thing,0.0352,0,1,861,1,0
KESTREL-001830,17.8,26.66,basic,23,3,7,0,0,0,8.0,294,0.9822793754777187,0.9738776492062593,-0.008401726271459409,1,1,sure_thing,0.04,0,1,542,1,0
KESTREL-001831,6.7,19.53,basic,5,9,6,1,0,1,7.0,71,0.9307363911428176,0.9301112026863443,-0.0006251884564733023,1,1,sure_thing,0.6205,1,1,204,1,1
KESTREL-001832,36.0,15.35,basic,11,3,3,0,0,0,7.0,231,0.9706620718582727,0.9442083025365557,-0.026453769321716947,1,1,sure_thing,0.2145,0,1,1096,1,0
KESTREL-001833,12.0,14.78,basic,35,8,16,0,1,0,8.0,260,0.99,0.99,0.0,1,1,sure_thing,0.1555,1,1,365,1,1
KESTREL-001834,14.8,13.06,basic,11,5,3,1,0,1,10.0,165,0.9218627394472864,0.895142091089451,-0.026720648357835386,1,1,sure_thing,0.887,1,1,451,1,1
KESTREL-001835,18.0,17.9,basic,8,6,8,0,2,1,,174,0.8500098226486051,0.99,0.13999017735139485,1,1,persuadable,0.9445,1,1,548,1,1
KESTREL-001836,9.6,50.4,pro,7,75,3,1,0,0,,67,0.8644447940846316,0.7876224263357864,-0.07682236774884521,1,1,sleeping_dog,0.13,0,1,292,1,0
KESTREL-001837,19.8,22.67,basic,4,49,2,1,0,1,,116,0.9258509542384601,0.8118350242852028,-0.11401592995325727,1,0,sleeping_dog,0.1708,0,1,603,1,0
KESTREL-001838,36.0,20.06,basic,3,43,1,1,0,1,,187,0.8968225152583291,0.776311564588534,-0.12051095066979511,1,1,sleeping_dog,0.0798,0,1,1096,1,0
KESTREL-001839,6.8,28.99,basic,27,11,11,0,0,0,,145,0.989356945935975,0.9862661619394947,-0.0030907839964803285,1,1,sure_thing,0.0195,1,1,207,0,1
KESTREL-001840,13.6,11.54,basic,2,4,1,1,0,0,,121,0.8288678492120607,0.8236010704322367,-0.005266778779823955,1,1,lost_cause,0.6768,1,1,414,1,1
KESTREL-001841,26.0,13.14,basic,5,60,3,0,0,0,8.0,227,0.9220024626903094,0.8013828885936036,-0.12061957409670576,1,1,sleeping_dog,0.6962,1,1,791,1,1
KESTREL-001842,30.5,51.28,pro,6,18,4,0,0,1,,282,0.9608162006859283,0.8891011257680184,-0.07171507491790996,1,1,sleeping_dog,0.3378,0,1,928,1,0
KESTREL-001843,33.6,15.44,basic,7,37,8,0,1,1,,319,0.9107534189941675,0.9259350199419663,0.015181600947798746,1,1,lost_cause,0.5782,1,1,1023,1,1
KESTREL-001844,34.5,19.57,basic,9,52,6,0,2,0,8.0,256,0.8151686978182707,0.9845935698776228,0.16942487205935208,1,1,persuadable,0.7965,1,1,1050,1,1
KESTREL-001845,10.6,48.02,pro,4,82,6,0,0,0,7.0,97,0.868227472723792,0.7620129517448497,-0.10621452097894224,0,0,sleeping_dog,0.698,1,0,323,1,1
KESTREL-001846,5.9,17.71,basic,9,25,4,2,0,0,9.0,39,0.8825053171515378,0.9287571000625926,0.046251782911054806,1,1,lost_cause,0.2932,0,1,180,0,0
KESTREL-001847,20.9,19.86,basic,2,82,3,3,0,0,4.0,88,0.6351963225285614,0.804173434351606,0.16897711182304465,0,0,persuadable,0.984,1,0,636,1,0
KESTREL-001848,13.4,49.18,pro,6,10,2,3,0,0,,137,0.7883115373494972,0.99,0.20168846265050278,1,1,persuadable,0.6312,1,1,408,1,0
KESTREL-001849,36.0,48.29,pro,6,65,0,1,0,0,6.0,141,0.879501916584987,0.7638768011149649,-0.11562511547002208,1,1,sleeping_dog,0.2305,0,1,1096,1,0
KESTREL-001850,33.2,21.5,basic,1,51,3,0,0,0,,258,0.908983681710456,0.811442190874838,-0.09754149083561792,1,1,sleeping_dog,0.7725,1,1,1011,1,1
KESTREL-001851,22.5,55.88,pro,12,56,9,1,0,0,,294,0.9564006068006615,0.9632963512233891,0.006895744422727557,1,1,sure_thing,0.2298,0,1,685,1,0
KESTREL-001852,36.0,55.77,pro,15,31,9,0,0,1,,657,0.9775874978659177,0.9478192641551876,-0.02976823371073012,1,0,sure_thing,0.1722,0,1,1096,1,0
KESTREL-001853,33.2,45.94,pro,15,1,6,0,0,0,,549,0.983635286998504,0.9746670639545577,-0.008968223043946288,1,1,sure_thing,0.0862,0,1,1011,1,0
KESTREL-001854,31.2,62.79,pro,15,28,4,1,0,1,,306,0.9758774679839727,0.9397196194727435,-0.03615784851122916,1,1,sure_thing,0.2608,0,1,950,1,0
KESTREL-001855,18.8,20.72,basic,2,55,3,1,1,0,,137,0.8284536918682841,0.9587823432344027,0.1303286513661186,1,1,persuadable,0.0693,0,1,572,1,0
KESTREL-001856,21.3,68.36,pro,3,13,3,0,0,0,7.0,201,0.9541542593088541,0.9266237715689272,-0.027530487739926945,1,1,sure_thing,0.6338,1,1,648,1,0
KESTREL-001857,36.0,56.72,pro,5,294,1,1,0,0,,186,0.7871132976632252,0.5222330308756944,-0.26488026678753085,1,0,sleeping_dog,0.9872,1,0,1096,1,1
KESTREL-001858,13.3,19.85,basic,2,12,3,0,1,0,,80,0.8858453573977054,0.9230516798951535,0.03720632249744804,1,1,lost_cause,0.5508,1,1,405,1,1
KESTREL-001859,36.0,19.2,basic,24,1,9,0,1,1,,770,0.9796310100768161,0.9852458357959324,0.005614825719116312,1,1,sure_thing,0.4312,0,1,1096,1,0
KESTREL-001860,12.0,19.85,basic,6,121,4,0,0,0,9.0,78,0.8730231004959779,0.6363968648642864,-0.2366262356316915,1,1,sleeping_dog,0.7098,1,1,365,1,1
KESTREL-001861,20.1,17.99,basic,11,27,5,1,1,1,5.0,213,0.9211793800950706,0.99,0.06882061990492938,1,1,persuadable,0.8115,1,1,612,1,1
KESTREL-001862,22.9,85.54,pro,5,152,0,0,0,0,4.0,117,0.9321209190332771,0.6529560321708517,-0.27916488686242535,1,1,sleeping_dog,0.7915,1,1,697,1,1
KESTREL-001863,36.0,43.31,pro,9,46,2,0,0,0,,354,0.9755975006741386,0.8682518516865345,-0.10734564898760413,1,1,sleeping_dog,0.0378,0,1,1096,1,0
KESTREL-001864,8.9,25.14,basic,6,44,5,0,0,0,,73,0.9480250117661884,0.8959325860154821,-0.05209242575070627,1,1,sleeping_dog,0.3818,1,1,271,0,0
KESTREL-001865,20.2,14.02,basic,5,27,4,0,1,0,10.0,265,0.836734982041658,0.858301456557783,0.021566474516125034,0,1,lost_cause,0.673,1,1,615,1,0
KESTREL-001866,16.3,57.15,pro,12,10,10,1,0,0,8.0,234,0.9637106522355768,0.982521522000463,0.018810869764886218,1,1,sure_thing,0.3772,1,1,496,1,1
KESTREL-001867,13.5,24.15,basic,6,93,7,1,0,0,,82,0.8769898247008906,0.826411601336046,-0.05057822336484463,0,0,sleeping_dog,0.6637,1,0,411,1,0
KESTREL-001868,8.1,15.72,basic,9,10,6,1,0,0,5.0,95,0.9179232918537567,0.9228845583547647,0.004961266501008033,1,1,lost_cause,0.6858,1,1,247,1,1
KESTREL-001869,6.7,12.59,basic,22,12,7,1,0,0,10.0,118,0.953031153698214,0.9513486224490028,-0.0016825312492112499,1,1,sure_thing,0.695,1,1,204,1,1
KESTREL-001870,36.0,20.7,basic,28,1,15,0,0,1,,744,0.99,0.99,0.0,1,1,sure_thing,0.3075,0,1,1096,1,0
KESTREL-001871,13.2,18.66,basic,4,46,7,1,0,0,8.0,117,0.8773894372483647,0.8788966685195531,0.0015072312711883473,1,1,lost_cause,0.3282,0,1,402,1,0
KESTREL-001872,12.7,49.94,pro,4,14,1,0,1,1,,75,0.8654805896168597,0.8806382777074271,0.01515768809056739,1,1,lost_cause,0.8722,1,1,387,1,1
KESTREL-001873,18.1,41.79,pro,3,88,7,0,0,0,,140,0.9314114773164401,0.831514700561033,-0.09989677675540709,1,1,sleeping_dog,0.7368,1,1,551,1,1
KESTREL-001874,36.0,29.07,basic,5,6,3,2,0,0,5.0,309,0.9170189999482501,0.99,0.0729810000517499,1,1,persuadable,0.4558,1,1,1096,1,0
KESTREL-001875,5.6,23.29,basic,9,20,6,1,1,0,,66,0.8488466408119788,0.9609028997327829,0.11205625892080406,1,1,persuadable,0.3308,0,1,170,1,0
KESTREL-001876,21.5,126.98,enterprise,5,8,2,0,0,1,6.0,91,0.963466450254879,0.8973938333051045,-0.06607261694977451,1,1,sleeping_dog,0.6325,1,1,654,1,0
KESTREL-001877,36.0,19.98,basic,4,27,2,2,0,1,7.0,262,0.8488689707494008,0.8828239915152403,0.03395502076583945,0,0,lost_cause,0.7278,1,0,1096,1,1
KESTREL-001878,8.1,40.37,pro,4,10,3,0,0,0,,58,0.8895580333765796,0.8602854333001361,-0.0292726000764435,1,1,lost_cause,0.7847,1,1,247,1,1
KESTREL-001879,36.0,15.05,basic,0,25,1,0,1,0,,134,0.8239541165192925,0.8444868420824229,0.02053272556313035,0,0,lost_cause,0.4168,1,0,1096,1,1
KESTREL-001880,9.4,41.74,pro,9,55,4,0,1,0,,97,0.8904584745363147,0.8994919395119313,0.009033464975616634,1,1,lost_cause,0.3762,1,1,286,1,1
KESTREL-001881,23.0,122.82,enterprise,10,50,6,0,0,0,,278,0.9771777062211676,0.9430909375558765,-0.034086768665291145,1,1,sure_thing,0.745,1,1,700,1,1
KESTREL-001882,11.6,68.04,pro,15,20,1,1,0,0,,131,0.9461181490597599,0.9269696582199989,-0.019148490839761,1,1,sure_thing,0.2495,0,1,353,1,0
KESTREL-001883,29.3,207.28,enterprise,5,2,3,1,1,0,,160,0.9187948735470393,0.99,0.07120512645296073,1,1,persuadable,0.7065,1,1,892,1,0
KESTREL-001884,24.2,78.2,enterprise,7,28,6,1,0,0,8.0,271,0.9492940329157985,0.9799856292344542,0.0306915963186557,1,1,sure_thing,0.4382,1,1,737,1,0
KESTREL-001885,29.8,16.95,basic,1,69,3,1,0,0,,126,0.7886088544375714,0.7209331467418515,-0.06767570769571996,0,0,sleeping_dog,0.883,1,0,907,1,1
KESTREL-001886,22.6,20.05,basic,5,41,9,0,0,1,6.0,225,0.9384846042435505,0.8979108416037846,-0.040573762639765865,1,1,sure_thing,0.7308,1,1,688,1,1
KESTREL-001887,26.8,13.3,basic,14,8,5,0,0,0,9.0,374,0.9752474034418867,0.9574908671041304,-0.0177565363377562,1,1,sure_thing,0.4148,1,1,816,1,1
KESTREL-001888,12.3,149.69,enterprise,4,15,4,0,0,1,,101,0.9663801321205271,0.9378320338845141,-0.02854809823601301,1,1,sure_thing,0.431,1,1,374,1,1
KESTREL-001889,6.7,20.09,basic,8,8,2,0,0,0,5.0,86,0.9433852492115558,0.903408212709241,-0.03997703650231477,1,0,sure_thing,0.0705,0,1,204,1,0
KESTREL-001890,13.2,12.09,basic,11,13,4,0,1,0,10.0,85,0.922856980765946,0.93614275253423,0.013285771768283938,1,1,sure_thing,0.856,1,1,402,1,0
KESTREL-001891,36.0,18.8,basic,5,299,0,0,0,0,,155,0.7927332723732811,0.4963753830347174,-0.29635788933856366,1,1,sleeping_dog,0.8618,1,1,1096,1,0
KESTREL-001892,14.0,20.89,basic,1,9,3,0,1,0,,65,0.8296580408949734,0.8722868194254413,0.04262877853046787,0,0,lost_cause,0.893,1,0,426,1,1
KESTREL-001893,10.8,51.01,pro,46,5,12,0,1,0,10.0,308,0.99,0.99,0.0,1,1,sure_thing,0.3045,0,1,329,1,0
KESTREL-001894,34.4,47.47,pro,6,18,4,0,0,1,3.0,289,0.9664635412510625,0.8943109514460273,-0.07215258980503514,1,1,sleeping_dog,0.0012,0,1,1047,1,0
KESTREL-001895,22.6,38.1,pro,14,48,9,0,0,1,,365,0.9788084807585572,0.9275679437739173,-0.05124053698463993,1,1,sleeping_dog,0.269,0,1,688,1,0
KESTREL-001896,36.0,47.23,pro,3,48,0,0,0,0,7.0,174,0.9394062559509678,0.7868012957205182,-0.15260496023044967,1,1,sleeping_dog,0.944,0,1,1096,1,0
KESTREL-001897,9.6,20.01,basic,11,54,10,0,0,0,,134,0.9516189632657446,0.9334566354728612,-0.018162327792883404,1,1,sure_thing,0.0703,0,1,292,1,0
KESTREL-001898,13.6,18.77,basic,9,3,12,1,0,0,,204,0.9443918698463654,0.9563967991755503,0.012004929329184955,1,1,sure_thing,0.5925,1,1,414,1,1
KESTREL-001899,6.6,36.54,pro,2,176,1,0,0,0,,43,0.8073461914084051,0.5186094309060806,-0.28873676050232455,0,0,sleeping_dog,0.937,1,0,201,1,0
KESTREL-001900,36.0,15.14,basic,67,2,13,0,0,0,10.0,1342,0.99,0.99,0.0,1,1,sure_thing,0.0495,0,1,1096,1,0
KESTREL-001901,36.0,27.13,basic,8,11,1,0,2,0,7.0,266,0.870762889972726,0.99,0.119237110027274,1,1,persuadable,0.8185,1,1,1096,1,0
KESTREL-001902,20.2,21.92,basic,40,2,33,0,0,0,,593,0.99,0.99,0.0,1,1,sure_thing,0.5792,1,1,615,1,1
KESTREL-001903,36.0,17.99,basic,6,5,3,0,1,0,,210,0.8779533747827976,0.9045527655857891,0.026599390802991563,1,1,lost_cause,0.324,0,1,1096,1,0
KESTREL-001904,22.9,19.99,basic,6,44,4,0,0,0,,201,0.9239431803546697,0.8568521831676505,-0.06709099718701916,1,1,sleeping_dog,0.251,0,1,697,1,0
KESTREL-001905,27.8,69.6,pro,5,63,3,1,0,0,,147,0.9172318965088356,0.882132538713039,-0.03509935779579665,1,1,lost_cause,0.2352,0,1,846,0,0
KESTREL-001906,25.6,65.89,pro,14,14,6,0,0,1,7.0,279,0.9791729136085351,0.9398906080814186,-0.039282305527116534,1,0,sure_thing,0.3093,0,1,779,0,0
KESTREL-001907,23.0,123.62,enterprise,14,82,5,0,0,0,,250,0.9713641781504251,0.8500988136971805,-0.12126536445324454,0,0,sleeping_dog,0.1768,0,0,700,1,0
KESTREL-001908,19.1,42.28,pro,5,11,2,0,0,0,,129,0.9430946226022361,0.9020536706798153,-0.04104095192242074,1,1,sure_thing,0.0125,0,1,581,1,0
KESTREL-001909,14.5,57.71,pro,13,49,9,0,1,1,,203,0.9376078718970117,0.9624776809326195,0.02486980903560787,1,1,sure_thing,0.7948,1,1,441,1,1
KESTREL-001910,22.5,23.96,basic,32,0,20,1,0,0,,679,0.99,0.99,0.0,1,1,sure_thing,0.015,0,1,685,1,0
KESTREL-001911,34.4,55.43,pro,35,1,15,0,0,0,10.0,910,0.99,0.99,0.0,1,1,sure_thing,0.001,0,1,1047,1,0
KESTREL-001912,30.7,77.52,pro,12,24,1,1,0,0,6.0,280,0.9492756381925335,0.9351493345354649,-0.014126303657068573,1,1,sure_thing,0.1865,0,1,935,1,0
KESTREL-001913,28.1,17.44,basic,5,13,2,2,0,1,,184,0.8470824725575343,0.8889022623484466,0.041819789790912276,1,1,lost_cause,0.0372,0,1,855,1,0
KESTREL-001914,14.3,57.09,pro,3,104,2,0,0,1,,46,0.8018762095970821,0.5353778793710549,-0.2664983302260272,1,1,sleeping_dog,0.6348,1,1,435,1,1
KESTREL-001915,33.2,51.17,pro,26,2,15,0,1,1,,673,0.9863758044424793,0.99,0.003624195557520693,1,1,sure_thing,0.2428,0,1,1011,1,0
KESTREL-001916,31.7,15.55,basic,2,155,1,1,0,0,,120,0.861379251271493,0.6025807079850835,-0.2587985432864095,1,1,sleeping_dog,0.1132,0,1,965,1,0
KESTREL-001917,26.0,44.31,pro,2,73,0,2,1,0,5.0,76,0.6974597784342798,0.9237597699035683,0.22629999146928859,0,1,persuadable,0.987,1,1,791,1,1
KESTREL-001918,30.1,27.91,basic,2,151,1,1,2,1,,74,0.5670861648238313,0.6246410540306151,0.057554889206783755,0,0,persuadable,0.9268,1,0,916,1,1
KESTREL-001919,36.0,134.62,enterprise,7,54,3,0,0,1,,222,0.9682062360476675,0.812417536032379,-0.15578870001528855,1,1,sleeping_dog,0.0695,0,1,1096,1,0
KESTREL-001920,2.9,22.54,basic,17,29,5,0,0,0,,39,0.9645028187511628,0.9294452080830464,-0.03505761066811641,1,1,sure_thing,0.5435,0,1,88,0,0
KESTREL-001921,36.0,21.14,basic,11,2,6,0,0,0,,441,0.967811222501898,0.9580485613939035,-0.009762661107994508,1,1,sure_thing,0.3505,1,1,1096,1,1
KESTREL-001922,18.0,40.65,pro,11,53,5,1,1,0,6.0,132,0.8743344376026913,0.99,0.11566556239730874,1,1,persuadable,0.403,1,1,548,1,1
KESTREL-001923,24.3,88.44,pro,3,77,2,1,0,0,7.0,138,0.863420315638134,0.8009666753886542,-0.06245364024947986,1,1,sleeping_dog,0.5498,1,1,740,1,0
KESTREL-001924,9.1,19.41,basic,4,63,2,1,0,0,8.0,39,0.8132289124586718,0.735666277617679,-0.0775626348409928,0,0,sleeping_dog,0.632,1,0,277,1,1
KESTREL-001925,8.0,18.64,basic,5,72,5,0,1,0,,52,0.8288111096782876,0.8237494222081218,-0.005061687470165888,1,1,lost_cause,0.852,1,1,244,1,0
KESTREL-001926,30.0,39.21,pro,20,7,7,0,0,0,,545,0.9823164974433656,0.9732420361672293,-0.009074461276136314,1,1,sure_thing,0.0428,0,1,913,1,0
KESTREL-001927,27.5,15.9,basic,35,7,14,0,0,0,8.0,737,0.99,0.99,0.0,1,1,sure_thing,0.216,0,1,837,1,0
KESTREL-001928,4.6,60.38,pro,7,15,3,0,1,1,8.0,33,0.8596919540219209,0.8935959095084826,0.033903955486561665,1,1,lost_cause,0.9168,1,1,140,1,1
KESTREL-001929,6.3,50.88,pro,3,1,0,1,0,0,,28,0.8720995281466627,0.8790265723648197,0.006927044218157041,1,1,lost_cause,0.4485,1,1,192,1,1
KESTREL-001930,14.6,15.02,basic,12,109,7,1,1,1,7.0,156,0.8614731562863455,0.8621167986836316,0.0006436423972860927,0,1,lost_cause,0.8112,1,1,444,1,0
KESTREL-001931,19.3,17.57,basic,4,11,6,1,0,0,4.0,163,0.9248321810569681,0.9358877166811712,0.011055535624203139,0,0,sure_thing,0.0612,0,0,587,1,0
KESTREL-001932,36.0,45.4,pro,2,21,3,0,0,0,,293,0.9615616156599713,0.9209167199822137,-0.04064489567775764,1,1,sure_thing,0.25,0,1,1096,1,0
KESTREL-001933,36.0,52.83,pro,12,11,5,0,0,0,,399,0.9771324068816414,0.9598889224540147,-0.017243484427626687,0,0,sure_thing,0.207,0,0,1096,1,0
KESTREL-001934,1.4,33.88,pro,5,6,3,2,0,1,,7,0.7729728692057612,0.845481319828475,0.07250845062271372,1,1,persuadable,0.508,1,1,43,1,1
KESTREL-001935,16.6,48.23,pro,4,110,1,0,0,0,,67,0.8652535930624278,0.6109910706938504,-0.2542625223685774,1,1,sleeping_dog,0.4465,1,1,505,1,0
KESTREL-001936,16.8,26.38,basic,7,9,5,0,0,0,,168,0.9458449011029225,0.9294450539201025,-0.01639984718282006,1,1,sure_thing,0.6647,1,1,511,1,1
KESTREL-001937,18.2,135.94,enterprise,1,5,2,2,0,0,,71,0.8726439848653176,0.99,0.11735601513468241,1,1,persuadable,0.155,0,1,554,1,0
KESTREL-001938,36.0,36.9,pro,0,41,1,1,0,0,,43,0.8727207115115636,0.8375008266657914,-0.03521988484577221,0,0,lost_cause,0.2018,0,0,1096,1,0
KESTREL-001939,27.7,47.89,pro,3,33,2,0,1,0,5.0,85,0.908905194860579,0.9499444114048877,0.041039216544308754,1,1,lost_cause,0.65,1,1,843,1,1
KESTREL-001940,32.2,17.61,basic,6,5,7,0,1,0,,399,0.9462612062034301,0.979316891299861,0.033055685096430865,1,1,sure_thing,0.3648,1,1,980,1,0
KESTREL-001941,33.0,49.52,pro,4,39,1,0,0,0,8.0,169,0.9287554021278938,0.8198920482024594,-0.10886335392543434,1,1,sleeping_dog,0.3302,0,1,1005,1,0
KESTREL-001942,2.7,20.44,basic,10,25,5,1,0,0,,30,0.8905614251339328,0.8872359692151225,-0.003325455918810283,1,1,lost_cause,0.7745,1,1,82,1,1
KESTREL-001943,9.8,25.84,basic,4,27,1,0,1,0,,60,0.7686385216684098,0.7826635285257599,0.014025006857350086,1,1,lost_cause,0.126,0,1,298,0,0
KESTREL-001944,36.0,35.22,pro,6,1,3,1,0,1,,284,0.9651084323095626,0.954606746004577,-0.010501686304985602,1,1,sure_thing,0.1845,0,1,1096,1,0
KESTREL-001945,21.3,39.47,pro,5,109,2,0,0,1,8.0,164,0.8767017985702528,0.6032555311763147,-0.27344626739393807,1,1,sleeping_dog,0.1928,0,1,648,1,0
KESTREL-001946,29.0,24.59,basic,18,14,7,0,0,0,,435,0.9815640820950419,0.9696158229477534,-0.011948259147288476,1,1,sure_thing,0.3728,1,1,883,1,1
KESTREL-001947,23.7,57.98,pro,5,26,5,0,1,0,10.0,194,0.9318377875845102,0.99,0.0581622124154898,1,1,persuadable,0.247,0,1,721,1,0
KESTREL-001948,36.0,21.37,basic,6,29,7,1,0,0,6.0,354,0.9447743892185867,0.9517681467810902,0.006993757562503533,1,1,sure_thing,0.2052,0,1,1096,1,0
KESTREL-001949,17.4,14.68,basic,26,0,8,0,0,0,9.0,353,0.9861650012415069,0.9803868997752656,-0.005778101466241248,1,1,sure_thing,0.8445,1,1,530,1,1
KESTREL-001950,5.8,53.1,pro,10,126,4,0,0,1,,53,0.8793989449289359,0.6057448634326823,-0.2736540814962536,1,0,sleeping_dog,0.7163,1,0,177,1,1
KESTREL-001951,32.8,64.84,pro,6,76,1,2,0,1,,124,0.8985451927768642,0.8607192649431976,-0.03782592783366656,1,1,lost_cause,0.2378,0,1,998,1,0
KESTREL-001952,18.3,18.36,basic,3,19,2,0,0,0,,67,0.9604316768076414,0.9064144044318057,-0.054017272375835756,1,1,sleeping_dog,0.1848,0,1,557,1,0
KESTREL-001953,36.0,136.9,enterprise,3,35,1,1,0,1,,134,0.9474618835419047,0.9537309682216448,0.006269084679740078,1,1,sure_thing,0.3935,1,1,1096,1,1
KESTREL-001954,36.0,17.84,basic,8,13,3,0,0,0,7.0,326,0.9642128342863585,0.9286059588393103,-0.035606875447048214,1,1,sure_thing,0.649,1,1,1096,1,1
KESTREL-001955,36.0,45.35,pro,14,13,9,2,0,0,8.0,388,0.9543925561768933,0.99,0.035607443823106655,1,1,sure_thing,0.265,0,1,1096,1,0
KESTREL-001956,18.6,77.84,enterprise,6,46,3,0,0,0,,195,0.9493429296869368,0.8678536841320699,-0.08148924555486692,1,1,sleeping_dog,0.5367,1,1,566,1,1
KESTREL-001957,8.9,16.73,basic,16,7,5,0,0,0,,120,0.9694217283663756,0.9521199462743641,-0.017301782092011497,1,1,sure_thing,0.5395,1,1,271,1,1
KESTREL-001958,24.1,18.49,basic,11,22,9,0,1,0,10.0,277,0.9379424350691127,0.9605177621138614,0.02257532704474874,1,1,sure_thing,0.6898,1,1,734,1,1
KESTREL-001959,3.5,20.83,basic,14,3,5,1,0,0,,45,0.9005351742518036,0.9019430728498656,0.0014078985980620073,1,1,lost_cause,0.7712,1,1,107,1,1
KESTREL-001960,17.5,55.35,pro,3,25,6,0,1,1,,138,0.9035960931230506,0.9633017269098307,0.05970563378678018,1,1,persuadable,0.0652,0,1,533,1,0
KESTREL-001961,21.1,49.87,pro,1,31,2,0,1,1,4.0,76,0.9119576723190339,0.9275445839203035,0.01558691160126957,1,1,lost_cause,0.4252,1,1,642,1,1
KESTREL-001962,30.3,13.87,basic,5,1,3,0,1,0,6.0,245,0.870748541627729,0.8985173207931741,0.02776877916544518,1,1,lost_cause,0.301,0,1,922,1,0
KESTREL-001963,26.6,129.57,enterprise,6,47,5,0,1,0,,223,0.9195164533861415,0.99,0.07048354661385847,1,1,persuadable,0.5468,1,1,810,1,1
KESTREL-001964,13.4,17.57,basic,15,7,6,1,0,0,,193,0.9391517752253018,0.9404919178695358,0.001340142644233988,1,1,sure_thing,0.4035,1,1,408,1,1
KESTREL-001965,36.0,54.36,pro,9,39,4,0,1,0,5.0,276,0.9543847282143196,0.9870638305421813,0.03267910232786164,1,1,sure_thing,0.16,0,1,1096,1,0
KESTREL-001966,14.1,87.72,enterprise,2,19,5,1,1,1,,71,0.7519671618669594,0.9796698913729682,0.22770272950600878,1,1,persuadable,0.7548,1,1,429,1,1
KESTREL-001967,24.0,25.3,basic,6,37,1,0,1,0,,163,0.8998206500200614,0.8960508586876139,-0.0037697913324474808,0,0,lost_cause,0.0842,0,0,731,1,0
KESTREL-001968,34.0,17.87,basic,6,365,1,0,0,0,4.0,131,0.7713179552072342,0.47457552347705695,-0.2967424317301773,1,0,sleeping_dog,0.8488,1,0,1035,1,1
KESTREL-001969,13.9,17.2,basic,5,39,4,0,1,0,8.0,103,0.8465441599862186,0.8633649048211932,0.016820744834974644,1,1,lost_cause,0.8572,1,1,423,1,1
KESTREL-001970,3.7,160.54,enterprise,4,18,4,1,0,0,,20,0.898635826289019,0.99,0.09136417371098104,1,1,persuadable,0.0245,0,1,113,1,0
KESTREL-001971,23.6,75.09,pro,1,2,3,1,0,0,,117,0.9062567385137608,0.9549180229910104,0.0486612844772496,0,0,lost_cause,0.8632,1,0,718,1,0
KESTREL-001972,5.6,146.36,enterprise,23,1,8,1,1,0,10.0,84,0.9601060136856933,0.99,0.02989398631430673,1,1,sure_thing,0.7478,1,1,170,1,1
KESTREL-001973,10.9,34.68,pro,12,11,10,1,0,0,,173,0.9261041195589379,0.9376641210968704,0.011560001537932463,1,1,sure_thing,0.3748,1,1,332,1,1
KESTREL-001974,24.6,94.01,enterprise,5,2,4,3,0,0,,151,0.8559909190991268,0.99,0.13400908090087316,1,1,persuadable,0.4835,1,1,749,1,1
KESTREL-001975,22.6,30.41,basic,2,73,3,0,0,0,,90,0.923665790004194,0.7732883590783516,-0.15037743092584244,1,1,sleeping_dog,0.9148,1,1,688,1,1
KESTREL-001976,36.0,22.53,basic,9,40,4,0,0,1,,341,0.9625489359046976,0.8387153264728857,-0.12383360943181188,1,1,sleeping_dog,0.1238,0,1,1096,1,0
KESTREL-001977,17.8,35.71,pro,20,4,20,1,1,0,,386,0.9582930501189314,0.99,0.03170694988106859,1,1,sure_thing,0.0028,0,1,542,0,0
KESTREL-001978,26.5,45.89,pro,1,154,4,2,0,1,,105,0.7687922426488563,0.6367635287525998,-0.13202871389625648,1,1,sleeping_dog,0.8045,1,1,807,1,0
KESTREL-001979,24.3,44.85,pro,9,0,7,1,0,1,,244,0.9474437247046943,0.9580270479769049,0.010583323272210565,1,1,sure_thing,0.1962,0,1,740,1,0
KESTREL-001980,15.8,19.3,basic,2,27,1,0,0,0,,58,0.8765615247000522,0.7921480097787047,-0.08441351492134752,1,1,sleeping_dog,0.4695,1,1,481,1,1
KESTREL-001981,20.7,43.23,pro,2,139,0,1,0,0,5.0,89,0.8701634658739994,0.6297127799559519,-0.24045068591804752,1,1,sleeping_dog,0.756,1,1,630,1,1
KESTREL-001982,11.1,74.01,pro,20,4,3,0,1,0,,207,0.9662100406742415,0.99,0.023789959325758447,1,1,sure_thing,0.0728,0,1,338,1,0
KESTREL-001983,31.5,45.37,pro,8,23,4,0,1,1,,234,0.9370125321182651,0.9540882778753145,0.0170757457570494,1,1,sure_thing,0.2795,0,1,959,1,0
KESTREL-001984,3.0,19.71,basic,11,127,3,0,0,0,7.0,15,0.8731195068082458,0.6150586054296008,-0.258060901378645,0,0,sleeping_dog,0.1912,0,0,91,1,0
KESTREL-001985,9.8,59.2,pro,0,30,2,2,1,0,6.0,33,0.6675940746396903,0.9404653427911391,0.2728712681514488,1,1,persuadable,0.8922,1,1,298,1,1
KESTREL-001986,36.0,18.28,basic,3,77,3,1,1,0,,177,0.7884418465187257,0.8882557040718814,0.09981385755315564,0,1,persuadable,0.8038,1,1,1096,1,1
KESTREL-001987,28.7,16.29,basic,12,95,5,0,0,0,7.0,302,0.9598132138774957,0.7949790061169665,-0.16483420776052926,1,0,sleeping_dog,0.5565,1,0,874,1,1
KESTREL-001988,24.5,15.52,basic,15,2,5,0,0,0,,381,0.9823923272566091,0.9678962415822727,-0.014496085674336356,1,1,sure_thing,0.7042,1,1,746,1,0
KESTREL-001989,8.4,19.52,basic,4,47,3,0,0,1,6.0,59,0.9156912632055009,0.7536308244245413,-0.16206043878095955,1,1,sleeping_dog,0.1888,0,1,256,1,0
KESTREL-001990,16.3,17.15,basic,3,8,6,3,0,0,8.0,77,0.7226472876128333,0.918077658763919,0.19543037115108575,1,1,persuadable,0.9238,1,1,496,1,1
KESTREL-001991,27.6,40.37,pro,1,31,0,2,0,0,2.0,79,0.8480556116207479,0.9340530160034661,0.08599740438271819,1,1,persuadable,0.742,1,1,840,1,1
KESTREL-001992,36.0,12.47,basic,1,35,2,0,0,0,,96,0.9057013627550947,0.8227974810312525,-0.08290388172384222,1,1,sleeping_dog,0.4805,1,1,1096,1,1
KESTREL-001993,36.0,37.25,pro,3,103,1,1,0,0,,129,0.8695697149137802,0.6857148281960743,-0.1838548867177059,0,0,sleeping_dog,0.7975,1,0,1096,1,1
KESTREL-001994,11.0,14.98,basic,16,19,4,0,0,0,,164,0.9596567750167354,0.925723890675144,-0.03393288434159136,1,1,sure_thing,0.1678,0,1,335,1,0
KESTREL-001995,17.9,21.87,basic,9,7,6,0,0,0,,151,0.9667008929363862,0.9552898343675132,-0.011411058568872923,1,1,sure_thing,0.2575,0,1,545,1,0
KESTREL-001996,36.0,47.62,pro,12,24,2,0,0,1,9.0,424,0.9734572380025451,0.8462916649122597,-0.12716557309028542,1,1,sleeping_dog,0.3975,1,1,1096,1,1
KESTREL-001997,32.4,15.9,basic,17,18,6,0,0,1,,488,0.9839444449127417,0.9363845070971201,-0.04755993781562162,1,1,sure_thing,0.9252,1,1,986,1,0
KESTREL-001998,24.2,16.74,basic,8,44,6,0,0,0,7.0,224,0.9404874659679906,0.8995446997304066,-0.04094276623758397,1,1,sure_thing,0.8555,1,1,737,1,1
KESTREL-001999,11.6,52.64,pro,1,267,2,0,1,0,,30,0.5284152489606821,0.31622896633441316,-0.21218628262626898,0,0,sleeping_dog,0.9622,1,0,353,1,0
KESTREL-002000,36.0,44.01,pro,31,11,10,0,1,1,8.0,789,0.99,0.99,0.0,1,1,sure_thing,0.8825,1,1,1096,1,0
KESTREL-002001,17.2,79.44,enterprise,13,2,1,2,0,0,,145,0.9302076703692855,0.99,0.05979232963071446,1,1,persuadable,0.512,1,1,524,1,1
KESTREL-002002,29.5,16.6,basic,27,3,21,0,0,1,10.0,670,0.99,0.99,0.0,1,1,sure_thing,0.2925,0,1,898,1,0
KESTREL-002003,20.2,61.28,pro,8,6,5,0,0,0,,180,0.9620049261360983,0.9502621466162101,-0.011742779519888225,1,1,sure_thing,0.128,0,1,615,1,0
KESTREL-002004,27.6,16.52,basic,44,14,19,0,0,0,10.0,802,0.99,0.99,0.0,1,1,sure_thing,0.6495,1,1,840,1,0
KESTREL-002005,8.0,53.56,pro,19,3,12,0,1,0,10.0,128,0.9303246885307068,0.956318286768321,0.025993598237614157,0,0,sure_thing,0.5942,1,0,244,1,1
KESTREL-002006,36.0,22.21,basic,9,11,6,0,0,0,7.0,259,0.977423935217427,0.9641173187336934,-0.013306616483733547,1,1,sure_thing,0.3568,1,1,1096,1,1
KESTREL-002007,15.0,19.9,basic,47,0,26,0,0,0,7.0,492,0.99,0.99,0.0,1,1,sure_thing,0.859,1,1,457,1,1
KESTREL-002008,33.0,41.5,pro,15,1,7,1,0,0,9.0,559,0.9538484829779353,0.962332958557158,0.008484475579222606,1,1,sure_thing,0.7632,1,1,1005,1,0
KESTREL-002009,27.6,21.2,basic,6,2,5,1,0,0,,253,0.9186772050128559,0.9282681720734878,0.009590967060631894,1,1,lost_cause,0.4288,1,1,840,1,1
KESTREL-002010,8.1,42.82,pro,9,12,6,1,0,0,,68,0.9254173035848409,0.9379264635039136,0.012509159919072754,1,1,sure_thing,0.3408,1,1,247,1,1
KESTREL-002011,2.6,17.16,basic,8,10,5,0,0,1,,31,0.9187315335447387,0.8714463344000619,-0.04728519914467677,1,1,lost_cause,0.2865,0,1,79,1,0
KESTREL-002012,29.2,16.92,basic,6,32,5,0,1,0,,233,0.8994038293946659,0.9219358615149416,0.022532032120275658,1,1,lost_cause,0.6585,1,1,889,1,0
KESTREL-002013,13.5,63.87,pro,2,146,2,1,1,0,,73,0.7166644656839231,0.7207373340954499,0.004072868411526875,1,1,lost_cause,0.8938,1,1,411,1,1
KESTREL-002014,12.7,58.9,pro,5,89,2,0,0,0,,69,0.8784328428584908,0.6723466120257309,-0.2060862308327599,1,1,sleeping_dog,0.376,1,1,387,1,1
KESTREL-002015,36.0,55.84,pro,3,307,3,1,0,0,,130,0.8321548627936115,0.5719838300465069,-0.2601710327471046,1,0,sleeping_dog,0.935,1,0,1096,1,0
KESTREL-002016,36.0,14.08,basic,28,5,24,0,1,0,6.0,854,0.99,0.99,0.0,1,1,sure_thing,0.4618,1,1,1096,0,0
KESTREL-002017,35.0,20.54,basic,4,19,2,0,0,0,4.0,147,0.9621995619329275,0.908030859047074,-0.054168702885853515,1,1,sleeping_dog,0.013,0,1,1065,1,0
KESTREL-002018,34.0,40.74,pro,6,333,3,3,0,0,,122,0.5890594368444478,0.5008923119242854,-0.08816712492016243,1,0,sleeping_dog,0.8052,1,0,1035,1,1
KESTREL-002019,36.0,39.18,pro,9,18,7,0,1,1,6.0,358,0.9534871046186069,0.983335251864798,0.029848147246191115,1,1,sure_thing,0.1558,0,1,1096,1,0
KESTREL-002020,36.0,22.47,basic,9,1,9,0,0,1,10.0,393,0.9791442345699788,0.9688617893739854,-0.010282445195993417,1,1,sure_thing,0.5748,0,1,1096,1,0
KESTREL-002021,24.2,15.36,basic,0,176,4,1,1,1,,122,0.6208518633550284,0.5070261903260048,-0.11382567302902358,1,1,sleeping_dog,0.781,1,1,737,1,1
KESTREL-002022,3.3,10.92,basic,14,29,4,0,1,0,6.0,58,0.8944122379135099,0.8963787334758966,0.0019664955623867053,1,1,lost_cause,0.2752,0,1,100,1,0
KESTREL-002023,9.8,19.73,basic,5,37,1,1,1,0,,73,0.6779722278675353,0.7890541553135579,0.11108192744602263,0,0,persuadable,0.9085,1,0,298,1,1
KESTREL-002024,8.6,26.41,basic,16,37,2,0,0,1,,118,0.9558826353528742,0.7944894198266065,-0.16139321552626773,1,1,sleeping_dog,0.0655,0,1,262,1,0
KESTREL-002025,36.0,18.62,basic,19,14,4,0,0,0,9.0,698,0.99,0.9612742496248615,-0.02872575037513847,1,1,sure_thing,0.8465,1,1,1096,1,1
KESTREL-002026,8.0,22.1,basic,53,1,24,0,0,0,10.0,256,0.99,0.99,0.0,1,1,sure_thing,0.2208,0,1,244,1,0
KESTREL-002027,14.7,23.03,basic,30,3,13,0,0,0,10.0,355,0.9867038924095453,0.9855861147346355,-0.0011177776749097257,1,1,sure_thing,0.118,0,1,447,0,0
KESTREL-002028,30.1,26.01,basic,3,151,1,0,0,0,4.0,148,0.82912781378599,0.5449281030886888,-0.2841997106973012,0,0,sleeping_dog,0.805,1,0,916,1,1
KESTREL-002029,28.6,15.01,basic,9,58,10,0,0,0,,384,0.9675376778813366,0.9468304735561478,-0.0207072043251888,1,1,sure_thing,0.1632,0,1,871,1,0
KESTREL-002030,11.0,70.95,pro,28,6,11,1,0,0,,178,0.9830000260867432,0.9895099135153279,0.006509887428584715,1,1,sure_thing,0.5032,1,1,335,1,1
KESTREL-002031,29.8,29.75,basic,5,107,4,2,0,1,,193,0.8377990619116262,0.7475976921040378,-0.09020136980758842,1,1,sleeping_dog,0.9188,1,1,907,1,0
KESTREL-002032,36.0,54.73,pro,3,40,2,0,1,0,,172,0.9379812949417474,0.9795154711130186,0.0415341761712712,1,1,sure_thing,0.7118,1,1,1096,1,1
KESTREL-002033,19.9,22.19,basic,1,209,1,1,1,0,,76,0.5655920686933523,0.4382537695138179,-0.12733829917953443,0,0,sleeping_dog,0.9705,1,0,606,1,1
KESTREL-002034,29.9,58.21,pro,4,4,1,1,1,0,5.0,120,0.8517424394329252,0.99,0.13825756056707483,1,1,persuadable,0.0912,0,1,910,1,0
KESTREL-002035,19.7,25.25,basic,20,10,5,0,0,0,8.0,298,0.982318466578963,0.9629775623599665,-0.01934090421899659,1,1,sure_thing,0.3735,1,1,600,1,1
KESTREL-002036,29.5,65.79,pro,10,21,4,1,0,1,8.0,296,0.9559551261912834,0.9393840039640154,-0.016571122227267976,1,1,sure_thing,0.3355,0,1,898,1,0
KESTREL-002037,26.4,30.54,basic,3,19,4,0,0,0,8.0,190,0.938740797428452,0.908689228961867,-0.030051568466584966,1,1,sure_thing,0.746,1,1,804,1,1
KESTREL-002038,20.4,73.21,pro,18,6,5,1,0,0,9.0,323,0.9674484223109924,0.9769240694269363,0.009475647115943953,1,1,sure_thing,0.584,1,1,621,1,1
KESTREL-002039,35.2,117.8,enterprise,1,2,0,1,1,0,,137,0.8823815730150198,0.99,0.10761842698498014,1,1,persuadable,0.2095,0,1,1071,1,0
KESTREL-002040,17.7,28.96,basic,4,25,1,2,1,0,,81,0.7349614944273254,0.9807966059595711,0.2458351115322457,0,1,persuadable,0.9305,1,1,539,1,1
KESTREL-002041,9.5,56.17,pro,5,33,0,1,0,0,7.0,62,0.8718000062734473,0.8343233884008655,-0.03747661787258183,1,1,lost_cause,0.7865,1,1,289,1,1
KESTREL-002042,36.0,15.61,basic,20,12,17,0,1,0,,903,0.9811720508899023,0.99,0.008827949110097655,1,1,sure_thing,0.2582,0,1,1096,1,0
KESTREL-002043,16.8,168.73,enterprise,12,15,2,0,0,1,8.0,180,0.9802740710266511,0.905673276521103,-0.07460079450554813,1,1,sleeping_dog,0.0362,0,1,511,1,0
KESTREL-002044,36.0,56.99,pro,0,15,1,0,0,0,4.0,95,0.9556100181425617,0.9005225689100712,-0.05508744923249054,1,1,sleeping_dog,0.4002,1,1,1096,1,1
KESTREL-002045,27.0,19.48,basic,4,150,1,0,0,0,4.0,94,0.8108683266965014,0.5261309032199628,-0.28473742347653863,1,1,sleeping_dog,0.8455,1,1,822,1,0
KESTREL-002046,13.4,24.22,basic,2,23,0,0,1,0,,54,0.8631956922388752,0.8774877057466457,0.01429201350777054,1,1,lost_cause,0.5295,1,1,408,1,1
KESTREL-002047,18.8,17.63,basic,13,55,8,1,0,0,,165,0.9364059443398204,0.9281687478633344,-0.00823719647648602,1,1,sure_thing,0.204,0,1,572,1,0
KESTREL-002048,36.0,20.84,basic,12,7,8,1,0,0,7.0,781,0.9608422699961261,0.9678554928158521,0.0070132228197260504,1,1,sure_thing,0.4802,1,1,1096,1,1
KESTREL-002049,28.9,40.35,pro,7,13,11,0,0,0,,471,0.9773647555552327,0.977896005529403,0.0005312499741703114,1,1,sure_thing,0.4595,1,1,880,1,1
KESTREL-002050,13.4,44.85,pro,8,41,2,1,0,0,,77,0.8956216278363568,0.8624754718615466,-0.03314615597481019,0,0,lost_cause,0.5357,1,0,408,1,1
KESTREL-002051,24.7,116.03,enterprise,10,6,11,0,0,0,,380,0.9816909316245824,0.99,0.008309068375417561,1,1,sure_thing,0.8978,1,1,752,1,1
KESTREL-002052,13.7,24.98,basic,2,9,4,0,1,0,,115,0.8771525311214137,0.9225333062244655,0.04538077510305183,1,1,lost_cause,0.682,1,1,417,1,1
KESTREL-002053,28.3,18.59,basic,40,2,15,0,0,1,,749,0.99,0.99,0.0,1,1,sure_thing,0.737,1,1,861,1,1
KESTREL-002054,28.4,137.78,enterprise,8,4,2,1,0,0,3.0,164,0.9531871664847857,0.99,0.03681283351521425,1,1,sure_thing,0.0348,0,1,864,1,0
KESTREL-002055,19.5,15.02,basic,9,21,2,0,0,0,,162,0.9562718263075574,0.8973233148719976,-0.05894851143555979,1,1,sleeping_dog,0.5542,1,1,594,1,1
KESTREL-002056,36.0,27.89,basic,29,7,12,1,0,0,,744,0.99,0.99,0.0,1,1,sure_thing,0.449,1,1,1096,1,1
KESTREL-002057,12.3,64.58,pro,11,19,5,1,0,0,5.0,72,0.9049545082872852,0.9179204500068044,0.012965941719519258,1,1,lost_cause,0.2042,0,1,374,1,0
KESTREL-002058,18.6,15.38,basic,4,109,1,4,0,0,5.0,69,0.4908389058273291,0.6941195920238916,0.20328068619656253,0,0,persuadable,0.9805,1,0,566,1,1
KESTREL-002059,36.0,16.01,basic,7,2,3,1,0,1,,345,0.9526723681953918,0.9334523690016243,-0.01921999919376749,1,1,sure_thing,0.0488,0,1,1096,1,0
KESTREL-002060,17.5,19.16,basic,7,137,3,0,0,0,,83,0.9065126227759618,0.6391254424323507,-0.2673871803436111,1,1,sleeping_dog,0.561,1,1,533,1,1
KESTREL-002061,6.9,22.07,basic,2,7,0,1,0,0,,36,0.8679588781370177,0.8562590112532844,-0.011699866883733256,1,1,lost_cause,0.7545,1,1,210,1,1
KESTREL-002062,33.9,16.31,basic,4,121,1,2,0,1,,134,0.8323107802164283,0.6537036781424208,-0.17860710207400754,1,1,sleeping_dog,0.72,1,1,1032,1,1
KESTREL-002063,16.6,21.18,basic,10,13,2,0,0,0,,171,0.9491797843315504,0.9023330942286307,-0.04684669010291964,1,1,sure_thing,0.614,1,1,505,1,1
KESTREL-002064,26.1,64.3,pro,6,2,6,0,0,0,,289,0.9630046401426543,0.958865880223939,-0.004138759918715262,1,1,sure_thing,0.063,0,1,794,1,0
KESTREL-002065,14.1,21.26,basic,16,1,9,0,0,1,,206,0.9739227009600635,0.9624056896548352,-0.011517011305228309,1,1,sure_thing,0.89,1,1,429,1,1
KESTREL-002066,34.8,17.51,basic,6,50,8,0,0,1,5.0,325,0.9437790704707139,0.8753903419385896,-0.0683887285321243,1,1,sleeping_dog,0.0755,0,1,1059,1,0
KESTREL-002067,12.5,39.66,pro,6,33,3,0,0,0,,148,0.9148413939650849,0.8531241596004784,-0.06171723436460652,1,0,sleeping_dog,0.2668,0,1,380,1,0
KESTREL-002068,36.0,18.59,basic,10,16,2,1,1,0,,327,0.8813299111232502,0.9758418441136762,0.09451193299042604,1,1,persuadable,0.3588,1,1,1096,1,0
KESTREL-002069,9.0,41.5,pro,6,18,3,0,0,0,8.0,84,0.9311641637627331,0.8919865929110156,-0.03917757085171758,1,1,sure_thing,0.4012,1,1,274,1,1
KESTREL-002070,16.2,60.38,pro,9,209,8,0,1,0,7.0,154,0.8379025494489484,0.6355440401658703,-0.20235850928307808,1,1,sleeping_dog,0.8625,1,1,493,1,0
KESTREL-002071,36.0,40.73,pro,14,5,5,0,0,0,,409,0.9785440562288734,0.9636284663350771,-0.014915589893796266,1,1,sure_thing,0.3912,1,1,1096,1,0
KESTREL-002072,27.8,31.61,pro,5,1,6,2,0,1,,223,0.883021355638087,0.9645247346668455,0.08150337902875848,1,1,persuadable,0.4548,1,1,846,1,1
KESTREL-002073,14.9,16.03,basic,1,307,0,1,0,0,,56,0.4656937910699568,0.18846578719280255,-0.27722800387715424,1,1,sleeping_dog,0.9852,1,1,454,1,1
KESTREL-002074,21.5,17.28,basic,2,40,2,3,1,1,,138,0.6445364217048237,0.9225779295456062,0.2780415078407825,1,1,persuadable,0.8862,1,1,654,1,1
KESTREL-002075,10.9,20.6,basic,6,6,5,0,0,0,,109,0.9225839013696681,0.9078532179719728,-0.014730683397695232,1,1,sure_thing,0.4958,1,1,332,1,1
KESTREL-002076,7.6,68.2,pro,3,34,2,2,1,0,,75,0.7075158009071205,0.9782186862404243,0.2707028853333038,0,0,persuadable,0.9028,1,0,231,1,1
KESTREL-002077,36.0,94.88,enterprise,6,239,2,1,1,0,6.0,149,0.8365335854932363,0.7714327105824262,-0.06510087491081007,1,1,sleeping_dog,0.6945,1,1,1096,1,0
KESTREL-002078,27.5,20.59,basic,7,11,2,1,0,1,,187,0.932416555940719,0.8922399747987567,-0.04017658114196232,1,1,sure_thing,0.6225,1,1,837,1,0
KESTREL-002079,4.7,19.03,basic,4,25,3,0,0,0,4.0,41,0.8976121959132107,0.8476419362227953,-0.049970259690415464,1,1,lost_cause,0.6567,1,1,143,1,1
KESTREL-002080,21.2,13.19,basic,3,193,3,0,0,0,6.0,94,0.745902765614053,0.45464822031725755,-0.29125454529679545,1,0,sleeping_dog,0.8755,1,0,645,1,0
KESTREL-002081,36.0,16.4,basic,8,71,2,2,0,0,,286,0.9162567609696005,0.9085011968751829,-0.0077555640944175774,1,1,lost_cause,0.8835,1,1,1096,1,1
KESTREL-002082,25.8,146.67,enterprise,11,52,4,0,0,0,8.0,174,0.9834109526468597,0.9227441787968668,-0.06066677384999297,1,1,sleeping_dog,0.1212,0,1,785,1,0
KESTREL-002083,36.0,24.81,basic,5,139,4,2,0,0,,235,0.7600198072299456,0.6591685412695902,-0.10085126596035532,1,1,sleeping_dog,0.462,1,1,1096,1,1
KESTREL-002084,36.0,15.04,basic,0,224,0,1,1,1,4.0,137,0.5604835759927862,0.41908080008369053,-0.14140277590909567,0,0,sleeping_dog,0.9615,1,0,1096,1,1
KESTREL-002085,14.3,29.66,basic,3,35,1,0,0,0,,78,0.9030117472065126,0.8016450100069683,-0.10136673719954425,1,1,sleeping_dog,0.6988,1,1,435,1,0
KESTREL-002086,10.8,37.74,pro,8,2,3,0,0,0,7.0,90,0.9569485433380853,0.9333403543806995,-0.02360818895738581,1,1,sure_thing,0.699,1,1,329,1,0
KESTREL-002087,13.4,18.68,basic,3,5,5,1,0,0,,78,0.9102472843378105,0.922437302854815,0.012190018517004408,1,1,lost_cause,0.1642,0,1,408,1,0
KESTREL-002088,21.2,21.7,basic,8,39,2,3,0,1,,150,0.7881556659056659,0.9304990468394916,0.1423433809338257,1,1,persuadable,0.7485,1,1,645,1,1
KESTREL-002089,36.0,15.3,basic,5,39,2,0,0,0,3.0,123,0.9477243179715636,0.8553407413891838,-0.09238357658237983,1,1,sleeping_dog,0.4138,1,1,1096,1,1
KESTREL-002090,4.1,16.39,basic,5,55,4,1,1,0,6.0,23,0.6971725955494927,0.8086367567143679,0.11146416116487512,0,0,persuadable,0.7805,1,0,125,1,1
KESTREL-002091,36.0,22.85,basic,13,0,8,0,0,0,7.0,446,0.9832579066185421,0.9789118382519352,-0.004346068366606892,1,1,sure_thing,0.6878,1,1,1096,1,0
KESTREL-002092,12.8,78.55,pro,56,0,23,0,1,0,,441,0.99,0.99,0.0,1,1,sure_thing,0.154,0,1,390,1,0
KESTREL-002093,4.6,69.03,pro,1,96,6,0,2,0,,8,0.5967211659061626,0.8355847699179505,0.23886360401178786,1,1,persuadable,0.9575,1,1,140,1,1
KESTREL-002094,20.5,118.84,enterprise,8,19,5,0,0,1,9.0,183,0.9746305789649009,0.9298184290161549,-0.04481214994874605,1,1,sure_thing,0.1013,0,1,624,1,0
KESTREL-002095,36.0,17.72,basic,7,188,1,1,0,0,5.0,246,0.8125628086616212,0.5345308072297661,-0.27803200143185514,1,0,sleeping_dog,0.583,1,0,1096,1,0
KESTREL-002096,36.0,43.43,pro,12,17,8,0,1,0,8.0,409,0.9706817466071704,0.99,0.019318253392829554,1,1,sure_thing,0.0365,0,1,1096,1,0
KESTREL-002097,36.0,135.95,enterprise,11,20,5,0,0,1,6.0,292,0.986311551403699,0.9415622971242517,-0.044749254279447315,1,1,sure_thing,0.708,1,1,1096,1,1
KESTREL-002098,26.7,54.91,pro,3,152,6,0,1,0,,140,0.8283933219172297,0.7127610344818989,-0.11563228743533083,1,1,sleeping_dog,0.9582,1,1,813,0,1
KESTREL-002099,24.9,21.06,basic,15,3,6,0,0,0,,377,0.9820672337962327,0.9712737674681079,-0.010793466328124834,1,1,sure_thing,0.364,1,1,758,1,1
KESTREL-002100,26.0,41.15,pro,31,2,18,0,0,0,,629,0.99,0.99,0.0,1,1,sure_thing,0.5835,1,1,791,1,1
KESTREL-002101,21.0,21.99,basic,17,14,2,0,0,0,,196,0.9691114954919219,0.9198186074590695,-0.04929288803285237,1,1,sure_thing,0.5327,1,1,639,1,1
KESTREL-002102,5.0,16.27,basic,9,15,8,0,0,0,9.0,63,0.9096372656950917,0.9017163945643324,-0.007920871130759344,1,1,lost_cause,0.7808,1,1,152,1,0
KESTREL-002103,36.0,57.91,pro,7,41,6,0,0,0,10.0,278,0.9762119764033226,0.9426618076014774,-0.03355016880184514,1,1,sure_thing,0.6465,1,1,1096,1,1
KESTREL-002104,16.8,18.76,basic,1,334,2,2,0,0,,64,0.35039803848769796,0.14320150899096828,-0.20719652949672968,1,0,sleeping_dog,0.9988,1,0,511,1,1
KESTREL-002105,26.3,19.01,basic,7,19,6,0,0,0,,277,0.9634555685622967,0.9458530564195371,-0.017602512142759652,1,0,sure_thing,0.8048,1,0,801,1,1
KESTREL-002106,12.8,21.45,basic,4,114,5,2,1,0,,88,0.614828935879059,0.8231897176404784,0.20836078176141948,0,1,persuadable,0.9882,1,1,390,1,1
KESTREL-002107,2.7,57.16,pro,6,12,3,0,1,1,9.0,19,0.9252471960824467,0.9629557145488273,0.03770851846638068,1,1,sure_thing,0.686,1,1,82,1,1
KESTREL-002108,36.0,38.13,pro,2,117,1,1,0,0,,202,0.8566012959943123,0.6494390642480534,-0.20716223174625892,1,1,sleeping_dog,0.7598,1,1,1096,1,1
KESTREL-002109,8.1,24.1,basic,15,0,6,0,0,1,7.0,101,0.9699949929224522,0.9428458513457167,-0.027149141576735425,1,1,sure_thing,0.7897,1,1,247,1,1
KESTREL-002110,29.3,106.08,enterprise,5,10,4,0,1,0,,147,0.919202158038342,0.99,0.07079784196165795,1,1,persuadable,0.2572,0,1,892,1,0
KESTREL-002111,36.0,44.34,pro,18,0,8,0,0,0,,623,0.9877845560125831,0.9834792374989231,-0.004305318513660006,1,1,sure_thing,0.2205,0,1,1096,1,0
KESTREL-002112,17.5,37.03,pro,2,91,1,0,1,0,4.0,73,0.7471790053646605,0.657264557896507,-0.08991444746815358,1,1,sleeping_dog,0.969,1,1,533,1,0
KESTREL-002113,28.2,40.14,pro,6,66,5,1,1,0,,202,0.8524356423552668,0.99,0.13756435764473318,1,1,persuadable,0.162,0,1,858,1,0
KESTREL-002114,9.5,133.3,enterprise,6,17,4,1,0,0,,53,0.9120214829846178,0.99,0.07797851701538216,1,1,persuadable,0.9018,1,1,289,1,1
KESTREL-002115,9.6,17.3,basic,1,229,0,1,0,0,,24,0.5381996079769082,0.26276930550678856,-0.2754303024701197,0,0,sleeping_dog,0.8992,1,0,292,1,1
KESTREL-002116,21.8,21.09,basic,3,37,5,0,1,0,6.0,117,0.8200016562473248,0.8517329538286649,0.03173129758134008,1,1,lost_cause,0.6712,1,1,664,1,1
KESTREL-002117,14.1,35.08,pro,1,102,4,0,0,0,,101,0.939405377316692,0.7421866623905461,-0.19721871492614595,1,0,sleeping_dog,0.93,1,0,429,0,1
KESTREL-002118,6.4,12.08,basic,9,41,5,0,0,0,,79,0.9331575219035703,0.8840138661747009,-0.04914365572886936,1,1,sure_thing,0.4832,1,1,195,1,1
KESTREL-002119,21.5,15.65,basic,18,48,12,0,0,0,,337,0.9798456629833475,0.9714019902737427,-0.008443672709604777,1,1,sure_thing,0.2118,0,1,654,1,0
KESTREL-002120,14.6,20.23,basic,2,200,4,1,1,0,6.0,78,0.612520780526668,0.49950379610500684,-0.11301698442166119,1,1,sleeping_dog,0.6182,1,1,444,1,0
KESTREL-002121,17.3,20.51,basic,5,0,5,0,0,0,8.0,198,0.947838115378349,0.9365106576793807,-0.011327457698968368,1,1,sure_thing,0.0385,1,1,527,1,1
KESTREL-002122,6.5,16.62,basic,4,122,0,1,0,0,,20,0.7774954080404497,0.5377955252016257,-0.23969988283882404,0,0,sleeping_dog,0.641,1,0,198,1,1
KESTREL-002123,31.1,54.65,pro,14,21,5,0,0,1,,318,0.9791741174315743,0.9154739044254137,-0.06370021300616069,1,1,sleeping_dog,0.223,0,1,947,1,0
KESTREL-002124,21.7,159.08,enterprise,15,24,8,0,0,0,,344,0.9859740070241694,0.99,0.004025992975830617,1,1,sure_thing,0.6805,1,1,661,1,1
KESTREL-002125,36.0,17.8,basic,7,12,4,0,0,0,,382,0.9578883034136084,0.9322167191820828,-0.0256715842315256,1,0,sure_thing,0.041,0,1,1096,1,0
KESTREL-002126,36.0,13.7,basic,0,7,0,0,0,1,,73,0.9276893087332603,0.8000729854935154,-0.12761632323974492,1,1,sleeping_dog,0.395,1,1,1096,1,1
KESTREL-002127,17.8,51.59,pro,6,129,3,0,0,1,,146,0.9292303361425458,0.6504136759599315,-0.2788166601826143,1,1,sleeping_dog,0.3838,1,1,542,1,1
KESTREL-002128,36.0,19.94,basic,1,337,3,0,0,0,4.0,87,0.7238240958991546,0.42889125174336834,-0.2949328441557863,1,1,sleeping_dog,0.6215,1,1,1096,1,0
KESTREL-002129,36.0,21.1,basic,2,167,3,1,2,0,,219,0.4689999076169316,0.596289564980019,0.12728965736308734,0,0,persuadable,0.904,1,0,1096,1,1
KESTREL-002130,19.4,144.04,enterprise,5,8,1,1,0,0,,136,0.9307691558555781,0.99,0.059230844144421924,0,1,persuadable,0.049,0,0,591,1,0
KESTREL-002131,10.6,142.35,enterprise,6,6,4,0,0,1,8.0,79,0.956618571102828,0.933037736625519,-0.023580834477308965,1,1,sure_thing,0.8585,1,1,323,1,1
KESTREL-002132,23.6,17.61,basic,7,56,7,0,0,0,7.0,231,0.935720010990608,0.8909753694469591,-0.04474464154364888,1,1,sure_thing,0.0045,0,1,718,1,0
KESTREL-002133,24.6,25.11,basic,14,20,2,0,0,0,,244,0.9654812335648358,0.9077007647637929,-0.05778046880104293,1,1,sleeping_dog,0.5488,1,1,749,1,0
KESTREL-002134,26.4,63.76,pro,27,0,18,1,0,0,,611,0.99,0.99,0.0,1,1,sure_thing,0.1942,0,1,804,1,0
KESTREL-002135,13.5,21.84,basic,37,3,8,0,0,0,,302,0.99,0.9851528551748062,-0.004847144825193772,1,1,sure_thing,0.3205,0,1,411,1,0
KESTREL-002136,36.0,64.13,pro,7,43,5,1,0,0,,286,0.9512249978457727,0.9581290956749737,0.006904097829200984,1,1,sure_thing,0.8882,1,1,1096,1,1
KESTREL-002137,9.0,16.0,basic,7,88,7,0,1,0,,50,0.8047482110445974,0.7950434481928441,-0.009704762851753257,1,1,lost_cause,0.554,1,1,274,1,0
KESTREL-002138,17.6,15.68,basic,7,13,6,1,0,1,4.0,171,0.9105795831813778,0.9039072928497657,-0.006672290331612096,1,1,lost_cause,0.3305,0,1,536,1,0
KESTREL-002139,5.5,64.14,pro,26,12,12,0,2,0,,121,0.9477840448641077,0.99,0.04221595513589227,1,1,sure_thing,0.6302,1,1,167,1,1
KESTREL-002140,36.0,25.63,basic,11,20,2,0,0,1,,275,0.9712611781300434,0.8527806588371415,-0.11848051929290193,1,1,sleeping_dog,0.7158,1,1,1096,1,1
KESTREL-002141,22.6,60.19,pro,9,45,2,1,1,1,5.0,196,0.8284004181330372,0.9444368931876072,0.11603647505456993,1,1,persuadable,0.919,1,1,688,1,1
KESTREL-002142,7.8,15.22,basic,8,7,0,0,0,1,,57,0.8850955486232489,0.755288967040966,-0.12980658158228287,1,1,sleeping_dog,0.6845,1,1,237,1,1
KESTREL-002143,9.4,105.54,enterprise,10,56,6,1,0,0,6.0,94,0.909466235301082,0.9342823408653991,0.024816105564317126,1,1,lost_cause,0.0962,0,1,286,1,0
KESTREL-002144,36.0,17.08,basic,3,50,2,0,0,0,,155,0.9563272534231032,0.8393573469031217,-0.11696990651998151,1,1,sleeping_dog,0.5365,1,1,1096,1,1
KESTREL-002145,2.9,28.12,basic,6,54,4,0,0,0,,21,0.9230970019857165,0.8370628049420092,-0.0860341970437073,1,1,sleeping_dog,0.8578,1,1,88,1,0
KESTREL-002146,36.0,47.62,pro,4,181,2,1,0,0,3.0,231,0.8769109312850295,0.6207332245536225,-0.25617770673140705,1,1,sleeping_dog,0.6088,1,1,1096,1,1
KESTREL-002147,29.6,23.02,basic,2,37,6,2,0,0,5.0,280,0.87231227036407,0.9569439015095618,0.08463163114549177,1,1,persuadable,0.911,1,1,901,1,1
KESTREL-002148,30.5,14.06,basic,16,7,8,0,0,0,7.0,489,0.9685932758431713,0.9619203599139268,-0.006672915929244572,1,1,sure_thing,0.279,0,1,928,1,0
KESTREL-002149,36.0,55.46,pro,14,0,7,1,0,1,7.0,462,0.9763674406430337,0.9834548469013502,0.007087406258316498,1,1,sure_thing,0.226,0,1,1096,1,0
KESTREL-002150,13.5,134.92,enterprise,2,40,2,0,1,0,,69,0.8745846630798052,0.99,0.11541533692019479,1,1,persuadable,0.0562,0,1,411,1,0
KESTREL-002151,36.0,16.36,basic,13,37,6,0,0,1,,445,0.9740313806722682,0.8953682203726376,-0.07866316029963061,1,1,sleeping_dog,0.1808,0,1,1096,1,0
KESTREL-002152,15.6,57.34,pro,14,3,3,0,0,1,,150,0.9409389804173196,0.8779768727328878,-0.06296210768443178,1,1,sleeping_dog,0.0272,0,1,475,1,0
KESTREL-002153,24.8,18.26,basic,8,61,6,0,1,0,6.0,174,0.9205295226378329,0.9274670820935245,0.006937559455691522,1,1,sure_thing,0.6872,1,1,755,1,0
KESTREL-002154,36.0,45.07,pro,17,13,9,0,0,0,,467,0.9702334217254165,0.9652061707312322,-0.005027250994184329,1,1,sure_thing,0.077,0,1,1096,1,0
KESTREL-002155,36.0,46.5,pro,7,1,3,0,0,0,,255,0.9804497606059436,0.9588160761919681,-0.021633684413975507,1,1,sure_thing,0.6075,1,1,1096,1,0
KESTREL-002156,25.3,20.6,basic,3,27,5,3,0,0,,150,0.7497630783296967,0.9475168032102379,0.19775372488054122,1,1,persuadable,0.9792,1,1,770,1,1
KESTREL-002157,32.9,36.31,pro,8,43,12,0,0,0,,428,0.973379924527608,0.9691438034876056,-0.004236121040002372,1,1,sure_thing,0.1875,0,1,1001,1,0
KESTREL-002158,27.3,20.74,basic,8,15,7,1,0,0,9.0,377,0.9425695383139128,0.9506827324311399,0.008113194117227107,1,1,sure_thing,0.3848,1,1,831,1,1
KESTREL-002159,15.6,23.03,basic,6,40,5,1,1,0,,100,0.6400843895264856,0.7643828279197061,0.12429843839322052,1,1,persuadable,0.9815,1,1,475,1,1
KESTREL-002160,6.7,159.81,enterprise,3,58,5,0,0,0,5.0,38,0.9402118344073528,0.9152546250918271,-0.024957209315525697,1,1,sure_thing,0.4552,1,1,204,1,0
KESTREL-002161,8.6,14.93,basic,4,50,2,0,2,0,,60,0.6742839816776022,0.8543056587209477,0.18002167704334548,1,1,persuadable,0.9922,1,1,262,1,0
KESTREL-002162,34.6,113.54,enterprise,5,1,5,0,0,0,10.0,387,0.9733672080849605,0.9794297078301599,0.006062499745199457,1,1,sure_thing,0.4172,1,1,1053,1,1
KESTREL-002163,3.5,25.42,basic,15,0,4,1,1,1,,48,0.8751439565241701,0.9533340334261846,0.07819007690201452,1,1,persuadable,0.1315,0,1,107,1,0
KESTREL-002164,15.2,24.08,basic,1,155,2,0,0,0,3.0,29,0.8311805952271499,0.5494403839315058,-0.2817402112956441,1,1,sleeping_dog,0.9118,1,1,463,1,0
KESTREL-002165,36.0,14.9,basic,6,7,3,0,0,1,,259,0.9556491954506575,0.8848849758866272,-0.07076421956403034,1,1,sleeping_dog,0.7382,1,1,1096,1,1
KESTREL-002166,31.7,20.2,basic,3,40,4,0,1,0,,223,0.855607096691803,0.8797338168624446,0.024126720170641547,1,1,lost_cause,0.7125,1,1,965,1,0
KESTREL-002167,34.5,41.39,pro,6,18,2,0,0,1,,220,0.9549675905328792,0.8438518489360269,-0.11111574159685222,1,1,sleeping_dog,0.1288,0,1,1050,1,0
KESTREL-002168,31.0,24.07,basic,15,17,4,1,0,0,,260,0.9568333589756631,0.9496888690194382,-0.007144489956224964,1,1,sure_thing,0.4478,1,1,944,1,1
KESTREL-002169,23.9,44.17,pro,1,267,2,0,0,0,5.0,48,0.7120387504267588,0.42036045059543886,-0.29167829983131993,0,0,sleeping_dog,0.9375,1,0,728,1,1
KESTREL-002170,9.8,71.85,pro,13,8,11,2,0,0,9.0,135,0.9378739952238251,0.99,0.052126004776174906,1,1,persuadable,0.2558,0,1,298,1,0
KESTREL-002171,36.0,44.46,pro,11,25,5,1,0,0,8.0,389,0.9566879553881587,0.9589527050387754,0.0022647496506167375,1,1,sure_thing,0.2302,0,1,1096,1,0
KESTREL-002172,36.0,21.81,basic,7,7,3,0,0,1,,366,0.966738594198198,0.8961465402770319,-0.07059205392116608,1,1,sleeping_dog,0.3382,0,1,1096,1,0
KESTREL-002173,20.5,62.96,pro,70,0,32,0,0,1,10.0,987,0.99,0.99,0.0,1,1,sure_thing,0.2332,0,1,624,1,0
KESTREL-002174,9.8,49.26,pro,3,54,5,0,0,0,,58,0.9177343219582831,0.8526958831155211,-0.06503843884276195,1,1,sleeping_dog,0.6448,1,1,298,1,1
KESTREL-002175,4.4,14.43,basic,13,17,8,0,0,0,10.0,50,0.9759476430934573,0.966594979443049,-0.009352663650408322,1,1,sure_thing,0.8905,1,1,134,1,1
KESTREL-002176,17.4,12.56,basic,6,18,1,0,0,0,,171,0.9294896106829723,0.8609977616930887,-0.06849184898988359,1,1,sleeping_dog,0.178,0,1,530,1,0
KESTREL-002177,4.7,22.22,basic,17,4,12,1,0,0,9.0,83,0.9519191278935691,0.958338770547296,0.006419642653726854,1,1,sure_thing,0.5632,1,1,143,1,0
KESTREL-002178,36.0,19.92,basic,22,4,3,0,0,0,8.0,540,0.9879580693385227,0.9594971336382682,-0.02846093570025454,1,1,sure_thing,0.5108,0,1,1096,1,0
KESTREL-002179,23.2,19.81,basic,8,21,6,0,0,0,,264,0.973962512752964,0.9548490752220723,-0.019113437530891675,1,1,sure_thing,0.7085,1,1,706,1,1
KESTREL-002180,36.0,43.81,pro,21,9,6,0,0,1,,750,0.99,0.9541482501886585,-0.03585174981134154,1,1,sure_thing,0.2047,0,1,1096,1,0
KESTREL-002181,35.2,19.22,basic,11,56,0,2,0,0,6.0,257,0.904616687499222,0.8838487290043092,-0.020767958494912753,1,1,lost_cause,0.7675,1,1,1071,1,0
KESTREL-002182,31.8,24.76,basic,3,258,1,1,0,0,,93,0.7307721764349407,0.4543665133692417,-0.276405663065699,1,1,sleeping_dog,0.8742,1,1,968,1,0
KESTREL-002183,10.7,22.52,basic,10,11,5,0,0,0,,101,0.9160718548397473,0.8974419498083603,-0.01862990503138695,1,1,lost_cause,0.0388,0,1,326,1,0
KESTREL-002184,5.6,35.67,pro,2,10,0,1,0,1,,23,0.8412834276770356,0.7856494222225147,-0.05563400545452091,0,0,sleeping_dog,0.5347,1,0,170,1,1
KESTREL-002185,21.4,120.03,enterprise,15,17,5,1,1,0,,228,0.9477590979573574,0.99,0.042240902042642636,1,1,sure_thing,0.2605,0,1,651,1,0
KESTREL-002186,36.0,22.0,basic,15,35,11,1,0,0,,404,0.9706069771000839,0.9753902628366274,0.004783285736543519,1,1,sure_thing,0.6158,1,1,1096,1,1
KESTREL-002187,19.2,22.36,basic,26,2,11,1,0,0,,436,0.9777426191936065,0.9801096050189126,0.002366985825306145,1,1,sure_thing,0.3177,0,1,584,1,0
KESTREL-002188,17.4,22.12,basic,16,24,10,3,1,0,9.0,269,0.8336629510839092,0.99,0.1563370489160908,1,1,persuadable,0.4622,1,1,530,1,1
KESTREL-002189,3.6,21.32,basic,2,365,1,1,1,0,,11,0.23261003801467423,0.08647744491046264,-0.1461325931042116,0,0,sleeping_dog,0.992,1,0,110,1,0
KESTREL-002190,17.9,24.28,basic,13,15,11,0,0,0,,315,0.9799746579123939,0.9776967715768615,-0.0022778863355323864,1,1,sure_thing,0.328,0,1,545,1,0
KESTREL-002191,12.8,55.31,pro,6,7,4,0,0,0,8.0,105,0.9357226060446933,0.9177875873863206,-0.01793501865837266,1,1,sure_thing,0.0422,0,1,390,1,0
KESTREL-002192,13.6,43.35,pro,11,1,2,0,1,0,,178,0.9306420098354882,0.9587680819487479,0.02812607211325968,1,1,sure_thing,0.7565,1,1,414,1,1
KESTREL-002193,16.1,19.87,basic,8,0,3,0,0,1,,121,0.9390695166429994,0.880329992065563,-0.058739524577436475,1,1,sleeping_dog,0.3098,0,1,490,0,0
KESTREL-002194,20.5,18.31,basic,9,64,5,1,0,1,,206,0.9170781347068517,0.8231298656531737,-0.09394826905367804,1,1,sleeping_dog,0.895,1,1,624,1,1
KESTREL-002195,9.7,58.97,pro,8,24,5,0,0,0,,98,0.9227926336077371,0.8974105716764549,-0.02538206193128223,1,1,sure_thing,0.9015,1,1,295,1,1
KESTREL-002196,18.4,15.19,basic,58,0,20,0,0,0,,719,0.99,0.99,0.0,1,1,sure_thing,0.4932,1,1,560,1,1
KESTREL-002197,14.2,176.44,enterprise,16,8,9,0,0,0,,243,0.9837215150865121,0.99,0.006278484913487925,1,1,sure_thing,0.0398,0,1,432,1,0
KESTREL-002198,36.0,24.69,basic,10,25,3,0,0,0,8.0,290,0.9695741785368589,0.9184076298547937,-0.05116654868206516,1,1,sleeping_dog,0.9402,1,1,1096,1,1
KESTREL-002199,18.1,36.96,pro,8,11,6,2,0,0,,155,0.8927073439787429,0.9692256506552832,0.07651830667654036,1,1,persuadable,0.407,1,1,551,1,1
KESTREL-002200,11.8,126.68,enterprise,3,9,2,0,0,1,6.0,78,0.9391711173052325,0.8750562334795542,-0.06411488382567831,1,1,sleeping_dog,0.3902,1,1,359,1,0
KESTREL-002201,17.4,44.75,pro,7,48,2,2,2,0,,163,0.6763261265444253,0.968736077351271,0.29240995080684573,1,1,persuadable,0.938,1,1,530,1,1
KESTREL-002202,28.8,38.4,pro,43,0,15,0,0,0,9.0,919,0.99,0.99,0.0,1,1,sure_thing,0.2688,0,1,877,1,0
KESTREL-002203,11.2,19.96,basic,4,19,4,0,1,0,9.0,77,0.8355067278702064,0.8672099297783173,0.031703201908110934,0,0,lost_cause,0.4452,1,0,341,1,1
KESTREL-002204,32.5,22.87,basic,6,0,6,0,0,0,6.0,314,0.9795016039633933,0.9717434634474598,-0.007758140515933487,1,1,sure_thing,0.423,1,1,989,1,0
KESTREL-002205,24.4,23.9,basic,7,42,2,1,0,1,8.0,222,0.9264056133542343,0.8256551032736825,-0.1007505100805518,1,1,sleeping_dog,0.2398,0,1,743,1,0
KESTREL-002206,33.2,106.6,enterprise,8,44,2,0,0,0,9.0,446,0.9682058122540792,0.8764374055004674,-0.09176840675361175,1,1,sleeping_dog,0.9505,1,1,1011,1,1
KESTREL-002207,5.4,105.76,enterprise,8,46,3,0,0,0,,55,0.9469700929685636,0.8700993836890518,-0.07687070927951178,1,1,sleeping_dog,0.735,1,1,164,0,1
KESTREL-002208,24.4,17.2,basic,3,8,0,0,0,0,,125,0.9290029282554831,0.8637302914553165,-0.0652726368001666,1,1,sleeping_dog,0.5252,1,1,743,1,1
KESTREL-002209,14.5,20.23,basic,21,4,6,0,2,0,8.0,267,0.9317774854373596,0.99,0.05822251456264038,1,1,persuadable,0.8642,1,1,441,1,1
KESTREL-002210,28.9,134.54,enterprise,32,22,13,0,0,0,9.0,730,0.99,0.99,0.0,1,1,sure_thing,0.4275,1,1,880,1,0
KESTREL-002211,14.9,74.0,pro,6,172,3,0,0,1,8.0,79,0.8848401155519215,0.5981080383598799,-0.28673207719204163,1,1,sleeping_dog,0.4848,1,1,454,1,0
KESTREL-002212,9.2,19.6,basic,32,16,14,0,0,1,10.0,225,0.99,0.9863084469495543,-0.0036915530504456617,1,1,sure_thing,0.0525,0,1,280,1,0
KESTREL-002213,36.0,136.59,enterprise,4,3,1,0,0,0,,199,0.9784889782584956,0.9656726169362178,-0.012816361322277814,1,1,sure_thing,0.4085,1,1,1096,1,1
KESTREL-002214,27.5,19.47,basic,9,17,7,0,0,0,9.0,260,0.9562596535800116,0.9441915634460708,-0.012068090133940834,1,1,sure_thing,0.5608,1,1,837,1,1
KESTREL-002215,11.8,20.4,basic,3,2,2,0,0,1,7.0,71,0.9366021203775184,0.8597425303126063,-0.07685959006491216,1,1,sleeping_dog,0.0078,0,1,359,1,0
KESTREL-002216,12.4,58.14,pro,9,101,3,1,0,0,,82,0.8736900639900856,0.7332605736927009,-0.14042949029738472,1,1,sleeping_dog,0.5692,1,1,377,1,1
KESTREL-002217,12.1,18.6,basic,7,31,4,1,0,0,,101,0.8706927850460021,0.8608046644969347,-0.009888120549067403,1,1,lost_cause,0.4992,1,1,368,1,1
KESTREL-002218,13.8,54.32,pro,6,2,4,1,1,0,,181,0.8428129937119628,0.99,0.14718700628803716,1,1,persuadable,0.9275,1,1,420,1,1
KESTREL-002219,11.0,15.24,basic,90,0,30,0,0,0,,604,0.99,0.99,0.0,1,1,sure_thing,0.0258,0,1,335,1,0
KESTREL-002220,33.3,14.87,basic,5,4,6,0,0,1,,331,0.9639264021006089,0.9346261877815399,-0.02930021431906893,1,1,sure_thing,0.527,1,1,1014,1,0
KESTREL-002221,1.4,63.79,pro,20,4,10,0,1,0,,32,0.9548019960374596,0.9832950989917579,0.0284931029542983,1,1,sure_thing,0.9475,1,1,43,1,1
KESTREL-002222,36.0,58.35,pro,4,80,2,0,0,0,8.0,187,0.934617417181625,0.7486022422231713,-0.18601517495845377,1,1,sleeping_dog,0.354,1,1,1096,1,1
KESTREL-002223,25.1,44.29,pro,1,130,4,0,2,0,,70,0.6662445625140281,0.8121602687897354,0.14591570627570727,0,0,persuadable,0.7645,1,0,764,0,1
KESTREL-002224,36.0,22.97,basic,9,44,9,0,0,1,7.0,361,0.9823570245268168,0.9370328176067743,-0.045324206920042576,1,1,sure_thing,0.0135,0,1,1096,1,0
KESTREL-002225,18.6,94.6,enterprise,10,3,0,2,0,0,7.0,130,0.9183363063037349,0.99,0.07166369369626513,1,1,persuadable,0.3385,0,1,566,1,0
KESTREL-002226,34.8,35.29,pro,5,16,3,2,0,0,,196,0.9222212561641574,0.99,0.06777874383584259,1,1,persuadable,0.772,1,1,1059,1,1
KESTREL-002227,25.7,22.11,basic,11,30,1,1,2,0,6.0,147,0.714192439399851,0.9686598179098259,0.2544673785099749,0,1,persuadable,0.4962,1,1,782,1,1
KESTREL-002228,5.1,17.28,basic,5,32,4,2,0,0,,26,0.6726651361908166,0.7321157137697806,0.05945057757896399,1,1,persuadable,0.9392,1,1,155,1,0
KESTREL-002229,27.0,54.99,pro,16,0,13,0,0,0,,411,0.9863418368650188,0.9878676911978248,0.0015258543328060536,1,1,sure_thing,0.4542,1,1,822,1,1
KESTREL-002230,36.0,48.24,pro,59,0,15,0,0,0,,1303,0.99,0.99,0.0,1,1,sure_thing,0.108,0,1,1096,1,0
KESTREL-002231,32.3,45.13,pro,17,4,6,1,0,0,,510,0.9731646712490201,0.9786749618241392,0.005510290575119092,1,1,sure_thing,0.135,0,1,983,1,0
KESTREL-002232,9.4,23.74,basic,13,2,14,1,0,0,,125,0.9562206856918847,0.9661739437919111,0.009953258100026452,1,1,sure_thing,0.465,1,1,286,1,1
KESTREL-002233,2.2,15.57,basic,6,6,3,1,2,0,,4,0.6929484349965463,0.9601697212750888,0.26722128627854247,1,1,persuadable,0.9432,1,1,67,1,1
KESTREL-002234,7.3,51.54,pro,20,3,9,0,0,0,,155,0.9765997703024559,0.9733662003367313,-0.0032335699657246586,1,1,sure_thing,0.0205,0,1,222,1,0
KESTREL-002235,36.0,49.03,pro,36,1,17,0,0,0,,938,0.99,0.99,0.0,1,1,sure_thing,0.1015,0,1,1096,1,0
KESTREL-002236,13.9,16.77,basic,5,34,4,1,0,0,6.0,73,0.8721960186804663,0.8618133960517091,-0.01038262262875711,1,1,lost_cause,0.6535,1,1,423,1,0
KESTREL-002237,14.7,44.89,pro,3,136,3,1,1,0,10.0,102,0.7669797636337785,0.7845472367766195,0.017567473142841017,1,1,lost_cause,0.1995,0,1,447,1,0
KESTREL-002238,29.9,51.57,pro,8,25,5,0,0,0,6.0,203,0.9620791097864106,0.9349300251336099,-0.027149084652800748,1,1,sure_thing,0.4082,1,1,910,1,1
KESTREL-002239,31.7,24.51,basic,10,6,5,0,0,0,,305,0.9756320374359111,0.9601645802127486,-0.01546745722316245,1,1,sure_thing,0.038,0,1,965,1,0
KESTREL-002240,20.8,14.02,basic,15,15,4,0,1,0,,348,0.9230110984012914,0.9303649327816115,0.007353834380320112,1,1,sure_thing,0.7815,1,1,633,1,1
KESTREL-002241,19.0,12.99,basic,14,3,6,0,0,0,,246,0.964068007325111,0.953148685158316,-0.010919322166795031,1,1,sure_thing,0.386,1,1,578,1,1
KESTREL-002242,5.6,18.51,basic,6,7,4,0,0,0,,36,0.9403958259902893,0.9190575162481053,-0.02133830974218398,1,1,sure_thing,0.722,1,1,170,1,1
KESTREL-002243,6.5,16.63,basic,4,31,2,0,0,1,7.0,44,0.8704345438938954,0.7259985431515794,-0.144436000742316,1,0,sleeping_dog,0.6055,1,0,198,1,0
KESTREL-002244,25.3,47.5,pro,8,7,5,0,0,0,,214,0.9604766955683598,0.9466627391519462,-0.013813956416413586,1,1,sure_thing,0.2602,0,1,770,1,0
KESTREL-002245,36.0,98.65,enterprise,5,59,0,2,0,1,5.0,223,0.9070527693901852,0.9446457017579813,0.03759293236779615,1,1,lost_cause,0.679,1,1,1096,1,1
KESTREL-002246,8.0,66.45,pro,10,3,4,0,2,0,,69,0.8345002952819957,0.99,0.15549970471800434,1,1,persuadable,0.694,1,1,244,1,0
KESTREL-002247,12.5,18.87,basic,5,13,5,0,0,0,,67,0.9000931108678237,0.8811099662439046,-0.018983144623919146,1,1,lost_cause,0.716,1,1,380,1,0
KESTREL-002248,16.1,16.01,basic,15,4,6,0,0,1,,170,0.9536640120742855,0.9225741042317289,-0.031089907842556608,1,1,sure_thing,0.3472,1,1,490,1,0
KESTREL-002249,17.3,18.94,basic,7,46,6,1,0,0,,111,0.8845944473274093,0.8767778549399584,-0.007816592387450916,1,1,lost_cause,0.9265,1,1,527,1,0
KESTREL-002250,36.0,14.28,basic,13,13,2,0,1,1,,366,0.9295263763202493,0.9084935425834552,-0.0210328337367941,1,1,sure_thing,0.5242,1,1,1096,1,1
KESTREL-002251,13.4,12.85,basic,10,32,2,0,0,0,8.0,132,0.9572430908567967,0.8781883101623655,-0.07905478069443117,0,0,sleeping_dog,0.1812,0,0,408,0,0
KESTREL-002252,11.9,59.84,pro,2,32,0,0,0,0,,56,0.8819250226249445,0.7716328777968582,-0.11029214482808636,1,1,sleeping_dog,0.6188,1,1,362,1,1
KESTREL-002253,36.0,18.23,basic,6,39,4,0,0,0,,309,0.9557555641849069,0.8971396026978977,-0.058615961487009205,1,1,sleeping_dog,0.072,0,1,1096,1,0
KESTREL-002254,29.0,39.25,pro,11,54,6,0,1,0,,287,0.936744117811194,0.9536639227005943,0.01691980488940026,1,1,sure_thing,0.841,1,1,883,1,1
KESTREL-002255,26.0,15.55,basic,12,97,6,1,0,0,5.0,261,0.9289780328523853,0.8448200849036014,-0.08415794794878395,1,1,sleeping_dog,0.807,1,1,791,1,1
KESTREL-002256,14.2,16.64,basic,10,32,5,0,0,1,,134,0.9263772537414648,0.8404542879348716,-0.0859229658065932,1,1,sleeping_dog,0.4702,1,1,432,1,0
KESTREL-002257,36.0,19.36,basic,14,0,4,1,0,0,7.0,399,0.9527856974300527,0.952319433594548,-0.00046626383550474326,1,1,sure_thing,0.7302,1,1,1096,1,1
KESTREL-002258,27.7,18.62,basic,0,13,2,0,1,0,,175,0.8800373530086933,0.9186588072970033,0.038621454288309987,1,1,lost_cause,0.9632,1,1,843,1,1
KESTREL-002259,1.9,19.65,basic,5,128,3,1,0,0,,7,0.7208493461385221,0.5119810009531622,-0.2088683451853599,1,1,sleeping_dog,0.5268,0,1,58,1,0
KESTREL-002260,17.4,43.17,pro,8,180,8,1,1,0,4.0,150,0.7914404471665121,0.7773561480078939,-0.014084299158618196,1,1,lost_cause,0.776,1,1,530,1,1
KESTREL-002261,10.9,45.83,pro,3,220,1,1,2,0,,36,0.316751132183803,0.32776990694869423,0.011018774764891215,0,0,lost_cause,0.9915,1,0,332,1,0
KESTREL-002262,19.7,16.56,basic,49,0,15,0,0,1,,583,0.99,0.99,0.0,1,1,sure_thing,0.6672,1,1,600,1,0
KESTREL-002263,36.0,19.39,basic,11,33,3,0,0,0,,303,0.9737410556255995,0.9093184773480386,-0.06442257827756093,1,1,sleeping_dog,0.274,0,1,1096,1,0
KESTREL-002264,29.0,46.9,pro,20,21,7,0,0,0,7.0,484,0.9835989014918806,0.968782716878131,-0.014816184613749561,1,1,sure_thing,0.5532,1,1,883,1,1
KESTREL-002265,9.0,19.71,basic,9,29,4,1,0,1,6.0,73,0.8569043220147542,0.8137997235057098,-0.043104598509044356,1,1,lost_cause,0.7907,1,1,274,1,1
KESTREL-002266,6.5,23.91,basic,34,0,10,1,0,1,,207,0.9857044153160537,0.9832755602094906,-0.0024288551065630992,1,1,sure_thing,0.156,0,1,198,1,0
KESTREL-002267,36.0,147.88,enterprise,27,0,9,1,0,0,,889,0.99,0.99,0.0,1,1,sure_thing,0.294,0,1,1096,1,0
KESTREL-002268,30.8,19.59,basic,16,13,17,1,0,1,10.0,556,0.9819709392986655,0.988769074707232,0.006798135408566441,1,1,sure_thing,0.8158,1,1,938,1,0
KESTREL-002269,34.8,54.63,pro,2,63,0,1,0,0,5.0,154,0.9136672439638162,0.8165792388140953,-0.09708800514972082,1,1,sleeping_dog,0.522,1,1,1059,1,0
KESTREL-002270,8.6,32.35,pro,42,8,16,0,0,0,,249,0.99,0.99,0.0,1,1,sure_thing,0.224,0,1,262,1,0
KESTREL-002271,11.2,18.5,basic,8,4,3,0,0,0,,66,0.9542883401896246,0.9276899295028158,-0.026598410686808793,1,1,sure_thing,0.2425,0,1,341,1,0
KESTREL-002272,10.4,44.31,pro,27,1,16,1,0,0,,215,0.9888700379047798,0.99,0.001129962095220205,1,1,sure_thing,0.0148,0,1,317,1,0
KESTREL-002273,13.0,40.64,pro,6,39,7,2,0,0,,103,0.8533755970223403,0.9412079916131344,0.08783239459079406,1,1,persuadable,0.7872,1,1,396,1,1
KESTREL-002274,17.4,19.92,basic,24,0,7,0,0,1,,252,0.9793233444372279,0.9580307461794818,-0.021292598257746098,1,1,sure_thing,0.0608,0,1,530,1,0
KESTREL-002275,13.1,13.94,basic,4,197,2,0,1,0,,87,0.6360552505552396,0.38572835381400966,-0.25032689674122993,1,1,sleeping_dog,0.9778,1,1,399,1,1
KESTREL-002276,36.0,32.46,pro,3,7,4,0,0,0,,252,0.9526553563656968,0.9334907106367479,-0.019164645728948826,1,1,sure_thing,0.2455,0,1,1096,1,0
KESTREL-002277,6.7,21.21,basic,5,63,3,0,0,0,4.0,45,0.8577082933112671,0.7303015379137532,-0.1274067553975139,1,1,sleeping_dog,0.9292,1,1,204,1,1
KESTREL-002278,24.1,41.51,pro,6,26,5,1,1,0,,175,0.8958053045525046,0.99,0.09419469544749537,1,1,persuadable,0.091,0,1,734,1,0
KESTREL-002279,36.0,28.63,basic,4,7,1,1,0,1,,206,0.9133932292820235,0.8726096774314049,-0.04078355185061855,1,1,lost_cause,0.2935,0,1,1096,1,0
KESTREL-002280,25.8,23.5,basic,1,105,1,0,1,0,,98,0.693911848225674,0.5609789889139216,-0.13293285931175236,0,0,sleeping_dog,0.788,1,0,785,1,0
KESTREL-002281,11.9,60.65,pro,14,19,7,1,1,1,8.0,142,0.8828929337061765,0.99,0.1071070662938235,1,1,persuadable,0.648,1,1,362,1,1
KESTREL-002282,15.3,29.1,pro,11,5,9,1,0,1,,190,0.9626274443109651,0.9692018637281875,0.006574419417222366,1,1,sure_thing,0.1202,0,1,466,1,0
KESTREL-002283,36.0,19.77,basic,1,359,2,2,1,0,,119,0.2429546724481884,0.19860855711777664,-0.04434611533041177,1,1,lost_cause,0.9752,1,1,1096,1,0
KESTREL-002284,24.7,23.9,basic,15,7,5,0,0,0,8.0,321,0.9786491722414391,0.961699235274952,-0.016949936966487056,1,1,sure_thing,0.164,0,1,752,1,0
KESTREL-002285,14.8,42.46,pro,0,278,3,1,0,0,,58,0.49934965678712745,0.2388507535680527,-0.26049890321907476,1,1,sleeping_dog,0.9592,1,1,451,1,1
KESTREL-002286,36.0,25.96,pro,19,33,3,0,0,0,8.0,501,0.9833114504834701,0.9179899564726504,-0.06532149401081977,1,1,sleeping_dog,0.0177,0,1,1096,1,0
KESTREL-002287,36.0,16.63,basic,2,49,7,0,1,0,,297,0.913756611891409,0.9477541346252782,0.033997522733869245,1,1,lost_cause,0.1225,0,1,1096,1,0
KESTREL-002288,10.7,14.46,basic,5,50,2,2,1,0,,48,0.6715016546566455,0.8960818504130165,0.224580195756371,1,1,persuadable,0.3088,0,1,326,1,0
KESTREL-002289,4.1,54.11,pro,14,12,3,1,0,0,7.0,38,0.9397459088831471,0.9386526751886091,-0.001093233694538065,1,1,sure_thing,0.4965,1,1,125,1,1
KESTREL-002290,9.1,150.18,enterprise,5,25,4,2,1,0,,81,0.7771942253209649,0.99,0.21280577467903505,0,1,persuadable,0.6385,1,1,277,1,1
KESTREL-002291,13.1,21.28,basic,11,0,6,0,0,0,6.0,122,0.9632719544229218,0.9542658588605243,-0.00900609556239751,1,1,sure_thing,0.748,1,1,399,1,1
KESTREL-002292,30.5,33.9,basic,8,3,3,0,0,0,7.0,273,0.9739384750909049,0.9491892592904095,-0.024749215800495383,1,1,sure_thing,0.5175,1,1,928,1,1
KESTREL-002293,31.9,20.53,basic,6,152,2,0,0,0,,241,0.9225970952655201,0.6401192362426058,-0.28247785902291433,1,0,sleeping_dog,0.2832,1,0,971,1,1
KESTREL-002294,7.5,28.94,basic,4,24,4,0,0,0,7.0,70,0.9226901998018773,0.8865571095403064,-0.036133090261570855,1,1,sure_thing,0.3235,0,1,228,1,0
KESTREL-002295,4.3,11.66,basic,17,16,3,0,0,0,10.0,59,0.9501664039666373,0.9095133877985176,-0.04065301616811967,1,1,sure_thing,0.8525,1,1,131,1,1
KESTREL-002296,29.2,19.49,basic,8,4,4,0,1,0,,300,0.9189817366552958,0.944257468971272,0.02527573231597624,1,1,lost_cause,0.0268,0,1,889,1,0
KESTREL-002297,19.5,50.13,pro,6,20,2,2,0,0,,155,0.8537145874049202,0.9457509033339007,0.09203631592898043,1,1,persuadable,0.7075,1,1,594,1,1
KESTREL-002298,36.0,18.93,basic,2,61,1,0,0,0,,152,0.9502615560313121,0.7846660957059569,-0.16559546032535521,1,1,sleeping_dog,0.2758,1,1,1096,1,1
KESTREL-002299,19.0,47.63,pro,3,96,1,1,1,1,,114,0.616528004758869,0.6192311796893891,0.0027031749305200803,1,1,lost_cause,0.8605,1,1,578,1,0
KESTREL-002300,22.8,72.18,pro,0,20,1,0,0,1,,63,0.9155228972349637,0.7874401586603494,-0.12808273857461427,0,0,sleeping_dog,0.0828,0,0,694,1,0
KESTREL-002301,6.7,52.25,pro,14,13,7,0,0,0,,70,0.9680966616748846,0.958497750320879,-0.00959891135400559,1,1,sure_thing,0.3395,0,1,204,1,0
KESTREL-002302,30.7,17.83,basic,76,5,33,0,1,1,10.0,1517,0.99,0.99,0.0,1,1,sure_thing,0.5168,1,1,935,1,1
KESTREL-002303,36.0,78.56,pro,1,189,1,0,0,0,,138,0.8260971987179829,0.5445896386064148,-0.2815075601115681,1,0,sleeping_dog,0.929,1,0,1096,1,0
KESTREL-002304,35.2,16.54,basic,1,228,1,0,1,0,,123,0.7774943251028252,0.5304618143991378,-0.24703251070368748,1,1,sleeping_dog,0.7672,1,1,1071,1,0
KESTREL-002305,13.7,64.87,pro,23,15,6,0,0,0,,278,0.9806324268331007,0.964478223180638,-0.016154203652462673,1,1,sure_thing,0.3682,1,1,417,1,1
KESTREL-002306,17.1,42.98,pro,4,13,5,0,0,1,7.0,128,0.9472683640457503,0.8991231881880798,-0.04814517585767053,1,1,sure_thing,0.6358,1,1,521,1,1
KESTREL-002307,36.0,17.69,basic,8,61,1,0,0,0,,312,0.9330230720534578,0.7656348317506836,-0.16738824030277422,1,1,sleeping_dog,0.2585,0,1,1096,1,0
KESTREL-002308,22.4,14.01,basic,49,4,21,0,0,0,8.0,732,0.99,0.99,0.0,1,1,sure_thing,0.1372,0,1,682,1,0
KESTREL-002309,9.9,52.11,pro,9,8,1,0,0,0,,53,0.9522637412853504,0.9023542523052048,-0.04990948898014558,1,1,sure_thing,0.119,0,1,301,1,0
KESTREL-002310,20.5,21.54,basic,7,47,5,2,0,0,8.0,112,0.8704099170233877,0.9230571244354079,0.052647207412020225,1,1,persuadable,0.6832,1,1,624,1,0
KESTREL-002311,36.0,135.65,enterprise,7,45,4,0,0,0,9.0,348,0.9636866347503582,0.9191194677890046,-0.044567166961353655,1,1,sure_thing,0.2692,0,1,1096,1,0
KESTREL-002312,32.5,21.13,basic,4,35,4,0,0,0,,194,0.9623947665541143,0.9108577608647067,-0.051537005689407556,1,1,sleeping_dog,0.6998,1,1,989,1,1
KESTREL-002313,35.3,10.43,basic,26,3,15,0,0,0,,684,0.99,0.99,0.0,1,1,sure_thing,0.743,1,1,1075,1,1
KESTREL-002314,10.4,180.93,enterprise,8,30,4,1,1,0,,95,0.8857954499729864,0.99,0.10420455002701356,1,1,persuadable,0.6625,1,1,317,1,0
KESTREL-002315,27.8,50.51,pro,3,149,3,0,1,0,,135,0.854230289872224,0.6879559399503425,-0.1662743499218815,1,1,sleeping_dog,0.6372,1,1,846,1,0
KESTREL-002316,17.4,27.9,basic,8,54,3,0,1,0,,125,0.8981508287159645,0.8914980407906483,-0.006652787925316206,1,1,lost_cause,0.7762,1,1,530,1,1
KESTREL-002317,12.9,18.93,basic,1,137,6,0,1,0,4.0,51,0.6891417578662984,0.5818576322378419,-0.10728412562845646,0,0,sleeping_dog,0.8395,1,0,393,1,1
KESTREL-002318,10.2,15.71,basic,4,14,2,1,0,0,,36,0.8738041205256859,0.8662670004212688,-0.007537120104417094,1,0,lost_cause,0.704,1,0,310,1,0
KESTREL-002319,29.2,37.34,basic,3,60,8,2,0,1,5.0,165,0.8676467908611718,0.9487007213037,0.08105393044252818,1,1,persuadable,0.7462,1,1,889,1,1
KESTREL-002320,21.4,17.86,basic,6,23,7,0,0,1,,143,0.9552541131952975,0.9146569103666842,-0.040597202828613344,1,1,sure_thing,0.2475,0,1,651,1,0
KESTREL-002321,35.4,14.66,basic,5,31,1,1,0,0,10.0,187,0.9325083424432976,0.8947328746883483,-0.03777546775494933,1,1,sure_thing,0.5472,1,1,1078,0,1
KESTREL-002322,17.2,19.27,basic,18,17,6,0,1,1,8.0,286,0.9257490204907256,0.9250934679019712,-0.0006555525887543823,1,1,sure_thing,0.1785,0,1,524,1,0
KESTREL-002323,15.1,117.12,enterprise,7,18,3,1,0,0,8.0,181,0.9384789351283679,0.99,0.051521064871632105,0,0,persuadable,0.3555,1,0,460,1,1
KESTREL-002324,32.2,11.21,basic,19,48,13,0,0,0,,593,0.9786907388464515,0.9724646345281093,-0.0062261043183422515,1,1,sure_thing,0.1065,0,1,980,1,0
KESTREL-002325,14.0,71.13,pro,4,21,3,0,0,0,,142,0.9405410764299823,0.9028973796695112,-0.03764369676047108,1,1,sure_thing,0.3992,1,1,426,1,0
KESTREL-002326,15.3,13.16,basic,7,2,3,1,0,0,6.0,157,0.9382801096975473,0.9386267770373284,0.00034666733978117037,1,1,sure_thing,0.2555,0,1,466,1,0
KESTREL-002327,5.1,17.02,basic,29,41,5,1,0,0,9.0,77,0.962622142107604,0.9393243218134509,-0.02329782029415306,1,1,sure_thing,0.1948,0,1,155,1,0
KESTREL-002328,36.0,41.64,pro,8,7,5,0,0,0,,347,0.9570170904144915,0.942676791871045,-0.014340298543446428,1,1,sure_thing,0.6665,1,1,1096,1,1
KESTREL-002329,36.0,14.5,basic,2,7,4,1,0,0,9.0,200,0.9413834973453966,0.9500685141077826,0.008685016762385978,1,1,sure_thing,0.3615,1,1,1096,1,1
KESTREL-002330,29.2,17.81,basic,11,18,2,0,0,0,,287,0.958986239512087,0.9045344545141947,-0.05445178499789227,1,1,sleeping_dog,0.02,0,1,889,1,0
KESTREL-002331,14.9,40.49,pro,10,0,9,0,0,0,8.0,182,0.9674710646456919,0.9663483976871452,-0.0011226669585466809,1,1,sure_thing,0.1005,0,1,454,1,0
KESTREL-002332,29.1,87.2,pro,2,69,2,1,0,0,5.0,120,0.8843917054097598,0.8440710446146115,-0.04032066079514829,0,0,lost_cause,0.853,1,0,886,1,1
KESTREL-002333,15.9,20.33,basic,9,7,9,0,0,1,,238,0.9640642176173281,0.9509240097450096,-0.01314020787231851,1,1,sure_thing,0.1045,0,1,484,1,0
KESTREL-002334,4.0,22.58,basic,22,3,13,1,0,0,,77,0.9787085025465593,0.9830265998650219,0.004318097318462666,1,1,sure_thing,0.2682,0,1,122,1,0
KESTREL-002335,36.0,15.85,basic,3,186,0,1,1,1,,50,0.760907670205277,0.6075878751304066,-0.15331979507487048,0,0,sleeping_dog,0.9105,1,0,1096,1,1
KESTREL-002336,18.5,186.36,enterprise,3,35,6,0,1,0,,122,0.9237018416641399,0.99,0.06629815833586006,0,1,persuadable,0.5625,1,1,563,1,1
KESTREL-002337,19.8,18.64,basic,3,14,2,1,0,1,8.0,187,0.8461026275524617,0.8060211600425861,-0.04008146750987562,0,0,lost_cause,0.3318,0,0,603,1,0
KESTREL-002338,2.6,52.77,pro,3,172,2,0,0,0,,12,0.7970660591412805,0.5125394665720142,-0.28452659256926627,1,1,sleeping_dog,0.7572,1,1,79,1,1
KESTREL-002339,36.0,46.9,pro,32,0,13,0,0,1,,867,0.99,0.99,0.0,1,1,sure_thing,0.5325,1,1,1096,1,1
KESTREL-002340,36.0,12.81,basic,4,47,2,1,1,0,,397,0.8595322595038837,0.9657103144782678,0.10617805497438415,1,1,persuadable,0.4732,1,1,1096,1,0
KESTREL-002341,25.3,19.9,basic,17,22,7,1,2,1,10.0,334,0.8629395051978447,0.99,0.1270604948021553,1,1,persuadable,0.4022,0,1,770,1,0
KESTREL-002342,3.7,62.31,pro,7,20,7,0,0,0,4.0,17,0.9360179952574588,0.9269221962423462,-0.009095799015112593,1,1,sure_thing,0.592,1,1,113,1,1
KESTREL-002343,8.4,44.06,pro,15,4,8,1,0,0,,139,0.9529713254271116,0.962790219154789,0.009818893727677414,1,1,sure_thing,0.2705,0,1,256,1,0
KESTREL-002344,17.1,16.63,basic,7,23,6,1,0,0,,144,0.8844960325137295,0.8879145729115713,0.0034185403978417295,1,1,lost_cause,0.549,1,1,521,1,1
KESTREL-002345,15.7,18.68,basic,2,10,0,0,0,0,2.0,63,0.8884889815053085,0.8200611769743283,-0.06842780453098019,1,1,sleeping_dog,0.1438,0,1,478,1,0
KESTREL-002346,24.1,21.03,basic,0,11,1,1,0,0,,96,0.8884907949679166,0.8847240456150074,-0.0037667493529092155,1,1,lost_cause,0.9702,1,1,734,1,1
KESTREL-002347,7.3,17.12,basic,6,120,1,3,0,0,,50,0.6227708456882121,0.6611870763710241,0.03841623068281208,1,1,lost_cause,0.98,1,1,222,1,1
KESTREL-002348,5.5,24.86,basic,7,8,3,1,0,0,6.0,40,0.8621157548953494,0.8629972429559314,0.0008814880605819697,1,1,lost_cause,0.4665,1,1,167,1,1
KESTREL-002349,14.4,19.69,basic,1,104,2,1,2,0,6.0,49,0.5307309001590275,0.7674679391960996,0.2367370390370721,0,0,persuadable,0.8928,1,0,438,1,1
KESTREL-002350,21.8,42.13,pro,6,12,3,1,0,0,,119,0.9145768048352663,0.9214049588054676,0.006828153970201312,1,1,lost_cause,0.2872,0,1,664,1,0
KESTREL-002351,36.0,37.7,pro,5,59,4,1,0,0,8.0,386,0.9129535393335947,0.8815346368503438,-0.031418902483250855,1,1,lost_cause,0.5952,1,1,1096,1,0
KESTREL-002352,36.0,45.84,pro,14,18,12,0,0,0,8.0,416,0.9879456363636113,0.9872868067814935,-0.0006588295821178258,1,1,sure_thing,0.6695,1,1,1096,1,1
KESTREL-002353,7.8,46.57,pro,23,21,7,0,0,1,,161,0.9846993089275135,0.9447561851858142,-0.03994312374169928,1,1,sure_thing,0.0192,0,1,237,1,0
KESTREL-002354,36.0,82.95,pro,13,3,6,0,1,1,,364,0.9507279316617281,0.99,0.039272068338271904,1,1,sure_thing,0.509,1,1,1096,1,1
KESTREL-002355,36.0,19.49,basic,14,54,8,0,0,0,10.0,436,0.97111515720239,0.9379489996077537,-0.03316615759463626,0,0,sure_thing,0.7362,1,0,1096,1,1
KESTREL-002356,36.0,17.69,basic,3,10,3,0,0,1,,192,0.955182134897918,0.8797517232014065,-0.07543041169651155,1,1,sleeping_dog,0.4915,1,1,1096,0,0
KESTREL-002357,1.1,21.42,basic,21,15,10,0,0,0,8.0,24,0.963161451876116,0.9583538364817984,-0.004807615394317621,0,0,sure_thing,0.184,0,0,33,1,0
KESTREL-002358,2.0,51.07,pro,32,15,15,0,1,0,,48,0.9752503742699137,0.9843344317067247,0.009084057436811066,1,1,sure_thing,0.0975,0,1,61,1,0
KESTREL-002359,13.7,16.1,basic,10,2,4,3,0,1,9.0,157,0.8435693766206168,0.99,0.14643062337938317,1,1,persuadable,0.8042,1,1,417,1,1
KESTREL-002360,33.3,13.82,basic,13,73,3,0,2,0,8.0,347,0.8190051103844305,0.9353843648056201,0.11637925442118968,0,1,persuadable,0.9322,1,1,1014,1,1
KESTREL-002361,27.6,14.84,basic,29,7,12,0,0,1,,733,0.99,0.9871761444667195,-0.0028238555332804616,1,1,sure_thing,0.6,0,1,840,1,0
KESTREL-002362,4.3,17.93,basic,12,8,3,0,0,1,7.0,67,0.9383700405602279,0.8646846115251763,-0.0736854290350516,1,1,sleeping_dog,0.404,1,1,131,1,1
KESTREL-002363,17.0,78.08,enterprise,4,103,3,0,0,0,,65,0.9110193930633604,0.699074285792089,-0.21194510727127147,1,0,sleeping_dog,0.5808,1,0,517,1,1
KESTREL-002364,36.0,116.83,enterprise,11,72,8,0,0,0,,448,0.9797033829894872,0.9361681058571427,-0.04353527713234451,1,1,sure_thing,0.4785,1,1,1096,1,1
KESTREL-002365,36.0,38.09,pro,8,1,3,2,1,0,,216,0.7916848898602186,0.99,0.19831511013978143,1,1,persuadable,0.962,1,1,1096,1,0
KESTREL-002366,7.4,19.62,basic,13,78,5,0,0,0,7.0,73,0.9481339013326477,0.8254597699507192,-0.12267413138192851,1,1,sleeping_dog,0.5045,1,1,225,1,0
KESTREL-002367,14.9,93.63,enterprise,13,1,7,0,0,0,,191,0.973537242020325,0.9727808720286895,-0.0007563699916355304,1,1,sure_thing,0.3338,0,1,454,1,0
KESTREL-002368,15.7,15.9,basic,3,63,2,1,0,0,5.0,116,0.8860391194387652,0.8086847499919247,-0.07735436944684049,1,1,sleeping_dog,0.5238,1,1,478,1,0
KESTREL-002369,36.0,22.51,basic,3,9,1,0,0,0,8.0,195,0.9366304859468125,0.8847509673058924,-0.05187951864092011,1,1,sleeping_dog,0.3495,1,1,1096,1,0
KESTREL-002370,17.6,20.62,basic,11,85,7,1,0,1,8.0,129,0.8853535628202859,0.7823298418929929,-0.10302372092729295,1,0,sleeping_dog,0.5638,1,0,536,1,0
KESTREL-002371,4.4,20.77,basic,12,12,5,0,0,0,,36,0.948365570467384,0.9286138797172575,-0.019751690750126505,1,1,sure_thing,0.127,0,1,134,1,0
KESTREL-002372,4.6,58.76,pro,3,23,3,0,0,1,,22,0.8936885532114718,0.7954688136682643,-0.09821973954320751,1,1,sleeping_dog,0.4938,1,1,140,1,1
KESTREL-002373,15.5,46.05,pro,7,24,3,0,0,0,,100,0.9522876961022666,0.9050574428696417,-0.047230253232624864,1,1,sure_thing,0.1208,0,1,472,1,0
KESTREL-002374,18.4,37.75,pro,8,42,3,0,0,0,,180,0.9686489899031532,0.8892180465654275,-0.07943094333772571,1,1,sleeping_dog,0.7215,1,1,560,1,1
KESTREL-002375,11.8,16.12,basic,9,33,2,0,0,0,,141,0.9167328095861956,0.8360190076832213,-0.08071380190297428,1,1,sleeping_dog,0.7445,1,1,359,1,0
KESTREL-002376,23.0,150.04,enterprise,10,16,3,2,0,0,10.0,259,0.9360978330222302,0.99,0.05390216697776984,1,1,persuadable,0.0678,0,1,700,1,0
KESTREL-002377,15.4,18.5,basic,11,7,5,0,0,0,9.0,172,0.9661423194292021,0.9496179078134385,-0.01652441161576368,1,1,sure_thing,0.4928,1,1,469,1,1
KESTREL-002378,33.1,48.86,pro,2,95,5,2,0,0,6.0,171,0.8156859982997163,0.8815087456954924,0.0658227473957761,1,1,persuadable,0.684,1,1,1008,1,1
KESTREL-002379,5.3,32.59,pro,7,65,2,2,0,0,8.0,35,0.7931376411981097,0.8162014210487943,0.02306377985068464,1,1,lost_cause,0.963,1,1,161,1,1
KESTREL-002380,2.3,29.1,basic,3,134,2,0,0,0,3.0,10,0.7277210064761195,0.4575822320727003,-0.27013877440341916,1,1,sleeping_dog,0.581,1,1,70,1,0
KESTREL-002381,36.0,19.96,basic,13,17,6,0,1,0,8.0,353,0.9638719632920383,0.9804362874380042,0.01656432414596587,1,1,sure_thing,0.595,1,1,1096,0,1
KESTREL-002382,11.2,144.73,enterprise,4,52,0,1,0,0,,98,0.8841153046131642,0.9056645097594473,0.021549205146283112,1,1,lost_cause,0.635,1,1,341,1,1
KESTREL-002383,16.0,23.23,basic,3,254,3,0,0,0,4.0,91,0.7258604053889706,0.43109350948270886,-0.2947668959062617,1,0,sleeping_dog,0.9832,1,0,487,1,1
KESTREL-002384,16.5,52.6,pro,30,7,7,0,0,1,,286,0.99,0.9660775195783913,-0.023922480421608716,1,1,sure_thing,0.6098,1,1,502,1,0
KESTREL-002385,10.9,26.86,basic,13,97,5,1,2,0,,134,0.613211892660511,0.8553056872356488,0.2420937945751378,0,1,persuadable,0.7618,1,1,332,1,0
KESTREL-002386,36.0,38.59,pro,4,211,8,1,0,0,,177,0.8584633873369283,0.6101310006138567,-0.24833238672307156,1,0,sleeping_dog,0.4235,1,0,1096,1,1
KESTREL-002387,36.0,23.69,basic,5,13,4,2,0,0,,345,0.9302168903466401,0.99,0.05978310965335987,1,1,persuadable,0.2438,0,1,1096,1,0
KESTREL-002388,36.0,28.3,basic,6,17,2,1,0,0,,402,0.9203850218489223,0.9119286479841875,-0.008456373864734856,1,1,sure_thing,0.4868,1,1,1096,1,0
KESTREL-002389,36.0,48.03,pro,4,41,2,1,1,0,,112,0.8709954672825431,0.99,0.11900453271745692,1,1,persuadable,0.411,1,1,1096,1,1
KESTREL-002390,4.1,122.3,enterprise,3,22,7,0,0,0,6.0,33,0.9499333948722196,0.961967270971002,0.01203387609878237,1,1,sure_thing,0.61,1,1,125,1,1
KESTREL-002391,26.8,50.25,pro,6,17,1,1,1,0,5.0,159,0.8900644818634529,0.99,0.09993551813654711,0,1,persuadable,0.1108,0,0,816,1,0
KESTREL-002392,16.3,15.51,basic,10,24,8,0,0,0,,166,0.9626450689742821,0.9510292614129944,-0.011615807561287772,1,1,sure_thing,0.3512,1,1,496,1,1
KESTREL-002393,17.8,47.11,pro,15,39,6,0,0,0,8.0,269,0.9672605871039083,0.9322669600172977,-0.03499362708661058,1,1,sure_thing,0.4748,1,1,542,1,1
KESTREL-002394,25.0,20.0,basic,8,36,2,0,0,1,,126,0.9643769050819156,0.8066274709483009,-0.15774943413361475,1,1,sleeping_dog,0.0018,0,1,761,1,0
KESTREL-002395,11.8,22.21,basic,10,10,3,0,1,0,,130,0.8986584701506287,0.9165907412110739,0.01793227106044515,0,0,lost_cause,0.5112,1,0,359,1,1
KESTREL-002396,36.0,18.51,basic,31,0,10,0,0,0,,854,0.99,0.99,0.0,1,1,sure_thing,0.656,1,1,1096,1,1
KESTREL-002397,28.6,15.24,basic,14,18,7,0,1,0,,264,0.9464755616293677,0.9610527911695653,0.014577229540197578,1,1,sure_thing,0.615,1,1,871,1,1
KESTREL-002398,19.4,104.07,enterprise,5,81,3,0,0,0,,128,0.9102703754341205,0.7526017912499583,-0.15766858418416219,1,1,sleeping_dog,0.0208,0,1,591,1,0
KESTREL-002399,27.7,36.51,pro,4,19,6,0,0,0,,174,0.9555167997432414,0.9403048533178342,-0.015211946425407241,1,1,sure_thing,0.516,1,1,843,1,1
KESTREL-002400,24.7,39.55,pro,16,21,11,0,0,0,,440,0.9681985556850652,0.9650929329435917,-0.003105622741473524,1,1,sure_thing,0.7798,1,1,752,1,1
KESTREL-002401,14.8,19.47,basic,14,15,3,1,1,1,,156,0.8617308942549694,0.9288739796282228,0.06714308537325342,0,1,persuadable,0.5595,1,1,451,1,1
KESTREL-002402,31.6,16.39,basic,13,2,6,1,2,0,,290,0.8658858344048412,0.99,0.12411416559515875,1,1,persuadable,0.5762,1,1,962,1,1
KESTREL-002403,36.0,43.46,pro,6,2,3,0,0,0,5.0,361,0.9563042923367793,0.9339515437576902,-0.022352748579089088,1,1,sure_thing,0.6022,1,1,1096,1,1
KESTREL-002404,36.0,28.54,pro,14,18,3,0,0,0,,356,0.9739955582228234,0.9318005428743388,-0.04219501534848458,1,1,sure_thing,0.2228,0,1,1096,1,0
KESTREL-002405,32.2,45.43,pro,18,9,11,0,0,0,,511,0.99,0.9888233317889376,-0.0011766682110624371,1,1,sure_thing,0.281,0,1,980,1,0
KESTREL-002406,6.3,13.88,basic,2,147,4,0,1,1,7.0,35,0.6631116227480875,0.44218609942814396,-0.22092552331994358,1,1,sleeping_dog,0.949,1,1,192,1,1
KESTREL-002407,36.0,19.0,basic,6,5,4,1,1,1,8.0,326,0.8535827810138843,0.9710064601923548,0.11742367917847052,1,1,persuadable,0.8592,1,1,1096,1,1
KESTREL-002408,8.2,20.45,basic,11,9,3,0,0,0,,104,0.9620782405240749,0.9302422108822512,-0.03183602964182364,1,1,sure_thing,0.5305,1,1,250,1,0
KESTREL-002409,4.3,33.24,pro,23,9,6,0,0,0,10.0,60,0.9710918557631284,0.9571155027941365,-0.013976352968991912,1,1,sure_thing,0.6108,1,1,131,1,0
KESTREL-002410,36.0,14.77,basic,1,96,1,0,0,0,,143,0.9037358948421955,0.6658805785168529,-0.23785531632534263,1,1,sleeping_dog,0.3767,1,1,1096,1,1
KESTREL-002411,12.1,13.68,basic,27,3,8,0,0,0,8.0,197,0.9830004417092286,0.9765068312115612,-0.00649361049766739,1,1,sure_thing,0.5048,1,1,368,1,1
KESTREL-002412,18.8,46.79,pro,0,41,1,0,0,1,,62,0.8952322786463985,0.7103887330950407,-0.18484354555135785,1,1,sleeping_dog,0.576,1,1,572,1,1
KESTREL-002413,18.1,44.89,pro,6,5,3,0,0,0,7.0,149,0.9508652065957336,0.9260435882349337,-0.02482161836079988,1,1,sure_thing,0.6942,1,1,551,1,0
KESTREL-002414,36.0,17.24,basic,5,115,4,0,0,0,4.0,217,0.9384921731975213,0.7121427932351432,-0.22634937996237814,1,1,sleeping_dog,0.5228,1,1,1096,1,1
KESTREL-002415,25.0,42.38,pro,7,59,2,0,0,1,,188,0.9510847576501894,0.7420776344852397,-0.20900712316494974,1,1,sleeping_dog,0.6032,1,1,761,1,0
KESTREL-002416,16.0,19.59,basic,11,1,4,1,0,0,7.0,152,0.9426891865374348,0.9443078847745541,0.0016186982371192427,1,1,sure_thing,0.1882,0,1,487,1,0
KESTREL-002417,33.2,17.4,basic,11,34,2,1,0,1,7.0,357,0.9262098907442025,0.8380609891814187,-0.08814890156278377,1,1,sleeping_dog,0.5208,1,1,1011,1,1
KESTREL-002418,36.0,10.57,basic,7,33,2,0,0,1,,284,0.9589203439714347,0.8083702620777466,-0.15055008189368801,1,1,sleeping_dog,0.3562,1,1,1096,1,0
KESTREL-002419,36.0,16.38,basic,25,25,13,0,0,0,10.0,726,0.99,0.99,0.0,1,1,sure_thing,0.3532,1,1,1096,1,1
KESTREL-002420,34.7,13.27,basic,12,11,3,0,0,1,6.0,375,0.973649618070668,0.8939894417777594,-0.07966017629290856,1,1,sleeping_dog,0.548,1,1,1056,1,0
KESTREL-002421,32.8,40.14,pro,6,7,2,0,0,1,6.0,245,0.9544795803302689,0.8680512829932261,-0.08642829733704283,0,0,sleeping_dog,0.0448,0,0,998,1,0
KESTREL-002422,5.0,38.52,pro,4,55,1,1,1,1,5.0,28,0.6830502569254857,0.7644515644167812,0.08140130749129548,1,1,persuadable,0.922,1,1,152,1,1
KESTREL-002423,6.2,16.21,basic,7,3,7,0,0,0,10.0,55,0.9379643911841042,0.9314753519379274,-0.006489039246176831,1,1,sure_thing,0.8538,1,1,189,1,0
KESTREL-002424,21.3,15.77,basic,7,1,6,1,0,0,,166,0.9399829957689317,0.9488635219152827,0.008880526146350931,1,1,sure_thing,0.83,1,1,648,1,1
KESTREL-002425,32.8,35.42,pro,7,14,2,0,0,0,6.0,281,0.949015472211273,0.9024744169275182,-0.04654105528375485,1,1,sure_thing,0.9178,1,1,998,1,0
KESTREL-002426,10.3,49.7,pro,3,120,2,1,0,0,,65,0.8176724717914958,0.6249375987005517,-0.19273487309094417,1,0,sleeping_dog,0.6415,1,0,314,1,1
KESTREL-002427,4.1,91.31,pro,19,28,8,0,0,0,,90,0.965432491944656,0.9544872597828191,-0.010945232161836849,1,1,sure_thing,0.7022,1,1,125,1,1
KESTREL-002428,36.0,77.47,pro,12,14,3,1,0,0,7.0,391,0.9466963112940688,0.9576486890401161,0.010952377746047293,1,1,sure_thing,0.3662,1,1,1096,1,1
KESTREL-002429,27.8,149.73,enterprise,19,0,5,0,0,0,,477,0.9894817381745828,0.9890569204692942,-0.00042481770528868257,1,1,sure_thing,0.0282,0,1,846,1,0
KESTREL-002430,36.0,21.32,basic,15,2,6,1,0,0,,519,0.970261950335918,0.9731959616164523,0.0029340112805342766,1,1,sure_thing,0.4232,1,1,1096,1,0
KESTREL-002431,9.4,48.35,pro,7,9,2,0,0,0,8.0,93,0.9172949060817953,0.8785964611519996,-0.03869844492979568,1,1,lost_cause,0.4968,1,1,286,1,1
KESTREL-002432,36.0,23.42,basic,2,24,0,1,0,0,5.0,174,0.9121481923475854,0.8792904123925123,-0.03285777995507311,1,1,lost_cause,0.5062,1,1,1096,1,1
KESTREL-002433,7.6,23.32,basic,10,29,0,1,0,1,,52,0.8463017181836583,0.7306657646941274,-0.11563595348953093,0,0,sleeping_dog,0.7917,1,0,231,1,1
KESTREL-002434,22.2,14.96,basic,9,50,4,2,1,0,10.0,211,0.7841720129094576,0.99,0.2058279870905424,1,1,persuadable,0.7625,1,1,676,1,1
KESTREL-002435,25.9,16.46,basic,4,23,4,0,1,0,,154,0.8883994929900086,0.9160507360998443,0.027651243109835688,1,1,lost_cause,0.8178,1,1,788,1,1
KESTREL-002436,17.1,19.4,basic,15,29,6,0,0,0,,255,0.9549199585483641,0.9284700727468957,-0.026449885801468342,1,1,sure_thing,0.6865,1,1,521,1,1
KESTREL-002437,19.9,22.46,basic,6,1,2,1,0,0,8.0,150,0.8958873447511125,0.8963482388124351,0.0004608940613225476,1,1,lost_cause,0.9418,1,1,606,1,1
KESTREL-002438,14.5,24.0,basic,23,23,9,0,0,1,,277,0.9759127791947523,0.9508453880662182,-0.025067391128534067,1,1,sure_thing,0.7405,1,1,441,1,1
KESTREL-002439,22.7,32.12,basic,5,24,5,0,0,1,6.0,186,0.9528736219463011,0.8849362032391243,-0.06793741870717684,1,0,sleeping_dog,0.2938,0,1,691,1,0
KESTREL-002440,13.8,20.39,basic,12,14,8,1,0,0,,228,0.9469915284372438,0.9529502560368089,0.005958727599565172,1,1,sure_thing,0.662,1,1,420,1,1
KESTREL-002441,22.6,22.7,basic,2,68,3,0,0,1,7.0,126,0.9027799885505569,0.693523289870652,-0.20925669867990482,1,1,sleeping_dog,0.3948,1,1,688,1,0
KESTREL-002442,36.0,130.81,enterprise,47,5,21,0,0,0,,1089,0.99,0.99,0.0,1,1,sure_thing,0.1572,0,1,1096,1,0
KESTREL-002443,24.9,18.67,basic,5,41,3,0,0,1,,137,0.9156968033963598,0.7682185827041011,-0.1474782206922587,1,1,sleeping_dog,0.1818,0,1,758,1,0
KESTREL-002444,14.8,18.36,basic,4,51,3,0,0,1,9.0,123,0.9211546572218713,0.7492032157960158,-0.1719514414258555,1,1,sleeping_dog,0.4995,1,1,451,1,1
KESTREL-002445,32.1,40.12,pro,49,0,17,1,0,0,,804,0.99,0.99,0.0,1,1,sure_thing,0.84,1,1,977,1,0
KESTREL-002446,26.0,15.89,basic,2,49,2,0,0,0,4.0,190,0.9301406375880283,0.8158046143381031,-0.1143360232499252,1,1,sleeping_dog,0.4925,1,1,791,1,0
KESTREL-002447,5.5,40.49,pro,8,79,4,2,0,1,8.0,29,0.8331438187908377,0.8096491432667838,-0.02349467552405382,1,1,lost_cause,0.7658,1,1,167,1,0
KESTREL-002448,13.8,21.65,basic,4,109,2,0,2,1,,109,0.6247012184242986,0.6682631210823634,0.04356190265806481,1,1,lost_cause,0.9152,1,1,420,1,1
KESTREL-002449,14.1,22.69,basic,5,54,5,2,1,0,,108,0.6559745351718264,0.8945396945798756,0.23856515940804923,0,1,persuadable,0.5417,1,1,429,1,1
KESTREL-002450,4.1,17.34,basic,11,6,4,0,0,0,,52,0.9442793297695121,0.9225543201082474,-0.02172500966126467,1,1,sure_thing,0.4315,1,1,125,1,1
KESTREL-002451,8.0,21.41,basic,17,2,4,0,0,1,,82,0.957377894785028,0.9076275161401165,-0.0497503786449115,1,1,sure_thing,0.619,1,1,244,1,1
KESTREL-002452,24.7,61.45,pro,1,365,2,2,0,0,0.0,74,0.434896098531281,0.287331384658177,-0.147564713873104,0,0,sleeping_dog,0.9825,1,0,752,1,1
KESTREL-002453,36.0,64.76,pro,1,38,3,0,0,0,,162,0.9513378387092098,0.8874542718130707,-0.06388356689613917,1,1,sleeping_dog,0.6435,1,1,1096,1,1
KESTREL-002454,36.0,23.18,basic,17,20,6,1,0,0,,595,0.9685740235870278,0.9660449811203959,-0.002529042466631881,1,1,sure_thing,0.4948,1,1,1096,1,1
KESTREL-002455,36.0,18.38,basic,3,131,3,0,1,0,2.0,121,0.8147511241493324,0.6522720007236628,-0.1624791234256696,1,1,sleeping_dog,0.7138,1,1,1096,1,1
KESTREL-002456,36.0,167.53,enterprise,12,3,4,1,1,1,,375,0.9484924834712948,0.99,0.04150751652870521,1,1,sure_thing,0.952,1,1,1096,1,1
KESTREL-002457,9.1,22.91,basic,18,28,11,0,0,0,,125,0.9772739134645636,0.9719392135623993,-0.005334699902164286,1,1,sure_thing,0.1955,0,1,277,1,0
KESTREL-002458,31.8,22.62,basic,5,11,4,0,0,0,,305,0.9470040139284495,0.9230452813096732,-0.023958732618776235,1,1,sure_thing,0.267,0,1,968,1,0
KESTREL-002459,13.8,15.86,basic,3,12,4,0,1,0,6.0,110,0.8721327746189124,0.9061591619998034,0.03402638738089103,1,1,lost_cause,0.6772,1,1,420,1,1
KESTREL-002460,14.5,53.7,pro,16,41,5,1,0,0,,126,0.9539733868545901,0.9426963772511873,-0.011277009603402832,1,1,sure_thing,0.3642,1,1,441,1,1
KESTREL-002461,36.0,41.47,pro,9,45,2,0,0,0,6.0,275,0.9652193678656141,0.8600529689680191,-0.10516639889759505,1,1,sleeping_dog,0.5222,1,1,1096,1,1
KESTREL-002462,24.6,24.12,basic,11,5,6,0,0,0,,280,0.9581228333906734,0.9472838891510605,-0.010838944239612847,1,1,sure_thing,0.481,1,1,749,1,0
KESTREL-002463,8.2,28.5,basic,3,58,4,0,0,0,5.0,79,0.919428670534344,0.8258751507581668,-0.09355351977617721,1,1,sleeping_dog,0.6932,1,1,250,1,1
KESTREL-002464,8.2,46.64,pro,0,75,1,1,0,0,,29,0.7409356623477759,0.6361127014157054,-0.10482296093207044,1,1,sleeping_dog,0.7145,1,1,250,1,0
KESTREL-002465,5.6,73.42,pro,2,91,2,0,0,0,,24,0.8868409235836172,0.6818528397769236,-0.20498808380669364,0,0,sleeping_dog,0.9692,1,0,170,1,1
KESTREL-002466,15.6,22.87,basic,14,6,4,0,0,0,,190,0.9703819692952951,0.9483905886924369,-0.021991380602858213,1,1,sure_thing,0.3842,1,1,475,1,1
KESTREL-002467,23.4,24.83,basic,8,39,5,0,0,0,7.0,235,0.9412678316844134,0.8957893240099604,-0.04547850767445305,1,1,sure_thing,0.248,0,1,712,1,0
KESTREL-002468,7.3,51.85,pro,3,19,4,0,0,1,,43,0.9046386477840935,0.8327154478855514,-0.07192319989854212,1,1,sleeping_dog,0.071,0,1,222,1,0
KESTREL-002469,4.0,20.09,basic,8,8,7,1,0,0,,37,0.9262227265685676,0.9354832243192704,0.009260497750702812,1,1,sure_thing,0.307,0,1,122,1,0
KESTREL-002470,7.0,15.04,basic,3,1,4,1,0,0,9.0,60,0.7892722832373311,0.7987327829965314,0.00946049975920027,1,1,lost_cause,0.767,1,1,213,1,0
KESTREL-002471,19.3,48.03,pro,9,0,10,0,0,0,,260,0.9712380402439689,0.9722489179482895,0.001010877704320623,1,1,sure_thing,0.1742,0,1,587,1,0
KESTREL-002472,35.1,48.2,pro,15,5,6,0,0,0,,449,0.9831409323420938,0.9726996938158496,-0.010441238526244123,1,1,sure_thing,0.2195,0,1,1068,1,0
KESTREL-002473,13.2,96.2,enterprise,15,10,8,1,0,0,,185,0.9687950730128441,0.99,0.021204926987155925,1,1,sure_thing,0.5575,1,1,402,1,1
KESTREL-002474,18.4,24.05,basic,47,7,18,0,0,0,,562,0.99,0.99,0.0,1,1,sure_thing,0.2527,0,1,560,1,0
KESTREL-002475,36.0,16.53,basic,15,3,6,0,0,0,6.0,405,0.9790732509915604,0.968137086652445,-0.010936164339115373,1,1,sure_thing,0.8035,1,1,1096,1,1
KESTREL-002476,12.8,57.05,pro,12,22,3,0,1,0,,112,0.9068172453730922,0.9364856703506703,0.029668424977578156,1,1,lost_cause,0.8032,1,1,390,1,0
KESTREL-002477,20.9,45.49,pro,30,10,24,2,0,1,8.0,588,0.99,0.99,0.0,1,1,sure_thing,0.3157,0,1,636,1,0
KESTREL-002478,36.0,138.01,enterprise,6,26,4,1,0,0,6.0,299,0.96678732006955,0.99,0.023212679930449953,1,1,sure_thing,0.3898,1,1,1096,1,1
KESTREL-002479,36.0,18.97,basic,3,128,3,1,0,0,,208,0.879612600372428,0.6733982270090312,-0.20621437336339687,1,0,sleeping_dog,0.3918,1,0,1096,1,1
KESTREL-002480,15.6,18.54,basic,4,13,3,0,0,0,8.0,102,0.9396387169814556,0.9051200725635016,-0.03451864441795405,1,1,sure_thing,0.518,1,1,475,1,1
KESTREL-002481,34.5,15.05,basic,8,6,6,1,1,0,7.0,370,0.8857568354189449,0.99,0.10424316458105509,1,1,persuadable,0.5272,1,1,1050,1,1
KESTREL-002482,26.8,18.33,basic,13,35,3,1,0,1,,302,0.9125888693972801,0.839556314443899,-0.07303255495338112,1,1,sleeping_dog,0.0658,0,1,816,1,0
KESTREL-002483,13.6,36.11,pro,21,13,13,1,0,0,,243,0.978285433210362,0.9843516373199612,0.006066204109599238,1,1,sure_thing,0.3208,0,1,414,1,0
KESTREL-002484,36.0,46.74,pro,26,7,9,0,1,0,,693,0.984145759407731,0.99,0.005854240592269022,1,1,sure_thing,0.7735,1,1,1096,1,1
KESTREL-002485,19.4,21.38,basic,5,0,5,2,0,0,5.0,99,0.8575484223394496,0.9305753108769274,0.07302688853747774,1,1,persuadable,0.8132,1,1,591,1,1
KESTREL-002486,21.9,18.98,basic,4,18,5,0,0,0,,153,0.9423108633253725,0.9198972342639197,-0.022413629061452833,1,1,sure_thing,0.0725,0,1,667,1,0
KESTREL-002487,19.0,17.28,basic,8,16,3,1,0,0,7.0,187,0.8920484436791446,0.8850277487157697,-0.007020694963374874,1,1,lost_cause,0.3328,0,1,578,1,0
KESTREL-002488,22.7,21.39,basic,7,37,1,0,0,0,,122,0.9394228560613768,0.831468692304126,-0.10795416375725075,1,1,sleeping_dog,0.778,1,1,691,1,1
KESTREL-002489,5.4,21.67,basic,5,17,6,1,2,1,,27,0.5733991540324208,0.8449339903917801,0.27153483635935927,1,1,persuadable,0.985,1,1,164,1,1
KESTREL-002490,12.2,19.43,basic,2,54,3,0,0,1,5.0,51,0.8954494590104838,0.7170408005602289,-0.1784086584502549,1,1,sleeping_dog,0.1328,0,1,371,1,0
KESTREL-002491,11.8,19.76,basic,7,42,5,2,0,0,6.0,63,0.8726096368391051,0.9256539700175248,0.05304433317841972,1,1,persuadable,0.749,0,1,359,1,0
KESTREL-002492,26.6,15.38,basic,11,30,8,0,0,0,7.0,312,0.9573594596216065,0.9426652063874932,-0.01469425323411333,0,0,sure_thing,0.0285,0,0,810,1,0
KESTREL-002493,35.6,132.11,enterprise,8,22,7,0,0,0,,297,0.9726550443527611,0.9796092656780885,0.006954221325327414,1,1,sure_thing,0.0462,0,1,1084,1,0
KESTREL-002494,27.1,23.22,basic,4,0,3,2,0,0,7.0,188,0.8391884521606955,0.9164543574249491,0.07726590526425359,1,1,persuadable,0.7882,1,1,825,1,0
KESTREL-002495,36.0,41.98,pro,5,0,3,0,1,0,6.0,300,0.9363433125763755,0.9859660306403503,0.04962271806397478,1,1,sure_thing,0.089,0,1,1096,1,0
KESTREL-002496,25.3,62.89,pro,9,12,1,0,1,0,8.0,252,0.9305378164447288,0.9713809042484646,0.0408430878037358,1,1,sure_thing,0.5402,1,1,770,1,1
KESTREL-002497,35.5,21.11,basic,5,175,2,2,0,1,,170,0.8247973721287479,0.6124324115647939,-0.21236496056395404,1,1,sleeping_dog,0.854,1,1,1081,1,1
KESTREL-002498,36.0,19.1,basic,1,74,6,1,1,1,5.0,180,0.7604442234263159,0.872920443439352,0.11247622001303614,0,0,persuadable,0.6785,1,0,1096,1,1
KESTREL-002499,14.9,22.38,basic,2,54,2,1,1,0,,72,0.6960175686166015,0.822682858741957,0.12666529012535555,1,1,persuadable,0.8745,1,1,454,1,1
KESTREL-002500,6.0,39.82,pro,15,17,8,1,0,0,7.0,58,0.9482729551004411,0.9552832908520494,0.007010335751608365,1,1,sure_thing,0.5192,1,1,183,1,1
KESTREL-002501,36.0,14.15,basic,37,15,17,0,0,1,10.0,1139,0.99,0.99,0.0,1,1,sure_thing,0.382,1,1,1096,1,1
KESTREL-002502,25.9,54.9,pro,12,42,9,2,2,0,,422,0.8199833578605502,0.99,0.17001664213944978,1,1,persuadable,0.8098,1,1,788,1,1
KESTREL-002503,12.1,101.49,enterprise,13,10,6,0,0,0,,165,0.9740690722003669,0.9678283724065189,-0.0062406997938480036,1,1,sure_thing,0.5282,1,1,368,1,1
KESTREL-002504,31.5,46.02,pro,3,29,3,1,0,0,,231,0.9275423357402429,0.9301994436930238,0.002657107952780846,1,1,sure_thing,0.719,1,1,959,1,1
KESTREL-002505,36.0,26.23,basic,5,25,2,3,0,0,9.0,306,0.8930217435599707,0.99,0.09697825644002933,1,1,persuadable,0.4668,1,1,1096,1,1
KESTREL-002506,9.4,25.28,basic,4,47,2,1,0,0,8.0,73,0.8029544957519205,0.7588594002434379,-0.04409509550848256,1,1,lost_cause,0.5538,1,1,286,1,1
KESTREL-002507,25.5,38.05,pro,8,26,9,1,0,0,,342,0.9450651344296082,0.9599488305888307,0.014883696159222581,1,1,sure_thing,0.4358,1,1,776,1,1
KESTREL-002508,23.5,57.4,pro,15,27,7,0,0,0,,383,0.9755233506776991,0.9588078092184257,-0.016715541459273453,1,1,sure_thing,0.3035,0,1,715,1,0
KESTREL-002509,21.6,53.31,pro,71,2,31,0,0,1,10.0,1028,0.99,0.99,0.0,1,1,sure_thing,0.0295,0,1,658,1,0
KESTREL-002510,36.0,12.22,basic,2,2,3,0,0,0,,286,0.9387969294815459,0.9151149322081338,-0.023681997273412136,1,1,sure_thing,0.4058,1,1,1096,1,1
KESTREL-002511,24.7,66.14,pro,6,58,1,0,0,0,8.0,217,0.9472351925061265,0.7927283550661485,-0.15450683743997806,1,1,sleeping_dog,0.4528,1,1,752,1,0
KESTREL-002512,17.0,74.07,pro,10,2,7,0,0,1,,239,0.9561353639059677,0.9396401127188927,-0.016495251187074955,1,1,sure_thing,0.0465,0,1,517,1,0
KESTREL-002513,22.9,15.0,basic,7,55,3,0,1,0,,150,0.8941840979664782,0.880957465475901,-0.013226632490577206,1,1,lost_cause,0.221,0,1,697,1,0
KESTREL-002514,32.8,44.89,pro,14,12,11,0,0,0,,454,0.9857723308285792,0.984704627308896,-0.0010677035196832163,1,1,sure_thing,0.14,0,1,998,1,0
KESTREL-002515,28.7,50.83,pro,12,63,2,1,0,0,,293,0.9426482806144161,0.8646146922427322,-0.07803358837168384,1,1,sleeping_dog,0.293,0,1,874,1,0
KESTREL-002516,17.3,148.11,enterprise,10,12,4,2,0,0,8.0,187,0.8932370709541265,0.99,0.09676292904587347,1,1,persuadable,0.1242,0,1,527,1,0
KESTREL-002517,32.1,52.29,pro,18,15,18,0,0,1,,682,0.99,0.99,0.0,1,1,sure_thing,0.5292,1,1,977,1,1
KESTREL-002518,34.2,27.05,basic,10,9,3,1,0,0,,421,0.9700747996863615,0.9675312936679292,-0.002543506018432229,0,0,sure_thing,0.0402,0,0,1041,1,0
KESTREL-002519,12.1,21.82,basic,11,0,4,0,0,1,,158,0.9605528189908034,0.914480158993185,-0.04607265999761834,1,1,sure_thing,0.8362,1,1,368,1,1
KESTREL-002520,36.0,216.61,enterprise,4,29,3,0,0,0,,151,0.9830181007752772,0.99,0.0069818992247228095,1,1,sure_thing,0.4045,1,1,1096,1,1
KESTREL-002521,24.6,21.14,basic,5,29,7,0,0,0,,227,0.939727953934232,0.9220493308222684,-0.017678623111963665,1,1,sure_thing,0.92,1,1,749,1,1
KESTREL-002522,36.0,17.46,basic,7,110,3,1,0,0,,372,0.8906321590382148,0.716515866593549,-0.17411629244466575,1,1,sleeping_dog,0.5618,1,1,1096,1,1
KESTREL-002523,36.0,21.27,basic,12,3,4,1,0,0,,478,0.9605966125471692,0.9610633230853765,0.00046671053820723785,1,1,sure_thing,0.2505,0,1,1096,1,0
KESTREL-002524,23.8,37.94,pro,6,11,4,1,0,0,,192,0.9003281047759828,0.9102103413507668,0.009882236574784042,1,1,lost_cause,0.8345,1,1,724,1,1
KESTREL-002525,5.8,52.39,pro,5,15,2,2,0,0,,30,0.8058666380685989,0.9088033067661261,0.10293666869752716,1,1,persuadable,0.9895,1,1,177,1,0
KESTREL-002526,30.9,25.34,basic,15,4,10,0,0,0,,557,0.9867553239989625,0.9845043630852893,-0.002250960913673161,1,1,sure_thing,0.8015,1,1,941,1,0
KESTREL-002527,36.0,130.77,enterprise,16,2,12,0,1,0,,574,0.9785357838733374,0.99,0.011464216126662596,1,1,sure_thing,0.6248,1,1,1096,1,1
KESTREL-002528,13.0,12.17,basic,1,190,0,0,2,1,4.0,57,0.41468645394051346,0.3332942466675632,-0.08139220727295027,0,0,sleeping_dog,0.9978,1,0,396,1,0
KESTREL-002529,12.1,56.11,pro,6,5,2,0,0,1,,80,0.9142548261228307,0.8338061139784511,-0.08044871214437965,1,1,sleeping_dog,0.3062,0,1,368,1,0
KESTREL-002530,36.0,66.21,pro,1,89,0,0,0,0,,85,0.9122064144043582,0.6791547871542191,-0.23305162725013917,0,0,sleeping_dog,0.9115,1,0,1096,1,1
KESTREL-002531,21.8,19.84,basic,6,73,1,0,1,0,,189,0.8740467370176214,0.800790687458413,-0.07325604955920839,0,0,sleeping_dog,0.6112,1,0,664,1,1
KESTREL-002532,5.7,61.38,pro,10,80,6,1,0,0,7.0,60,0.9050034416059591,0.8698207845900101,-0.035182657015949026,1,1,lost_cause,0.5478,1,1,174,1,1
KESTREL-002533,11.9,19.67,basic,12,27,8,1,2,0,9.0,138,0.8025010622039298,0.99,0.1874989377960702,1,1,persuadable,0.798,1,1,362,1,1
KESTREL-002534,36.0,17.61,basic,46,14,9,0,0,0,,874,0.99,0.99,0.0,1,1,sure_thing,0.159,0,1,1096,1,0
KESTREL-002535,17.7,57.21,pro,26,7,19,0,0,1,8.0,511,0.99,0.99,0.0,1,1,sure_thing,0.4322,1,1,539,1,1
KESTREL-002536,8.4,43.56,pro,3,43,3,1,0,1,7.0,50,0.8203618533519078,0.7530029226675411,-0.06735893068436671,1,1,sleeping_dog,0.2075,0,1,256,1,0
KESTREL-002537,12.4,17.86,basic,12,2,9,0,0,1,10.0,242,0.9734226586779877,0.9619326243607751,-0.011490034317212627,1,1,sure_thing,0.5377,1,1,377,1,1
KESTREL-002538,29.0,44.51,pro,50,2,25,0,0,0,,1070,0.99,0.99,0.0,1,1,sure_thing,0.1668,0,1,883,1,0
KESTREL-002539,36.0,51.54,pro,10,5,2,1,0,0,7.0,463,0.9676913262568845,0.9704663593095455,0.0027750330526610245,1,1,sure_thing,0.056,0,1,1096,1,0
KESTREL-002540,11.1,15.01,basic,7,63,7,0,0,0,,73,0.9082756316688946,0.853257734100745,-0.055017897568149565,1,1,sleeping_dog,0.1265,0,1,338,1,0
KESTREL-002541,18.1,16.69,basic,11,37,9,0,0,1,,235,0.9574206406818797,0.9201072296348924,-0.037313411046987266,1,1,sure_thing,0.4075,1,1,551,1,1
KESTREL-002542,6.4,55.12,pro,3,16,0,2,0,0,,40,0.7863647880831247,0.8947566407695136,0.10839185268638885,1,1,persuadable,0.9262,1,1,195,1,0
KESTREL-002543,11.5,25.28,basic,6,9,8,0,0,0,,133,0.9291285811304761,0.9243096765607041,-0.004818904569772076,1,1,sure_thing,0.6885,1,1,350,1,1
KESTREL-002544,36.0,19.29,basic,4,29,3,0,0,0,6.0,239,0.9681820276570775,0.9120844979557947,-0.05609752970128279,1,1,sleeping_dog,0.0855,0,1,1096,1,0
KESTREL-002545,16.7,22.77,basic,7,45,7,0,0,0,6.0,143,0.9414273081163064,0.9099516133244407,-0.03147569479186563,1,1,sure_thing,0.582,1,1,508,1,0
KESTREL-002546,10.9,18.72,basic,7,31,0,2,1,0,,61,0.6674842463368442,0.8886316000331732,0.22114735369632899,0,0,persuadable,0.9182,1,0,332,1,1
KESTREL-002547,36.0,120.43,enterprise,2,81,1,1,0,0,,248,0.9366540770419726,0.8858408261781442,-0.050813250863828374,1,1,sleeping_dog,0.3332,0,1,1096,1,0
KESTREL-002548,27.1,78.73,pro,9,0,0,2,0,1,,195,0.8812154044441936,0.9762641854072694,0.0950487809630759,1,1,persuadable,0.9205,1,1,825,1,0
KESTREL-002549,13.8,14.54,basic,14,41,5,1,0,0,,195,0.9619762459288793,0.9442176430835526,-0.01775860284532671,1,1,sure_thing,0.3882,1,1,420,1,1
KESTREL-002550,8.8,189.52,enterprise,3,21,4,1,1,1,,57,0.8373546700371162,0.99,0.15264532996288382,1,1,persuadable,0.676,1,1,268,1,1
KESTREL-002551,24.3,21.84,basic,15,11,7,0,0,0,,317,0.9733442969141793,0.9629079047260857,-0.010436392188093668,1,1,sure_thing,0.051,0,1,740,1,0
KESTREL-002552,3.9,23.71,basic,8,56,7,0,0,0,5.0,31,0.9239147421030605,0.8792885577358861,-0.04462618436717436,1,1,sure_thing,0.033,0,1,119,1,0
KESTREL-002553,7.0,48.08,pro,10,9,5,0,0,0,,59,0.9280277560648891,0.9123353835122813,-0.015692372552607803,1,1,sure_thing,0.1522,0,1,213,1,0
KESTREL-002554,19.4,28.65,basic,6,108,2,0,0,0,,146,0.9388318745392902,0.6956890715173476,-0.24314280302194258,1,1,sleeping_dog,0.467,1,1,591,1,1
KESTREL-002555,24.2,56.75,pro,2,196,4,0,0,0,5.0,86,0.8810963202764077,0.5965319924347021,-0.2845643278417056,1,1,sleeping_dog,0.9368,1,1,737,1,1
KESTREL-002556,19.6,41.2,pro,2,26,3,2,0,0,8.0,182,0.7536127404663823,0.8571828406653405,0.10357010019895818,1,1,persuadable,0.989,1,1,597,1,0
KESTREL-002557,18.5,59.25,pro,14,10,2,1,0,0,8.0,224,0.9331674223785832,0.9294546596343463,-0.0037127627442369304,1,1,sure_thing,0.7028,1,1,563,1,1
KESTREL-002558,36.0,17.69,basic,11,2,4,1,2,0,,240,0.8387557119215298,0.99,0.15124428807847023,1,1,persuadable,0.8975,0,1,1096,1,0
KESTREL-002559,19.1,26.12,basic,11,39,3,1,0,0,7.0,174,0.9271153742387914,0.8986684851630742,-0.02844688907571724,1,1,sure_thing,0.5995,1,1,581,1,0
KESTREL-002560,17.5,22.11,basic,8,5,5,1,0,0,,192,0.9408625019577663,0.9475171837082422,0.006654681750475899,1,1,sure_thing,0.0548,0,1,533,1,0
KESTREL-002561,36.0,16.11,basic,9,4,4,2,0,0,,305,0.9206404642347724,0.9703614946430031,0.049721030408230726,1,1,sure_thing,0.0858,0,1,1096,1,0
KESTREL-002562,11.4,26.6,basic,14,13,8,0,0,0,,150,0.9764008061934033,0.9686843132883678,-0.00771649290503551,1,1,sure_thing,0.1655,0,1,347,1,0
KESTREL-002563,12.9,29.83,basic,5,24,4,0,1,0,5.0,67,0.882300629951095,0.9163692128370164,0.034068582885921406,1,1,lost_cause,0.5232,1,1,393,1,1
KESTREL-002564,14.2,11.07,basic,20,7,6,0,0,1,,183,0.9715970779625889,0.9368853784664759,-0.03471169949611297,1,1,sure_thing,0.5658,1,1,432,1,1
KESTREL-002565,3.4,54.39,pro,9,2,11,0,0,0,,38,0.9698420695351325,0.972175849554911,0.002333780019778464,1,1,sure_thing,0.514,1,1,103,1,1
KESTREL-002566,13.3,69.23,pro,12,2,11,2,0,0,,186,0.9236201727993385,0.99,0.06637982720066149,1,1,persuadable,0.6178,1,1,405,1,1
KESTREL-002567,35.1,54.6,pro,2,33,1,2,0,0,6.0,169,0.9073529650649143,0.99,0.08264703493508574,1,1,persuadable,0.5312,1,1,1068,1,0
KESTREL-002568,5.7,16.3,basic,5,6,3,0,0,1,7.0,44,0.8842637686094357,0.8156845713090496,-0.06857919730038609,1,1,sleeping_dog,0.8268,1,1,174,1,0
KESTREL-002569,20.6,53.97,pro,2,4,3,1,0,0,,87,0.8605761572139725,0.8874921773743566,0.02691602016038408,1,1,lost_cause,0.2537,0,1,627,1,0
KESTREL-002570,36.0,58.55,pro,11,30,2,2,2,1,,325,0.7728440131173953,0.99,0.21715598688260473,1,1,persuadable,0.706,1,1,1096,1,1
KESTREL-002571,14.9,40.2,pro,16,2,5,0,0,0,,185,0.9761006096051182,0.962352080448164,-0.013748529156954237,0,0,sure_thing,0.2068,0,0,454,1,0
KESTREL-002572,36.0,92.86,enterprise,6,20,5,0,0,1,,352,0.9755892405309746,0.9237481004037399,-0.05184114012723473,1,1,sleeping_dog,0.728,1,1,1096,1,0
KESTREL-002573,11.6,34.49,pro,3,64,2,1,0,1,,45,0.8518723590460952,0.7073753087836919,-0.14449705026240323,0,0,sleeping_dog,0.1878,0,0,353,0,0
KESTREL-002574,14.6,18.9,basic,17,5,19,0,0,1,10.0,267,0.9819830118942838,0.9825436088846252,0.0005605969903413888,1,1,sure_thing,0.1432,0,1,444,1,0
KESTREL-002575,16.1,17.82,basic,5,230,1,0,0,0,6.0,81,0.8357709735250908,0.5401005528457337,-0.2956704206793571,1,1,sleeping_dog,0.6505,1,1,490,1,0
KESTREL-002576,17.1,144.72,enterprise,7,57,2,0,1,0,5.0,116,0.8804697109966761,0.99,0.10953028900332384,1,1,persuadable,0.812,1,1,521,1,1
KESTREL-002577,17.0,16.31,basic,6,8,1,2,0,1,7.0,154,0.8297128938577008,0.8624181374350509,0.03270524357735016,0,0,lost_cause,0.3908,1,0,517,1,0
KESTREL-002578,25.1,42.41,pro,9,60,4,1,1,0,,180,0.8975402460561035,0.99,0.0924597539438965,1,1,persuadable,0.5018,1,1,764,1,0
KESTREL-002579,11.5,45.15,pro,44,4,16,0,0,1,,383,0.99,0.99,0.0,1,1,sure_thing,0.9,1,1,350,1,1
KESTREL-002580,16.9,17.24,basic,5,15,8,0,0,1,,173,0.9449487503218893,0.9217396706226746,-0.023209079699214707,1,1,sure_thing,0.1582,0,1,514,1,0
KESTREL-002581,36.0,37.24,pro,19,1,8,0,1,1,,663,0.9598177917499742,0.9742528881010377,0.014435096351063548,1,1,sure_thing,0.7032,1,1,1096,1,1
KESTREL-002582,21.3,15.94,basic,5,36,3,1,0,0,,149,0.8983419177728191,0.8772738269840276,-0.02106809078879157,1,1,lost_cause,0.3598,1,1,648,1,1
KESTREL-002583,36.0,48.85,pro,12,8,5,0,0,0,,346,0.9814043218919857,0.9657553286488852,-0.01564899324310043,1,1,sure_thing,0.0138,0,1,1096,1,0
KESTREL-002584,16.2,20.48,basic,32,0,17,0,0,0,,425,0.99,0.99,0.0,1,1,sure_thing,0.158,0,1,493,1,0
KESTREL-002585,13.8,46.65,pro,24,6,9,0,0,0,,260,0.9772541140665476,0.9727792836793172,-0.0044748303872304,1,1,sure_thing,0.4415,1,1,420,1,1
KESTREL-002586,14.5,21.12,basic,19,20,6,0,2,0,,228,0.8542704366335747,0.970278480240647,0.11600804360707229,1,1,persuadable,0.871,1,1,441,1,0
KESTREL-002587,29.5,15.61,basic,31,9,10,0,0,0,10.0,621,0.99,0.99,0.0,1,1,sure_thing,0.6212,1,1,898,1,1
KESTREL-002588,13.0,22.34,basic,9,103,1,0,0,0,,113,0.8780512409339223,0.6283489532115092,-0.2497022877224131,1,0,sleeping_dog,0.8758,1,0,396,1,1
KESTREL-002589,15.9,21.37,basic,17,4,20,1,0,0,,296,0.9752842031434292,0.982529868286041,0.0072456651426118235,1,1,sure_thing,0.557,1,1,484,1,0
KESTREL-002590,11.0,223.46,enterprise,4,11,1,1,0,0,,72,0.9452065985337946,0.99,0.04479340146620536,1,1,sure_thing,0.0468,0,1,335,1,0
KESTREL-002591,24.2,51.3,pro,4,18,2,0,1,0,9.0,121,0.886437184082517,0.938119787664764,0.051682603582246966,1,1,persuadable,0.323,0,1,737,0,0
KESTREL-002592,17.4,17.01,basic,5,76,3,0,2,0,,114,0.6822731759995938,0.84764410984674,0.16537093384714618,1,1,persuadable,0.991,1,1,530,1,1
KESTREL-002593,20.3,33.86,pro,14,11,12,0,0,0,,304,0.9802405038367769,0.9797125985118191,-0.0005279053249577226,1,1,sure_thing,0.7153,1,1,618,1,1
KESTREL-002594,19.6,20.47,basic,7,28,5,0,0,1,,204,0.9356809917600409,0.858678722663484,-0.07700226909655694,1,0,sleeping_dog,0.111,0,1,597,1,0
KESTREL-002595,32.6,21.29,basic,5,31,4,0,0,1,10.0,373,0.9654684526112605,0.8638918835930652,-0.10157656901819523,1,1,sleeping_dog,0.1472,0,1,992,1,0
KESTREL-002596,22.0,15.63,basic,1,89,4,1,1,0,5.0,127,0.8212656791437617,0.9251640247781572,0.10389834563439548,1,1,persuadable,0.3835,1,1,670,1,1
KESTREL-002597,15.7,139.41,enterprise,1,128,1,0,0,1,,32,0.8955133316890861,0.6494975216418479,-0.24601581004723816,1,0,sleeping_dog,0.8068,1,0,478,1,1
KESTREL-002598,3.9,52.68,pro,5,11,3,1,0,0,,23,0.8669464969769068,0.8817835356974822,0.014837038720575402,1,1,lost_cause,0.7072,1,1,119,1,1
KESTREL-002599,36.0,57.11,pro,13,3,6,1,0,0,,433,0.9786896958079601,0.99,0.011310304192039933,1,1,sure_thing,0.0127,0,1,1096,1,0
KESTREL-002600,11.7,18.8,basic,3,61,2,2,0,0,,76,0.76063694467304,0.7925890266238068,0.03195208195076682,1,1,lost_cause,0.7482,1,1,356,1,1
KESTREL-002601,36.0,19.14,basic,9,44,1,0,0,0,,310,0.9525491012757232,0.8272451900557316,-0.12530391121999163,1,1,sleeping_dog,0.3465,1,1,1096,1,0
KESTREL-002602,12.7,51.15,pro,8,4,9,1,0,0,,102,0.9381564730789984,0.9611044666978336,0.02294799361883515,1,1,sure_thing,0.8552,1,1,387,1,1
KESTREL-002603,36.0,118.44,enterprise,2,6,0,2,0,1,8.0,171,0.920990382687816,0.99,0.06900961731218402,1,1,persuadable,0.36,1,1,1096,1,0
KESTREL-002604,36.0,18.74,basic,3,51,1,2,0,0,,184,0.8392115759234504,0.8727017395026884,0.03349016357923795,1,1,lost_cause,0.1605,0,1,1096,1,0
KESTREL-002605,36.0,59.47,pro,7,58,3,1,1,0,,263,0.8993647134684689,0.99,0.09063528653153108,1,1,persuadable,0.2165,0,1,1096,1,0
KESTREL-002606,4.8,22.68,basic,29,18,23,0,0,0,9.0,120,0.99,0.99,0.0,1,1,sure_thing,0.0565,0,1,146,1,0
KESTREL-002607,11.9,11.28,basic,5,55,0,1,0,1,6.0,51,0.758592492392463,0.5815225579596763,-0.17706993443278662,1,1,sleeping_dog,0.842,1,1,362,1,0
KESTREL-002608,10.1,16.99,basic,7,8,5,0,0,0,,94,0.9356462120924224,0.9192685227639532,-0.01637768932846917,1,1,sure_thing,0.539,1,1,307,1,1
KESTREL-002609,36.0,16.53,basic,87,0,20,0,0,0,10.0,1752,0.99,0.99,0.0,1,1,sure_thing,0.0682,0,1,1096,1,0
KESTREL-002610,19.1,150.4,enterprise,54,5,17,0,0,0,10.0,671,0.99,0.99,0.0,1,1,sure_thing,0.1318,0,1,581,1,0
KESTREL-002611,29.7,42.64,pro,3,174,2,0,0,0,,124,0.8971337571068185,0.6107191164990715,-0.286414640607747,1,1,sleeping_dog,0.6875,1,1,904,1,0
KESTREL-002612,25.9,16.92,basic,3,71,2,0,0,0,7.0,190,0.9399198289580679,0.7709801003280153,-0.16893972863005258,1,1,sleeping_dog,0.562,1,1,788,1,1
KESTREL-002613,12.6,15.77,basic,15,5,8,0,0,0,9.0,152,0.967024221827709,0.9610193907531013,-0.006004831074607697,1,1,sure_thing,0.0838,0,1,384,1,0
KESTREL-002614,5.9,23.44,basic,20,0,5,0,0,0,10.0,92,0.95235592228756,0.9385114843153518,-0.013844437972208246,1,1,sure_thing,0.4398,1,1,180,1,1
KESTREL-002615,28.5,23.17,basic,12,10,9,1,2,1,6.0,445,0.8878543961438001,0.99,0.10214560385619986,1,1,persuadable,0.5893,1,1,868,1,1
KESTREL-002616,18.3,40.11,pro,8,35,4,0,0,0,10.0,195,0.9360212881805487,0.8846932009026022,-0.05132808727794658,1,1,sleeping_dog,0.3325,0,1,557,1,0
KESTREL-002617,34.8,51.07,pro,19,14,5,0,0,1,6.0,490,0.9870328174602385,0.9334073918056061,-0.053625425654632464,1,1,sleeping_dog,0.5548,1,1,1059,1,1
KESTREL-002618,36.0,20.99,basic,5,141,1,2,0,1,,193,0.8310925505745369,0.6325794605146315,-0.19851309005990536,1,1,sleeping_dog,0.4735,1,1,1096,1,1
KESTREL-002619,29.8,16.8,basic,4,80,2,2,1,0,5.0,118,0.6346266366330391,0.8465152997871713,0.21188866315413224,1,1,persuadable,0.8335,1,1,907,0,1
KESTREL-002620,19.5,54.4,pro,22,4,8,0,0,1,,382,0.9806654599296317,0.9635023950116306,-0.017163064918001125,1,1,sure_thing,0.7345,1,1,594,1,1
KESTREL-002621,18.8,21.2,basic,18,9,11,1,0,1,,297,0.9672463418775131,0.9695571738870843,0.002310832009571162,1,1,sure_thing,0.4555,1,1,572,1,1
KESTREL-002622,36.0,15.36,basic,1,2,2,0,0,0,5.0,168,0.9203046107787902,0.8888736731223137,-0.03143093765647653,1,0,sure_thing,0.317,0,1,1096,1,0
KESTREL-002623,32.3,30.04,pro,5,28,6,1,0,0,,298,0.9524412835351069,0.9610596443984837,0.00861836086337675,1,1,sure_thing,0.5562,1,1,983,1,1
KESTREL-002624,9.0,34.93,pro,11,89,5,2,0,0,,80,0.7945657855871121,0.806337648321754,0.011771862734641925,0,0,lost_cause,0.8485,1,0,274,1,1
KESTREL-002625,25.2,15.02,basic,6,45,6,0,0,1,,243,0.9519456039053712,0.8579154583259379,-0.09403014557943334,1,1,sleeping_dog,0.3695,1,1,767,1,1
KESTREL-002626,36.0,16.07,basic,16,25,6,0,0,0,,419,0.9811200391904038,0.9576652172859399,-0.023454821904463907,1,1,sure_thing,0.729,1,1,1096,1,1
KESTREL-002627,31.4,20.46,basic,30,0,9,0,0,1,8.0,579,0.99,0.9810069577642978,-0.008993042235702187,1,1,sure_thing,0.0042,0,1,956,1,0
KESTREL-002628,1.9,153.06,enterprise,2,13,1,0,0,1,4.0,12,0.9475776428588427,0.8750055310689131,-0.07257211178992962,1,1,sleeping_dog,0.2722,0,1,58,1,0
KESTREL-002629,26.3,18.01,basic,7,79,6,0,0,0,,271,0.9353672778467879,0.8323058749583694,-0.10306140288841847,1,1,sleeping_dog,0.5908,1,1,801,1,0
KESTREL-002630,7.8,19.09,basic,3,27,0,1,1,0,6.0,42,0.678333669591323,0.8012476290156045,0.12291395942428152,1,1,persuadable,0.9828,1,1,237,1,0
KESTREL-002631,11.3,22.17,basic,25,18,9,0,0,0,,233,0.9846470500600386,0.976807948930864,-0.00783910112917463,1,1,sure_thing,0.1608,0,1,344,1,0
KESTREL-002632,3.0,61.08,pro,13,5,8,0,1,1,,22,0.9137649583891975,0.9540237907088067,0.04025883231960925,1,1,lost_cause,0.1122,0,1,91,1,0
KESTREL-002633,30.6,64.47,pro,5,28,2,0,0,1,4.0,134,0.9512343193814636,0.8191930158193967,-0.1320413035620669,1,1,sleeping_dog,0.253,0,1,931,1,0
KESTREL-002634,2.8,17.9,basic,4,15,7,0,0,0,7.0,29,0.9192820841237273,0.9092893532628804,-0.009992730860846843,1,1,lost_cause,0.777,1,1,85,1,1
KESTREL-002635,36.0,81.11,pro,16,0,7,0,0,1,,563,0.989880524619072,0.9727847321313604,-0.017095792487711647,1,1,sure_thing,0.176,0,1,1096,1,0
KESTREL-002636,18.1,51.58,pro,4,8,6,0,0,0,,190,0.9246942880239785,0.9173501652082696,-0.007344122815708842,1,1,sure_thing,0.82,1,1,551,1,1
KESTREL-002637,12.9,21.0,basic,6,67,3,0,0,0,,121,0.9287480251764543,0.7911287256935231,-0.13761929948293117,1,1,sleeping_dog,0.835,1,1,393,1,1
KESTREL-002638,36.0,39.1,pro,4,6,7,1,0,0,,240,0.932187445464553,0.9548887506263276,0.0227013051617746,0,0,sure_thing,0.405,1,0,1096,1,0
KESTREL-002639,27.8,17.7,basic,3,51,2,0,1,0,5.0,132,0.8425929533137356,0.8352238293718018,-0.007369123941933786,0,0,lost_cause,0.1842,0,0,846,1,0
KESTREL-002640,11.9,20.84,basic,14,25,2,0,0,0,9.0,125,0.9248535565876158,0.8585374873888918,-0.06631606919872401,1,1,sleeping_dog,0.692,1,1,362,1,1
KESTREL-002641,17.7,25.1,basic,7,40,5,1,0,0,,137,0.9159025104207176,0.9078325055549871,-0.008070004865730507,0,0,lost_cause,0.452,1,0,539,1,1
KESTREL-002642,36.0,59.68,pro,5,46,2,0,0,0,,332,0.9490596517846871,0.8453923755462825,-0.10366727623840455,1,0,sleeping_dog,0.3108,0,1,1096,1,0
KESTREL-002643,33.3,13.46,basic,15,0,4,1,0,0,,298,0.9443136886145987,0.9422953370051732,-0.0020183516094255394,1,1,sure_thing,0.0645,0,1,1014,1,0
KESTREL-002644,6.5,18.34,basic,9,96,2,0,0,0,,37,0.9178632300937761,0.6930102086428382,-0.22485302145093788,0,0,sleeping_dog,0.5372,1,0,198,1,1
KESTREL-002645,35.5,21.26,basic,6,13,3,1,0,1,,220,0.9435796119224154,0.9144913021391503,-0.029088309783265043,1,1,sure_thing,0.967,1,1,1081,1,0
KESTREL-002646,27.9,23.23,basic,9,9,6,0,1,1,,291,0.9382271735200146,0.9579861693095955,0.019758995789580847,1,1,sure_thing,0.3755,1,1,849,1,1
KESTREL-002647,19.4,19.99,basic,8,5,3,0,0,0,,178,0.9366838684408021,0.909271736278623,-0.02741213216217908,1,0,sure_thing,0.577,1,0,591,1,1
KESTREL-002648,24.8,18.53,basic,0,94,3,0,0,0,,161,0.8935198576473264,0.6930470264161768,-0.20047283123114967,1,0,sleeping_dog,0.7982,1,0,755,1,1
KESTREL-002649,25.5,22.22,basic,0,25,1,1,0,0,7.0,96,0.875978093203241,0.8574296036294398,-0.018548489573801286,1,1,lost_cause,0.8322,1,1,776,1,0
KESTREL-002650,9.4,36.56,pro,3,194,4,1,0,0,,49,0.704601809634019,0.446631492987065,-0.25797031664695397,1,1,sleeping_dog,0.966,1,1,286,1,0
KESTREL-002651,8.0,51.0,pro,30,3,12,0,0,0,10.0,153,0.9859931617688771,0.9846999016065547,-0.0012932601623223405,1,1,sure_thing,0.1625,0,1,244,1,0
KESTREL-002652,36.0,64.1,pro,43,3,22,0,0,0,10.0,1126,0.99,0.99,0.0,1,1,sure_thing,0.2908,0,1,1096,1,0
KESTREL-002653,36.0,17.86,basic,5,22,5,1,0,0,,342,0.9447249756189334,0.9477568610790047,0.003031885460071271,1,1,sure_thing,0.3418,1,1,1096,1,1
KESTREL-002654,15.1,11.91,basic,8,98,7,2,0,0,,154,0.8521381339041794,0.8653258805852891,0.01318774668110978,1,1,lost_cause,0.5628,1,1,460,1,1
KESTREL-002655,15.3,11.83,basic,6,12,2,0,1,0,,151,0.8301874611257203,0.8466695524263104,0.016482091300590085,1,1,lost_cause,0.5885,1,1,466,1,1
KESTREL-002656,36.0,23.21,basic,10,39,8,1,0,0,,401,0.9560898627916239,0.9586190322322385,0.0025291694406146537,1,1,sure_thing,0.3352,0,1,1096,1,0
KESTREL-002657,12.6,20.29,basic,4,10,3,0,0,0,,86,0.899615776522767,0.8684545945943218,-0.031161181928445192,1,1,lost_cause,0.5407,1,1,384,0,1
KESTREL-002658,24.4,19.09,basic,22,2,6,0,0,0,,335,0.989115155935618,0.9779546720363477,-0.01116048389927038,1,1,sure_thing,0.7008,1,1,743,1,1
KESTREL-002659,21.2,19.91,basic,8,26,8,1,0,0,,222,0.9383889891088241,0.9458064792351525,0.007417490126328419,1,1,sure_thing,0.3365,0,1,645,1,0
KESTREL-002660,26.0,40.99,pro,5,71,4,1,1,0,,110,0.7685886300985428,0.9050967434287946,0.1365081133302518,1,1,persuadable,0.388,1,1,791,1,0
KESTREL-002661,24.5,21.59,basic,13,13,8,1,0,0,,330,0.9581066247793165,0.9636485564116701,0.005541931632353614,1,1,sure_thing,0.3162,0,1,746,1,0
KESTREL-002662,25.8,16.8,basic,11,35,9,1,0,0,,270,0.9522230316515841,0.9559957908503239,0.0037727591987398723,1,1,sure_thing,0.5988,1,1,785,1,1
KESTREL-002663,36.0,83.97,enterprise,10,6,11,0,0,0,7.0,441,0.9894905280330312,0.99,0.0005094719669688219,1,1,sure_thing,0.272,0,1,1096,1,0
KESTREL-002664,36.0,28.87,basic,5,14,3,1,0,1,,267,0.9495203354076641,0.9232249622593439,-0.0262953731483202,1,1,sure_thing,0.713,1,1,1096,1,1
KESTREL-002665,30.6,22.09,basic,6,13,3,0,0,0,4.0,246,0.9456958322276293,0.9108454187164748,-0.03485041351115448,1,1,sure_thing,0.414,1,1,931,1,1
KESTREL-002666,36.0,18.53,basic,8,39,7,1,0,0,,300,0.9527779112420969,0.9527432961476636,-3.461509443325461e-05,1,1,sure_thing,0.03,0,1,1096,1,0
KESTREL-002667,12.1,69.22,pro,10,57,4,1,0,0,9.0,141,0.9342401475371618,0.9112308226861532,-0.023009324851008595,1,1,sure_thing,0.2037,0,1,368,1,0
KESTREL-002668,6.0,53.87,pro,21,4,6,0,0,0,,101,0.9676568752309163,0.9567522843472615,-0.010904590883654808,1,1,sure_thing,0.6432,1,1,183,1,0
KESTREL-002669,36.0,20.17,basic,2,15,7,0,1,0,,199,0.9178905987659816,0.9633143633580763,0.04542376459209474,1,1,lost_cause,0.3455,1,1,1096,1,0
KESTREL-002670,9.1,14.63,basic,17,1,9,1,0,0,,118,0.9606435391620931,0.9648169600374302,0.004173420875337119,1,1,sure_thing,0.6722,1,1,277,1,1
KESTREL-002671,23.9,28.67,basic,3,59,2,0,2,0,,175,0.7558980756917411,0.9525656680420489,0.19666759235030784,0,1,persuadable,0.9385,1,1,728,1,1
KESTREL-002672,6.1,16.68,basic,2,163,1,1,0,0,,25,0.6810289974348722,0.4181538160398767,-0.2628751813949955,1,1,sleeping_dog,0.8732,1,1,186,0,0
KESTREL-002673,5.8,47.56,pro,18,10,7,0,0,0,,78,0.9728425960810588,0.9633014655470902,-0.009541130533968656,1,1,sure_thing,0.074,0,1,177,1,0
KESTREL-002674,34.7,57.96,pro,2,6,0,0,1,0,,158,0.9028549819032482,0.967782813922377,0.06492783201912877,1,1,persuadable,0.3445,1,1,1056,1,1
KESTREL-002675,17.8,16.4,basic,7,21,7,0,0,0,,107,0.9600623440354883,0.9462891254328812,-0.013773218602607051,1,1,sure_thing,0.199,0,1,542,1,0
KESTREL-002676,36.0,61.81,pro,7,14,6,2,0,0,,354,0.8996770046441288,0.99,0.09032299535587118,1,1,persuadable,0.432,1,1,1096,1,1
KESTREL-002677,36.0,20.59,basic,7,70,2,3,0,0,,363,0.8060566896882101,0.9516670450155178,0.1456103553273077,1,1,persuadable,0.8568,1,1,1096,1,1
KESTREL-002678,33.7,16.53,basic,2,187,2,0,0,0,,176,0.8711650091485262,0.5800497896256711,-0.29111521952285513,1,1,sleeping_dog,0.097,0,1,1026,1,0
KESTREL-002679,32.4,18.73,basic,0,47,3,2,0,0,,192,0.841109206459673,0.912872302002399,0.07176309554272597,1,1,persuadable,0.3295,0,1,986,1,0
KESTREL-002680,34.4,26.75,basic,5,13,3,1,0,0,6.0,235,0.9614153866604651,0.9630205277204508,0.0016051410599856597,1,1,sure_thing,0.1855,0,1,1047,1,0
KESTREL-002681,18.9,15.33,basic,3,82,2,0,1,0,7.0,126,0.8184501837662451,0.7501284021960064,-0.06832178157023872,0,0,sleeping_dog,0.4115,1,0,575,1,1
KESTREL-002682,3.5,102.74,enterprise,11,12,7,3,0,0,,44,0.8665338546661797,0.99,0.12346614533382028,1,1,persuadable,0.5452,1,1,107,1,1
KESTREL-002683,19.8,17.99,basic,4,3,4,0,0,0,5.0,130,0.9265390588965385,0.9085795624955603,-0.01795949640097827,1,1,sure_thing,0.1705,0,1,603,0,0
KESTREL-002684,21.3,50.88,pro,4,8,3,0,1,0,,114,0.8734847613052409,0.9335118208084265,0.060027059503185654,1,1,persuadable,0.4952,1,1,648,1,1
KESTREL-002685,13.5,44.23,pro,11,1,5,0,0,1,,149,0.9593941779518946,0.9243089445912936,-0.03508523336060099,1,1,sure_thing,0.2952,0,1,411,1,0
KESTREL-002686,30.8,15.55,basic,3,15,1,1,0,1,,151,0.9144696024075923,0.8558561028450272,-0.05861349956256512,1,1,sleeping_dog,0.3028,0,1,938,1,0
KESTREL-002687,19.9,22.59,basic,21,12,5,0,1,0,7.0,311,0.9596623067101788,0.9657373981602575,0.0060750914500786735,1,1,sure_thing,0.7242,1,1,606,1,0
KESTREL-002688,13.5,24.3,basic,13,2,6,1,0,1,,196,0.9351562042039303,0.9308968857973356,-0.004259318406594659,1,1,sure_thing,0.4192,1,1,411,1,0
KESTREL-002689,22.8,51.34,pro,8,0,5,0,0,0,,245,0.9670273420168143,0.9572951667320766,-0.009732175284737687,1,1,sure_thing,0.623,1,1,694,1,1
KESTREL-002690,9.0,16.13,basic,8,0,4,0,1,0,7.0,102,0.8230078507919631,0.8472965179191811,0.024288667127218,1,1,lost_cause,0.7602,1,1,274,1,1
KESTREL-002691,13.4,13.37,basic,7,18,3,0,0,1,,111,0.9082917082080212,0.814976244282264,-0.09331546392575718,1,1,sleeping_dog,0.7692,1,1,408,1,1
KESTREL-002692,27.1,47.79,pro,22,1,10,1,0,0,,557,0.9821852701105073,0.988710815187953,0.006525545077445738,1,1,sure_thing,0.4495,1,1,825,0,1
KESTREL-002693,23.6,29.58,pro,9,48,2,0,1,0,5.0,156,0.8896302292976945,0.8777668609805955,-0.011863368317098999,1,1,lost_cause,0.7688,1,1,718,1,1
KESTREL-002694,14.2,45.71,pro,10,29,5,2,0,1,,122,0.9276944765553935,0.9864779066734688,0.0587834301180753,1,1,persuadable,0.802,1,1,432,1,0
KESTREL-002695,11.9,43.05,pro,8,14,5,1,0,0,,90,0.8980064887286574,0.9089044962390543,0.010898007510396934,1,1,lost_cause,0.5375,1,1,362,1,1
KESTREL-002696,34.9,23.4,basic,9,69,7,0,1,1,,252,0.9163044171661273,0.8909717361132958,-0.025332681052831485,1,1,lost_cause,0.831,1,1,1062,1,1
KESTREL-002697,16.7,19.23,basic,26,10,14,0,0,0,10.0,445,0.9869088289983464,0.9860358311090874,-0.0008729978892589862,1,1,sure_thing,0.1725,0,1,508,1,0
KESTREL-002698,31.6,15.64,basic,3,5,3,1,0,0,,150,0.8667600008959636,0.8714968285523214,0.004736827656357745,1,1,lost_cause,0.604,1,1,962,1,1
KESTREL-002699,29.9,156.88,enterprise,5,97,2,1,0,0,,165,0.9115846049785763,0.877833528315345,-0.033751076663231294,1,1,lost_cause,0.4628,1,1,910,1,1
KESTREL-002700,8.5,50.04,pro,9,87,5,3,0,0,,62,0.679308636797222,0.8617986907254607,0.1824900539282387,1,1,persuadable,0.9355,1,1,259,1,1
KESTREL-002701,10.2,48.27,pro,7,17,1,1,0,1,,56,0.8378050637872767,0.7819594294075517,-0.05584563437972501,1,1,sleeping_dog,0.2712,0,1,310,1,0
KESTREL-002702,25.3,16.95,basic,11,8,8,1,0,0,8.0,275,0.948850265321283,0.9557807571811388,0.006930491859855725,1,1,sure_thing,0.5742,1,1,770,1,0
KESTREL-002703,25.5,15.63,basic,12,4,10,1,0,0,6.0,357,0.968580242873818,0.9764276344620972,0.007847391588279184,1,1,sure_thing,0.534,1,1,776,1,1
KESTREL-002704,36.0,16.79,basic,9,3,6,0,0,0,,267,0.9707916123057636,0.9608166868667871,-0.00997492543897649,1,1,sure_thing,0.1322,0,1,1096,1,0
KESTREL-002705,16.2,48.82,pro,15,0,11,0,0,0,,258,0.9697413231507632,0.9699626495207058,0.00022132636994254273,1,1,sure_thing,0.3127,1,1,493,1,1
KESTREL-002706,8.1,45.3,pro,5,0,6,0,0,0,,76,0.93886396877476,0.9335004511058406,-0.005363517668919404,0,0,sure_thing,0.322,0,0,247,1,0
KESTREL-002707,36.0,49.04,pro,13,136,10,1,1,0,,506,0.9344716775272289,0.99,0.05552832247277106,1,1,persuadable,0.1592,0,1,1096,1,0
KESTREL-002708,15.6,19.69,basic,28,10,11,0,0,0,,322,0.9846041708782545,0.9814640192395685,-0.003140151638685973,1,1,sure_thing,0.3638,1,1,475,1,1
KESTREL-002709,33.3,20.24,basic,2,1,2,3,0,0,7.0,246,0.8592716443069224,0.99,0.1307283556930776,1,1,persuadable,0.7925,1,1,1014,1,1
KESTREL-002710,22.4,50.18,pro,11,23,5,2,0,1,,183,0.9248367557373156,0.9877816261555051,0.06294487041818952,1,1,persuadable,0.283,0,1,682,0,0
KESTREL-002711,7.6,15.01,basic,10,64,5,0,0,0,,94,0.9294856415394178,0.8392715375262124,-0.0902141040132054,1,1,sleeping_dog,0.6908,1,1,231,1,1
KESTREL-002712,36.0,18.75,basic,7,31,6,2,1,0,5.0,225,0.8340583668122951,0.99,0.15594163318770493,1,1,persuadable,0.7402,1,1,1096,1,1
KESTREL-002713,15.9,20.12,basic,54,3,17,0,0,0,,516,0.99,0.99,0.0,1,1,sure_thing,0.2715,0,1,484,1,0
KESTREL-002714,28.1,12.23,basic,19,3,6,0,0,1,9.0,434,0.9773960824168854,0.9467651706853553,-0.030630911731530097,1,1,sure_thing,0.3858,1,1,855,1,1
KESTREL-002715,36.0,51.75,pro,6,59,4,3,0,0,,251,0.8683639784444739,0.99,0.12163602155552611,1,1,persuadable,0.2825,0,1,1096,1,0
KESTREL-002716,11.7,12.86,basic,7,84,6,0,0,0,,73,0.9205769516829283,0.8055411914705012,-0.11503576021242712,1,1,sleeping_dog,0.9332,1,1,356,1,0
KESTREL-002717,4.7,18.14,basic,20,13,6,1,0,1,7.0,85,0.9559591987462001,0.9404181349462211,-0.015541063799978994,1,1,sure_thing,0.0085,0,1,143,1,0
KESTREL-002718,30.1,17.05,basic,15,6,4,0,0,1,,291,0.9643612245833126,0.9088100207270295,-0.05555120385628309,1,1,sleeping_dog,0.2112,0,1,916,1,0
KESTREL-002719,28.0,111.18,enterprise,0,281,2,2,0,1,,73,0.6209728344818181,0.5457039223106066,-0.07526891217121146,1,1,sleeping_dog,0.958,1,1,852,1,1
KESTREL-002720,36.0,21.14,basic,1,10,3,0,0,0,,297,0.9504984057470376,0.9204901369268745,-0.030008268820163053,1,1,sure_thing,0.0508,0,1,1096,1,0
KESTREL-002721,36.0,36.55,pro,7,29,5,2,0,1,,162,0.91638533717538,0.9788381231164973,0.06245278594111736,1,1,persuadable,0.6888,1,1,1096,1,1
KESTREL-002722,9.6,18.8,basic,12,7,3,0,0,0,10.0,143,0.9495454099854637,0.9194319784842426,-0.030113431501221033,1,1,sure_thing,0.494,1,1,292,1,1
KESTREL-002723,9.3,55.14,pro,3,8,3,1,0,0,7.0,119,0.8767076558050405,0.8997141490234175,0.023006493218377,1,1,lost_cause,0.916,1,1,283,1,1
KESTREL-002724,36.0,16.5,basic,21,5,2,1,1,1,10.0,597,0.9483518621097868,0.9840539675543568,0.035702105444569976,1,1,sure_thing,0.2465,0,1,1096,1,0
KESTREL-002725,8.7,34.22,basic,16,18,9,0,0,0,8.0,103,0.9631422729340023,0.9565417964488193,-0.006600476485183027,1,1,sure_thing,0.2772,0,1,265,1,0
KESTREL-002726,4.1,49.59,pro,16,2,10,0,0,0,7.0,54,0.9750955107998911,0.9739858284685763,-0.0011096823313148096,0,0,sure_thing,0.0832,0,0,125,1,0
KESTREL-002727,34.3,20.41,basic,8,16,4,0,0,1,8.0,310,0.9536557963837468,0.8824411084600713,-0.07121468792367547,1,1,sleeping_dog,0.4808,1,1,1044,1,1
KESTREL-002728,1.8,41.8,pro,4,13,3,0,1,0,,5,0.7855951244207049,0.8345754874977206,0.0489803630770157,1,1,lost_cause,0.6365,1,1,55,1,1
KESTREL-002729,19.8,16.65,basic,19,8,10,1,1,0,,362,0.9315794671729811,0.9899537485911426,0.05837428141816148,1,1,persuadable,0.3245,0,1,603,1,0
KESTREL-002730,20.7,19.89,basic,23,0,13,0,1,0,10.0,423,0.9718962929480646,0.9820221907499379,0.01012589780187334,1,1,sure_thing,0.068,0,1,630,1,0
KESTREL-002731,17.3,126.55,enterprise,51,4,31,0,0,0,9.0,624,0.99,0.99,0.0,1,1,sure_thing,0.1688,0,1,527,1,0
KESTREL-002732,21.2,24.59,basic,11,6,11,0,0,0,8.0,297,0.9640392242854189,0.9632649179022308,-0.0007743063831880947,1,1,sure_thing,0.453,1,1,645,1,1
KESTREL-002733,13.8,47.39,pro,9,7,7,1,1,1,8.0,113,0.9172641277219554,0.99,0.07273587227804457,0,1,persuadable,0.1932,0,0,420,1,0
KESTREL-002734,6.9,30.17,basic,7,16,5,0,0,1,,83,0.9182320177699107,0.863121843699349,-0.055110174070561735,1,1,sleeping_dog,0.5833,1,1,210,1,0
KESTREL-002735,36.0,14.87,basic,12,0,11,0,0,0,,501,0.988469364156361,0.9876944015878896,-0.0007749625684714267,1,1,sure_thing,0.002,0,1,1096,1,0
KESTREL-002736,36.0,66.83,pro,19,3,13,0,0,0,,752,0.99,0.99,0.0,1,1,sure_thing,0.313,0,1,1096,1,0
KESTREL-002737,36.0,39.88,pro,14,22,8,0,1,0,7.0,376,0.9666621605353928,0.99,0.023337839464607213,1,1,sure_thing,0.209,0,1,1096,0,0
KESTREL-002738,8.0,13.8,basic,3,155,2,2,1,0,,43,0.35110843987804047,0.4198566213722326,0.06874818149419215,0,0,persuadable,0.9905,1,0,244,1,0
KESTREL-002739,36.0,58.04,pro,3,33,8,0,0,0,,205,0.9653284759285676,0.9558169640339587,-0.00951151189460897,1,1,sure_thing,0.0515,0,1,1096,1,0
KESTREL-002740,32.7,28.47,basic,14,5,13,0,0,0,,628,0.9851677176525038,0.9855207944860921,0.0003530768335883172,1,1,sure_thing,0.0158,1,1,995,1,1
KESTREL-002741,7.5,39.18,pro,8,13,7,1,0,1,,90,0.9195704716868067,0.9241537899833007,0.004583318296493943,1,1,lost_cause,0.8182,1,1,228,1,1
KESTREL-002742,8.4,24.9,basic,22,3,16,0,0,1,,174,0.9829406219432258,0.9821335248827399,-0.000807097060485984,1,1,sure_thing,0.4782,1,1,256,1,0
KESTREL-002743,36.0,19.8,basic,14,45,6,2,1,0,,453,0.8818373066776669,0.99,0.10816269332233308,1,1,persuadable,0.318,0,1,1096,1,0
KESTREL-002744,20.6,16.45,basic,1,44,2,1,0,1,6.0,123,0.891657969905568,0.7922646884977728,-0.09939328140779524,0,0,sleeping_dog,0.5705,1,0,627,1,1
KESTREL-002745,7.2,38.05,pro,2,0,2,0,1,1,3.0,43,0.8782219002097867,0.9159491040160442,0.03772720380625749,1,1,lost_cause,0.8698,1,1,219,1,0
KESTREL-002746,35.3,56.2,pro,2,187,0,1,0,0,5.0,116,0.827965187749858,0.5761373661963191,-0.2518278215535389,1,0,sleeping_dog,0.525,1,0,1075,1,0
KESTREL-002747,15.8,33.91,pro,9,96,5,0,1,0,7.0,133,0.8302905521427413,0.7851706020489031,-0.04511995009383818,1,1,lost_cause,0.2618,0,1,481,1,0
KESTREL-002748,12.2,21.5,basic,6,28,3,0,0,0,,114,0.910796261341644,0.8558549261965098,-0.05494133514513422,1,1,sleeping_dog,0.325,0,1,371,1,0
KESTREL-002749,36.0,47.34,pro,9,56,6,0,0,0,5.0,210,0.9731763400520437,0.916930463925064,-0.05624587612697962,1,1,sleeping_dog,0.2355,0,1,1096,1,0
KESTREL-002750,20.7,41.78,pro,15,52,6,0,0,0,6.0,186,0.9709301658910704,0.9188866194257589,-0.05204354646531151,1,1,sleeping_dog,0.1727,0,1,630,1,0
KESTREL-002751,29.5,38.65,pro,14,25,8,0,0,0,,317,0.9759111560852303,0.9641645872917831,-0.011746568793447154,1,1,sure_thing,0.757,1,1,898,1,0
KESTREL-002752,19.2,16.19,basic,2,18,2,1,1,0,,95,0.8169851298421816,0.9539805027022336,0.13699537286005192,1,1,persuadable,0.305,0,1,584,1,0
KESTREL-002753,13.2,24.08,basic,29,10,5,1,0,0,10.0,272,0.9766119596341281,0.9698481185341413,-0.006763841099986734,1,1,sure_thing,0.493,1,1,402,1,0
KESTREL-002754,36.0,52.86,pro,2,7,2,0,0,0,,144,0.951454822519448,0.9185301520128331,-0.03292467050661496,1,1,sure_thing,0.0318,0,1,1096,1,0
KESTREL-002755,7.1,18.23,basic,23,2,6,0,0,0,8.0,117,0.9802559085776761,0.9690097733672087,-0.011246135210467356,1,1,sure_thing,0.1775,0,1,216,1,0
KESTREL-002756,36.0,57.86,pro,6,24,2,0,0,0,,217,0.93694297465508,0.8775748192545523,-0.059368155400527756,0,0,sleeping_dog,0.558,0,0,1096,1,0
KESTREL-002757,16.4,28.13,basic,4,44,3,0,1,0,7.0,106,0.8389973060327484,0.8555254845382275,0.016528178505479163,1,1,lost_cause,0.6232,1,1,499,1,0
KESTREL-002758,11.3,111.68,enterprise,5,15,2,0,0,0,3.0,64,0.9291984013076869,0.8978756340923646,-0.031322767215322345,1,1,sure_thing,0.5552,1,1,344,1,1
KESTREL-002759,11.2,27.87,basic,3,296,2,0,0,0,5.0,61,0.754436091923081,0.4595579323808907,-0.2948781595421903,0,0,sleeping_dog,0.875,1,0,341,1,0
KESTREL-002760,36.0,27.04,basic,38,3,26,1,0,0,,1021,0.99,0.99,0.0,1,1,sure_thing,0.2288,0,1,1096,1,0
KESTREL-002761,3.3,132.81,enterprise,8,35,3,1,0,0,7.0,22,0.9202981077696678,0.9781288713808479,0.057830763611180114,1,1,persuadable,0.5592,1,1,100,1,1
KESTREL-002762,22.4,22.11,basic,4,0,1,1,1,0,6.0,139,0.8166655465281789,0.9527037300918638,0.1360381835636849,1,1,persuadable,0.7348,1,1,682,1,0
KESTREL-002763,36.0,23.9,basic,14,9,9,0,0,0,8.0,558,0.9865273594067381,0.982030004544127,-0.004497354862611047,1,1,sure_thing,0.4562,1,1,1096,1,0
KESTREL-002764,4.6,19.16,basic,8,60,4,1,0,1,,58,0.8895334547071428,0.7854956088439212,-0.10403784586322162,1,1,sleeping_dog,0.8205,1,1,140,1,1
KESTREL-002765,36.0,26.88,basic,14,3,8,0,0,0,9.0,547,0.9824746263970827,0.977469029299177,-0.005005597097905712,1,1,sure_thing,0.552,1,1,1096,1,1
KESTREL-002766,8.7,64.3,pro,10,5,10,0,0,0,,108,0.9702215823673894,0.9718066920126985,0.001585109645309113,1,1,sure_thing,0.8865,1,1,265,1,1
KESTREL-002767,14.6,22.72,basic,5,120,3,0,0,1,,79,0.8506294359275276,0.5743313341634639,-0.27629810176406366,1,1,sleeping_dog,0.8428,1,1,444,1,1
KESTREL-002768,12.9,11.85,basic,4,3,3,0,0,0,2.0,58,0.9002763416027624,0.875133776967586,-0.02514256463517639,1,1,lost_cause,0.0555,0,1,393,1,0
KESTREL-002769,36.0,34.16,basic,11,14,6,0,0,0,,323,0.9792922225111165,0.9646037090742373,-0.014688513436879158,1,1,sure_thing,0.4955,1,1,1096,1,0
KESTREL-002770,10.5,13.73,basic,10,35,3,0,0,1,,96,0.949540793572374,0.8156324673292552,-0.13390832624311877,1,1,sleeping_dog,0.933,1,1,320,0,1
KESTREL-002771,36.0,17.47,basic,2,14,3,2,1,0,,201,0.742591148872489,0.99,0.247408851127511,1,1,persuadable,0.832,1,1,1096,1,1
KESTREL-002772,17.1,20.43,basic,5,14,3,0,0,0,6.0,129,0.931121482679537,0.8953118485905901,-0.035809634088946884,1,1,sure_thing,0.5485,1,1,521,1,1
KESTREL-002773,20.9,15.01,basic,5,32,7,0,1,0,10.0,256,0.8543488599204964,0.8839717246702989,0.02962286474980258,1,1,lost_cause,0.3182,0,1,636,1,0
KESTREL-002774,6.5,19.45,basic,2,66,4,0,0,1,5.0,42,0.9119541965080522,0.7261246468610509,-0.18582954964700127,1,1,sleeping_dog,0.9082,1,1,198,1,0
KESTREL-002775,21.5,15.44,basic,15,48,13,1,0,0,,242,0.9672804366818927,0.9715996510643277,0.004319214382434988,1,1,sure_thing,0.8998,1,1,654,1,1
KESTREL-002776,5.3,118.88,enterprise,19,4,4,0,0,0,8.0,65,0.9793537602051103,0.9650487262684228,-0.014305033936687583,1,1,sure_thing,0.1092,0,1,161,1,0
KESTREL-002777,21.8,17.32,basic,3,32,2,1,1,1,,153,0.8364386450540866,0.9419421390634236,0.105503494009337,1,1,persuadable,0.3452,1,1,664,1,1
KESTREL-002778,13.5,147.92,enterprise,4,121,3,0,1,0,8.0,84,0.8543863742782599,0.8717202257625992,0.017333851484339302,1,1,lost_cause,0.771,1,1,411,1,1
KESTREL-002779,10.6,17.9,basic,6,9,1,1,0,1,,88,0.8940707956972419,0.8431923469009733,-0.05087844879626857,1,1,sleeping_dog,0.8875,1,1,323,1,0
KESTREL-002780,22.3,41.46,pro,6,42,1,2,0,1,,107,0.815667152073179,0.826223090293554,0.010555938220375038,1,1,lost_cause,0.6615,1,1,679,0,1
KESTREL-002781,11.7,33.9,pro,14,6,3,0,0,0,,148,0.970969272399936,0.9420960789629694,-0.028873193436966593,1,1,sure_thing,0.4065,1,1,356,1,1
KESTREL-002782,15.5,20.34,basic,1,365,2,0,0,1,,37,0.6044146061436189,0.3094835244403092,-0.29493108170330967,0,0,sleeping_dog,0.9288,1,0,472,1,1
KESTREL-002783,7.9,17.57,basic,9,23,4,0,0,0,,55,0.9207578262558799,0.8836141246088736,-0.03714370164700631,1,1,sure_thing,0.8935,1,1,240,1,1
KESTREL-002784,36.0,47.69,pro,17,10,13,0,0,0,,550,0.9867768447415601,0.9871182914236132,0.0003414466820530482,1,1,sure_thing,0.3632,1,1,1096,1,1
KESTREL-002785,16.5,16.0,basic,1,61,7,1,0,0,,227,0.9333410037902697,0.9281990955787165,-0.005141908211553248,1,1,sure_thing,0.3442,1,1,502,1,1
KESTREL-002786,25.9,161.85,enterprise,5,8,5,2,0,0,,229,0.9339487937283979,0.99,0.056051206271602094,1,1,persuadable,0.8142,1,1,788,1,1
KESTREL-002787,10.0,21.09,basic,8,48,0,0,0,0,,64,0.8844024084558276,0.7274927767056034,-0.1569096317502242,1,1,sleeping_dog,0.8575,1,1,304,1,1
KESTREL-002788,36.0,82.69,pro,13,3,9,1,1,0,,590,0.9618387027167942,0.99,0.02816129728320582,1,1,sure_thing,0.71,1,1,1096,1,1
KESTREL-002789,36.0,13.63,basic,7,48,6,1,0,0,,254,0.9549029615314739,0.9441914013757869,-0.010711560155686972,1,1,sure_thing,0.233,0,1,1096,0,0
KESTREL-002790,36.0,22.88,basic,4,13,1,0,0,1,,258,0.9347326735612018,0.8134530511259853,-0.1212796224352165,1,1,sleeping_dog,0.2025,0,1,1096,1,0
KESTREL-002791,17.0,19.55,basic,0,48,1,2,1,1,4.0,59,0.5856541092360577,0.8060240157681438,0.2203699065320861,1,1,persuadable,0.9912,1,1,517,1,0
KESTREL-002792,4.2,21.64,basic,10,45,2,0,0,1,,34,0.9331412769483697,0.7530548283532811,-0.1800864485950886,1,1,sleeping_dog,0.132,0,1,128,1,0
KESTREL-002793,30.2,117.9,enterprise,13,5,5,0,0,0,,415,0.976958829969936,0.9721127552811558,-0.0048460746887801776,1,1,sure_thing,0.5215,1,1,919,1,1
KESTREL-002794,10.9,38.47,pro,5,25,1,0,0,1,,105,0.9007389848403295,0.7507214426889571,-0.15001754215137242,1,1,sleeping_dog,0.1468,0,1,332,1,0
KESTREL-002795,35.9,22.32,basic,5,0,1,0,1,0,2.0,217,0.8990015637405435,0.9263333658262509,0.027331802085707402,1,1,lost_cause,0.3048,0,1,1093,1,0
KESTREL-002796,12.1,20.6,basic,6,2,4,0,0,0,9.0,115,0.9572350221879979,0.9395479902584857,-0.017687031929512265,0,0,sure_thing,0.484,1,0,368,1,0
KESTREL-002797,19.2,42.79,pro,2,31,2,0,0,0,1.0,56,0.9285459228948625,0.8565142957320873,-0.07203162716277522,1,0,sleeping_dog,0.6788,1,0,584,1,0
KESTREL-002798,19.9,28.18,basic,4,59,0,1,0,0,,135,0.8397016184526124,0.733539402853129,-0.10616221559948336,1,1,sleeping_dog,0.7068,1,1,606,1,0
KESTREL-002799,36.0,22.04,basic,21,24,8,1,0,0,,703,0.9762787392189947,0.9752089186526737,-0.0010698205663209892,1,1,sure_thing,0.1618,0,1,1096,1,0
KESTREL-002800,25.6,21.17,basic,1,17,0,2,1,1,6.0,119,0.6765656052139123,0.9136537831669126,0.2370881779530003,1,1,persuadable,0.5075,1,1,779,1,1
KESTREL-002801,13.9,55.74,pro,14,5,7,1,0,0,,179,0.9346495017152866,0.9476814732838023,0.013031971568515655,1,1,sure_thing,0.0952,0,1,423,1,0
KESTREL-002802,9.2,25.93,pro,2,5,1,1,1,0,,43,0.7158193815803804,0.868292941694427,0.15247356011404656,1,1,persuadable,0.8662,1,1,280,1,0
KESTREL-002803,11.4,53.43,pro,4,4,3,1,0,0,,55,0.9088955067957084,0.9301041299827765,0.021208623187068065,0,0,lost_cause,0.6065,1,0,347,1,1
KESTREL-002804,13.5,46.15,pro,12,2,6,0,0,1,,170,0.9693721583261186,0.9421326363932329,-0.027239521932885702,1,1,sure_thing,0.1155,0,1,411,1,0
KESTREL-002805,29.4,34.14,pro,17,20,6,2,0,0,8.0,385,0.9536031994605653,0.99,0.036396800539434726,1,1,sure_thing,0.4448,1,1,895,1,1
KESTREL-002806,36.0,17.25,basic,16,15,8,0,0,0,6.0,436,0.9889339292304475,0.9799785638572575,-0.008955365373190083,1,1,sure_thing,0.1158,0,1,1096,1,0
KESTREL-002807,5.5,14.5,basic,2,30,3,1,1,0,,27,0.7442219732198095,0.8777405721878062,0.13351859896799667,1,1,persuadable,0.7998,1,1,167,1,1
KESTREL-002808,4.0,52.88,pro,3,22,6,1,0,0,,20,0.8847956594288808,0.9116180227373618,0.02682236330848098,0,0,lost_cause,0.6902,1,0,122,1,1
KESTREL-002809,31.1,23.4,basic,23,11,12,0,0,0,,775,0.9885189057090511,0.9865774171978517,-0.0019414885111993518,1,1,sure_thing,0.397,1,1,947,1,1
KESTREL-002810,26.5,13.37,basic,5,112,3,0,0,0,5.0,132,0.9133777407911902,0.676853238489039,-0.23652450230215116,1,1,sleeping_dog,0.1828,0,1,807,1,0
KESTREL-002811,36.0,18.69,basic,5,124,3,0,1,0,,206,0.8313900005732646,0.6788518709795164,-0.15253812959374824,1,0,sleeping_dog,0.608,1,0,1096,1,1
KESTREL-002812,14.3,53.1,pro,8,4,4,1,0,1,10.0,116,0.9162905145296765,0.915266032205168,-0.0010244823245084689,1,1,lost_cause,0.502,1,1,435,1,1
KESTREL-002813,4.4,21.89,basic,6,1,3,0,0,0,,38,0.9232539851033449,0.8999106398328023,-0.023343345270542604,1,1,sure_thing,0.9618,1,1,134,1,1
KESTREL-002814,36.0,122.8,enterprise,14,20,6,0,1,1,8.0,358,0.9697554179437468,0.99,0.020244582056253235,1,1,sure_thing,0.7708,1,1,1096,1,0
KESTREL-002815,22.0,16.74,basic,8,0,3,1,0,0,7.0,129,0.909895989942754,0.9109344112772635,0.0010384213345094873,1,1,lost_cause,0.2942,0,1,670,1,0
KESTREL-002816,21.8,27.04,basic,9,29,6,0,0,0,,191,0.9672156569754073,0.9421903689329597,-0.025025288042447635,1,1,sure_thing,0.1898,0,1,664,1,0
KESTREL-002817,4.2,112.6,enterprise,15,1,4,0,0,0,10.0,62,0.9741390489547606,0.9635542201803078,-0.01058482877445277,1,1,sure_thing,0.8628,1,1,128,0,1
KESTREL-002818,17.7,14.2,basic,11,20,0,0,0,0,8.0,176,0.9487538712261083,0.8578949637349826,-0.09085890749112568,1,1,sleeping_dog,0.5387,1,1,539,1,0
KESTREL-002819,8.2,12.03,basic,12,35,6,0,2,1,,103,0.8521005915930037,0.9895114419862062,0.13741085039320255,1,1,persuadable,0.8472,1,1,250,1,1
KESTREL-002820,5.8,20.81,basic,3,24,3,1,0,0,6.0,32,0.8284044264537803,0.823255981083004,-0.0051484453707763,0,0,lost_cause,0.9325,1,0,177,1,1
KESTREL-002821,18.1,42.75,pro,1,145,6,1,0,0,,51,0.8182207235679033,0.646748446697455,-0.1714722768704483,1,1,sleeping_dog,0.6422,1,1,551,1,1
KESTREL-002822,36.0,14.77,basic,7,7,8,0,0,0,7.0,583,0.9562961110154792,0.9510896266691403,-0.005206484346338858,1,1,sure_thing,0.4372,1,1,1096,1,1
KESTREL-002823,7.1,20.05,basic,6,36,2,0,0,0,,57,0.8714187511810865,0.7854760798307785,-0.08594267135030798,1,1,sleeping_dog,0.7628,1,1,216,1,1
KESTREL-002824,28.9,48.88,pro,4,54,1,0,0,0,,154,0.9126272092338705,0.7667807609455248,-0.1458464482883457,0,0,sleeping_dog,0.289,0,0,880,1,0
KESTREL-002825,9.3,19.93,basic,1,171,4,2,0,1,3.0,41,0.655416967761067,0.47257091366133036,-0.1828460540997366,1,1,sleeping_dog,0.948,1,1,283,1,1
KESTREL-002826,21.7,38.88,pro,5,25,2,1,0,0,,207,0.9166925884227913,0.9066562375496187,-0.010036350873172672,1,1,lost_cause,0.0445,0,1,661,1,0
KESTREL-002827,36.0,48.27,pro,23,23,10,0,0,1,,515,0.9855712136959435,0.9672768299353481,-0.018294383760595334,1,1,sure_thing,0.4538,1,1,1096,1,1
KESTREL-002828,27.9,18.07,basic,13,3,7,1,0,0,,393,0.9592611580739968,0.9643211904462465,0.005060032372249723,0,0,sure_thing,0.4182,1,0,849,1,1
KESTREL-002829,16.7,42.17,pro,17,8,12,0,0,0,,180,0.9858858135294831,0.985454219363826,-0.00043159416565707875,1,1,sure_thing,0.0215,0,1,508,1,0
KESTREL-002830,36.0,14.86,basic,5,4,5,0,0,0,,249,0.9521433000440029,0.9384096517118644,-0.013733648332138526,1,1,sure_thing,0.348,1,1,1096,1,1
KESTREL-002831,14.9,51.74,pro,8,13,3,1,0,0,,98,0.9327252121224039,0.939620285096274,0.006895072973870153,1,1,sure_thing,0.6685,1,1,454,1,1
KESTREL-002832,18.5,57.58,pro,12,7,8,0,0,0,7.0,179,0.9637890332670787,0.9601128060940105,-0.0036762271730681473,1,1,sure_thing,0.3085,0,1,563,1,0
KESTREL-002833,1.3,60.83,pro,2,24,1,0,0,1,6.0,1,0.8829989001710417,0.7404048956005975,-0.14259400457044413,1,1,sleeping_dog,0.48,1,1,40,1,1
KESTREL-002834,18.2,58.24,pro,5,5,1,0,1,1,,74,0.8982329531377016,0.9300614574882504,0.03182850435054885,1,1,lost_cause,0.8768,1,1,554,1,1
KESTREL-002835,36.0,32.62,basic,62,11,31,0,0,0,,1335,0.99,0.99,0.0,1,1,sure_thing,0.0298,0,1,1096,1,0
KESTREL-002836,7.5,127.57,enterprise,7,48,4,0,1,1,,37,0.8786483772251829,0.9686076565562225,0.08995927933103964,1,1,persuadable,0.2178,0,1,228,1,0
KESTREL-002837,22.6,20.55,basic,5,8,4,0,2,0,5.0,159,0.817846512119132,0.99,0.17215348788086804,1,1,persuadable,0.6072,1,1,688,1,1
KESTREL-002838,36.0,51.27,pro,10,17,4,0,0,0,,442,0.9724046969967025,0.9436303701912304,-0.028774326805472095,1,1,sure_thing,0.152,0,1,1096,1,0
KESTREL-002839,11.0,20.05,basic,5,178,2,0,0,0,,50,0.8810850092783132,0.5908467187961339,-0.2902382904821793,1,1,sleeping_dog,0.579,1,1,335,1,1
KESTREL-002840,6.0,40.02,pro,2,45,0,1,0,0,4.0,15,0.8692347044898805,0.8054212259840181,-0.06381347850586239,1,1,sleeping_dog,0.643,1,1,183,1,1
KESTREL-002841,36.0,14.46,basic,1,365,4,1,0,0,4.0,88,0.7266035007851435,0.4486842433092699,-0.27791925747587354,1,1,sleeping_dog,0.5645,1,1,1096,1,0
KESTREL-002842,11.9,108.7,enterprise,4,62,8,0,0,0,,137,0.9446038433903604,0.9218387833898506,-0.022765060000509818,1,1,sure_thing,0.6145,1,1,362,1,1
KESTREL-002843,28.3,20.72,basic,15,21,6,1,0,0,,320,0.9532590887641829,0.9512777925216983,-0.0019812962424845537,1,1,sure_thing,0.1965,0,1,861,1,0
KESTREL-002844,4.5,18.07,basic,29,0,15,0,0,0,,109,0.9772598478426839,0.9769505660558173,-0.000309281786866622,1,1,sure_thing,0.4515,1,1,137,1,1
KESTREL-002845,33.9,66.05,pro,4,82,5,2,0,0,,248,0.8904146308777775,0.9880221440315822,0.09760751315380467,1,1,persuadable,0.5385,1,1,1032,1,1
KESTREL-002846,3.8,40.74,pro,5,32,8,2,2,0,,26,0.6102473600120427,0.906132712515654,0.29588535250361125,1,1,persuadable,0.9302,1,1,116,1,1
KESTREL-002847,33.5,220.8,enterprise,4,57,7,1,1,1,9.0,170,0.9391193652116419,0.99,0.05088063478835814,1,1,persuadable,0.0668,0,1,1020,1,0
KESTREL-002848,36.0,20.54,basic,4,44,7,1,0,0,,245,0.9255357044518947,0.9287769423961789,0.0032412379442842143,1,1,sure_thing,0.2478,0,1,1096,1,0
KESTREL-002849,14.9,56.26,pro,1,181,1,1,0,1,,51,0.7040332391498196,0.4531247876800203,-0.25090845146979934,1,0,sleeping_dog,0.983,1,0,454,1,1
KESTREL-002850,25.6,20.59,basic,5,11,3,0,1,1,5.0,201,0.881065550056375,0.8916911096440174,0.010625559587642441,1,1,lost_cause,0.4078,1,1,779,1,0
KESTREL-002851,18.8,14.8,basic,30,2,8,0,1,0,9.0,384,0.9837302161064361,0.987199462693326,0.0034692465868899625,1,1,sure_thing,0.782,1,1,572,1,0
KESTREL-002852,11.8,41.47,pro,19,6,19,0,0,0,,264,0.9851352775589616,0.9866484320465313,0.0015131544875697234,1,1,sure_thing,0.7088,1,1,359,1,0
KESTREL-002853,17.0,17.0,basic,12,17,5,0,0,1,,200,0.9698492005679072,0.911316433919429,-0.058532766648478285,1,1,sleeping_dog,0.35,1,1,517,1,1
KESTREL-002854,13.7,22.4,basic,6,3,8,0,1,0,,161,0.8952893872525006,0.9323647519647027,0.037075364712202075,1,1,lost_cause,0.6008,1,1,417,1,1
KESTREL-002855,36.0,44.28,pro,5,7,6,0,0,0,,359,0.9640510749226985,0.9557323210121035,-0.008318753910595,1,1,sure_thing,0.2342,0,1,1096,1,0
KESTREL-002856,18.2,112.4,enterprise,2,191,2,0,0,0,,65,0.8387669267803524,0.5691299369807674,-0.26963698979958495,0,0,sleeping_dog,0.8772,1,0,554,1,1
KESTREL-002857,16.2,52.23,pro,7,25,4,1,0,0,,120,0.9121650889896726,0.9193097814301419,0.007144692440469225,1,1,lost_cause,0.0822,0,1,493,1,0
KESTREL-002858,3.1,22.2,basic,33,6,11,0,0,0,,56,0.9898491247478002,0.9869963083529157,-0.0028528163948844387,1,1,sure_thing,0.187,0,1,94,1,0
KESTREL-002859,5.5,71.89,pro,22,0,14,1,0,0,,127,0.9790416804261249,0.99,0.010958319573875053,1,1,sure_thing,0.1275,0,1,167,1,0
KESTREL-002860,36.0,40.8,pro,10,66,5,1,0,0,10.0,394,0.9417095914653364,0.9062781155550359,-0.03543147591030049,1,1,sure_thing,0.1025,0,1,1096,1,0
KESTREL-002861,36.0,22.9,basic,3,163,1,0,0,0,,121,0.9304598222618161,0.6424496226064982,-0.28801019965531793,1,1,sleeping_dog,0.2918,0,1,1096,1,0
KESTREL-002862,16.5,66.87,pro,41,11,12,0,0,0,,408,0.99,0.99,0.0,1,1,sure_thing,0.5525,1,1,502,1,1
KESTREL-002863,24.4,46.86,pro,4,5,2,2,0,0,,188,0.9172575518778329,0.99,0.07274244812216712,0,1,persuadable,0.4535,1,1,743,1,1
KESTREL-002864,17.7,57.86,pro,28,2,18,0,0,0,,480,0.99,0.99,0.0,1,1,sure_thing,0.4152,1,1,539,1,1
KESTREL-002865,36.0,69.39,pro,2,13,2,0,1,0,5.0,170,0.9182038283534468,0.99,0.07179617164655316,0,1,persuadable,0.759,1,1,1096,1,1
KESTREL-002866,8.4,17.51,basic,13,10,10,0,0,1,10.0,82,0.9559898481194934,0.9446897880816602,-0.011300060037833237,1,1,sure_thing,0.4858,1,1,256,1,1
KESTREL-002867,36.0,37.03,pro,2,79,3,0,0,0,4.0,158,0.9289017987888797,0.7644271120434922,-0.16447468674538746,1,1,sleeping_dog,0.639,1,1,1096,1,1
KESTREL-002868,11.7,18.12,basic,3,1,5,1,0,0,,84,0.9022479714416444,0.9152407376214562,0.012992766179811821,1,1,lost_cause,0.2842,0,1,356,1,0
KESTREL-002869,23.1,16.65,basic,9,10,5,0,0,0,6.0,263,0.9665090042946234,0.9484393364917578,-0.018069667802865563,1,1,sure_thing,0.2742,0,1,703,1,0
KESTREL-002870,7.1,158.58,enterprise,7,64,3,0,0,0,,32,0.9499131814608558,0.8575893073410191,-0.09232387411983667,1,1,sleeping_dog,0.7795,1,1,216,1,1
KESTREL-002871,9.1,30.94,basic,11,38,7,0,0,0,,98,0.9607354566573072,0.9353306488915514,-0.02540480776575582,1,1,sure_thing,0.8085,1,1,277,1,1
KESTREL-002872,16.2,164.07,enterprise,9,3,5,3,1,0,,175,0.8698457101117633,0.99,0.12015428988823673,1,1,persuadable,0.6258,1,1,493,1,1
KESTREL-002873,25.8,36.9,pro,1,57,0,0,1,0,10.0,150,0.8315892414199648,0.8058943989223768,-0.025694842497588022,1,1,lost_cause,0.6375,1,1,785,1,1
KESTREL-002874,28.2,18.25,basic,17,17,8,0,0,0,7.0,412,0.9821368314622339,0.9724060220697769,-0.009730809392456963,1,1,sure_thing,0.1802,0,1,858,1,0
KESTREL-002875,23.8,26.11,basic,1,55,3,1,0,1,2.0,88,0.8589856917342021,0.758681365298047,-0.10030432643615517,1,1,sleeping_dog,0.865,1,1,724,1,1
KESTREL-002876,17.7,18.06,basic,7,11,2,0,0,0,5.0,116,0.9562660306554592,0.9125996510185718,-0.043666379636887465,1,1,sure_thing,0.4518,1,1,539,1,1
KESTREL-002877,23.3,38.5,pro,3,1,2,0,0,0,4.0,135,0.9195395467571419,0.8906877936624813,-0.028851753094660593,1,1,lost_cause,0.064,0,1,709,1,0
KESTREL-002878,34.5,42.66,pro,9,6,2,0,1,1,8.0,404,0.9470569513020218,0.9581196804707028,0.011062729168681007,1,1,sure_thing,0.1422,0,1,1050,1,0
KESTREL-002879,36.0,21.49,basic,29,19,13,1,0,0,,863,0.99,0.99,0.0,1,1,sure_thing,0.0253,0,1,1096,1,0
KESTREL-002880,36.0,47.25,pro,4,4,3,0,1,1,5.0,304,0.9304503368562601,0.9730703890164853,0.04262005216022524,1,1,sure_thing,0.2547,0,1,1096,1,0
KESTREL-002881,21.7,13.94,basic,7,37,3,0,0,0,7.0,209,0.9480774494811146,0.8770175747682653,-0.07105987471284936,1,1,sleeping_dog,0.1585,0,1,661,1,0
KESTREL-002882,36.0,127.55,enterprise,6,26,0,0,0,0,,156,0.9736319635574963,0.8932607061024176,-0.08037125745507867,1,1,sleeping_dog,0.844,1,1,1096,1,1
KESTREL-002883,21.4,51.26,pro,4,38,5,0,1,0,7.0,133,0.8955485419736672,0.9508068943987484,0.05525835242508126,1,1,persuadable,0.9745,1,1,651,1,1
KESTREL-002884,12.0,16.63,basic,8,88,1,0,0,1,,91,0.903193026770649,0.6366289203621138,-0.26656410640853523,1,1,sleeping_dog,0.3723,1,1,365,1,0
KESTREL-002885,18.3,27.96,pro,16,42,4,0,0,0,8.0,199,0.9626258054255016,0.8974631393815364,-0.06516266604396515,1,1,sleeping_dog,0.174,0,1,557,1,0
KESTREL-002886,13.7,52.22,pro,8,4,7,0,0,0,7.0,101,0.9621421906962526,0.9578275604731248,-0.0043146302231278355,1,1,sure_thing,0.5818,1,1,417,1,1
KESTREL-002887,31.4,39.84,pro,8,7,3,1,1,0,,202,0.9238773033943758,0.99,0.0661226966056242,1,1,persuadable,0.5678,1,1,956,1,1
KESTREL-002888,21.7,22.66,basic,30,3,11,0,0,0,,502,0.99,0.99,0.0,1,1,sure_thing,0.007,0,1,661,0,0
KESTREL-002889,16.8,14.95,basic,5,0,3,1,1,0,,142,0.8540745233424366,0.9767657878191575,0.12269126447672085,1,1,persuadable,0.8522,1,1,511,1,1
KESTREL-002890,9.7,22.15,basic,5,3,1,3,0,0,6.0,48,0.7318641645431363,0.91915093161096,0.18728676706782366,1,1,persuadable,0.7212,1,1,295,1,1
KESTREL-002891,16.3,51.89,pro,13,4,4,2,1,0,,138,0.8711536216888031,0.99,0.11884637831119693,1,1,persuadable,0.6195,1,1,496,0,1
KESTREL-002892,19.6,21.69,basic,19,2,8,0,0,0,8.0,303,0.9815777300375433,0.9759917683711052,-0.0055859616664380995,1,1,sure_thing,0.2252,0,1,597,1,0
KESTREL-002893,36.0,23.37,basic,4,31,2,2,0,0,,191,0.8833922006939332,0.9457623060126006,0.06237010531866738,1,1,persuadable,0.5125,1,1,1096,1,1
KESTREL-002894,3.8,25.12,basic,7,1,2,0,1,0,,36,0.8425740815904499,0.8694731680161887,0.026899086425738794,1,1,lost_cause,0.7902,1,1,116,1,1
KESTREL-002895,17.2,15.05,basic,15,15,8,0,0,1,10.0,338,0.978148829891909,0.9529655949720455,-0.025183234919863517,1,1,sure_thing,0.7202,1,1,524,1,1
KESTREL-002896,36.0,17.87,basic,11,4,3,0,0,1,,387,0.9667149705330956,0.9004904867070244,-0.06622448382607127,1,1,sleeping_dog,0.597,1,1,1096,1,1
KESTREL-002897,22.7,20.06,basic,2,13,4,0,0,0,8.0,188,0.9350881900189305,0.9101986399646036,-0.024889550054326914,1,1,sure_thing,0.0778,0,1,691,1,0
KESTREL-002898,36.0,122.85,enterprise,9,9,7,0,0,0,5.0,399,0.9793782020067199,0.9869391333791848,0.007560931372464941,1,1,sure_thing,0.4772,1,1,1096,1,1
KESTREL-002899,23.0,36.36,pro,13,13,6,0,1,0,7.0,309,0.9373114241787244,0.9623509858341398,0.025039561655415432,1,1,sure_thing,0.8248,1,1,700,1,1
KESTREL-002900,13.3,28.38,basic,9,5,8,0,0,0,10.0,182,0.9657249408106977,0.9613369790145002,-0.004387961796197493,1,1,sure_thing,0.1192,0,1,405,1,0
KESTREL-002901,17.9,37.76,pro,6,32,3,1,0,0,,127,0.9002112157082197,0.8897660485380275,-0.010445167170192171,0,0,lost_cause,0.0228,0,0,545,1,0
KESTREL-002902,35.7,18.43,basic,3,8,3,0,0,0,,339,0.9526217541339836,0.9236539372667216,-0.02896781686726202,1,1,sure_thing,0.5095,1,1,1087,1,1
KESTREL-002903,19.9,50.96,pro,8,23,3,0,0,1,,145,0.933090756736643,0.8310894284332693,-0.10200132830337372,1,1,sleeping_dog,0.1378,0,1,606,1,0
KESTREL-002904,11.0,168.54,enterprise,8,12,5,2,1,0,5.0,69,0.8859557529040502,0.99,0.10404424709594984,1,1,persuadable,0.277,0,1,335,1,0
KESTREL-002905,21.3,20.0,basic,2,59,0,0,1,0,5.0,141,0.7686957850183268,0.7191804810252901,-0.04951530399303672,1,1,lost_cause,0.9092,1,1,648,1,1
KESTREL-002906,21.7,13.14,basic,6,4,4,1,0,0,,165,0.9202364586877027,0.9242831025526319,0.004046643864929256,1,1,sure_thing,0.6502,1,1,661,1,1
KESTREL-002907,13.1,41.8,pro,9,71,2,1,0,0,6.0,111,0.8802681272609176,0.7851481553479387,-0.09511997191297894,1,1,sleeping_dog,0.6138,1,1,399,1,0
KESTREL-002908,36.0,13.5,basic,62,12,23,0,0,0,10.0,1455,0.99,0.99,0.0,1,1,sure_thing,0.0185,0,1,1096,1,0
KESTREL-002909,21.9,50.12,pro,23,1,12,1,0,0,,562,0.9873237451335717,0.99,0.002676254866428307,1,1,sure_thing,0.838,1,1,667,1,0
KESTREL-002910,23.6,137.79,enterprise,4,39,1,0,0,0,7.0,129,0.951406939722472,0.8712474256158275,-0.08015951410664457,1,1,sleeping_dog,0.6975,1,1,718,1,0
KESTREL-002911,25.0,141.28,enterprise,12,16,10,1,0,0,,374,0.9736670553272659,0.99,0.01633294467273405,1,1,sure_thing,0.3655,1,1,761,1,1
KESTREL-002912,3.2,17.1,basic,3,142,4,0,0,0,8.0,16,0.8069329080726155,0.5441201114864547,-0.26281279658616086,1,1,sleeping_dog,0.6978,1,1,97,1,1
KESTREL-002913,18.8,29.1,basic,10,165,5,1,1,0,,172,0.8006052431618703,0.7265539665638465,-0.0740512765980238,1,1,sleeping_dog,0.8175,1,1,572,1,0
KESTREL-002914,36.0,15.47,basic,3,58,1,0,0,0,,167,0.9555218683688353,0.7967167334803624,-0.15880513488847292,1,1,sleeping_dog,0.564,1,1,1096,1,0
KESTREL-002915,36.0,59.1,pro,1,7,3,2,1,0,7.0,225,0.7549498915170029,0.99,0.23505010848299712,0,1,persuadable,0.9462,1,1,1096,1,1
KESTREL-002916,8.7,38.05,pro,0,4,0,0,0,0,5.0,18,0.9032459027607649,0.8484568800803138,-0.05478902268045105,0,0,sleeping_dog,0.4308,1,0,265,1,0
KESTREL-002917,14.2,55.81,pro,3,51,2,1,0,0,,56,0.8862507449505859,0.8531779818352583,-0.033072763115327586,1,1,lost_cause,0.5278,1,1,432,1,1
KESTREL-002918,1.0,15.44,basic,8,99,3,0,1,0,8.0,10,0.6922891911698644,0.591670056430316,-0.10061913473954842,0,0,sleeping_dog,0.9598,1,0,30,1,0
KESTREL-002919,17.4,15.54,basic,3,6,6,1,0,0,,66,0.9104088556259409,0.9233228518977199,0.012913996271779027,1,1,lost_cause,0.726,1,1,530,1,1
KESTREL-002920,5.1,65.75,pro,8,11,4,0,1,0,8.0,60,0.8737624328015791,0.9340435340151937,0.06028110121361463,1,1,persuadable,0.7885,1,1,155,1,1
KESTREL-002921,9.6,15.36,basic,17,32,10,0,0,0,,160,0.9655656473449263,0.9566768974143992,-0.008888749930527129,1,1,sure_thing,0.306,0,1,292,1,0
KESTREL-002922,24.1,19.93,basic,29,3,12,0,0,0,7.0,517,0.99,0.9886475957285222,-0.0013524042714777584,1,1,sure_thing,0.2965,0,1,734,1,0
KESTREL-002923,36.0,50.53,pro,9,97,1,1,1,0,6.0,190,0.8646410987523716,0.9072559436616925,0.04261484490932088,1,1,lost_cause,0.7612,1,1,1096,1,1
KESTREL-002924,36.0,136.47,enterprise,1,41,2,1,1,0,,177,0.9102101534818081,0.99,0.07978984651819188,1,1,persuadable,0.47,1,1,1096,1,0
KESTREL-002925,24.3,44.0,pro,9,4,5,0,0,0,10.0,237,0.9729727844951578,0.9601691105046241,-0.012803673990533726,1,1,sure_thing,0.5132,1,1,740,1,1
KESTREL-002926,32.9,19.56,basic,11,27,8,0,0,0,,410,0.9700725129670138,0.957069692243399,-0.013002820723614805,1,1,sure_thing,0.0048,0,1,1001,1,0
KESTREL-002927,35.2,16.3,basic,5,15,5,0,0,0,,293,0.9634601983395484,0.9428711054003763,-0.020589092939172104,1,1,sure_thing,0.3552,0,1,1071,1,0
KESTREL-002928,17.3,27.37,basic,6,45,4,0,0,0,6.0,72,0.9459746055054096,0.8775905596283078,-0.06838404587710178,1,1,sleeping_dog,0.0867,0,1,527,1,0
KESTREL-002929,29.9,15.62,basic,4,70,4,3,1,0,,166,0.6320106920775302,0.91254162386296,0.28053093178542976,1,1,persuadable,0.7655,1,1,910,1,1
KESTREL-002930,36.0,14.5,basic,2,238,2,0,0,0,7.0,159,0.8345077646815271,0.5395268794003731,-0.29498088528115396,1,1,sleeping_dog,0.2798,0,1,1096,1,0
KESTREL-002931,30.6,54.03,pro,8,22,5,1,0,0,8.0,329,0.9586316198016376,0.9711133351919276,0.012481715390289971,1,1,sure_thing,0.625,1,1,931,1,0
KESTREL-002932,27.3,19.32,basic,1,0,0,1,0,0,6.0,71,0.8769818030674882,0.8724854707216989,-0.004496332345789278,1,1,lost_cause,0.5162,1,1,831,1,1
KESTREL-002933,11.6,167.66,enterprise,1,81,3,2,0,0,7.0,46,0.843313276671026,0.99,0.14668672332897403,1,1,persuadable,0.913,1,1,353,1,1
KESTREL-002934,10.3,22.01,basic,6,85,1,0,0,0,,80,0.8580349984207124,0.638152225390483,-0.2198827730302294,1,1,sleeping_dog,0.5422,1,1,314,1,0
KESTREL-002935,7.7,21.02,basic,6,6,3,0,0,1,,47,0.8828024058535363,0.8142647522107785,-0.06853765364275777,1,1,sleeping_dog,0.471,1,1,234,1,1
KESTREL-002936,27.2,17.92,basic,10,76,4,2,0,0,,232,0.8902415586944686,0.8958586716240289,0.005617112929560242,1,1,lost_cause,0.6052,1,1,828,1,0
KESTREL-002937,9.9,15.41,basic,5,13,0,0,0,0,5.0,54,0.8654717335361771,0.790202093260304,-0.07526964027587313,0,0,sleeping_dog,0.709,1,0,301,1,1
KESTREL-002938,26.6,17.9,basic,1,5,2,0,0,0,6.0,107,0.887294482765791,0.8528015243252868,-0.03449295844050426,1,1,lost_cause,0.6667,1,1,810,1,1
KESTREL-002939,36.0,52.18,pro,4,94,5,1,1,1,5.0,286,0.8692192372146299,0.9624490122474703,0.09322977503284036,1,1,persuadable,0.3312,0,1,1096,1,0
KESTREL-002940,20.1,14.1,basic,2,102,5,2,1,0,,138,0.5766758707100517,0.7973260900253265,0.22065021931527484,1,1,persuadable,0.8885,1,1,612,1,1
KESTREL-002941,17.0,17.74,basic,58,0,17,0,1,1,10.0,619,0.99,0.99,0.0,1,1,sure_thing,0.5722,1,1,517,1,1
KESTREL-002942,36.0,16.99,basic,6,2,1,1,1,0,,216,0.8679898270906611,0.9842526816651329,0.11626285457447183,1,1,persuadable,0.5445,1,1,1096,1,1
KESTREL-002943,7.7,15.35,basic,16,34,6,0,0,1,,89,0.9540397968713588,0.8807152387949291,-0.07332455807642968,1,1,sleeping_dog,0.1312,0,1,234,1,0
KESTREL-002944,10.0,49.6,pro,13,12,8,0,0,1,7.0,120,0.9490580791767235,0.9281552106984836,-0.020902868478239855,1,1,sure_thing,0.129,0,1,304,1,0
KESTREL-002945,36.0,49.9,pro,6,24,2,0,0,0,7.0,267,0.9653072193884235,0.9049435193754155,-0.06036370001300795,1,1,sleeping_dog,0.2368,0,1,1096,1,0
KESTREL-002946,10.9,16.58,basic,17,16,8,0,0,1,,169,0.9670802275247483,0.9408923690878702,-0.026187858436878098,1,1,sure_thing,0.4202,1,1,332,1,0
KESTREL-002947,24.3,20.41,basic,1,0,2,0,0,0,,112,0.9329288108490753,0.9040297890698604,-0.028899021779214884,1,1,sure_thing,0.519,1,1,740,1,1
KESTREL-002948,18.4,28.96,basic,32,6,12,0,1,0,10.0,458,0.9842465015253281,0.9897348280485269,0.00548832652319875,1,1,sure_thing,0.0265,0,1,560,1,0
KESTREL-002949,29.1,29.41,basic,7,31,3,1,0,0,8.0,269,0.9294680005291857,0.915291568130438,-0.014176432398747663,1,1,sure_thing,0.5558,1,1,886,1,1
KESTREL-002950,19.1,14.0,basic,5,58,3,0,1,0,5.0,113,0.8314328741263911,0.818498366057306,-0.012934508069085138,1,1,lost_cause,0.2452,0,1,581,1,0
KESTREL-002951,36.0,152.81,enterprise,30,2,11,1,0,0,9.0,829,0.99,0.99,0.0,1,1,sure_thing,0.5898,1,1,1096,1,1
KESTREL-002952,36.0,15.73,basic,23,10,8,1,0,0,9.0,667,0.986501902327986,0.9864972231950654,-4.679132920570872e-06,1,1,sure_thing,0.055,0,1,1096,1,0
KESTREL-002953,7.9,19.45,basic,1,43,5,1,0,1,,40,0.7894820523628623,0.7489496193000683,-0.04053243306279397,1,1,lost_cause,0.5115,1,1,240,1,1
KESTREL-002954,25.6,14.81,basic,3,18,5,0,0,0,7.0,170,0.9363700287427946,0.9139508188934139,-0.022419209849380728,1,1,sure_thing,0.5495,1,1,779,1,0
KESTREL-002955,10.2,137.82,enterprise,23,4,12,0,0,1,8.0,181,0.9846997701867412,0.9871454132636626,0.002445643076921411,1,1,sure_thing,0.5873,1,1,310,1,0
KESTREL-002956,15.9,50.06,pro,10,26,0,0,0,0,,96,0.923297591627737,0.821530236324646,-0.101767355303091,1,1,sleeping_dog,0.4738,1,1,484,1,0
KESTREL-002957,36.0,101.3,enterprise,5,49,9,3,1,1,7.0,287,0.8689907171636286,0.99,0.12100928283637136,1,1,persuadable,0.7113,1,1,1096,1,1
KESTREL-002958,36.0,22.72,basic,12,12,5,0,0,0,8.0,317,0.9782722455251371,0.9586030503636648,-0.019669195161472364,1,1,sure_thing,0.4752,1,1,1096,1,1
KESTREL-002959,3.3,12.47,basic,18,2,6,0,0,0,10.0,49,0.979479704225211,0.9685142060998386,-0.010965498125372397,1,1,sure_thing,0.5598,1,1,100,1,1
KESTREL-002960,21.8,19.86,basic,13,2,0,1,0,0,7.0,240,0.9481838655348469,0.9276102356181057,-0.020573629916741165,1,1,sure_thing,0.5588,1,1,664,1,1
KESTREL-002961,21.8,71.46,pro,5,3,2,1,0,1,6.0,122,0.9174620832795106,0.9175828570771963,0.00012077379768571372,0,0,lost_cause,0.368,1,0,664,1,1
KESTREL-002962,34.7,18.08,basic,2,19,1,0,0,0,,154,0.9199354784239315,0.8511629458241172,-0.0687725325998143,1,1,sleeping_dog,0.8138,1,1,1056,1,1
KESTREL-002963,12.0,46.68,pro,5,8,9,1,1,0,,130,0.8555539778996701,0.99,0.13444602210032985,1,1,persuadable,0.9642,1,1,365,1,1
KESTREL-002964,29.3,38.95,pro,12,7,9,0,0,0,7.0,254,0.9808681321241894,0.977881339623237,-0.002986792500952462,1,1,sure_thing,0.333,0,1,892,1,0
KESTREL-002965,36.0,55.59,pro,13,6,9,1,1,1,8.0,457,0.9494260575443064,0.99,0.04057394245569357,1,1,sure_thing,0.7078,1,1,1096,1,1
KESTREL-002966,17.4,23.15,basic,3,5,3,1,0,0,,138,0.9106575101590378,0.9182431148169882,0.007585604657950329,1,1,lost_cause,0.918,1,1,530,1,1
KESTREL-002967,36.0,22.94,basic,8,67,5,0,0,0,,327,0.9627394099939715,0.8668315352185918,-0.09590787477537965,1,0,sleeping_dog,0.7608,1,0,1096,1,1
KESTREL-002968,36.0,51.55,pro,5,42,2,1,0,0,7.0,191,0.927476218748967,0.901966444915006,-0.025509773833961025,1,1,sure_thing,0.8782,1,1,1096,0,0
KESTREL-002969,23.1,16.47,basic,7,17,5,0,0,1,,116,0.9605480346372678,0.9029545760123655,-0.05759345862490228,1,1,sleeping_dog,0.1292,0,1,703,1,0
KESTREL-002970,20.9,125.19,enterprise,23,10,7,0,0,0,10.0,419,0.9889381548335121,0.9838963273360017,-0.005041827497510365,1,1,sure_thing,0.3825,1,1,636,1,1
KESTREL-002971,36.0,33.85,pro,11,17,6,0,0,0,,289,0.9732784295993347,0.9568322920343628,-0.01644613756497193,0,0,sure_thing,0.0395,0,0,1096,1,0
KESTREL-002972,31.2,201.7,enterprise,29,19,12,0,0,0,,631,0.99,0.99,0.0,1,1,sure_thing,0.4645,1,1,950,1,0
KESTREL-002973,36.0,18.07,basic,13,99,3,1,0,0,,415,0.9523277505416994,0.7994544949889343,-0.1528732555527651,1,0,sleeping_dog,0.5855,1,0,1096,1,1
KESTREL-002974,36.0,12.0,basic,23,11,10,0,0,0,,631,0.99,0.9876267657443383,-0.002373234255661716,1,1,sure_thing,0.2172,0,1,1096,1,0
KESTREL-002975,8.7,19.93,basic,17,12,12,1,0,0,,126,0.9466695050154592,0.9524508474447095,0.005781342429250325,1,1,sure_thing,0.8718,1,1,265,1,1
KESTREL-002976,19.0,13.62,basic,22,15,7,2,0,1,,232,0.9470781184116542,0.9599465802436424,0.012868461831988198,1,1,sure_thing,0.8838,1,1,578,1,1
KESTREL-002977,9.6,24.16,basic,24,3,14,1,0,0,8.0,213,0.9814843184774533,0.9853867368494051,0.0039024183719518213,1,1,sure_thing,0.1125,0,1,292,0,0
KESTREL-002978,16.9,23.15,basic,6,8,4,1,2,0,,91,0.7233299225843153,0.99,0.2666700774156847,1,1,persuadable,0.8985,1,1,514,1,1
KESTREL-002979,32.8,17.03,basic,9,128,3,0,0,0,8.0,284,0.9381048029036037,0.6791660730148759,-0.2589387298887278,1,1,sleeping_dog,0.901,1,1,998,0,0
KESTREL-002980,24.6,23.06,basic,3,55,0,1,2,0,,98,0.6649297542169073,0.926185897901276,0.2612561436843688,1,1,persuadable,0.804,1,1,749,1,1
KESTREL-002981,4.3,128.87,enterprise,2,212,3,3,0,1,,13,0.48226527345346093,0.47691705484422314,-0.005348218609237787,0,0,lost_cause,0.9742,1,0,131,1,1
KESTREL-002982,28.9,18.26,basic,66,1,22,0,0,1,,1209,0.99,0.99,0.0,1,1,sure_thing,0.028,0,1,880,1,0
KESTREL-002983,8.5,21.24,basic,8,16,1,0,1,1,,35,0.8351485099772276,0.8108514760544506,-0.024297033922776934,1,1,lost_cause,0.0535,0,1,259,1,0
KESTREL-002984,18.5,43.65,pro,9,120,2,0,0,0,,173,0.9331197314661344,0.6749503878094154,-0.25816934365671895,1,1,sleeping_dog,0.479,1,1,563,1,0
KESTREL-002985,36.0,46.94,pro,2,32,6,1,0,1,,391,0.936943991499716,0.9361494273452305,-0.0007945641544854221,1,1,sure_thing,0.6152,1,1,1096,1,1
KESTREL-002986,29.0,24.81,basic,8,25,2,0,0,0,7.0,369,0.9545958041395571,0.8896309173440206,-0.06496488679553658,1,1,sleeping_dog,0.489,1,1,883,1,0
KESTREL-002987,9.1,171.69,enterprise,5,46,3,0,2,0,3.0,37,0.7956722229218669,0.99,0.1943277770781331,1,1,persuadable,0.825,1,1,277,1,1
KESTREL-002988,36.0,21.29,basic,10,11,1,2,0,0,,413,0.930300613006323,0.9712281726969628,0.04092755969063977,1,1,sure_thing,0.7552,1,1,1096,1,0
KESTREL-002989,7.7,192.12,enterprise,6,15,5,1,0,1,,59,0.9380357372237448,0.99,0.05196426277625521,1,1,persuadable,0.598,1,1,234,1,1
KESTREL-002990,10.7,14.11,basic,6,54,4,0,1,1,,112,0.8866512339638348,0.8430486468054118,-0.04360258715842302,0,0,lost_cause,0.8918,1,0,326,1,1
KESTREL-002991,36.0,211.31,enterprise,10,1,2,0,1,0,,282,0.9785545150830139,0.99,0.011445484916986048,1,1,sure_thing,0.5038,1,1,1096,1,1
KESTREL-002992,4.1,19.91,basic,2,189,4,2,1,0,,13,0.41464947674143326,0.45490791651939566,0.040258439777962396,0,0,lost_cause,0.978,1,0,125,1,1
KESTREL-002993,16.7,36.93,pro,16,20,6,0,1,0,7.0,222,0.9400628723429384,0.9580011890732787,0.017938316730340298,0,0,sure_thing,0.042,0,0,508,1,0
KESTREL-002994,29.5,33.73,pro,21,2,5,0,0,0,,356,0.9839091486184997,0.9692361312660703,-0.014673017352429318,1,1,sure_thing,0.1462,0,1,898,1,0
KESTREL-002995,36.0,31.59,basic,5,38,1,0,0,0,9.0,258,0.9595505548425534,0.8506279938381419,-0.10892256100441144,0,0,sleeping_dog,0.6092,1,0,1096,1,1
KESTREL-002996,10.3,37.86,pro,8,77,4,0,1,0,,81,0.8463609524887464,0.8257481020788245,-0.02061285040992189,1,1,lost_cause,0.102,0,1,314,1,0
KESTREL-002997,13.5,20.62,basic,6,56,3,2,0,0,8.0,132,0.849775497116716,0.8866371343452784,0.036861637228562394,1,1,lost_cause,0.741,1,1,411,1,0
KESTREL-002998,36.0,20.3,basic,7,9,5,1,0,1,9.0,291,0.9615514274678584,0.9527885586416384,-0.008762868826220016,0,0,sure_thing,0.68,1,0,1096,1,1
KESTREL-002999,5.8,16.96,basic,17,9,7,0,0,0,,85,0.9702205443949277,0.9601523519733149,-0.01006819242161272,1,1,sure_thing,0.3165,0,1,177,1,0
KESTREL-003000,25.5,18.74,basic,1,66,3,1,1,0,3.0,110,0.7071962437847079,0.8316798495496052,0.12448360576489725,1,1,persuadable,0.9488,1,1,776,1,0
KESTREL-003001,11.1,48.71,pro,7,41,5,0,0,1,,74,0.9090854286725013,0.8065442931168858,-0.1025411355556155,1,1,sleeping_dog,0.2408,0,1,338,1,0
KESTREL-003002,36.0,41.44,pro,7,28,6,0,0,0,,329,0.9648038586222522,0.9422939770815307,-0.02250988154072142,1,1,sure_thing,0.1368,0,1,1096,1,0
KESTREL-003003,23.2,49.54,pro,3,17,3,0,0,0,,140,0.9552540372576802,0.9197714609583585,-0.03548257629932172,1,1,sure_thing,0.5948,1,1,706,1,1
KESTREL-003004,36.0,29.34,basic,15,8,7,0,0,1,,540,0.9804096178347836,0.9541781193138338,-0.02623149852094986,1,1,sure_thing,0.6455,1,1,1096,1,0
KESTREL-003005,19.6,23.06,basic,2,45,6,0,0,0,9.0,165,0.9206830728093672,0.8807032545941517,-0.03997981821521557,1,1,sure_thing,0.1508,0,1,597,1,0
KESTREL-003006,36.0,14.92,basic,23,7,15,0,0,0,,599,0.99,0.99,0.0,1,1,sure_thing,0.7502,1,1,1096,1,1
KESTREL-003007,16.8,43.24,pro,5,80,2,0,0,0,6.0,79,0.9164989233806878,0.727929231327014,-0.1885696920536738,1,1,sleeping_dog,0.3002,0,1,511,1,0
KESTREL-003008,16.8,17.96,basic,5,27,2,1,0,0,6.0,93,0.8859760919159628,0.8657206865833997,-0.020255405332563092,1,1,lost_cause,0.116,0,1,511,1,0
KESTREL-003009,7.5,182.41,enterprise,2,157,2,0,1,0,,29,0.8188875644748368,0.8037437272034874,-0.01514383727134938,1,1,lost_cause,0.9685,1,1,228,1,1
KESTREL-003010,23.5,46.21,pro,4,12,7,1,0,0,,140,0.8882832757750976,0.9136288289797971,0.025345553204699556,1,1,lost_cause,0.7318,1,1,715,1,1
KESTREL-003011,23.9,44.49,pro,13,5,7,0,0,0,9.0,313,0.9804113411553496,0.9735129232543986,-0.006898417900950915,1,1,sure_thing,0.9002,1,1,728,1,1
KESTREL-003012,36.0,15.03,basic,4,60,4,1,0,0,7.0,200,0.8925349313054192,0.8524094268541914,-0.040125504451227756,0,0,lost_cause,0.5425,1,0,1096,1,0
KESTREL-003013,23.8,28.89,basic,5,29,3,1,0,0,,130,0.9028311578717616,0.8933327470886344,-0.009498410783127187,1,1,lost_cause,0.553,1,1,724,1,1
KESTREL-003014,2.8,57.42,pro,8,24,2,2,0,0,8.0,25,0.8705082532772461,0.9593365504063169,0.08882829712907081,1,1,persuadable,0.5822,1,1,85,1,0
KESTREL-003015,36.0,17.73,basic,7,20,5,2,0,0,,225,0.9381900848131004,0.99,0.05180991518689959,1,1,persuadable,0.1342,0,1,1096,1,0
KESTREL-003016,19.4,60.98,pro,8,2,6,0,0,0,7.0,273,0.9486172762208497,0.9429058793450633,-0.0057113968757863676,1,1,sure_thing,0.282,0,1,591,1,0
KESTREL-003017,11.8,14.49,basic,8,34,3,1,0,0,,97,0.9119493011197316,0.8892431462445751,-0.02270615487515648,1,1,lost_cause,0.54,1,1,359,1,0
KESTREL-003018,9.8,16.0,basic,30,11,9,0,0,1,,202,0.9880577588292659,0.9705707665747196,-0.017486992254546307,1,1,sure_thing,0.2215,0,1,298,1,0
KESTREL-003019,3.2,41.57,pro,8,10,6,0,0,0,,43,0.9400308275620799,0.9288271614142194,-0.011203666147860503,1,1,sure_thing,0.6732,1,1,97,1,1
KESTREL-003020,36.0,16.92,basic,11,56,7,1,2,1,3.0,314,0.7989106530135672,0.99,0.19108934698643276,1,1,persuadable,0.1528,0,1,1096,1,0
KESTREL-003021,9.5,43.51,pro,12,26,6,0,0,0,6.0,108,0.9497579810738298,0.9274356828943722,-0.022322298179457634,1,1,sure_thing,0.712,1,1,289,1,1
KESTREL-003022,36.0,28.73,basic,9,5,6,2,0,1,,402,0.9513838434616244,0.99,0.03861615653837558,1,1,sure_thing,0.1675,0,1,1096,1,0
KESTREL-003023,11.9,30.18,basic,4,51,1,1,0,0,,30,0.8736265376538743,0.8070155238110696,-0.06661101384280477,0,0,sleeping_dog,0.5178,1,0,362,1,0
KESTREL-003024,36.0,157.28,enterprise,25,10,6,0,0,1,10.0,770,0.99,0.9640721697758033,-0.025927830224196646,1,1,sure_thing,0.2185,0,1,1096,1,0
KESTREL-003025,19.0,10.92,basic,9,2,3,0,0,1,,151,0.9684914241634844,0.9057774521635537,-0.06271397199993078,1,1,sleeping_dog,0.5878,0,1,578,1,0
KESTREL-003026,20.6,16.27,basic,23,14,5,0,0,0,,312,0.9794247818674453,0.9569598075894925,-0.0224649742779528,1,1,sure_thing,0.563,1,1,627,1,0
KESTREL-003027,36.0,16.88,basic,5,0,7,1,0,0,,240,0.9578477036856736,0.9709449406139449,0.01309723692827125,1,1,sure_thing,0.0792,0,1,1096,1,0
KESTREL-003028,14.1,40.59,pro,3,15,10,0,1,0,6.0,158,0.878972296250277,0.9416181374839674,0.06264584123369044,1,1,persuadable,0.849,1,1,429,1,1
KESTREL-003029,36.0,65.48,pro,9,13,4,1,0,0,7.0,388,0.9613533806782854,0.9776447624260628,0.016291381747777445,1,1,sure_thing,0.1652,0,1,1096,1,0
KESTREL-003030,14.2,12.83,basic,4,16,1,1,0,0,,109,0.9030210519435313,0.8847426623438246,-0.018278389599706735,1,1,lost_cause,0.5745,1,1,432,1,1
KESTREL-003031,12.9,138.76,enterprise,3,0,4,0,0,1,,81,0.949230016669912,0.9397595811686463,-0.009470435501265695,1,1,sure_thing,0.8145,1,1,393,1,1
KESTREL-003032,11.9,19.56,basic,4,104,3,0,0,0,7.0,75,0.8980262576825586,0.6760795552552982,-0.22194670242726044,1,1,sleeping_dog,0.2625,0,1,362,1,0
KESTREL-003033,36.0,44.55,pro,13,21,1,2,0,1,,349,0.9362154033477543,0.9531442577479046,0.01692885440015024,1,1,sure_thing,0.4378,1,1,1096,1,1
KESTREL-003034,24.5,16.57,basic,12,3,7,0,1,1,7.0,328,0.9212856841513006,0.9365423005219482,0.015256616370647569,1,1,sure_thing,0.751,1,1,746,1,0
KESTREL-003035,17.9,49.61,pro,11,3,3,0,2,0,7.0,182,0.9036659368905515,0.99,0.08633406310944847,1,1,persuadable,0.0312,0,1,545,1,0
KESTREL-003036,36.0,48.24,pro,10,19,4,0,1,0,,397,0.936807256909476,0.9712698665280313,0.034462609618555295,1,1,sure_thing,0.6128,1,1,1096,1,1
KESTREL-003037,36.0,23.57,basic,17,7,8,0,0,0,7.0,599,0.987697204146877,0.9811757374328247,-0.006521466714052293,1,1,sure_thing,0.43,1,1,1096,1,1
KESTREL-003038,13.6,57.91,pro,5,87,2,0,0,0,,82,0.9088105756597676,0.7067313688346001,-0.20207920682516756,0,0,sleeping_dog,0.1352,0,0,414,1,0
KESTREL-003039,13.8,17.57,basic,5,2,1,1,0,0,,70,0.8434574698667141,0.8375476448425636,-0.005909825024150495,1,1,lost_cause,0.7648,1,1,420,1,1
KESTREL-003040,13.4,15.65,basic,11,7,3,0,1,1,,158,0.9143364579734382,0.9119199457198733,-0.002416512253564873,1,1,lost_cause,0.6425,1,1,408,1,1
KESTREL-003041,11.8,18.94,basic,24,16,11,2,0,0,,265,0.9689421091322042,0.9877775333542275,0.018835424222023223,1,1,sure_thing,0.3422,1,1,359,1,0
KESTREL-003042,27.3,15.44,basic,13,12,3,1,0,1,8.0,295,0.9493255186123472,0.91334920024289,-0.03597631836945714,1,1,sure_thing,0.4408,1,1,831,1,1
KESTREL-003043,36.0,70.88,pro,8,5,2,0,1,1,,295,0.9414714053058139,0.983344785116509,0.041873379810695166,1,1,sure_thing,0.6992,1,1,1096,1,0
KESTREL-003044,8.0,24.06,basic,70,6,22,0,0,1,,368,0.99,0.99,0.0,1,1,sure_thing,0.2635,0,1,244,1,0
KESTREL-003045,13.3,44.31,pro,3,16,2,2,0,0,,82,0.8149288527457959,0.9176116750287895,0.10268282228299364,1,1,persuadable,0.7812,1,1,405,1,1
KESTREL-003046,1.1,40.32,pro,13,13,3,0,0,0,9.0,15,0.9229424649004992,0.88744536625975,-0.035497098640749236,1,1,sure_thing,0.0948,0,1,33,1,0
KESTREL-003047,12.3,65.63,pro,4,75,0,0,0,0,,57,0.9296195397566342,0.7179702619203665,-0.21164927783626775,1,1,sleeping_dog,0.652,1,1,374,1,1
KESTREL-003048,11.3,30.47,basic,4,9,2,2,0,0,5.0,74,0.84249845249898,0.9239931154071256,0.08149466290814555,1,1,persuadable,0.9708,1,1,344,1,0
KESTREL-003049,6.5,26.33,basic,3,112,3,0,0,0,,42,0.8457095594498292,0.6108157632625615,-0.2348937961872677,1,0,sleeping_dog,0.8535,1,0,198,1,0
KESTREL-003050,31.3,11.77,basic,20,3,9,0,0,0,,569,0.9780034568614219,0.9736629482778596,-0.004340508583562275,1,1,sure_thing,0.392,1,1,953,1,1
KESTREL-003051,36.0,40.25,pro,6,80,3,2,0,0,,278,0.8752435439686497,0.9024689024861003,0.02722535851745067,1,1,lost_cause,0.9588,1,1,1096,1,1
KESTREL-003052,24.1,17.79,basic,9,0,7,1,0,0,9.0,284,0.9354165254330479,0.9442393344643549,0.008822809031307055,1,1,sure_thing,0.177,0,1,734,1,0
KESTREL-003053,9.7,55.98,pro,1,140,2,1,1,0,,55,0.5877249508277009,0.6003155525018655,0.012590601674164592,1,1,lost_cause,0.9502,1,1,295,1,0
KESTREL-003054,36.0,15.15,basic,6,27,1,1,0,0,8.0,334,0.9655893270845498,0.9324203553740605,-0.03316897171048927,1,0,sure_thing,0.179,0,1,1096,1,0
KESTREL-003055,36.0,17.68,basic,3,75,4,2,1,0,,89,0.736478932336376,0.968321701376299,0.23184276903992307,1,1,persuadable,0.9528,1,1,1096,1,1
KESTREL-003056,9.2,34.43,basic,5,1,5,1,0,0,,83,0.9403027887317202,0.9565230529258263,0.01622026419410605,1,1,sure_thing,0.8548,1,1,280,0,1
KESTREL-003057,10.8,18.27,basic,1,5,3,0,0,0,4.0,99,0.8970452260457812,0.8716120321166463,-0.0254331939291349,1,1,lost_cause,0.088,0,1,329,1,0
KESTREL-003058,23.9,15.05,basic,5,2,3,2,0,1,5.0,113,0.8928312453642877,0.9459167019520605,0.05308545658777275,0,1,persuadable,0.8818,1,1,728,0,1
KESTREL-003059,4.4,79.18,pro,2,10,2,1,0,0,,28,0.8914805357261374,0.9308618359289699,0.03938130020283248,1,1,lost_cause,0.7165,1,1,134,1,0
KESTREL-003060,16.7,45.08,pro,10,9,5,2,0,0,9.0,194,0.8731201671747465,0.9486704134429262,0.07555024626817974,1,1,persuadable,0.5028,1,1,508,1,0
KESTREL-003061,28.2,17.91,basic,9,10,5,1,1,1,,261,0.9059667733961667,0.99,0.08403322660383328,1,1,persuadable,0.359,1,1,858,1,1
KESTREL-003062,24.7,37.7,pro,8,36,3,0,0,0,,212,0.9747188989097689,0.9067897479092233,-0.06792915100054564,1,1,sleeping_dog,0.1735,0,1,752,1,0
KESTREL-003063,11.0,15.43,basic,11,3,7,2,0,0,,143,0.8814131581147605,0.9267479675358911,0.04533480942113055,1,1,lost_cause,0.029,0,1,335,1,0
KESTREL-003064,36.0,20.12,basic,8,33,6,2,0,0,,223,0.9132196729025818,0.9681855496689689,0.05496587676638709,1,1,persuadable,0.64,1,1,1096,1,1
KESTREL-003065,29.2,40.43,pro,10,53,4,2,0,0,,222,0.8991189045550046,0.9499366368258073,0.05081773227080266,1,1,persuadable,0.8288,1,1,889,1,1
KESTREL-003066,36.0,63.88,pro,17,23,5,2,0,1,,468,0.9533187205856806,0.99,0.03668127941431942,1,1,sure_thing,0.0025,0,1,1096,1,0
KESTREL-003067,7.9,46.5,pro,8,46,9,1,0,0,6.0,88,0.9097732628961057,0.923230613333677,0.013457350437571236,1,1,lost_cause,0.5702,1,1,240,1,0
KESTREL-003068,36.0,11.42,basic,13,1,5,2,0,0,7.0,356,0.9458994173253544,0.9810857761804962,0.035186358855141764,1,1,sure_thing,0.1602,0,1,1096,1,0
KESTREL-003069,12.8,27.84,basic,11,21,5,1,0,1,,147,0.9439559427016025,0.9222250261248084,-0.021730916576794157,1,1,sure_thing,0.9435,1,1,390,1,0
KESTREL-003070,2.9,46.7,pro,1,77,1,1,0,0,5.0,9,0.7799592866035322,0.6673735607368033,-0.11258572586672888,1,0,sleeping_dog,0.671,1,0,88,1,0
KESTREL-003071,13.8,16.13,basic,2,17,1,1,0,0,4.0,76,0.8886148254734275,0.8732961481996155,-0.015318677273811976,1,1,lost_cause,0.824,1,1,420,1,0
KESTREL-003072,36.0,168.24,enterprise,5,238,2,0,0,0,5.0,148,0.8909909830857756,0.6472508011542806,-0.24374018193149505,1,1,sleeping_dog,0.4238,1,1,1096,0,1
KESTREL-003073,2.1,22.95,basic,7,83,4,1,1,0,,17,0.6784554925871644,0.76463799050235,0.08618249791518562,0,1,persuadable,0.8895,1,1,64,1,1
KESTREL-003074,36.0,138.75,enterprise,12,21,9,0,0,0,,433,0.9882329852427565,0.99,0.0017670147572435013,1,1,sure_thing,0.5135,1,1,1096,1,1
KESTREL-003075,26.3,13.08,basic,1,44,3,1,0,0,6.0,97,0.8553843792605123,0.8293137406262143,-0.026070638634297927,1,1,lost_cause,0.5572,1,1,801,1,0
KESTREL-003076,36.0,20.33,basic,5,22,4,0,1,0,,191,0.8919493931338149,0.919856303161295,0.027906910027480025,1,1,lost_cause,0.6587,1,1,1096,1,0
KESTREL-003077,15.0,40.09,pro,2,112,1,0,0,0,,67,0.9057918380749937,0.6493338259373672,-0.25645801213762653,1,1,sleeping_dog,0.721,1,1,457,1,1
KESTREL-003078,36.0,21.88,basic,4,2,7,0,0,0,,196,0.9657956251155562,0.9608152014492878,-0.004980423666268385,1,1,sure_thing,0.1665,0,1,1096,1,0
KESTREL-003079,22.3,24.84,basic,15,7,4,0,0,0,,258,0.9648411337126326,0.9420296918623571,-0.022811441850275505,1,1,sure_thing,0.501,1,1,679,1,1
KESTREL-003080,3.1,24.82,basic,1,36,3,0,0,0,6.0,7,0.8953171541758418,0.8288387755591438,-0.06647837861669803,1,0,sleeping_dog,0.3135,0,1,94,1,0
KESTREL-003081,18.1,55.95,pro,12,11,3,0,0,0,9.0,187,0.9762142588595083,0.9442349475449803,-0.031979311314528025,1,1,sure_thing,0.1262,0,1,551,1,0
KESTREL-003082,22.5,21.37,basic,6,74,2,2,1,0,,156,0.7563016376249164,0.9699558841277081,0.21365424650279163,1,1,persuadable,0.9225,1,1,685,1,0
KESTREL-003083,2.8,28.01,basic,2,2,4,1,0,0,,20,0.869671930559071,0.8857734943926023,0.01610156383353134,1,1,lost_cause,0.843,1,1,85,1,1
KESTREL-003084,13.0,16.42,basic,39,1,8,0,0,0,,320,0.99,0.9885917053803548,-0.0014082946196452006,1,1,sure_thing,0.312,0,1,396,1,0
KESTREL-003085,16.2,18.4,basic,8,114,5,0,1,0,,119,0.8441555343764251,0.7517036388608638,-0.09245189551556132,1,0,sleeping_dog,0.7765,1,0,493,1,1
KESTREL-003086,21.4,22.06,basic,40,1,19,0,0,0,,617,0.99,0.99,0.0,1,1,sure_thing,0.1518,0,1,651,1,0
KESTREL-003087,36.0,37.68,pro,23,3,7,1,1,1,,639,0.9720915534386447,0.99,0.017908446561355262,1,1,sure_thing,0.5758,1,1,1096,1,1
KESTREL-003088,12.4,12.15,basic,9,61,4,1,1,0,,89,0.8041634820877854,0.8835756092261766,0.07941212713839119,1,1,persuadable,0.697,1,1,377,1,1
KESTREL-003089,2.3,35.94,pro,15,26,6,0,0,0,,24,0.9535671799141275,0.9301829757037019,-0.02338420421042564,1,1,sure_thing,0.0112,0,1,70,1,0
KESTREL-003090,7.3,43.58,pro,0,171,3,0,1,0,,33,0.6749749240052004,0.48735295518058513,-0.1876219688246153,1,1,sleeping_dog,0.6918,1,1,222,1,0
KESTREL-003091,4.1,15.41,basic,2,37,0,1,0,0,,23,0.7695830727162721,0.7107842278897994,-0.058798844826472685,0,0,sleeping_dog,0.9885,1,0,125,1,0
KESTREL-003092,36.0,112.84,enterprise,4,12,2,0,0,0,7.0,165,0.9687510021402467,0.943691477957597,-0.025059524182649673,1,1,sure_thing,0.8422,1,1,1096,1,1
KESTREL-003093,30.8,35.54,basic,9,3,3,1,0,1,8.0,250,0.9346776935872866,0.9178258535915658,-0.01685183999572082,1,1,sure_thing,0.9278,1,1,938,1,1
KESTREL-003094,21.2,14.21,basic,2,14,4,0,0,0,,153,0.8995160228821459,0.873228937498017,-0.02628708538412894,1,1,lost_cause,0.947,1,1,645,1,1
KESTREL-003095,28.0,52.58,pro,6,39,2,1,0,1,,171,0.9193645702442758,0.8392163585521424,-0.08014821169213338,1,0,sleeping_dog,0.6418,1,0,852,1,0
KESTREL-003096,12.3,37.5,pro,15,0,7,0,0,0,,191,0.9714205282589101,0.9652190791052242,-0.006201449153685923,1,1,sure_thing,0.0848,0,1,374,1,0
KESTREL-003097,12.4,16.03,basic,19,14,6,0,0,0,8.0,208,0.9780154843672892,0.9614426522124911,-0.0165728321547981,1,1,sure_thing,0.3068,0,1,377,1,0
KESTREL-003098,15.4,25.44,basic,22,2,8,0,0,0,,230,0.9828393456630548,0.9770627915476383,-0.0057765541154164435,1,1,sure_thing,0.0438,0,1,469,1,0
KESTREL-003099,36.0,25.62,basic,0,8,1,1,1,0,,134,0.8643207149143212,0.99,0.12567928508567883,1,1,persuadable,0.556,1,1,1096,1,1
KESTREL-003100,34.4,47.83,pro,14,0,7,1,0,0,4.0,442,0.9653016171982308,0.9766263666380419,0.0113247494398111,1,1,sure_thing,0.1452,0,1,1047,1,0
KESTREL-003101,24.8,46.65,pro,9,39,9,1,0,0,9.0,337,0.9560643401554096,0.9699227941128113,0.013858453957401706,1,1,sure_thing,0.685,1,1,755,1,0
KESTREL-003102,25.0,25.14,basic,11,16,3,2,0,0,,190,0.9200732007545153,0.9656968167870187,0.04562361603250342,1,1,sure_thing,0.2318,0,1,761,1,0
KESTREL-003103,31.3,37.38,pro,4,109,1,0,1,0,,189,0.846378872812924,0.7057289090433434,-0.1406499637695806,0,0,sleeping_dog,0.5235,1,0,953,1,1
KESTREL-003104,31.7,118.83,enterprise,18,21,7,0,0,0,,459,0.9886354132148162,0.9807540658207525,-0.007881347394063654,1,1,sure_thing,0.1017,0,1,965,1,0
KESTREL-003105,36.0,143.46,enterprise,10,38,2,0,0,0,,345,0.9820520147989598,0.914072110508733,-0.06797990429022671,1,1,sleeping_dog,0.1798,0,1,1096,1,0
KESTREL-003106,7.7,18.28,basic,12,8,6,1,1,1,,95,0.8706071675178014,0.957203258069778,0.08659609055197659,1,1,persuadable,0.7312,1,1,234,1,1
KESTREL-003107,36.0,23.42,basic,6,25,3,2,0,0,8.0,307,0.9013775105361287,0.9622929306303006,0.060915420094171946,1,1,persuadable,0.3515,1,1,1096,1,1
KESTREL-003108,5.9,127.22,enterprise,8,46,3,0,0,0,,47,0.9327034506110694,0.86305816546994,-0.06964528514112944,1,1,sleeping_dog,0.121,0,1,180,1,0
KESTREL-003109,36.0,26.99,basic,4,15,2,1,0,0,,191,0.9485971350924735,0.9443995727389629,-0.004197562353510542,1,1,sure_thing,0.0742,0,1,1096,1,0
KESTREL-003110,6.0,44.37,pro,6,26,5,0,0,0,,58,0.9300489547806202,0.9020244867784386,-0.028024468002181613,1,1,sure_thing,0.4935,1,1,183,1,1
KESTREL-003111,10.7,19.38,basic,4,37,1,2,0,0,,65,0.7279365387573111,0.7737585790027747,0.04582204024546355,1,1,lost_cause,0.626,1,1,326,0,1
KESTREL-003112,15.4,35.34,pro,18,6,13,0,1,0,,223,0.9684049828168972,0.9885088275775856,0.020103844760688383,1,1,sure_thing,0.0968,0,1,469,1,0
KESTREL-003113,16.3,25.68,basic,7,13,6,0,1,0,,95,0.9200294249504456,0.953362916094154,0.03333349114370843,1,1,sure_thing,0.6308,1,1,496,1,1
KESTREL-003114,4.8,19.13,basic,5,0,2,0,0,1,,40,0.8971490630181561,0.8234525208593306,-0.07369654215882548,1,1,sleeping_dog,0.9538,1,1,146,1,1
KESTREL-003115,15.8,57.63,pro,5,83,4,0,0,0,,122,0.9115874373203919,0.7602053173789207,-0.15138211994147122,1,0,sleeping_dog,0.1258,0,1,481,1,0
KESTREL-003116,22.7,15.18,basic,10,27,6,0,0,1,,209,0.9488815059659503,0.8887228896726684,-0.0601586162932819,1,1,sleeping_dog,0.613,1,1,691,1,0
KESTREL-003117,27.4,47.56,pro,2,21,1,0,0,0,4.0,168,0.9446633730164675,0.8755518342334055,-0.06911153878306198,0,0,sleeping_dog,0.3692,1,0,834,1,1
KESTREL-003118,19.0,17.82,basic,2,40,1,2,0,0,,157,0.6692698996559973,0.7198306352360823,0.050560735580085,0,0,persuadable,0.8562,1,0,578,1,1
KESTREL-003119,36.0,18.1,basic,1,51,1,0,0,0,9.0,176,0.9315970782027423,0.7911778984579909,-0.14041917974475138,1,1,sleeping_dog,0.532,1,1,1096,1,1
KESTREL-003120,19.0,39.3,pro,5,11,7,0,0,0,,204,0.96164091574718,0.9548140999937724,-0.0068268157534076,1,1,sure_thing,0.3052,0,1,578,1,0
KESTREL-003121,19.9,20.18,basic,8,64,2,0,0,0,,134,0.9249563609512829,0.7721907871782439,-0.152765573773039,1,1,sleeping_dog,0.38,1,1,606,1,0
KESTREL-003122,22.2,71.28,pro,2,25,2,0,0,0,,95,0.9436213844847531,0.8878656596822516,-0.05575572480250146,1,1,sleeping_dog,0.74,1,1,676,1,0
KESTREL-003123,36.0,19.97,basic,4,82,3,0,1,0,8.0,220,0.8763916442153131,0.8281932750504759,-0.04819836916483722,0,0,lost_cause,0.3743,1,0,1096,1,0
KESTREL-003124,36.0,16.31,basic,3,141,4,0,0,0,8.0,223,0.8751584689084553,0.6132793321476122,-0.26187913676084307,1,1,sleeping_dog,0.372,1,1,1096,1,0
KESTREL-003125,36.0,23.27,basic,14,15,6,0,0,0,,651,0.9774284364531122,0.9610897566732527,-0.016338679779859477,1,1,sure_thing,0.331,0,1,1096,1,0
KESTREL-003126,17.4,41.28,pro,16,1,7,1,0,0,,280,0.97155147449567,0.9790547235910649,0.007503249095394904,1,1,sure_thing,0.1542,0,1,530,1,0
KESTREL-003127,36.0,15.09,basic,2,86,4,1,0,1,6.0,173,0.8835929916655711,0.7220708594522778,-0.16152213221329337,1,1,sleeping_dog,0.2678,0,1,1096,1,0
KESTREL-003128,11.4,138.99,enterprise,9,15,7,1,0,0,8.0,128,0.9272845868078827,0.99,0.06271541319211726,0,1,persuadable,0.1022,0,0,347,1,0
KESTREL-003129,36.0,22.1,basic,5,112,7,0,1,0,5.0,317,0.8947407938339824,0.8560935057633371,-0.038647288070645325,1,1,lost_cause,0.927,1,1,1096,1,1
KESTREL-003130,25.3,20.66,basic,32,15,15,0,0,1,,628,0.99,0.99,0.0,1,1,sure_thing,0.1922,0,1,770,1,0
KESTREL-003131,23.0,14.28,basic,20,14,13,0,0,1,7.0,372,0.9835280163145368,0.9781671630777851,-0.005360853236751728,1,1,sure_thing,0.7555,1,1,700,1,1
KESTREL-003132,36.0,27.84,basic,8,10,5,0,2,1,,433,0.8750599144260996,0.99,0.11494008557390034,1,1,persuadable,0.846,1,1,1096,1,1
KESTREL-003133,4.6,18.51,basic,1,130,2,0,1,0,,17,0.6807403419607081,0.5090450173655452,-0.1716953245951629,0,0,sleeping_dog,0.9508,1,0,140,1,0
KESTREL-003134,28.7,64.12,pro,5,29,2,0,0,0,,228,0.9426121117314028,0.8757655753989572,-0.06684653633244564,1,1,sleeping_dog,0.125,0,1,874,1,0
KESTREL-003135,22.8,13.81,basic,3,107,7,0,0,0,8.0,109,0.8865399417686544,0.7377013024515453,-0.14883863931710906,1,1,sleeping_dog,0.873,1,1,694,1,1
KESTREL-003136,28.2,25.5,basic,16,28,11,1,0,0,6.0,322,0.9761524577953881,0.9816428421745296,0.005490384379141511,1,1,sure_thing,0.6038,1,1,858,1,1
KESTREL-003137,7.5,19.86,basic,3,0,0,1,1,0,,35,0.7395671763176832,0.8760309355281335,0.13646375921045029,0,1,persuadable,0.9812,1,1,228,1,1
KESTREL-003138,22.3,13.87,basic,1,220,0,2,2,0,4.0,52,0.2545964618976009,0.28941882196196034,0.03482236006435946,1,1,lost_cause,0.9995,1,1,679,1,0
KESTREL-003139,7.2,73.08,pro,25,8,20,0,1,0,,155,0.9783271449298885,0.99,0.01167285507011151,1,1,sure_thing,0.1385,0,1,219,1,0
KESTREL-003140,16.3,19.02,basic,15,0,2,0,0,1,9.0,195,0.961275196964986,0.8855956921645576,-0.0756795048004284,1,0,sleeping_dog,0.0545,0,1,496,1,0
KESTREL-003141,4.2,48.17,pro,8,82,2,1,0,0,,25,0.865822540167184,0.7480248621565936,-0.11779767801059038,1,1,sleeping_dog,0.3605,1,1,128,1,1
KESTREL-003142,15.9,42.2,pro,29,9,9,0,0,0,8.0,361,0.9894718149928219,0.9838748770358484,-0.005596937956973469,1,1,sure_thing,0.55,1,1,484,1,1
KESTREL-003143,12.5,18.77,basic,39,2,13,0,0,0,,387,0.99,0.99,0.0,1,1,sure_thing,0.1645,0,1,380,1,0
KESTREL-003144,36.0,18.28,basic,0,365,0,2,0,0,,76,0.5157265899275544,0.3130007498449371,-0.2027258400826173,1,1,sleeping_dog,0.9865,1,1,1096,0,0
KESTREL-003145,1.0,58.07,pro,10,19,7,1,1,1,8.0,7,0.8576827071982857,0.99,0.13231729280171434,1,1,persuadable,0.9842,1,1,30,1,1
KESTREL-003146,4.2,21.64,basic,0,252,1,0,1,0,,11,0.4928770237975618,0.25224270701424134,-0.24063431678332048,1,1,sleeping_dog,0.9765,1,1,128,1,0
KESTREL-003147,36.0,47.4,pro,3,112,2,1,0,0,6.0,140,0.828624752234728,0.6500324023272344,-0.17859234990749362,0,0,sleeping_dog,0.6848,1,0,1096,1,0
KESTREL-003148,14.8,70.5,pro,4,43,2,0,1,0,,77,0.8426971368285523,0.8948681759130027,0.05217103908445042,1,1,persuadable,0.8908,1,1,451,1,1
KESTREL-003149,36.0,68.07,pro,19,10,5,0,0,0,,594,0.9893914456895366,0.9718851387923999,-0.017506306897136725,1,1,sure_thing,0.4575,1,1,1096,1,1
KESTREL-003150,27.3,16.17,basic,4,53,2,0,0,0,6.0,228,0.9230351722379097,0.7984045938070685,-0.12463057843084113,1,1,sleeping_dog,0.4682,1,1,831,1,1
KESTREL-003151,33.9,62.62,pro,4,59,0,0,0,1,,245,0.9372033561442485,0.7010034108875993,-0.23619994525664922,1,1,sleeping_dog,0.1062,0,1,1032,1,0
KESTREL-003152,20.0,19.39,basic,34,17,9,0,0,1,10.0,526,0.99,0.9701369942818312,-0.01986300571816879,1,1,sure_thing,0.3962,0,1,609,1,0
KESTREL-003153,36.0,19.0,basic,3,80,3,1,0,0,,191,0.9003117827782137,0.805474894498124,-0.09483688828008963,1,0,sleeping_dog,0.5642,1,0,1096,1,1
KESTREL-003154,17.7,20.19,basic,10,12,2,0,0,1,,183,0.9442738568641519,0.8443928230682544,-0.09988103379589752,1,1,sleeping_dog,0.8328,1,1,539,1,0
KESTREL-003155,36.0,56.34,pro,4,76,1,1,0,1,,308,0.921356770319916,0.7400227656026255,-0.18133400471729055,1,1,sleeping_dog,0.0932,0,1,1096,1,0
KESTREL-003156,11.2,30.84,pro,4,64,3,1,0,1,,67,0.8574936159125697,0.7314086961755226,-0.12608491973704705,1,1,sleeping_dog,0.4112,1,1,341,1,1
KESTREL-003157,27.4,15.7,basic,18,15,9,0,0,0,,490,0.9808284650027509,0.974208717312241,-0.006619747690509881,1,1,sure_thing,0.0712,0,1,834,1,0
KESTREL-003158,9.9,41.55,pro,11,13,4,0,1,1,7.0,94,0.8917492770407661,0.9055868544920699,0.013837577451303762,1,1,lost_cause,0.3342,0,1,301,1,0
KESTREL-003159,16.0,123.63,enterprise,6,141,4,0,1,0,,99,0.8424548393247873,0.789283395821363,-0.05317144350342429,1,1,sleeping_dog,0.4095,1,1,487,1,0
KESTREL-003160,20.9,18.45,basic,13,6,7,0,0,0,,262,0.9719599048708721,0.9634926685750684,-0.008467236295803704,1,1,sure_thing,0.07,0,1,636,1,0
KESTREL-003161,12.6,52.04,pro,2,134,5,2,0,0,4.0,74,0.6701803793904259,0.6558834309777419,-0.014296948412683919,1,1,lost_cause,0.9165,1,1,384,1,1
KESTREL-003162,20.8,47.58,pro,7,16,4,0,0,0,,233,0.9327395979771359,0.9057542352390133,-0.026985362738122576,1,1,sure_thing,0.617,1,1,633,1,1
KESTREL-003163,24.1,14.71,basic,2,234,3,1,2,0,3.0,82,0.33713967429117425,0.34185930341757115,0.004719629126396896,0,0,lost_cause,0.9955,1,0,734,1,1
KESTREL-003164,21.6,45.38,pro,19,1,12,0,1,0,,393,0.98328850346341,0.99,0.006711496536589978,1,1,sure_thing,0.606,1,1,658,1,1
KESTREL-003165,36.0,56.86,pro,4,43,2,1,0,0,6.0,235,0.9149221356663946,0.8935033993592223,-0.02141873630717228,1,1,lost_cause,0.779,1,1,1096,1,1
KESTREL-003166,35.2,136.99,enterprise,1,117,5,0,1,0,,156,0.8508677829771057,0.923411143152009,0.07254336017490326,1,1,persuadable,0.5058,1,1,1071,1,1
KESTREL-003167,36.0,18.98,basic,4,124,1,1,1,0,,166,0.7827494997017018,0.7427811828748372,-0.039968316826864636,1,1,lost_cause,0.953,1,1,1096,1,1
KESTREL-003168,36.0,11.91,basic,1,64,2,1,1,0,,140,0.7557389365594608,0.8631360807578574,0.10739714419839663,1,1,persuadable,0.9798,1,1,1096,1,0
KESTREL-003169,7.5,61.24,pro,18,4,9,1,0,0,,117,0.9611699968765726,0.9731076259897916,0.01193762911321905,1,1,sure_thing,0.245,0,1,228,1,0
KESTREL-003170,21.3,47.2,pro,4,22,6,2,0,1,6.0,167,0.8800051853779814,0.9807466217940336,0.10074143641605215,0,0,persuadable,0.8025,1,0,648,1,0
KESTREL-003171,13.2,28.27,basic,24,10,9,0,0,0,,290,0.9783312289352121,0.9726348318588341,-0.005696397076377924,1,1,sure_thing,0.099,0,1,402,1,0
KESTREL-003172,30.1,16.6,basic,15,0,11,0,0,0,,588,0.9827718021229276,0.9816432691272347,-0.0011285329956929324,1,1,sure_thing,0.2028,0,1,916,1,0
KESTREL-003173,36.0,20.08,basic,6,45,6,0,0,0,,281,0.9472150758918524,0.9056942579922251,-0.04152081789962725,1,1,sure_thing,0.2445,0,1,1096,1,0
KESTREL-003174,16.1,58.05,pro,11,1,6,0,0,1,,134,0.956123516167249,0.9310576357301196,-0.02506588043712943,1,1,sure_thing,0.6015,1,1,490,1,1
KESTREL-003175,31.8,21.14,basic,8,1,11,0,0,0,9.0,414,0.9707047633543946,0.9708925410272432,0.00018777767284861024,1,1,sure_thing,0.0978,0,1,968,1,0
KESTREL-003176,10.8,42.33,pro,13,5,5,1,0,0,,125,0.9101684535908936,0.9167510067824893,0.00658255319159573,1,1,lost_cause,0.7532,1,1,329,1,1
KESTREL-003177,13.3,21.61,basic,8,196,2,0,0,0,,124,0.8949868312560612,0.6013407938822605,-0.2936460373738007,1,1,sleeping_dog,0.925,1,1,405,1,1
KESTREL-003178,36.0,23.54,basic,3,28,2,0,0,0,,93,0.951012665215807,0.8820664785968095,-0.06894618661899743,0,0,sleeping_dog,0.1393,0,0,1096,1,0
KESTREL-003179,36.0,54.54,pro,11,19,4,0,0,0,,381,0.9709555999539944,0.9400845754725287,-0.030871024481465725,1,0,sure_thing,0.7115,1,0,1096,1,1
KESTREL-003180,28.3,38.02,pro,11,8,5,0,0,0,,338,0.9675056896648868,0.9514064404313693,-0.016099249233517465,1,1,sure_thing,0.2188,0,1,861,1,0
KESTREL-003181,23.2,27.29,basic,10,3,5,1,1,0,7.0,307,0.8784498808402608,0.99,0.11155011915973922,1,1,persuadable,0.2405,0,1,706,1,0
KESTREL-003182,10.0,21.85,basic,5,86,1,2,0,0,,84,0.7710125970404946,0.7319356103885267,-0.039076986651967904,1,1,lost_cause,0.4982,1,1,304,1,1
KESTREL-003183,7.7,60.31,pro,3,27,2,0,0,0,7.0,36,0.9195573138111985,0.8571572819330449,-0.06240003187815368,1,1,sleeping_dog,0.017,0,1,234,1,0
KESTREL-003184,3.5,47.27,pro,0,270,2,1,0,1,,13,0.5920620665960304,0.33444997690488526,-0.2576120896911452,0,0,sleeping_dog,0.9802,1,0,107,1,0
KESTREL-003185,15.1,19.43,basic,29,16,14,1,0,0,9.0,315,0.9819326926433577,0.98380542299363,0.0018727303502723558,1,1,sure_thing,0.4055,1,1,460,1,1
KESTREL-003186,27.9,25.81,basic,8,15,5,0,0,0,,265,0.9561910205156814,0.935422961119459,-0.020768059396222394,1,1,sure_thing,0.1198,1,1,849,1,1
KESTREL-003187,17.0,13.42,basic,11,16,7,0,0,0,,224,0.9592470565670769,0.9469992383442187,-0.012247818222858142,1,1,sure_thing,0.2755,0,1,517,1,0
KESTREL-003188,20.2,39.69,pro,9,25,10,1,0,0,,303,0.9205293920244664,0.935964844907778,0.015435452883311607,0,0,sure_thing,0.1792,0,0,615,1,0
KESTREL-003189,28.3,10.12,basic,31,6,16,0,0,0,,624,0.99,0.99,0.0,1,1,sure_thing,0.083,0,1,861,1,0
KESTREL-003190,14.6,15.17,basic,8,6,3,0,0,0,,136,0.9210930228652028,0.8925024134430142,-0.028590609422188606,1,1,sure_thing,0.4792,1,1,444,1,1
KESTREL-003191,23.7,44.88,pro,10,4,4,0,0,0,,349,0.9653534060897644,0.9468858985135183,-0.018467507576246045,1,1,sure_thing,0.2322,0,1,721,1,0
KESTREL-003192,19.5,12.18,basic,19,0,9,0,0,1,,371,0.9758061004546488,0.9641663878534473,-0.011639712601201446,1,1,sure_thing,0.2962,0,1,594,1,0
KESTREL-003193,15.4,17.19,basic,5,48,0,0,0,0,,69,0.8741411655964965,0.717752957115519,-0.15638820848097745,1,0,sleeping_dog,0.454,1,0,469,1,1
KESTREL-003194,25.7,17.15,basic,6,24,5,1,0,0,,164,0.9147117008507091,0.9153259893477901,0.0006142884970810059,1,1,lost_cause,0.8308,1,1,782,0,1
KESTREL-003195,16.4,46.41,pro,23,21,3,0,0,0,,206,0.9801815538237285,0.9334205915497996,-0.0467609622739289,1,1,sure_thing,0.201,0,1,499,1,0
KESTREL-003196,22.1,41.9,pro,3,96,5,0,0,0,,121,0.9011095805196121,0.7384077352315757,-0.16270184528803644,1,1,sleeping_dog,0.459,1,1,673,1,0
KESTREL-003197,30.3,43.87,pro,7,100,5,0,0,0,,190,0.952080839248464,0.7780534834630364,-0.1740273557854276,1,1,sleeping_dog,0.183,0,1,922,1,0
KESTREL-003198,13.1,22.18,basic,8,12,8,1,0,0,7.0,156,0.9108935485272147,0.9214824615231377,0.010588912995923017,1,1,lost_cause,0.663,1,1,399,1,0
KESTREL-003199,6.5,16.32,basic,3,35,3,0,2,0,8.0,42,0.7101073828652559,0.9064340563812139,0.196326673515958,1,1,persuadable,0.752,1,1,198,1,1
KESTREL-003200,1.4,124.43,enterprise,2,189,4,0,2,0,5.0,7,0.5948275944014665,0.6472495702065364,0.05242197580506991,0,0,persuadable,0.9658,1,0,43,1,0
KESTREL-003201,36.0,38.53,pro,19,2,11,1,0,0,8.0,575,0.9851745719879905,0.99,0.0048254280120094695,1,1,sure_thing,0.7248,1,1,1096,1,1
KESTREL-003202,36.0,17.34,basic,5,76,2,1,0,0,,204,0.9016480934553204,0.7917419550394622,-0.10990613841585817,1,0,sleeping_dog,0.6475,1,0,1096,1,1
KESTREL-003203,29.6,56.09,pro,19,12,7,1,1,0,,433,0.9527407051542772,0.99,0.03725929484572277,0,1,sure_thing,0.513,1,1,901,1,1
KESTREL-003204,27.3,41.33,pro,69,0,41,0,0,0,,1372,0.99,0.99,0.0,1,1,sure_thing,0.8092,0,1,831,1,0
KESTREL-003205,36.0,102.96,enterprise,7,3,2,0,0,0,,244,0.9713459823658078,0.9495112587467262,-0.021834723619081675,1,1,sure_thing,0.8058,1,1,1096,1,1
KESTREL-003206,13.3,17.2,basic,11,23,6,1,0,0,,155,0.9180052159201418,0.9176762199670513,-0.0003289959530905495,1,1,lost_cause,0.5775,1,1,405,1,1
KESTREL-003207,36.0,20.01,basic,16,3,4,0,0,0,,468,0.9816667432259868,0.9614165345056626,-0.020250208720324236,1,1,sure_thing,0.0512,0,1,1096,1,0
KESTREL-003208,23.9,54.29,pro,15,6,4,1,0,0,,227,0.964202744641262,0.9687646168323609,0.004561872191098937,1,1,sure_thing,0.321,0,1,728,1,0
KESTREL-003209,36.0,35.59,pro,21,0,7,0,0,0,,639,0.9846021725579072,0.9774633970783798,-0.007138775479527348,1,1,sure_thing,0.75,1,1,1096,1,1
KESTREL-003210,34.3,28.12,basic,14,17,7,0,0,0,10.0,555,0.9861107770416229,0.973499881793502,-0.012610895248120868,1,1,sure_thing,0.3167,0,1,1044,1,0
KESTREL-003211,36.0,39.93,pro,1,10,7,3,0,0,7.0,198,0.885327136735553,0.99,0.10467286326444702,1,1,persuadable,0.0745,0,1,1096,1,0
KESTREL-003212,36.0,20.43,basic,3,47,1,0,0,0,,216,0.9400478685471139,0.8090653950395464,-0.13098247350756742,1,1,sleeping_dog,0.1868,0,1,1096,1,0
KESTREL-003213,19.2,60.7,pro,9,33,5,1,0,0,9.0,204,0.9413531365221459,0.9491726616773727,0.00781952515522677,1,1,sure_thing,0.2898,0,1,584,1,0
KESTREL-003214,32.1,23.42,basic,14,5,9,0,0,0,,496,0.9834696612814414,0.9797418023564413,-0.0037278589250001604,1,1,sure_thing,0.3265,0,1,977,1,0
KESTREL-003215,19.8,92.59,enterprise,19,7,4,3,1,1,,232,0.8269979587569902,0.99,0.16300204124300977,1,1,persuadable,0.8972,1,1,603,1,1
KESTREL-003216,35.5,45.65,pro,8,1,1,0,2,0,6.0,284,0.8853212688193852,0.99,0.10467873118061477,1,1,persuadable,0.4318,1,1,1081,1,1
KESTREL-003217,36.0,14.37,basic,31,0,13,0,0,0,8.0,736,0.99,0.99,0.0,1,1,sure_thing,0.217,0,1,1096,1,0
KESTREL-003218,17.5,49.07,pro,5,18,0,1,0,0,,78,0.915958540633736,0.8982369628870022,-0.017721577746733885,1,1,lost_cause,0.8415,1,1,533,1,0
KESTREL-003219,24.7,45.5,pro,7,11,6,0,0,0,4.0,187,0.9606559005318213,0.9496872699815414,-0.010968630550279856,1,1,sure_thing,0.689,1,1,752,1,1
KESTREL-003220,36.0,14.6,basic,0,64,1,1,0,0,,128,0.8743641146314375,0.7786943414351029,-0.09566977319633463,1,1,sleeping_dog,0.7192,1,1,1096,1,1
KESTREL-003221,24.7,17.75,basic,1,165,0,1,0,1,,64,0.8199958461983552,0.5476061289103069,-0.2723897172880483,1,1,sleeping_dog,0.4482,1,1,752,1,0
KESTREL-003222,32.8,13.71,basic,1,21,2,0,0,0,,146,0.924359007063078,0.8674458385589878,-0.05691316850409023,1,1,sleeping_dog,0.7093,1,1,998,1,1
KESTREL-003223,15.0,34.35,pro,5,76,5,4,0,1,,76,0.554186672563097,0.808862393791232,0.2546757212281351,0,1,persuadable,0.9932,1,1,457,1,1
KESTREL-003224,15.1,46.46,pro,6,20,2,2,0,0,9.0,174,0.8853983835627312,0.9725349547998716,0.08713657123714047,1,1,persuadable,0.447,1,1,460,1,0
KESTREL-003225,6.7,44.34,pro,6,90,8,1,0,1,7.0,56,0.8961334037536991,0.8165854657960758,-0.07954793795762327,1,1,sleeping_dog,0.2545,0,1,204,1,0
KESTREL-003226,9.0,43.36,pro,39,2,17,1,1,0,10.0,208,0.9862867880609745,0.99,0.003713211939025518,1,1,sure_thing,0.1195,0,1,274,1,0
KESTREL-003227,20.6,11.02,basic,3,86,4,0,0,0,,145,0.9079596234908311,0.7451738743034074,-0.16278574918742372,1,1,sleeping_dog,0.8312,1,1,627,1,1
KESTREL-003228,17.4,50.61,pro,2,77,1,0,0,1,,50,0.8827287488984982,0.6335169503657075,-0.24921179853279063,1,1,sleeping_dog,0.304,0,1,530,1,0
KESTREL-003229,7.5,69.94,pro,18,0,9,1,0,0,,164,0.9706633140697977,0.9854511138373809,0.014787799767583265,1,1,sure_thing,0.0888,0,1,228,1,0
KESTREL-003230,10.2,21.58,basic,2,226,2,2,0,0,4.0,47,0.6060844753269561,0.40302383244164447,-0.20306064288531162,0,0,sleeping_dog,0.9212,1,0,310,1,0
KESTREL-003231,36.0,23.58,basic,6,17,1,0,1,0,,241,0.9063070236851696,0.9214215515440969,0.015114527858927307,1,1,lost_cause,0.0898,0,1,1096,1,0
KESTREL-003232,21.3,47.74,pro,22,0,5,0,0,0,,350,0.9834141152943319,0.9700075673372198,-0.013406547957112047,1,1,sure_thing,0.2108,0,1,648,1,0
KESTREL-003233,34.2,144.74,enterprise,6,39,7,0,0,1,,315,0.978833883370035,0.9460210944837099,-0.032812788886325106,1,1,sure_thing,0.3892,1,1,1041,1,1
KESTREL-003234,17.8,16.02,basic,3,7,1,1,0,0,,58,0.8848668751183809,0.8773777582294086,-0.007489116888972358,1,1,lost_cause,0.7288,1,1,542,1,1
KESTREL-003235,22.8,15.61,basic,4,365,1,0,0,0,,83,0.7306105321336571,0.43426409866178695,-0.2963464334718702,1,1,sleeping_dog,0.945,1,1,694,1,1
KESTREL-003236,27.3,17.21,basic,2,18,4,1,0,0,3.0,89,0.8437304573234713,0.8485257379528945,0.004795280629423249,1,1,lost_cause,0.8815,1,1,831,1,1
KESTREL-003237,36.0,111.13,enterprise,21,24,10,0,1,0,10.0,547,0.9808262677270823,0.99,0.009173732272917734,1,1,sure_thing,0.0802,0,1,1096,1,0
KESTREL-003238,20.6,18.67,basic,6,58,6,0,1,0,,156,0.8623125224272543,0.8765380708314082,0.01422554840415391,0,0,lost_cause,0.4678,1,0,627,1,0
KESTREL-003239,36.0,24.24,basic,9,5,1,1,0,0,,247,0.9432037990701866,0.9322094031651187,-0.0109943959050679,1,0,sure_thing,0.66,1,0,1096,1,1
KESTREL-003240,15.6,73.55,pro,8,21,5,0,0,1,6.0,169,0.9555595000661026,0.8964589468103678,-0.05910055325573482,1,1,sleeping_dog,0.4158,1,1,475,0,1
KESTREL-003241,36.0,23.06,basic,6,58,4,0,0,0,7.0,262,0.9327533062845331,0.8377309229263774,-0.09502238335815572,1,1,sleeping_dog,0.5895,1,1,1096,1,1
KESTREL-003242,36.0,22.38,basic,6,22,4,0,0,0,6.0,342,0.9522332789475498,0.9172253506740762,-0.035007928273473654,1,1,sure_thing,0.115,0,1,1096,1,0
KESTREL-003243,16.8,70.35,pro,6,9,2,1,0,0,,146,0.9431096170553598,0.9623101848410629,0.019200567785703115,1,1,sure_thing,0.4502,1,1,511,1,1
KESTREL-003244,21.0,52.0,pro,12,1,10,2,1,0,10.0,258,0.9251536145468078,0.99,0.06484638545319221,1,1,persuadable,0.6745,1,1,639,1,1
KESTREL-003245,36.0,12.35,basic,18,12,8,0,0,1,,582,0.99,0.9668388255435887,-0.023161174456411304,1,1,sure_thing,0.7372,1,1,1096,1,0
KESTREL-003246,6.0,55.06,pro,26,15,16,0,0,0,,138,0.986268630391384,0.9866122808261517,0.00034365043476769497,1,1,sure_thing,0.4905,1,1,183,1,0
KESTREL-003247,36.0,34.84,pro,9,44,3,0,1,1,,338,0.9429621435711428,0.9068828451440304,-0.03607929842711244,1,1,sure_thing,0.1622,0,1,1096,1,0
KESTREL-003248,19.5,116.39,enterprise,27,0,8,0,0,0,8.0,514,0.99,0.9889631674021847,-0.0010368325978152848,0,0,sure_thing,0.025,0,0,594,1,0
KESTREL-003249,7.2,48.9,pro,4,2,0,2,0,1,,29,0.7835889947164668,0.8632368609303191,0.07964786621385234,1,1,persuadable,0.7788,1,1,219,1,1
KESTREL-003250,19.9,13.35,basic,21,5,12,1,0,0,,427,0.9761908970767028,0.9797034146887581,0.003512517612055288,1,1,sure_thing,0.4268,1,1,606,1,1
KESTREL-003251,4.5,53.86,pro,10,27,9,0,1,0,5.0,33,0.9032969473104769,0.9502047616650794,0.04690781435460245,1,1,lost_cause,0.8442,1,1,137,1,1
KESTREL-003252,7.3,19.92,basic,3,113,0,0,0,0,7.0,39,0.8594802887100109,0.5911390997421556,-0.2683411889678553,1,0,sleeping_dog,0.7058,1,0,222,1,1
KESTREL-003253,36.0,39.57,pro,12,3,3,0,0,1,,424,0.9680790332915901,0.90448971958522,-0.06358931370637011,1,1,sleeping_dog,0.136,0,1,1096,1,0
KESTREL-003254,25.3,17.93,basic,9,60,7,1,0,1,6.0,182,0.9040426779101589,0.8533535277104832,-0.05068915019967568,0,0,sleeping_dog,0.638,1,0,770,1,0
KESTREL-003255,36.0,61.17,pro,7,22,1,1,0,0,6.0,181,0.9341359179051716,0.9247668179191608,-0.009369099986010765,1,1,sure_thing,0.0558,0,1,1096,1,0
KESTREL-003256,33.0,67.19,pro,6,91,2,1,0,1,7.0,158,0.9028855343458209,0.7116874370049746,-0.19119809734084625,1,0,sleeping_dog,0.2432,0,1,1005,1,0
KESTREL-003257,3.8,20.9,basic,2,17,1,1,0,0,1.0,10,0.7990249056203742,0.7856155601587371,-0.013409345461637079,1,1,lost_cause,0.879,1,1,116,1,1
KESTREL-003258,21.2,115.63,enterprise,9,55,3,0,0,0,,295,0.943870831517745,0.8485542219686067,-0.09531660954913823,1,1,sleeping_dog,0.472,1,1,645,1,1
KESTREL-003259,5.4,63.57,pro,15,9,8,0,0,0,,97,0.9536084194373072,0.9488946346778203,-0.0047137847594869164,1,1,sure_thing,0.6818,1,1,164,1,1
KESTREL-003260,1.0,14.65,basic,3,33,1,2,0,0,7.0,8,0.6606278240579425,0.7094312175223346,0.04880339346439211,0,1,lost_cause,0.8798,1,1,30,1,1
KESTREL-003261,36.0,16.68,basic,5,33,5,0,0,0,8.0,306,0.9465429997726202,0.9089431636860371,-0.03759983608658313,1,1,sure_thing,0.2765,0,1,1096,1,0
KESTREL-003262,13.0,51.24,pro,4,62,4,0,0,0,3.0,39,0.8634782812908026,0.7630852292616299,-0.1003930520291727,1,1,sleeping_dog,0.5648,1,1,396,1,0
KESTREL-003263,24.9,12.74,basic,4,57,3,0,0,0,6.0,148,0.9103868690490345,0.797209770408798,-0.1131770986402365,1,1,sleeping_dog,0.2242,0,1,758,1,0
KESTREL-003264,26.6,20.59,basic,5,4,2,1,1,1,4.0,118,0.8827367913935983,0.99,0.1072632086064017,1,1,persuadable,0.5405,1,1,810,1,0
KESTREL-003265,17.7,29.46,basic,5,16,3,0,0,0,4.0,92,0.9351165972954096,0.8976687829404,-0.037447814355009656,1,0,sure_thing,0.0098,0,1,539,1,0
KESTREL-003266,7.1,19.93,basic,6,3,3,0,1,1,,52,0.8236264834034908,0.8375772900249253,0.013950806621434553,1,1,lost_cause,0.7528,1,1,216,1,1
KESTREL-003267,28.1,19.06,basic,26,12,13,0,0,0,,539,0.99,0.99,0.0,1,1,sure_thing,0.3675,1,1,855,1,1
KESTREL-003268,13.3,21.48,basic,4,21,1,0,0,1,9.0,84,0.9017499090279777,0.7605755523804931,-0.14117435664748457,1,1,sleeping_dog,0.7355,1,1,405,1,1
KESTREL-003269,30.9,17.17,basic,3,0,2,1,2,0,4.0,103,0.7260704156342155,0.99,0.2639295843657845,0,1,persuadable,0.8262,1,1,941,1,1
KESTREL-003270,11.3,20.59,basic,11,39,5,1,1,0,,145,0.8737648545931243,0.9664489174288974,0.09268406283577313,1,1,persuadable,0.3055,0,1,344,1,0
KESTREL-003271,36.0,14.93,basic,10,22,1,0,0,0,,212,0.9698559483808853,0.8931569861572802,-0.07669896222360506,1,1,sleeping_dog,0.0595,0,1,1096,1,0
KESTREL-003272,20.8,45.02,pro,27,0,7,0,0,0,,320,0.9870122867748454,0.9795183446005105,-0.0074939421743349666,1,1,sure_thing,0.0538,0,1,633,1,0
KESTREL-003273,14.2,22.3,basic,6,24,5,1,0,1,5.0,142,0.9212970945419015,0.9005999386825093,-0.020697155859392136,1,1,sure_thing,0.5145,1,1,432,1,0
KESTREL-003274,23.5,19.78,basic,4,50,2,1,1,0,,84,0.7689741859130764,0.8830603610114409,0.1140861750983645,1,1,persuadable,0.8852,1,1,715,1,1
KESTREL-003275,16.2,64.8,pro,11,7,9,1,0,0,7.0,233,0.9399618605255041,0.963277122260999,0.02331526173549492,1,1,sure_thing,0.181,0,1,493,1,0
KESTREL-003276,36.0,16.87,basic,27,31,10,0,1,0,,754,0.982257461294318,0.986544490811932,0.0042870295176139495,1,1,sure_thing,0.018,0,1,1096,1,0
KESTREL-003277,14.1,22.84,basic,6,2,8,2,0,0,4.0,66,0.8742054162954721,0.9461440018095407,0.07193858551406862,1,1,persuadable,0.4605,1,1,429,1,1
KESTREL-003278,36.0,27.39,basic,2,25,5,0,0,0,,179,0.9421150008840127,0.9150065794708987,-0.02710842141311398,1,1,sure_thing,0.7665,1,1,1096,1,0
KESTREL-003279,8.6,18.47,basic,8,6,4,0,1,0,,79,0.8492085873394409,0.8734337538255439,0.024225166486102956,0,0,lost_cause,0.8168,1,0,262,1,1
KESTREL-003280,14.4,28.85,pro,16,17,6,1,0,0,6.0,157,0.9467823563307939,0.9467446706865119,-3.768564428197063e-05,1,1,sure_thing,0.4005,1,1,438,1,1
KESTREL-003281,36.0,43.06,pro,10,4,7,0,0,0,8.0,530,0.9806814533582993,0.9748324528702822,-0.005849000488017064,1,1,sure_thing,0.2535,0,1,1096,1,0
KESTREL-003282,14.5,21.91,basic,9,72,4,1,0,0,,122,0.868697340794551,0.8036085304635696,-0.06508881033098135,1,1,sleeping_dog,0.5555,1,1,441,1,1
KESTREL-003283,36.0,24.15,basic,4,15,5,0,0,0,6.0,354,0.9632237970496261,0.9435227103381045,-0.019701086711521598,1,1,sure_thing,0.0698,0,1,1096,1,0
KESTREL-003284,19.6,121.44,enterprise,14,36,5,0,0,0,7.0,147,0.96137164218129,0.9292785977652452,-0.03209304441604477,1,1,sure_thing,0.8495,1,1,597,1,1
KESTREL-003285,9.3,17.43,basic,3,61,1,2,0,1,,43,0.7714080866831005,0.7245904993212398,-0.0468175873618607,1,1,lost_cause,0.9728,1,1,283,1,1
KESTREL-003286,15.3,171.98,enterprise,5,7,6,1,1,1,,176,0.9200037698226008,0.99,0.0699962301773992,1,1,persuadable,0.9512,1,1,466,1,1
KESTREL-003287,20.1,55.1,pro,3,128,4,2,0,0,,88,0.7760598470559651,0.7531582036676306,-0.022901643388334447,1,1,lost_cause,0.9382,1,1,612,1,1
KESTREL-003288,5.9,50.82,pro,14,17,3,1,1,0,,68,0.817835683390208,0.9362310001591921,0.11839531676898418,1,1,persuadable,0.4262,1,1,180,1,0
KESTREL-003289,36.0,53.38,pro,6,18,5,1,0,1,5.0,362,0.9416766978375792,0.9403400124703983,-0.001336685367180901,0,0,sure_thing,0.1048,0,0,1096,1,0
KESTREL-003290,15.4,23.21,basic,14,1,9,0,1,0,,239,0.9237334760120729,0.9445476529355283,0.02081417692345544,1,1,sure_thing,0.4705,1,1,469,1,0
KESTREL-003291,27.6,22.19,basic,13,8,3,0,0,0,,409,0.9700691704918699,0.9389577608588129,-0.03111140963305703,1,1,sure_thing,0.1055,0,1,840,1,0
KESTREL-003292,23.8,21.28,basic,13,48,3,1,0,0,,311,0.9432385728737235,0.9001177798600508,-0.043120793013672665,1,1,sure_thing,0.7245,1,1,724,1,0
KESTREL-003293,22.1,17.76,basic,6,54,4,1,0,0,6.0,180,0.8454243948281346,0.8123679576147329,-0.03305643721340168,1,1,lost_cause,0.7752,1,1,673,1,0
KESTREL-003294,36.0,25.08,basic,4,184,3,3,0,0,,239,0.678857042787748,0.6386311776318272,-0.04022586515592086,1,1,lost_cause,0.905,1,1,1096,1,1
KESTREL-003295,22.8,47.3,pro,10,5,8,0,1,0,8.0,336,0.9471169651010749,0.99,0.04288303489892509,1,1,sure_thing,0.87,0,1,694,1,0
KESTREL-003296,5.5,52.04,pro,4,14,1,1,0,0,,35,0.8834233842013371,0.884659619044529,0.001236234843191908,1,1,lost_cause,0.8108,1,1,167,1,0
KESTREL-003297,36.0,13.75,basic,7,160,5,0,0,0,3.0,206,0.9317237896249262,0.659633634342553,-0.27209015528237324,1,0,sleeping_dog,0.2685,0,1,1096,1,0
KESTREL-003298,12.0,49.9,pro,14,17,4,2,0,0,,121,0.9261047501335049,0.9858481967682776,0.05974344663477271,1,1,persuadable,0.5065,1,1,365,1,1
KESTREL-003299,36.0,19.46,basic,1,160,2,3,1,0,,184,0.5233685692177285,0.684338875724408,0.16097030650667954,0,0,persuadable,0.7135,1,0,1096,1,1
KESTREL-003300,10.6,14.32,basic,10,55,4,0,0,0,,112,0.9304141520833928,0.8405082304578004,-0.08990592162559241,1,1,sleeping_dog,0.5735,1,1,323,1,0
KESTREL-003301,17.5,102.11,enterprise,16,0,7,0,0,0,9.0,247,0.9838408836573941,0.9828001659874575,-0.0010407176699366305,1,1,sure_thing,0.4508,1,1,533,1,1
KESTREL-003302,14.5,47.66,pro,3,69,0,0,1,1,5.0,43,0.8119343902304912,0.6881574409906843,-0.12377694923980687,0,0,sleeping_dog,0.9458,1,0,441,1,0
KESTREL-003303,12.4,53.52,pro,1,326,4,1,0,0,6.0,34,0.5897383312755634,0.3336242662933807,-0.2561140649821827,0,0,sleeping_dog,0.9192,1,0,377,1,0
KESTREL-003304,16.5,14.44,basic,18,2,12,1,0,0,,352,0.957998903777651,0.9629650779912691,0.004966174213618113,1,1,sure_thing,0.4355,1,1,502,1,1
KESTREL-003305,23.2,15.1,basic,1,357,0,0,1,1,1.0,63,0.47268133494905235,0.22160097292080222,-0.2510803620282501,1,0,sleeping_dog,0.999,1,0,706,0,0
KESTREL-003306,15.7,57.87,pro,22,1,9,3,0,0,7.0,262,0.9661951709221732,0.99,0.023804829077826772,1,1,sure_thing,0.058,0,1,478,1,0
KESTREL-003307,12.2,38.67,pro,12,48,5,1,0,1,,170,0.9246526394718876,0.866158287896114,-0.05849435157577354,1,1,sleeping_dog,0.4985,1,1,371,1,0
KESTREL-003308,36.0,35.03,basic,0,164,2,2,0,0,,171,0.7675549585974633,0.6285138630607294,-0.13904109553673383,1,1,sleeping_dog,0.3012,0,1,1096,1,0
KESTREL-003309,17.4,18.04,basic,1,112,6,0,0,0,8.0,128,0.9095633625357099,0.7278978156617275,-0.1816655468739824,1,0,sleeping_dog,0.7498,1,0,530,1,1
KESTREL-003310,20.9,43.78,pro,4,10,6,0,0,0,,229,0.9398749336865259,0.9305616327810007,-0.00931330090552518,1,1,sure_thing,0.208,0,1,636,1,0
KESTREL-003311,36.0,18.12,basic,3,41,1,0,0,1,,205,0.8918198711235573,0.7020233689710516,-0.18979650215250576,1,0,sleeping_dog,0.1255,0,1,1096,1,0
KESTREL-003312,36.0,15.33,basic,4,10,2,0,0,0,6.0,245,0.9445366642018137,0.9027827643801741,-0.04175389982163957,1,1,sure_thing,0.5665,1,1,1096,1,0
KESTREL-003313,20.2,60.92,pro,2,103,1,0,1,0,,78,0.8453958937043204,0.7530286047209773,-0.09236728898334312,1,1,sleeping_dog,0.5462,1,1,615,1,1
KESTREL-003314,36.0,14.56,basic,19,6,11,1,0,1,10.0,558,0.9807554033750135,0.9822230094191609,0.0014676060441473071,1,1,sure_thing,0.0122,0,1,1096,1,0
KESTREL-003315,19.5,15.93,basic,25,18,9,0,0,1,,359,0.9782402217133678,0.9566126051776801,-0.021627616535687677,1,1,sure_thing,0.2522,0,1,594,1,0
KESTREL-003316,6.8,17.15,basic,3,8,0,0,0,0,,36,0.9069679594278967,0.8416913879026521,-0.06527657152524458,1,1,sleeping_dog,0.21,0,1,207,1,0
KESTREL-003317,25.6,45.52,pro,6,27,2,2,0,0,7.0,155,0.8850984597066403,0.9673446261581626,0.08224616645152238,1,1,persuadable,0.2945,0,1,779,1,0
KESTREL-003318,29.8,20.15,basic,19,3,5,1,0,1,,529,0.9756611670622497,0.9615414962744541,-0.014119670787795635,1,1,sure_thing,0.657,1,1,907,1,1
KESTREL-003319,30.3,14.41,basic,5,63,3,0,0,0,,203,0.9248047269841769,0.7969345273647921,-0.12787019961938484,1,1,sleeping_dog,0.4295,1,1,922,1,0
KESTREL-003320,5.6,13.3,basic,8,13,4,0,0,0,,66,0.9113647712306753,0.8843560558433268,-0.027008715387348503,1,1,lost_cause,0.3475,1,1,170,1,1
KESTREL-003321,36.0,56.17,pro,1,127,0,0,0,1,6.0,133,0.9013146756561755,0.6181597154866266,-0.2831549601695489,0,0,sleeping_dog,0.7518,1,0,1096,1,1
KESTREL-003322,22.8,22.82,basic,3,22,3,2,0,1,,111,0.9074266987076846,0.9646532443542115,0.05722654564652696,1,1,persuadable,0.7642,1,1,694,1,1
KESTREL-003323,30.5,42.02,pro,3,131,3,0,1,0,6.0,199,0.8462707763013132,0.7045559081450018,-0.1417148681563114,1,1,sleeping_dog,0.4865,1,1,928,1,0
KESTREL-003324,21.2,17.9,basic,5,24,4,3,0,1,8.0,146,0.8021545857102167,0.9771743672227126,0.17501978151249586,1,1,persuadable,0.961,1,1,645,1,1
KESTREL-003325,12.8,24.32,basic,19,12,10,0,0,1,,198,0.9806695813465375,0.967964350500894,-0.012705230845643456,1,1,sure_thing,0.5085,1,1,390,1,1
KESTREL-003326,36.0,13.89,basic,17,2,9,2,0,0,,438,0.9780663795284987,0.99,0.01193362047150126,1,1,sure_thing,0.1835,0,1,1096,1,0
KESTREL-003327,10.4,37.07,pro,15,4,12,0,1,0,9.0,149,0.9477844677774244,0.9737048790381538,0.025920411260729415,1,1,sure_thing,0.7018,1,1,317,1,1
KESTREL-003328,15.6,24.41,basic,3,68,1,1,0,1,,44,0.7994958775456263,0.6204356270323823,-0.17906025051324403,0,0,sleeping_dog,0.5285,1,0,475,1,1
KESTREL-003329,36.0,16.66,basic,6,177,6,1,1,0,10.0,348,0.8259903487470227,0.7503347194057839,-0.07565562934123882,1,1,sleeping_dog,0.607,0,1,1096,1,0
KESTREL-003330,19.3,11.93,basic,11,3,8,0,0,0,7.0,221,0.9608656190421151,0.9557565479290964,-0.005109071113018726,1,1,sure_thing,0.5335,1,1,587,1,1
KESTREL-003331,2.1,43.2,pro,18,2,9,0,0,0,,40,0.9725746579100367,0.96950546492861,-0.003069192981426716,1,1,sure_thing,0.622,1,1,64,1,1
KESTREL-003332,24.5,38.3,pro,6,25,0,0,1,0,,120,0.8540020303424017,0.8640407191097105,0.010038688767308734,1,1,lost_cause,0.4472,1,1,746,1,1
KESTREL-003333,17.5,134.26,enterprise,12,1,11,0,1,0,,250,0.9627168070148299,0.99,0.027283192985170124,1,1,sure_thing,0.2402,0,1,533,1,0
KESTREL-003334,36.0,14.09,basic,11,53,0,0,1,1,,295,0.8829862043923897,0.7496562844731962,-0.13332991991919352,0,0,sleeping_dog,0.924,1,0,1096,1,1
KESTREL-003335,10.0,37.33,pro,69,0,19,0,0,1,,367,0.99,0.99,0.0,1,1,sure_thing,0.4348,1,1,304,1,0
KESTREL-003336,17.0,115.97,enterprise,3,48,0,0,1,1,,86,0.9059155149443202,0.9250749266177288,0.01915941167340862,1,1,lost_cause,0.0088,0,1,517,1,0
KESTREL-003337,8.2,45.19,pro,12,5,4,0,0,0,,91,0.9372685170769003,0.9175331677598321,-0.019735349317068218,1,1,sure_thing,0.1732,0,1,250,1,0
KESTREL-003338,28.1,34.14,basic,4,87,6,0,0,1,,152,0.9390109120661573,0.7462243115599567,-0.19278660050620056,1,1,sleeping_dog,0.3175,0,1,855,1,0
KESTREL-003339,13.4,22.65,basic,4,98,3,1,0,0,7.0,77,0.8170798520978352,0.6777137664355906,-0.13936608566224462,1,1,sleeping_dog,0.659,1,1,408,1,1
KESTREL-003340,30.9,14.14,basic,4,11,2,1,0,0,4.0,97,0.9345062563840408,0.9286968761525672,-0.005809380231473593,1,1,sure_thing,0.8612,1,1,941,1,1
KESTREL-003341,16.8,25.84,basic,11,0,11,0,0,0,,308,0.9749601885379866,0.9748329625929262,-0.0001272259450604274,1,1,sure_thing,0.5992,1,1,511,1,0
KESTREL-003342,12.4,59.77,pro,9,111,2,0,1,1,5.0,111,0.8657187445051526,0.6825539429032879,-0.18316480160186477,1,0,sleeping_dog,0.295,0,1,377,0,0
KESTREL-003343,33.9,18.7,basic,11,9,4,0,0,0,8.0,399,0.9735847800518732,0.9496246014044695,-0.02396017864740374,1,1,sure_thing,0.3192,0,1,1032,1,0
KESTREL-003344,17.4,49.6,pro,7,28,4,1,0,0,,122,0.9279978999673019,0.9318420346621152,0.0038441346948133726,1,1,sure_thing,0.867,1,1,530,1,1
KESTREL-003345,27.4,64.84,pro,11,46,13,0,0,0,10.0,495,0.9764606219607986,0.9751023498354249,-0.0013582721253737606,1,1,sure_thing,0.238,0,1,834,1,0
KESTREL-003346,36.0,70.65,pro,24,10,10,0,0,0,,875,0.99,0.99,0.0,1,1,sure_thing,0.6322,1,1,1096,1,0
KESTREL-003347,18.4,53.59,pro,38,3,11,0,0,0,,457,0.99,0.99,0.0,1,1,sure_thing,0.409,1,1,560,1,1
KESTREL-003348,21.9,63.46,pro,3,50,2,1,0,0,6.0,193,0.8743146412181908,0.8485058396340664,-0.025808801584124352,1,1,lost_cause,0.6042,1,1,667,1,1
KESTREL-003349,7.1,17.58,basic,16,1,9,0,0,0,,108,0.9586959953893209,0.9552026527239424,-0.003493342665378485,1,1,sure_thing,0.6948,1,1,216,0,1
KESTREL-003350,17.3,17.0,basic,11,47,6,0,1,0,,227,0.9063598583980298,0.9152539590751817,0.008894100677151906,1,1,lost_cause,0.0198,0,1,527,1,0
KESTREL-003351,10.9,21.01,basic,31,2,11,1,0,0,9.0,235,0.9875612347028886,0.9886568583776207,0.001095623674732149,1,1,sure_thing,0.7837,1,1,332,1,1
KESTREL-003352,18.6,20.52,basic,7,54,6,1,0,0,,145,0.8693963665800056,0.8556825082057541,-0.013713858374251542,1,1,lost_cause,0.2768,0,1,566,1,0
KESTREL-003353,24.9,20.63,basic,25,14,5,0,0,0,,416,0.983276563522787,0.9607530953969281,-0.022523468125858925,1,1,sure_thing,0.206,0,1,758,1,0
KESTREL-003354,10.6,13.6,basic,7,2,7,0,1,1,,102,0.8811747386601152,0.9050998255190075,0.023925086858892275,1,1,lost_cause,0.6118,1,1,323,1,1
KESTREL-003355,8.7,57.98,pro,6,2,5,0,0,0,8.0,83,0.9420903115986226,0.9331239592730964,-0.008966352325526117,0,0,sure_thing,0.1545,0,0,265,1,0
KESTREL-003356,7.9,54.9,pro,18,37,4,2,0,0,10.0,123,0.923948092808608,0.9658722035768975,0.0419241107682895,1,1,sure_thing,0.1442,0,1,240,1,0
KESTREL-003357,36.0,50.13,pro,9,15,8,1,1,0,,461,0.9348034496366352,0.99,0.055196550363364794,1,1,persuadable,0.926,1,1,1096,1,1
KESTREL-003358,11.4,114.73,enterprise,19,25,6,0,0,0,,114,0.9772513830547048,0.9599161407017354,-0.01733524235296946,1,1,sure_thing,0.4568,1,1,347,1,1
KESTREL-003359,16.0,53.9,pro,8,10,9,1,1,0,,241,0.900623668146004,0.99,0.08937633185399596,1,1,persuadable,0.2972,0,1,487,1,0
KESTREL-003360,21.6,21.56,basic,2,55,2,0,0,0,,107,0.9240387212864324,0.7955968072205779,-0.12844191406585448,1,1,sleeping_dog,0.006,0,1,658,1,0
KESTREL-003361,18.8,51.8,pro,16,115,7,0,0,0,,211,0.9486935319220279,0.7790459067573969,-0.16964762516463094,1,1,sleeping_dog,0.8238,1,1,572,1,1
KESTREL-003362,36.0,51.48,pro,5,0,12,0,0,1,,388,0.9773285187298091,0.9786893281341497,0.0013608094043405794,1,1,sure_thing,0.7262,1,1,1096,1,1
KESTREL-003363,36.0,149.51,enterprise,11,44,4,1,1,0,7.0,335,0.9456592161286644,0.99,0.044340783871335554,1,1,sure_thing,0.7588,1,1,1096,1,1
KESTREL-003364,5.3,88.89,enterprise,11,9,8,0,0,0,,71,0.9624945901481831,0.962522584809615,2.7994661431884893e-05,1,1,sure_thing,0.1598,0,1,161,1,0
KESTREL-003365,17.8,52.13,pro,5,7,1,0,0,0,8.0,147,0.9461014806084379,0.8995140454508069,-0.046587435157630974,1,1,sure_thing,0.5858,1,1,542,1,1
KESTREL-003366,36.0,16.08,basic,10,35,5,0,0,0,8.0,362,0.9655442405687119,0.924369654150095,-0.04117458641861693,1,1,sure_thing,0.2788,0,1,1096,1,0
KESTREL-003367,32.0,21.59,basic,7,0,2,1,0,0,,176,0.9566118435882829,0.956061263014528,-0.0005505805737548997,1,1,sure_thing,0.4375,1,1,974,1,1
KESTREL-003368,13.9,140.88,enterprise,28,1,13,0,0,0,,326,0.99,0.99,0.0,1,1,sure_thing,0.021,0,1,423,1,0
KESTREL-003369,22.9,18.45,basic,2,29,1,0,0,0,,85,0.9252520797773459,0.8365343169029216,-0.08871776287442434,1,1,sleeping_dog,0.2835,0,1,697,1,0
KESTREL-003370,29.4,16.62,basic,3,67,0,1,0,0,,79,0.8550523541441127,0.7261528633470498,-0.12889949079706298,1,1,sleeping_dog,0.8955,1,1,895,1,1
KESTREL-003371,36.0,16.07,basic,1,225,1,1,1,1,5.0,147,0.726747896664328,0.5814271600713127,-0.14532073659301536,1,0,sleeping_dog,0.9298,1,0,1096,1,1
KESTREL-003372,12.4,54.15,pro,11,4,6,0,0,0,6.0,143,0.9562395207191136,0.947765771381815,-0.008473749337298608,0,0,sure_thing,0.0772,0,0,377,1,0
KESTREL-003373,33.5,19.82,basic,2,184,2,1,2,0,,103,0.4632584076865973,0.5294140629713063,0.06615565528470901,0,0,persuadable,0.9992,1,0,1020,1,0
KESTREL-003374,36.0,38.76,pro,8,24,4,0,0,0,,294,0.9775359637823374,0.9408409590355817,-0.03669500474675569,1,1,sure_thing,0.7935,1,1,1096,1,0
KESTREL-003375,27.4,22.11,basic,9,10,6,0,0,0,,259,0.9720241412385352,0.9592122932168324,-0.012811848021702765,1,1,sure_thing,0.644,1,1,834,0,1
KESTREL-003376,31.2,18.76,basic,4,2,1,0,0,1,,164,0.9581775710812594,0.8622872070383478,-0.09589036404291162,1,0,sleeping_dog,0.1568,0,1,950,1,0
KESTREL-003377,10.0,18.65,basic,1,89,1,1,0,1,,40,0.7883855899540982,0.5705313525411416,-0.21785423741295662,1,1,sleeping_dog,0.9342,1,1,304,1,0
KESTREL-003378,31.2,18.91,basic,3,10,3,1,1,1,,204,0.8347985492825456,0.964914725187235,0.13011617590468938,1,1,persuadable,0.8932,1,1,950,1,1
KESTREL-003379,36.0,13.36,basic,57,0,18,0,0,0,,1536,0.99,0.99,0.0,1,1,sure_thing,0.17,0,1,1096,1,0
KESTREL-003380,10.3,40.85,pro,12,3,8,0,0,0,,135,0.9514700779263215,0.9475673039620532,-0.0039027739642683024,1,1,sure_thing,0.6328,1,1,314,1,0
KESTREL-003381,28.7,129.57,enterprise,17,71,4,1,0,0,10.0,368,0.9819014622368796,0.9569188904137435,-0.024982571823136124,1,0,sure_thing,0.7932,1,0,874,0,1
KESTREL-003382,21.0,39.18,pro,20,1,11,0,0,0,9.0,382,0.9861043511241743,0.9849506788560866,-0.0011536722680877132,1,1,sure_thing,0.1175,0,1,639,1,0
KESTREL-003383,12.8,59.04,pro,19,3,9,1,0,1,9.0,232,0.9740412111763248,0.9803561206512712,0.006314909474946395,1,1,sure_thing,0.215,0,1,390,1,0
KESTREL-003384,11.3,22.56,basic,14,17,2,0,0,0,,102,0.9305724735333252,0.877338789224211,-0.053233684309114127,1,1,sleeping_dog,0.3945,1,1,344,1,1
KESTREL-003385,19.3,22.88,basic,5,23,2,0,0,0,,170,0.9400841260973619,0.8792715805905186,-0.06081254550684334,0,0,sleeping_dog,0.565,0,0,587,1,0
KESTREL-003386,8.0,29.43,basic,18,1,11,0,0,0,10.0,149,0.9673684828520572,0.9661665622860948,-0.0012019205659624665,1,1,sure_thing,0.2725,0,1,244,1,0
KESTREL-003387,30.8,54.16,pro,7,5,3,1,1,0,9.0,224,0.8995467395798572,0.99,0.09045326042014279,1,1,persuadable,0.1028,0,1,938,1,0
KESTREL-003388,36.0,51.86,pro,13,28,5,0,0,1,,493,0.9798498652629848,0.9032935235959213,-0.07655634166706349,1,1,sleeping_dog,0.5122,1,1,1096,1,1
KESTREL-003389,34.6,12.25,basic,6,14,5,3,0,0,,399,0.8234926552055236,0.99,0.16650734479447638,1,1,persuadable,0.351,1,1,1053,1,1
KESTREL-003390,18.3,57.25,pro,6,81,2,0,0,0,,124,0.9160481185951754,0.7264117591369441,-0.18963635945823132,1,0,sleeping_dog,0.5105,1,0,557,1,1
KESTREL-003391,14.0,24.39,basic,4,115,1,0,0,1,,67,0.8285966425409591,0.546217507413499,-0.28237913512746016,1,1,sleeping_dog,0.5198,1,1,426,1,1
KESTREL-003392,7.1,50.19,pro,7,26,4,0,0,0,,71,0.9498188684687858,0.9121649922363527,-0.0376538762324331,0,0,sure_thing,0.259,0,0,216,1,0
KESTREL-003393,8.5,9.76,basic,20,18,8,0,0,0,6.0,144,0.9804107996408293,0.969864141745558,-0.010546657895271316,1,1,sure_thing,0.738,1,1,259,1,1
KESTREL-003394,3.2,50.6,pro,8,21,11,0,0,0,,37,0.9577506911020067,0.9576338897390139,-0.0001168013629928577,1,1,sure_thing,0.63,1,1,97,1,0
KESTREL-003395,12.7,196.44,enterprise,18,29,6,1,0,0,,169,0.9757168354452977,0.99,0.014283164554702243,1,1,sure_thing,0.4588,1,1,387,1,1
KESTREL-003396,34.7,20.79,basic,10,16,9,1,0,0,,326,0.9644841637872159,0.9732596659783095,0.008775502191093576,1,1,sure_thing,0.3698,1,1,1056,1,1
KESTREL-003397,27.7,22.86,basic,13,34,8,0,0,0,,389,0.9720698076925355,0.9551058975472431,-0.016963910145292416,1,1,sure_thing,0.384,1,1,843,1,1
KESTREL-003398,15.0,60.55,pro,31,4,19,1,0,1,,373,0.9867693632896947,0.99,0.0032306367103053235,1,1,sure_thing,0.1268,0,1,457,1,0
KESTREL-003399,6.6,14.65,basic,7,12,7,0,0,0,,84,0.9361617938198418,0.9264362802933389,-0.00972551352650286,1,1,sure_thing,0.4902,1,1,201,1,1
KESTREL-003400,4.6,14.33,basic,15,42,11,2,0,0,,63,0.8657619849955905,0.8987068471368426,0.03294486214125203,1,1,lost_cause,0.5668,1,1,140,1,1
KESTREL-003401,19.7,16.49,basic,1,116,4,0,0,0,,105,0.8559024419980993,0.6290041041292705,-0.22689833786882874,1,0,sleeping_dog,0.3592,1,0,600,0,0
KESTREL-003402,21.4,17.65,basic,7,31,8,1,1,0,6.0,166,0.8741408485437369,0.99,0.11585915145626313,1,1,persuadable,0.544,1,1,651,1,0
KESTREL-003403,22.0,43.96,pro,17,10,8,1,0,0,,253,0.9493849154068024,0.9565611910621012,0.0071762756552988805,1,1,sure_thing,0.677,1,1,670,1,0
KESTREL-003404,16.2,50.7,pro,18,0,8,0,0,0,,253,0.9758374233518935,0.9718076351284016,-0.00402978822349187,1,1,sure_thing,0.6982,1,1,493,1,1
KESTREL-003405,31.5,18.05,basic,2,12,3,1,0,0,,220,0.9402217728910552,0.9437896012172445,0.003567828326189293,1,1,sure_thing,0.7235,1,1,959,1,0
KESTREL-003406,8.8,51.15,pro,8,85,5,0,0,0,6.0,96,0.9254400535985784,0.7888556257757485,-0.13658442782282987,1,1,sleeping_dog,0.0588,0,1,268,0,0
KESTREL-003407,30.2,22.45,basic,2,23,1,0,0,0,6.0,123,0.9193965881666727,0.8433861381797236,-0.07601044998694906,1,1,sleeping_dog,0.4585,1,1,919,1,1
KESTREL-003408,36.0,75.06,pro,17,3,5,0,0,0,,358,0.9846584238077701,0.9722450978795245,-0.012413325928245622,1,1,sure_thing,0.0242,0,1,1096,0,0
KESTREL-003409,26.3,116.65,enterprise,16,21,8,0,0,0,,376,0.9754157884302203,0.9726820117565116,-0.0027337766737086655,1,1,sure_thing,0.2762,0,1,801,1,0
KESTREL-003410,36.0,92.81,enterprise,1,72,1,1,0,0,3.0,92,0.8785626868697339,0.8203129276056772,-0.05824975926405673,1,1,sleeping_dog,0.3478,1,1,1096,1,1
KESTREL-003411,7.2,16.19,basic,6,68,7,1,0,0,,59,0.9043847936004282,0.8857181689658504,-0.0186666246345778,1,1,lost_cause,0.9358,1,1,219,1,1
KESTREL-003412,22.1,60.09,pro,16,19,4,0,1,0,,277,0.9427796522780091,0.9683382283277746,0.025558576049765525,1,1,sure_thing,0.32,1,1,673,1,1
KESTREL-003413,13.8,90.89,enterprise,5,53,5,1,0,0,5.0,123,0.9460387752159178,0.9703728028113208,0.02433402759540293,1,1,sure_thing,0.4582,1,1,420,1,1
KESTREL-003414,30.8,15.03,basic,4,3,9,1,0,0,10.0,253,0.9458793474477355,0.9612181158138126,0.01533876836607706,1,1,sure_thing,0.8125,1,1,938,1,0
KESTREL-003415,28.1,42.28,pro,6,13,5,1,1,0,,215,0.8252216941676858,0.9824360659393075,0.15721437177162179,1,1,persuadable,0.964,1,1,855,1,1
KESTREL-003416,20.5,20.63,basic,12,32,8,0,0,1,8.0,245,0.9678332876059154,0.9259153479691385,-0.04191793963677681,1,0,sure_thing,0.8785,1,0,624,1,1
KESTREL-003417,26.7,103.24,enterprise,29,9,4,0,0,1,,577,0.9841752599160554,0.9250320979836562,-0.05914316193239921,1,1,sleeping_dog,0.8588,1,1,813,1,1
KESTREL-003418,10.7,38.95,pro,9,11,7,0,1,0,9.0,74,0.9019212042384227,0.9403387889059955,0.038417584667572835,1,1,lost_cause,0.081,0,1,326,1,0
KESTREL-003419,15.4,19.86,basic,18,5,6,2,0,0,9.0,294,0.9285217788331963,0.9569409468990848,0.02841916806588851,1,1,sure_thing,0.7005,1,1,469,1,1
KESTREL-003420,4.9,16.22,basic,13,22,7,0,1,0,,97,0.9249990601076414,0.9407930656266923,0.015794005519050858,0,0,sure_thing,0.9088,1,0,149,1,0
KESTREL-003421,8.2,15.36,basic,2,53,5,2,0,0,4.0,53,0.7841184823543708,0.8494537219337511,0.06533523957938037,1,1,persuadable,0.7562,1,1,250,1,1
KESTREL-003422,21.0,47.53,pro,18,13,10,1,0,0,,304,0.9730059090268425,0.9816480979006561,0.008642188873813628,0,0,sure_thing,0.9035,1,0,639,1,1
KESTREL-003423,36.0,24.06,basic,10,56,6,0,0,0,,378,0.9643564874677968,0.9062446715217086,-0.05811181594608816,1,1,sleeping_dog,0.8958,1,1,1096,1,1
KESTREL-003424,20.0,135.13,enterprise,8,9,8,2,1,1,,223,0.8859690919402917,0.99,0.10403090805970827,1,1,persuadable,0.2458,0,1,609,1,0
KESTREL-003425,9.3,19.85,basic,6,13,5,2,0,1,,56,0.856871542621738,0.9138204604936713,0.056948917871933236,1,1,persuadable,0.9568,1,1,283,1,0
KESTREL-003426,6.4,67.5,pro,29,2,12,0,0,1,,163,0.9897288179820621,0.985363715400962,-0.004365102581100122,1,1,sure_thing,0.1215,0,1,195,1,0
KESTREL-003427,36.0,26.15,basic,7,4,4,1,0,0,,352,0.955604104262009,0.9623046068796052,0.006700502617596138,0,0,sure_thing,0.438,1,0,1096,0,1
KESTREL-003428,7.3,16.98,basic,1,45,6,0,0,0,,52,0.8830091974756712,0.8428440885071182,-0.040165108968552965,1,1,lost_cause,0.463,1,1,222,1,1
KESTREL-003429,6.9,17.07,basic,8,62,2,1,0,0,8.0,44,0.8457092726372255,0.7646655795044008,-0.08104369313282467,1,1,sleeping_dog,0.6742,1,1,210,1,0
KESTREL-003430,11.9,17.72,basic,0,84,1,1,0,1,,47,0.759355045558313,0.5511337050334768,-0.2082213405248362,1,1,sleeping_dog,0.596,1,1,362,1,0
KESTREL-003431,20.9,18.46,basic,4,33,6,2,0,0,,156,0.8089641729790047,0.8793646068133575,0.0704004338343528,1,1,persuadable,0.5455,1,1,636,1,1
KESTREL-003432,22.3,37.05,pro,4,11,2,2,0,0,,216,0.8761715974978818,0.9654025476463012,0.08923095014841942,1,1,persuadable,0.1782,0,1,679,0,0
KESTREL-003433,18.7,65.22,pro,3,80,2,0,1,1,,80,0.8771028146266465,0.7893956104139818,-0.08770720421266476,1,1,sleeping_dog,0.8952,1,1,569,1,0
KESTREL-003434,15.5,18.59,basic,8,4,3,1,0,0,,131,0.8749121600014876,0.8747295225523863,-0.0001826374491012972,1,1,lost_cause,0.53,1,1,472,1,0
KESTREL-003435,27.6,50.46,pro,5,26,2,0,0,0,9.0,176,0.9625672241108237,0.8992564801018688,-0.06331074400895498,1,1,sleeping_dog,0.8012,1,1,840,1,0
KESTREL-003436,36.0,24.52,basic,8,39,4,0,2,0,,344,0.836294212361863,0.99,0.15370578763813703,1,1,persuadable,0.902,1,1,1096,1,1
KESTREL-003437,6.1,20.0,basic,16,9,9,0,0,0,9.0,79,0.957678914436233,0.9527758335373415,-0.004903080898891465,1,1,sure_thing,0.389,1,1,186,1,1
KESTREL-003438,25.0,25.46,basic,16,3,5,0,0,1,8.0,315,0.9787470705262923,0.9394129037674542,-0.03933416675883805,1,1,sure_thing,0.185,0,1,761,1,0
KESTREL-003439,13.4,49.97,pro,18,7,7,1,1,0,,193,0.9360803602393084,0.99,0.053919639760691584,1,1,persuadable,0.2005,0,1,408,1,0
KESTREL-003440,19.7,64.9,pro,10,35,4,0,0,0,,168,0.9706083055733956,0.9208893784184989,-0.049718927154896675,1,1,sure_thing,0.1615,1,1,600,0,1
KESTREL-003441,14.6,14.65,basic,8,63,5,0,1,0,,105,0.8375727827571944,0.8330155060417311,-0.004557276715463243,1,1,lost_cause,0.954,1,1,444,1,1
KESTREL-003442,17.4,23.0,basic,3,86,4,0,0,0,5.0,121,0.915934652997777,0.7540906903090241,-0.1618439626887529,1,1,sleeping_dog,0.8532,1,1,530,1,0
KESTREL-003443,15.0,46.91,pro,22,31,10,0,0,0,9.0,307,0.9879077425866414,0.9796519885177586,-0.008255754068882792,1,1,sure_thing,0.5955,1,1,457,1,1
KESTREL-003444,22.9,130.6,enterprise,7,1,3,2,1,0,9.0,199,0.8009561098873685,0.99,0.18904389011263145,1,1,persuadable,0.9132,1,1,697,1,1
KESTREL-003445,2.5,25.09,basic,7,23,6,0,0,0,,29,0.9432380359793503,0.9233008337851156,-0.01993720219423467,1,1,sure_thing,0.4092,1,1,76,1,1
KESTREL-003446,28.3,41.09,pro,9,38,7,0,0,0,8.0,393,0.9611580731022421,0.936955200855164,-0.024202872247078067,1,1,sure_thing,0.292,0,1,861,1,0
KESTREL-003447,20.7,18.94,basic,1,90,2,0,0,0,,77,0.8973561576426734,0.6864132571523133,-0.21094290049036013,1,0,sleeping_dog,0.3885,1,0,630,1,1
KESTREL-003448,29.0,26.72,basic,7,25,3,1,1,1,,169,0.8790697295476634,0.9881907701640669,0.10912104061640349,1,1,persuadable,0.103,0,1,883,1,0
KESTREL-003449,36.0,14.95,basic,3,7,2,0,1,0,,191,0.9121063165130914,0.9408560468055732,0.028749730292481845,1,1,lost_cause,0.8948,1,1,1096,1,0
KESTREL-003450,20.4,137.26,enterprise,11,7,4,0,0,0,,229,0.97924622597118,0.9758601700641371,-0.003386055907042995,1,1,sure_thing,0.7238,1,1,621,1,1
KESTREL-003451,12.2,58.12,pro,40,5,13,0,0,0,,305,0.99,0.99,0.0,1,1,sure_thing,0.0302,0,1,371,1,0
KESTREL-003452,7.8,21.2,basic,11,4,8,0,0,0,,96,0.946000127110693,0.9410423077547833,-0.004957819355909776,1,1,sure_thing,0.232,0,1,237,1,0
KESTREL-003453,28.6,39.45,pro,1,86,4,0,0,0,9.0,133,0.9233248358033758,0.764240992477366,-0.15908384332600978,1,1,sleeping_dog,0.3362,0,1,871,1,0
KESTREL-003454,15.4,14.81,basic,12,5,8,0,0,1,,207,0.974217040618703,0.9565015936826792,-0.017715446936023782,1,1,sure_thing,0.6935,1,1,469,0,0
KESTREL-003455,10.6,50.0,pro,1,13,4,0,0,0,5.0,34,0.9053033086310424,0.8847021680310694,-0.020601140599972978,0,0,lost_cause,0.6452,1,0,323,1,1
KESTREL-003456,10.6,13.69,basic,3,21,3,2,1,0,,58,0.5844008771260222,0.82456435639854,0.2401634792725178,0,1,persuadable,0.9328,1,1,323,1,1
KESTREL-003457,1.4,18.8,basic,11,41,8,0,0,1,,14,0.9416334827142326,0.8873047552806222,-0.05432872743361039,1,1,sleeping_dog,0.7782,1,1,43,1,0
KESTREL-003458,14.9,47.43,pro,22,21,5,0,0,0,,214,0.9784011679741543,0.9512088478654994,-0.02719232010865491,1,1,sure_thing,0.079,0,1,454,1,0
KESTREL-003459,10.5,16.39,basic,13,47,10,1,0,0,8.0,134,0.9434137086857742,0.9448137018744485,0.0013999931886742312,1,1,sure_thing,0.066,0,1,320,1,0
KESTREL-003460,14.2,21.65,basic,6,97,1,1,0,0,,104,0.7811916166149726,0.5988558202597526,-0.18233579635522001,0,0,sleeping_dog,0.8848,1,0,432,1,1
KESTREL-003461,13.4,47.42,pro,10,36,0,0,1,0,6.0,150,0.9021735873414526,0.8916365090464419,-0.010537078295010716,1,1,lost_cause,0.5568,1,1,408,1,1
KESTREL-003462,15.5,13.92,basic,5,3,4,1,0,0,7.0,110,0.9283780221921704,0.9341634590157402,0.005785436823569801,1,1,sure_thing,0.137,0,1,472,1,0
KESTREL-003463,29.5,14.31,basic,5,5,4,0,0,0,7.0,182,0.9558444962678446,0.9359654417803099,-0.019879054487534686,1,1,sure_thing,0.1748,0,1,898,1,0
KESTREL-003464,24.5,19.86,basic,7,0,1,2,0,0,6.0,112,0.8887521677289668,0.9443543309173328,0.05560216318836597,1,1,persuadable,0.2388,0,1,746,1,0
KESTREL-003465,12.4,154.03,enterprise,10,20,9,0,1,1,,159,0.9668494766822797,0.99,0.023150523317720273,1,1,sure_thing,0.2998,0,1,377,1,0
KESTREL-003466,34.0,54.78,pro,8,7,4,0,1,0,9.0,430,0.9444890693400281,0.99,0.045510930659971915,1,1,sure_thing,0.1228,0,1,1035,1,0
KESTREL-003467,36.0,22.77,basic,10,49,4,0,0,0,,411,0.9660578253597386,0.8888000647964821,-0.0772577605632565,1,1,sleeping_dog,0.0942,0,1,1096,1,0
KESTREL-003468,36.0,22.43,basic,2,206,1,1,1,0,,194,0.6592314515515206,0.5274038259013423,-0.13182762565017836,0,0,sleeping_dog,0.858,1,0,1096,1,0
KESTREL-003469,25.0,15.51,basic,9,15,4,0,1,0,,273,0.9089871134224925,0.9269243622414615,0.017937248818968965,0,0,lost_cause,0.3388,0,0,761,1,0
KESTREL-003470,13.3,46.75,pro,39,1,16,0,0,0,,449,0.99,0.99,0.0,1,1,sure_thing,0.4155,1,1,405,1,1
KESTREL-003471,3.0,50.07,pro,1,31,2,1,2,0,,15,0.4755829971559729,0.7597776464592777,0.2841946493033048,1,1,persuadable,0.9738,1,1,91,1,1
KESTREL-003472,20.8,52.31,pro,9,39,4,0,0,0,6.0,260,0.9484892750447018,0.8915892418472321,-0.056900033197469724,1,1,sleeping_dog,0.6617,1,1,633,1,1
KESTREL-003473,31.0,58.35,pro,6,135,2,0,0,0,,261,0.9084426868263902,0.6395312117070162,-0.26891147511937397,1,1,sleeping_dog,0.511,1,1,944,1,0
KESTREL-003474,19.2,40.7,pro,8,11,4,0,0,0,3.0,174,0.9522059829242601,0.9287046106019747,-0.02350137232228533,1,1,sure_thing,0.456,1,1,584,1,1
KESTREL-003475,18.9,39.07,pro,19,10,6,0,0,0,,293,0.9726529611215603,0.9588038995211469,-0.013849061600413437,1,1,sure_thing,0.168,0,1,575,1,0
KESTREL-003476,13.8,52.8,pro,10,7,6,1,0,0,8.0,150,0.9450432046320267,0.961026789983924,0.015983585351897256,1,1,sure_thing,0.124,0,1,420,1,0
KESTREL-003477,36.0,19.19,basic,4,72,2,1,0,0,,280,0.8991609461425591,0.8009024837443417,-0.09825846239821745,1,1,sleeping_dog,0.907,1,1,1096,1,1
KESTREL-003478,36.0,37.6,pro,11,5,4,1,0,0,5.0,400,0.9694697754481882,0.97430119636462,0.004831420916431739,1,1,sure_thing,0.5102,1,1,1096,1,1
KESTREL-003479,23.0,23.17,basic,21,44,11,0,0,0,,437,0.9784743529430678,0.968299698405881,-0.0101746545371868,1,1,sure_thing,0.3972,1,1,700,1,1
KESTREL-003480,29.7,55.14,pro,16,22,8,0,0,0,,508,0.9845150928668794,0.9745227310234582,-0.009992361843421227,1,1,sure_thing,0.8615,1,1,904,1,0
KESTREL-003481,17.2,15.13,basic,6,51,1,1,0,0,7.0,104,0.8766420400657797,0.8018838705154943,-0.07475816955028547,1,1,sleeping_dog,0.8565,1,1,524,1,1
KESTREL-003482,5.2,17.39,basic,13,20,3,0,0,0,,51,0.9474192686684926,0.9023751108816014,-0.04504415778689119,1,1,sure_thing,0.732,1,1,158,0,0
KESTREL-003483,32.9,156.76,enterprise,25,6,10,0,0,0,,543,0.99,0.99,0.0,1,1,sure_thing,0.4102,1,1,1001,1,0
KESTREL-003484,36.0,17.74,basic,11,17,4,0,0,1,,274,0.9640725273607775,0.8902467153374143,-0.07382581202336325,1,1,sleeping_dog,0.3105,0,1,1096,1,0
KESTREL-003485,30.5,22.3,basic,3,0,5,1,1,1,10.0,187,0.8806010821660506,0.99,0.1093989178339494,1,1,persuadable,0.0415,0,1,928,1,0
KESTREL-003486,36.0,23.87,basic,6,15,2,0,0,0,,281,0.9685423524630334,0.9200133470600782,-0.04852900540295524,1,1,sure_thing,0.8712,1,1,1096,1,1
KESTREL-003487,16.4,16.77,basic,8,63,6,3,0,0,8.0,175,0.7903046428232243,0.9491378581196757,0.15883321529645134,1,1,persuadable,0.2822,0,1,499,1,0
KESTREL-003488,17.6,24.51,basic,9,40,11,1,0,0,5.0,213,0.925888059498142,0.9357736480928733,0.00988558859473132,1,1,sure_thing,0.271,0,1,536,1,0
KESTREL-003489,3.3,43.64,pro,12,2,6,1,1,1,10.0,34,0.8872157184681799,0.99,0.10278428153182007,1,1,persuadable,0.7887,1,1,100,1,0
KESTREL-003490,27.8,21.49,basic,9,65,4,0,0,0,,183,0.9520926115440211,0.84020659469562,-0.11188601684840116,1,1,sleeping_dog,0.2415,0,1,846,1,0
KESTREL-003491,8.8,23.82,basic,3,0,6,1,1,1,,36,0.7915560501679368,0.9386893550100235,0.14713330484208664,0,1,persuadable,0.976,1,1,268,1,1
KESTREL-003492,6.3,44.56,pro,3,16,5,0,0,0,,46,0.9045606293865658,0.8867059845683011,-0.01785464481826471,1,1,lost_cause,0.3888,1,1,192,1,1
KESTREL-003493,36.0,35.45,pro,5,48,7,0,1,0,8.0,411,0.9334013090054317,0.9730986939806489,0.03969738497521713,1,1,sure_thing,0.0325,0,1,1096,1,0
KESTREL-003494,30.3,22.79,basic,17,27,7,2,0,1,,409,0.9734410331573655,0.99,0.01655896684263447,1,1,sure_thing,0.4825,1,1,922,1,1
KESTREL-003495,27.7,38.18,pro,6,25,4,0,0,0,,155,0.9547716607910098,0.9175442294757331,-0.03722743131527673,1,1,sure_thing,0.0005,0,1,843,1,0
KESTREL-003496,34.2,12.93,basic,3,48,4,0,1,0,,165,0.9124542635483457,0.925069226200949,0.012614962652603312,1,1,lost_cause,0.5913,1,1,1041,1,0
KESTREL-003497,10.0,125.16,enterprise,8,21,8,1,0,0,9.0,142,0.9646370210760473,0.99,0.025362978923952673,1,1,sure_thing,0.101,0,1,304,1,0
KESTREL-003498,4.7,20.78,basic,54,5,22,0,0,0,9.0,147,0.99,0.99,0.0,1,1,sure_thing,0.7385,1,1,143,1,1
KESTREL-003499,32.0,48.37,pro,8,55,3,1,1,0,7.0,203,0.8609730540091143,0.99,0.1290269459908857,1,1,persuadable,0.6635,1,1,974,1,1
KESTREL-003500,32.7,57.94,pro,0,61,2,0,2,0,,116,0.6579978643721583,0.8918804880815547,0.2338826237093964,0,0,persuadable,0.877,1,0,995,1,0
KESTREL-003501,36.0,52.32,pro,7,84,8,1,0,1,,279,0.944692629077018,0.8802738283039698,-0.06441880077304818,1,1,sleeping_dog,0.2222,0,1,1096,1,0
KESTREL-003502,16.4,33.23,pro,8,39,4,1,1,0,10.0,135,0.8629519652408936,0.9878628873835329,0.12491092214263932,0,1,persuadable,0.8942,1,1,499,1,1
KESTREL-003503,26.8,16.04,basic,13,4,8,0,0,1,8.0,326,0.9682061373954485,0.9509899119447662,-0.017216225450682243,1,1,sure_thing,0.909,1,1,816,1,0
KESTREL-003504,8.4,21.68,basic,4,60,4,0,0,0,6.0,41,0.942426241769259,0.8434471762131502,-0.0989790655561088,1,1,sleeping_dog,0.775,1,1,256,1,1
KESTREL-003505,16.5,19.49,basic,8,68,6,0,1,0,,144,0.8667819637576161,0.8685681618673446,0.0017861981097285762,1,1,lost_cause,0.7285,1,1,502,1,1
KESTREL-003506,22.1,146.47,enterprise,11,9,6,0,0,0,7.0,284,0.9792641452320755,0.9892549558512724,0.009990810619196933,1,1,sure_thing,0.3285,0,1,673,1,0
KESTREL-003507,27.4,55.69,pro,19,2,11,0,0,0,,504,0.983159278773615,0.9827088340805338,-0.00045044469308119783,1,1,sure_thing,0.7792,1,1,834,1,1
KESTREL-003508,28.2,31.18,pro,6,25,5,0,0,1,,364,0.9639651163199541,0.8937480187081134,-0.0702170976118407,1,1,sleeping_dog,0.424,1,1,858,1,1
KESTREL-003509,16.1,19.55,basic,12,9,4,1,1,1,,98,0.9031480711521336,0.9866556267437632,0.08350755559162959,1,1,persuadable,0.4898,1,1,490,1,1
KESTREL-003510,36.0,17.3,basic,6,9,5,2,1,0,,326,0.863682857006429,0.99,0.126317142993571,1,1,persuadable,0.88,1,1,1096,1,1
KESTREL-003511,13.6,16.45,basic,5,22,4,1,1,0,,112,0.8441931055846287,0.9669615105132136,0.12276840492858487,1,1,persuadable,0.9545,1,1,414,1,1
KESTREL-003512,6.1,17.07,basic,13,35,7,0,0,0,10.0,59,0.9616459394270386,0.9377139697393959,-0.023931969687642662,1,1,sure_thing,0.8102,1,1,186,1,0
KESTREL-003513,6.7,17.7,basic,8,7,7,1,2,0,,69,0.6871409993696224,0.9518311698523143,0.26469017048269194,1,1,persuadable,0.4132,1,1,204,1,1
KESTREL-003514,4.8,16.04,basic,2,30,0,1,0,0,,22,0.7984216152404224,0.7527472309266626,-0.04567438431375981,0,0,lost_cause,0.3668,1,0,146,1,1
KESTREL-003515,36.0,19.41,basic,9,34,5,0,0,0,,274,0.9788818714073891,0.9392862561886294,-0.03959561521875976,1,1,sure_thing,0.5088,0,1,1096,1,0
KESTREL-003516,24.5,16.22,basic,1,326,1,2,0,0,,92,0.5786749121042024,0.36831408004759636,-0.21036083205660605,0,0,sleeping_dog,0.9848,1,0,746,1,0
KESTREL-003517,14.0,26.65,basic,5,169,4,0,0,1,,65,0.8313070795024917,0.5409434286291472,-0.2903636508733445,0,0,sleeping_dog,0.7955,1,0,426,1,0
KESTREL-003518,22.0,43.98,pro,6,1,6,1,0,0,,185,0.9312958677860036,0.9517695254121294,0.020473657626125852,1,1,sure_thing,0.7148,1,1,670,1,1
KESTREL-003519,23.8,57.52,pro,4,31,6,1,0,1,,96,0.9278662325188748,0.9296728976902447,0.0018066651713699589,1,1,sure_thing,0.095,0,1,724,1,0
KESTREL-003520,36.0,26.64,basic,9,27,12,0,0,0,9.0,518,0.9729867686394907,0.9711567411477635,-0.0018300274917272263,1,1,sure_thing,0.6868,1,1,1096,1,1
KESTREL-003521,28.7,42.44,pro,8,43,8,0,0,0,8.0,293,0.9665715811999922,0.9459226506522617,-0.020648930547730537,1,1,sure_thing,0.5518,1,1,874,1,0
KESTREL-003522,12.3,16.99,basic,4,67,1,2,0,0,,68,0.7774172613053468,0.7782494217333535,0.0008321604280067119,0,0,lost_cause,0.7438,1,0,374,1,1
KESTREL-003523,36.0,47.07,pro,13,49,4,0,1,0,6.0,337,0.9506596379126383,0.9578795602062263,0.0072199222935880325,1,1,sure_thing,0.3645,1,1,1096,1,1
KESTREL-003524,5.5,60.96,pro,22,12,9,0,0,0,10.0,104,0.9807001260729835,0.9757110383545594,-0.004989087718424101,1,1,sure_thing,0.0648,0,1,167,1,0
KESTREL-003525,24.8,21.61,basic,4,35,4,0,0,1,,131,0.9285952953774435,0.818068769661818,-0.11052652571562549,1,1,sleeping_dog,0.5805,1,1,755,1,1
KESTREL-003526,10.3,21.93,basic,1,193,0,2,1,0,7.0,32,0.358276180872124,0.3453708782245379,-0.012905302647586103,0,0,lost_cause,0.9855,1,0,314,1,0
KESTREL-003527,27.0,21.99,basic,20,9,3,1,0,0,8.0,436,0.9721410121287414,0.9613915812737405,-0.010749430855000908,1,1,sure_thing,0.1505,0,1,822,1,0
KESTREL-003528,5.4,27.82,basic,3,6,3,1,0,0,9.0,33,0.9022016374281491,0.9112766762576638,0.00907503882951477,1,1,lost_cause,0.2645,0,1,164,1,0
KESTREL-003529,36.0,37.7,pro,9,3,3,1,0,1,8.0,470,0.9653342144554814,0.9492047172141063,-0.016129497241375135,1,1,sure_thing,0.2782,0,1,1096,1,0
KESTREL-003530,30.0,39.8,pro,2,5,2,1,1,0,1.0,114,0.857149034576857,0.99,0.132850965423143,1,1,persuadable,0.49,1,1,913,1,0
KESTREL-003531,22.6,22.34,basic,3,365,2,1,0,0,,72,0.5811042312613747,0.30303903526625564,-0.27806519599511903,0,0,sleeping_dog,0.979,1,0,688,1,0
KESTREL-003532,20.2,115.07,enterprise,7,23,4,0,0,0,,201,0.9738191337845626,0.9532318188641423,-0.02058731492042032,1,1,sure_thing,0.9468,1,1,615,1,1
KESTREL-003533,11.0,38.58,pro,19,4,6,0,0,0,8.0,179,0.9741153544387402,0.9629547833342994,-0.011160571104440797,1,1,sure_thing,0.0092,0,1,335,1,0
KESTREL-003534,32.0,51.4,pro,3,44,3,0,0,0,,151,0.969935960729994,0.890210380403072,-0.07972558032692201,1,1,sleeping_dog,0.104,0,1,974,1,0
KESTREL-003535,5.8,24.53,basic,1,65,1,0,0,0,,16,0.8477445673178812,0.6733659850161657,-0.17437858230171543,1,1,sleeping_dog,0.2335,0,1,177,1,0
KESTREL-003536,13.8,16.02,basic,14,39,5,1,0,1,,179,0.9435106037571657,0.8937545067098689,-0.04975609704729678,1,1,sure_thing,0.0935,0,1,420,1,0
KESTREL-003537,36.0,18.99,basic,2,101,4,0,0,0,7.0,210,0.9114700969195954,0.7142759846496587,-0.19719411226993666,1,1,sleeping_dog,0.7835,1,1,1096,1,1
KESTREL-003538,14.8,18.71,basic,13,4,12,1,0,1,8.0,182,0.9611287283263473,0.9678449732606961,0.006716244934348747,1,1,sure_thing,0.3575,1,1,451,1,0
KESTREL-003539,10.8,22.69,basic,14,0,13,1,0,0,9.0,219,0.9435264510542125,0.9523649252998204,0.008838474245607908,1,1,sure_thing,0.6798,1,1,329,1,1
KESTREL-003540,17.9,53.23,pro,1,135,2,1,0,0,,54,0.7804069541666917,0.5718606484070018,-0.2085463057596899,1,0,sleeping_dog,0.7292,1,0,545,1,0
KESTREL-003541,13.5,50.68,pro,7,37,5,2,0,1,,120,0.8543924939635091,0.9285485342131331,0.07415604024962397,1,1,persuadable,0.8498,1,1,411,1,1
KESTREL-003542,6.8,53.62,pro,2,30,3,0,1,1,5.0,33,0.8192196460357327,0.8500762266585623,0.030856580622829588,1,1,lost_cause,0.1035,0,1,207,1,0
KESTREL-003543,36.0,45.57,pro,15,3,8,0,0,0,,481,0.9824153715595154,0.9780820418612236,-0.00433332969829181,1,1,sure_thing,0.1427,0,1,1096,1,0
KESTREL-003544,34.7,45.76,pro,21,0,16,0,0,0,,718,0.99,0.99,0.0,1,1,sure_thing,0.2255,0,1,1056,1,0
KESTREL-003545,28.8,42.0,pro,13,17,7,0,0,0,,539,0.984453082364013,0.9727198785061948,-0.011733203857818175,1,0,sure_thing,0.2338,0,1,877,1,0
KESTREL-003546,36.0,15.2,basic,10,0,4,0,1,1,,400,0.9570160647910902,0.966612184090058,0.009596119298967754,1,1,sure_thing,0.4305,1,1,1096,1,1
KESTREL-003547,16.3,24.13,basic,69,0,20,0,0,0,,675,0.99,0.99,0.0,1,1,sure_thing,0.341,1,1,496,0,1
KESTREL-003548,16.5,20.16,basic,17,5,4,2,0,0,7.0,162,0.9185579984671319,0.9472064811632087,0.028648482696076782,1,1,lost_cause,0.7315,1,1,502,1,1
KESTREL-003549,17.7,148.85,enterprise,2,80,2,0,0,0,3.0,72,0.9138583697302733,0.7689466951566176,-0.14491167457365572,1,1,sleeping_dog,0.6632,1,1,539,1,1
KESTREL-003550,2.9,18.12,basic,5,87,4,0,0,0,,18,0.828093224453958,0.6627660905746914,-0.16532713387926667,1,1,sleeping_dog,0.8265,1,1,88,1,1
KESTREL-003551,24.2,17.41,basic,13,6,7,1,1,0,,362,0.894937252448632,0.9795876824952344,0.08465043004660244,0,0,persuadable,0.3432,1,0,737,0,1
KESTREL-003552,23.1,15.94,basic,11,3,7,0,1,0,,355,0.9241876262108066,0.9457443682282541,0.021556742017447506,1,1,sure_thing,0.7845,1,1,703,1,1
KESTREL-003553,6.4,44.9,pro,3,42,5,0,0,1,,26,0.8762735679870861,0.7729065009907083,-0.10336706699637777,1,1,sleeping_dog,0.6445,1,1,195,1,0
KESTREL-003554,36.0,25.73,basic,10,15,5,1,0,1,,337,0.9550328013373772,0.9395243410413713,-0.015508460296005944,1,1,sure_thing,0.5512,1,1,1096,1,0
KESTREL-003555,21.3,78.58,pro,6,33,5,1,0,0,4.0,108,0.9262927094986563,0.9532108422932162,0.0269181327945599,1,1,sure_thing,0.009,0,1,648,1,0
KESTREL-003556,2.8,13.92,basic,3,26,4,1,0,0,,19,0.8056176200004423,0.8029536934224055,-0.0026639265780368238,1,1,lost_cause,0.2718,0,1,85,1,0
KESTREL-003557,8.1,13.51,basic,22,13,6,0,0,0,8.0,110,0.9807199679293493,0.9644146738342537,-0.016305294095095624,1,1,sure_thing,0.4205,1,1,247,1,1
KESTREL-003558,36.0,29.53,pro,5,30,4,0,0,0,,279,0.9520250723094217,0.9079977554559747,-0.04402731685344696,1,1,sure_thing,0.0455,0,1,1096,1,0
KESTREL-003559,30.7,158.68,enterprise,9,8,5,0,0,0,,240,0.9833100885803502,0.99,0.006689911419649808,1,1,sure_thing,0.1118,0,1,935,1,0
KESTREL-003560,27.1,35.07,pro,29,8,11,0,0,0,6.0,374,0.99,0.99,0.0,1,1,sure_thing,0.6165,1,1,825,1,1
KESTREL-003561,5.4,15.01,basic,24,5,12,1,0,0,10.0,114,0.9780235880942882,0.9806824644613786,0.0026588763670903903,1,1,sure_thing,0.2902,1,1,164,1,1
KESTREL-003562,14.0,12.05,basic,4,365,2,1,0,1,7.0,40,0.6089743225117044,0.3258075639031494,-0.28316675860855495,0,0,sleeping_dog,0.955,1,0,426,1,0
KESTREL-003563,7.7,179.68,enterprise,3,14,2,0,1,0,,31,0.9105398825960132,0.99,0.07946011740398684,0,1,persuadable,0.2785,0,0,234,1,0
KESTREL-003564,3.8,182.94,enterprise,4,75,1,2,0,0,5.0,23,0.7838606489870892,0.9621010279066623,0.17824037891957312,1,1,persuadable,0.8382,1,1,116,1,1
KESTREL-003565,20.5,43.05,pro,22,8,3,1,1,0,,329,0.9299916430414799,0.99,0.06000835695852014,0,1,persuadable,0.3705,1,1,624,1,1
KESTREL-003566,11.6,20.78,basic,7,26,6,0,0,0,,109,0.9401315562188828,0.9176675392595735,-0.02246401695930933,1,1,sure_thing,0.2382,0,1,353,1,0
KESTREL-003567,20.5,17.74,basic,19,11,7,0,1,0,9.0,276,0.9470168912900329,0.9570936321008298,0.010076740810796903,0,1,sure_thing,0.2468,0,0,624,1,0
KESTREL-003568,36.0,18.5,basic,17,18,5,0,1,0,10.0,705,0.9662029266534468,0.974139131815604,0.007936205162157206,1,1,sure_thing,0.039,0,1,1096,1,0
KESTREL-003569,8.5,20.96,basic,19,6,10,0,0,0,10.0,194,0.9798432759647746,0.976703769394965,-0.003139506569809658,1,1,sure_thing,0.2905,0,1,259,1,0
KESTREL-003570,27.1,18.52,basic,9,100,5,0,1,0,,306,0.9038173584615663,0.8413201778772659,-0.06249718058430043,1,1,sleeping_dog,0.7995,1,1,825,1,1
KESTREL-003571,9.6,14.5,basic,0,90,2,0,0,0,,45,0.8258628954320922,0.6148873697253908,-0.21097552570670142,1,1,sleeping_dog,0.8305,1,1,292,1,0
KESTREL-003572,29.2,27.86,pro,0,80,2,2,0,0,,123,0.7970739252830705,0.8238416881670825,0.026767762884011947,1,1,lost_cause,0.4685,1,1,889,1,1
KESTREL-003573,7.9,128.25,enterprise,18,31,8,0,0,0,,132,0.9664651852016474,0.9596893572556261,-0.006775827946021273,1,1,sure_thing,0.3952,1,1,240,1,1
KESTREL-003574,36.0,176.23,enterprise,9,6,3,2,0,0,,281,0.9636338742540574,0.99,0.026366125745942548,1,1,sure_thing,0.8665,1,1,1096,1,1
KESTREL-003575,10.3,58.26,pro,16,4,10,0,0,0,8.0,179,0.968847448865842,0.9679755932065446,-0.0008718556592973714,1,1,sure_thing,0.4218,1,1,314,1,1
KESTREL-003576,32.0,28.77,basic,3,195,3,0,1,0,8.0,119,0.8144554244870468,0.5829489499183425,-0.23150647456870432,0,0,sleeping_dog,0.8832,1,0,974,1,0
KESTREL-003577,5.4,70.92,pro,3,113,2,1,1,0,,24,0.7013688749457498,0.788134336943302,0.0867654619975522,1,1,persuadable,0.9428,1,1,164,1,1
KESTREL-003578,19.8,53.07,pro,1,365,2,1,0,0,4.0,41,0.5264735598209542,0.2698810564046606,-0.25659250341629364,1,1,sleeping_dog,0.9925,1,1,603,1,0
KESTREL-003579,11.4,32.08,pro,10,25,2,0,0,0,,117,0.946552409454759,0.8815313008974397,-0.06502110855731935,1,1,sleeping_dog,0.4292,1,1,347,1,1
KESTREL-003580,7.5,42.77,pro,2,0,1,0,0,0,,41,0.8948746010933005,0.8581676183707059,-0.03670698272259465,1,1,lost_cause,0.6532,1,1,228,1,1
KESTREL-003581,19.8,28.62,basic,6,8,2,2,0,1,,109,0.8783285010679712,0.9322538365880009,0.05392533552002965,1,1,persuadable,0.8545,1,1,603,1,1
KESTREL-003582,5.0,17.96,basic,27,2,11,0,0,0,,110,0.9785683119037324,0.9763182517463643,-0.002250060157368061,1,1,sure_thing,0.4352,1,1,152,1,1
KESTREL-003583,36.0,17.05,basic,9,14,10,0,0,1,10.0,541,0.9754859801937562,0.9630752202554497,-0.012410759938306537,1,1,sure_thing,0.8258,1,1,1096,1,1
KESTREL-003584,36.0,46.77,pro,22,19,14,0,0,0,,676,0.99,0.99,0.0,1,1,sure_thing,0.3485,1,1,1096,1,1
KESTREL-003585,27.6,16.05,basic,4,65,4,1,1,0,6.0,137,0.8138584117949373,0.924504708094286,0.11064629629934863,1,1,persuadable,0.6758,1,1,840,0,1
KESTREL-003586,36.0,41.67,pro,10,2,13,0,0,0,,580,0.9859694253884208,0.9881287629347861,0.0021593375463653253,1,1,sure_thing,0.1658,0,1,1096,1,0
KESTREL-003587,17.9,14.44,basic,5,5,3,0,0,0,,122,0.9461312573353317,0.9191226210408543,-0.02700863629447736,1,1,sure_thing,0.4248,1,1,545,1,1
KESTREL-003588,3.5,37.64,pro,18,6,12,1,0,0,,66,0.9610299221787005,0.9691773832353554,0.00814746105665487,1,1,sure_thing,0.2498,0,1,107,1,0
KESTREL-003589,36.0,16.73,basic,0,87,1,0,0,0,5.0,95,0.8617403080520868,0.6397086923547928,-0.22203161569729402,1,0,sleeping_dog,0.4198,1,0,1096,1,1
KESTREL-003590,13.8,63.04,pro,10,1,5,0,0,0,9.0,137,0.9595290755810887,0.9496840013280514,-0.009845074253037267,0,0,sure_thing,0.0168,0,0,420,1,0
KESTREL-003591,36.0,112.02,enterprise,10,1,1,0,0,0,7.0,351,0.9694711354951379,0.9386710045112222,-0.030800130983915652,1,1,sure_thing,0.2148,0,1,1096,1,0
KESTREL-003592,6.4,80.03,pro,12,0,10,1,0,0,10.0,94,0.9747440149949823,0.99,0.01525598500501768,1,1,sure_thing,0.0432,0,1,195,1,0
KESTREL-003593,17.0,160.16,enterprise,5,17,6,0,0,0,,167,0.9734687481451807,0.99,0.016531251854819295,1,1,sure_thing,0.3025,0,1,517,1,0
KESTREL-003594,12.4,15.63,basic,8,89,3,1,0,0,8.0,55,0.8823668917479941,0.7582652642004981,-0.12410162754749599,1,1,sleeping_dog,0.6512,1,1,377,1,0
KESTREL-003595,28.5,13.42,basic,1,285,3,2,0,1,3.0,62,0.5771600289314442,0.36364426841436376,-0.2135157605170805,0,0,sleeping_dog,0.9942,1,0,868,1,0
KESTREL-003596,4.8,44.57,pro,18,5,5,2,0,0,5.0,59,0.9142935755971023,0.9581552887294239,0.04386171313232157,1,1,lost_cause,0.4845,1,1,146,1,0
KESTREL-003597,36.0,18.31,basic,32,3,9,0,0,0,,714,0.99,0.9865105306547818,-0.00348946934521821,1,1,sure_thing,0.0815,0,1,1096,1,0
KESTREL-003598,36.0,22.54,basic,5,34,3,1,0,1,,265,0.9114426102376957,0.8498458297065954,-0.06159678053110029,1,1,sleeping_dog,0.758,1,1,1096,1,0
KESTREL-003599,21.5,18.91,basic,22,20,9,0,0,0,,361,0.9871550497180551,0.978889797883857,-0.008265251834198128,1,1,sure_thing,0.1298,0,1,654,1,0
KESTREL-003600,5.4,43.63,pro,29,3,14,0,0,1,10.0,124,0.99,0.9896636913670576,-0.0003363086329424281,1,1,sure_thing,0.497,1,1,164,1,1
KESTREL-003601,19.5,57.33,pro,6,1,3,0,1,0,,237,0.9100877388378935,0.9704587295879757,0.06037099075008223,1,1,persuadable,0.7055,1,1,594,1,1
KESTREL-003602,36.0,15.46,basic,6,21,3,1,0,0,,281,0.9342092966422686,0.9254641891175832,-0.00874510752468538,1,1,sure_thing,0.6268,1,1,1096,1,0
KESTREL-003603,31.4,55.75,pro,5,104,2,0,0,0,4.0,200,0.9267314134037815,0.6929445447284854,-0.23378686867529608,1,0,sleeping_dog,0.6698,1,0,956,1,1
KESTREL-003604,12.6,69.36,pro,6,11,5,0,1,0,8.0,126,0.882061012102682,0.9576477996685798,0.07558678756589787,1,1,persuadable,0.6795,1,1,384,1,0
KESTREL-003605,18.0,15.45,basic,13,12,8,1,0,0,6.0,216,0.920526533336875,0.9251056186892036,0.004579085352328649,1,1,sure_thing,0.0628,0,1,548,1,0
KESTREL-003606,36.0,48.17,pro,8,25,2,2,1,1,,330,0.8779152833664463,0.99,0.11208471663355368,1,1,persuadable,0.526,1,1,1096,1,1
KESTREL-003607,18.0,51.16,pro,5,42,0,2,1,0,,113,0.6214899367790647,0.8704126821777614,0.24892274539869663,1,1,persuadable,0.8728,1,1,548,1,1
KESTREL-003608,18.4,20.5,basic,11,44,5,1,0,1,7.0,164,0.9210497993666937,0.866220538145174,-0.054829261221519765,1,1,sleeping_dog,0.8892,1,1,560,1,1
KESTREL-003609,8.7,51.99,pro,9,99,5,0,1,0,,72,0.8499384279681219,0.8122506278112731,-0.037687800156848805,1,1,lost_cause,0.8802,1,1,265,1,0
KESTREL-003610,31.4,51.73,pro,0,115,0,2,0,0,2.0,48,0.7846708710103532,0.7218625079668357,-0.06280836304351745,1,1,sleeping_dog,0.6577,1,1,956,1,1
KESTREL-003611,36.0,17.02,basic,1,27,0,1,0,0,3.0,115,0.8944134503612354,0.8558177507551482,-0.03859569960608722,1,1,lost_cause,0.0768,0,1,1096,1,0
KESTREL-003612,25.8,43.78,pro,16,32,6,0,0,0,8.0,278,0.9744753776873777,0.9461657946327685,-0.028309583054609178,1,1,sure_thing,0.235,0,1,785,1,0
KESTREL-003613,36.0,49.56,pro,28,5,12,0,1,1,10.0,669,0.99,0.99,0.0,1,1,sure_thing,0.0475,0,1,1096,1,0
KESTREL-003614,14.2,21.65,basic,10,5,6,0,0,0,10.0,201,0.9514601303552778,0.940700355928653,-0.01075977442662479,1,1,sure_thing,0.2792,0,1,432,1,0
KESTREL-003615,20.0,63.46,pro,13,40,4,1,0,1,7.0,253,0.9525722050444806,0.8994747687639647,-0.053097436280515886,1,1,sleeping_dog,0.4872,1,1,609,1,1
KESTREL-003616,14.5,16.52,basic,22,19,7,2,0,0,9.0,272,0.9633691619200326,0.9819488254768036,0.018579663556770987,1,1,sure_thing,0.485,1,1,441,1,0
KESTREL-003617,9.6,16.22,basic,27,0,11,0,0,0,8.0,215,0.9850379019071996,0.9829501715765908,-0.002087730330608828,1,1,sure_thing,0.6005,1,1,292,1,1
KESTREL-003618,33.0,25.18,basic,6,21,10,0,1,0,,381,0.9300639900150938,0.969013767214052,0.0389497771989582,0,1,sure_thing,0.3985,1,1,1005,1,1
KESTREL-003619,35.5,53.78,pro,5,17,4,1,1,0,,252,0.8872930968119358,0.99,0.10270690318806419,1,1,persuadable,0.8478,1,1,1081,1,1
KESTREL-003620,4.7,19.5,basic,14,7,6,0,0,0,7.0,47,0.9570482872795937,0.9446440984976077,-0.012404188781986014,1,1,sure_thing,0.1407,0,1,143,1,0
KESTREL-003621,19.3,50.89,pro,32,6,12,0,0,0,,402,0.99,0.99,0.0,1,1,sure_thing,0.2698,0,1,587,1,0
KESTREL-003622,36.0,15.74,basic,9,6,6,0,0,0,,314,0.9630378528184671,0.9517595738823642,-0.011278278936102892,1,1,sure_thing,0.225,0,1,1096,1,0
KESTREL-003623,8.1,44.63,pro,14,0,4,1,0,0,,78,0.9296979555529428,0.9346909495950678,0.004992994042125054,1,1,sure_thing,0.8635,1,1,247,1,1
KESTREL-003624,36.0,16.3,basic,1,93,2,0,1,0,,158,0.7782960235180041,0.6903802734677387,-0.08791575005026542,0,0,sleeping_dog,0.7945,1,0,1096,1,1
KESTREL-003625,36.0,48.77,pro,9,21,3,0,0,0,,539,0.966930887947422,0.9233681427786067,-0.04356274516881531,1,1,sure_thing,0.4728,1,1,1096,0,1
KESTREL-003626,16.2,48.09,pro,7,18,3,0,0,0,7.0,59,0.9622195892518051,0.9232947052173346,-0.038924884034470475,1,1,sure_thing,0.1548,0,1,493,1,0
KESTREL-003627,15.9,20.12,basic,10,4,4,0,0,0,,115,0.957174476496259,0.9371839518358832,-0.019990524660375764,1,1,sure_thing,0.4125,1,1,484,1,1
KESTREL-003628,31.9,52.33,pro,59,6,16,0,0,0,10.0,1099,0.99,0.99,0.0,1,1,sure_thing,0.9255,1,1,971,1,0
KESTREL-003629,36.0,15.9,basic,15,18,6,1,0,0,10.0,422,0.9767028395598096,0.9749403639313807,-0.0017624756284289056,1,1,sure_thing,0.0615,0,1,1096,0,0
KESTREL-003630,22.7,46.23,pro,12,19,12,0,0,1,10.0,397,0.9650681818763437,0.9586120108979896,-0.006456170978354048,0,0,sure_thing,0.0248,0,0,691,1,0
KESTREL-003631,7.7,20.6,basic,31,3,15,0,0,0,,160,0.99,0.99,0.0,1,1,sure_thing,0.7422,1,1,234,1,1
KESTREL-003632,36.0,21.61,basic,4,19,2,0,1,0,,127,0.9150117243700326,0.9392891851418168,0.024277460771784165,0,0,lost_cause,0.0618,0,0,1096,1,0
KESTREL-003633,21.6,39.05,pro,3,44,4,3,0,0,,99,0.7630157213595111,0.9782266369720944,0.21521091561258332,1,1,persuadable,0.9155,1,1,658,1,1
KESTREL-003634,4.4,78.01,pro,8,31,7,0,0,0,6.0,43,0.9415738454177548,0.927613853247366,-0.01395999217038879,1,1,sure_thing,0.2372,0,1,134,1,0
KESTREL-003635,36.0,127.95,enterprise,1,83,0,0,0,0,,147,0.9513081060114649,0.7528834092996654,-0.19842469671179952,1,1,sleeping_dog,0.3982,1,1,1096,0,0
KESTREL-003636,33.0,39.64,pro,17,2,11,0,1,1,,659,0.9676932143459124,0.9894136227403684,0.021720408394455992,1,1,sure_thing,0.8372,1,1,1005,1,0
KESTREL-003637,36.0,15.17,basic,36,6,16,1,1,1,,957,0.99,0.99,0.0,1,1,sure_thing,0.7435,1,1,1096,1,1
KESTREL-003638,17.1,13.37,basic,1,3,1,2,0,0,,67,0.8182943422991955,0.8928867307187413,0.07459238841954574,0,0,persuadable,0.6657,1,0,521,1,1
KESTREL-003639,29.5,25.36,basic,5,25,9,2,0,0,,276,0.9246757513202951,0.99,0.06532424867970488,1,1,persuadable,0.4098,1,1,898,1,1
KESTREL-003640,21.7,19.68,basic,6,33,8,0,0,1,,196,0.9248794339135366,0.882932957751255,-0.04194647616228153,1,1,sure_thing,0.1648,0,1,661,1,0
KESTREL-003641,35.8,108.53,enterprise,8,49,3,1,0,0,,291,0.9553181984009583,0.9674081740843374,0.012089975683379106,1,1,sure_thing,0.6735,1,1,1090,1,1
KESTREL-003642,36.0,47.48,pro,24,6,10,0,0,1,,609,0.99,0.9814352882375839,-0.008564711762416133,1,1,sure_thing,0.1635,0,1,1096,1,0
KESTREL-003643,23.6,21.38,basic,6,24,2,0,0,0,,94,0.9510305910283643,0.8881121803431652,-0.0629184106851991,1,1,sleeping_dog,0.109,0,1,718,1,0
KESTREL-003644,35.6,23.56,basic,0,143,5,0,0,0,,120,0.9020844396587753,0.6495647845078489,-0.25251965515092634,1,1,sleeping_dog,0.5965,1,1,1084,1,1
KESTREL-003645,36.0,14.24,basic,3,275,1,0,0,1,,156,0.8556378616784576,0.5595470923239179,-0.2960907693545397,0,0,sleeping_dog,0.227,0,0,1096,1,0
KESTREL-003646,4.9,19.63,basic,5,19,2,2,0,1,6.0,32,0.819318399545995,0.857638161306481,0.038319761760486015,0,0,lost_cause,0.8375,1,0,149,1,1
KESTREL-003647,5.9,169.63,enterprise,5,13,4,0,0,0,,63,0.9578247750636933,0.984944304894553,0.027119529830859634,1,1,sure_thing,0.863,1,1,180,1,1
KESTREL-003648,5.1,17.84,basic,15,53,6,0,1,0,9.0,45,0.8888580243558338,0.8882993865046498,-0.0005586378511840406,1,1,lost_cause,0.6972,1,1,155,1,0
KESTREL-003649,5.3,32.19,pro,17,53,8,0,0,0,,101,0.9527566143751034,0.9206208192443895,-0.03213579513071385,1,1,sure_thing,0.4612,1,1,161,1,0
KESTREL-003650,9.4,23.28,basic,2,57,3,0,0,0,,48,0.8952955513326935,0.7836239576751588,-0.11167159365753465,1,1,sleeping_dog,0.4672,1,1,286,1,1
KESTREL-003651,36.0,53.12,pro,33,1,14,1,0,0,10.0,761,0.99,0.99,0.0,1,1,sure_thing,0.9495,1,1,1096,1,1
KESTREL-003652,36.0,27.79,pro,6,54,2,1,0,0,10.0,276,0.9373793900654981,0.8784342142591643,-0.05894517580633374,0,0,sleeping_dog,0.2168,0,0,1096,1,0
KESTREL-003653,5.1,50.44,pro,5,7,2,0,0,1,,28,0.9337440058064953,0.8489109203377508,-0.08483308546874446,1,1,sleeping_dog,0.3008,0,1,155,1,0
KESTREL-003654,15.8,28.07,basic,16,5,6,1,1,1,9.0,275,0.9043859348842139,0.9834583717791425,0.0790724368949286,1,1,persuadable,0.7988,1,1,481,1,0
KESTREL-003655,15.6,24.54,basic,34,2,18,0,0,1,,522,0.99,0.99,0.0,1,1,sure_thing,0.0592,0,1,475,1,0
KESTREL-003656,15.1,20.79,basic,6,35,6,1,0,0,6.0,104,0.92561310469883,0.9262591292441127,0.0006460245452827307,1,1,sure_thing,0.705,1,1,460,1,1
KESTREL-003657,16.5,42.69,pro,11,39,6,0,1,1,,192,0.9210412191153151,0.9286249049877754,0.007583685872460277,1,1,sure_thing,0.8702,1,1,502,1,1
KESTREL-003658,7.2,50.15,pro,1,71,1,1,0,0,,21,0.8567962140430494,0.7615283644244245,-0.09526784961862489,1,1,sleeping_dog,0.9232,1,1,219,1,1
KESTREL-003659,5.7,19.14,basic,4,9,4,0,0,0,,34,0.9114019668737542,0.8891270806283246,-0.022274886245429615,1,1,lost_cause,0.5262,1,1,174,1,1
KESTREL-003660,36.0,18.36,basic,14,9,9,1,1,1,,444,0.940154209124358,0.99,0.049845790875642004,1,1,sure_thing,0.2818,0,1,1096,1,0
KESTREL-003661,8.8,23.87,basic,12,7,1,0,0,0,,108,0.9586753787022667,0.9075409695096355,-0.051134409192631236,1,1,sleeping_dog,0.8082,1,1,268,1,0
KESTREL-003662,14.7,66.7,pro,11,54,3,1,0,0,,136,0.9352709133314371,0.8998129916015041,-0.035457921729933006,1,1,sure_thing,0.8765,1,1,447,1,1
KESTREL-003663,11.3,182.62,enterprise,1,197,4,0,0,0,7.0,31,0.8847649652944963,0.6784857093970276,-0.20627925589746876,1,0,sleeping_dog,0.1972,0,1,344,1,0
KESTREL-003664,16.9,61.32,pro,2,3,4,2,0,0,3.0,119,0.870632060338729,0.99,0.11936793966127102,1,1,persuadable,0.8482,1,1,514,1,1
KESTREL-003665,30.1,56.15,pro,9,24,4,0,1,0,,220,0.9258862089140809,0.9682885076740357,0.042402298759954826,1,1,sure_thing,0.211,0,1,916,0,0
KESTREL-003666,14.9,50.05,pro,23,12,5,0,1,0,9.0,259,0.9574548962115155,0.9691243602735574,0.011669464062041945,1,1,sure_thing,0.296,0,1,454,1,0
KESTREL-003667,23.6,50.47,pro,8,22,5,0,1,0,10.0,212,0.9422904445529127,0.9872648509666795,0.04497440641376682,1,1,sure_thing,0.4015,1,1,718,1,1
KESTREL-003668,6.8,15.8,basic,8,82,5,0,0,0,,56,0.9206801280004512,0.7889321672067713,-0.1317479607936799,1,1,sleeping_dog,0.8842,1,1,207,1,0
KESTREL-003669,11.3,40.27,pro,16,1,4,0,0,0,,139,0.9626825223923389,0.9444800459840009,-0.018202476408337942,1,1,sure_thing,0.5392,1,1,344,1,1
KESTREL-003670,24.7,20.7,basic,14,40,5,0,0,0,9.0,370,0.9661782898973256,0.9179681514333331,-0.04821013846399247,1,0,sure_thing,0.6442,1,0,752,1,1
KESTREL-003671,19.6,68.12,pro,10,21,4,1,0,0,,237,0.9378029825606944,0.9492270384619139,0.011424055901219532,1,1,sure_thing,0.3142,0,1,597,1,0
KESTREL-003672,8.0,18.53,basic,14,24,2,0,0,0,,106,0.9338511357582383,0.8691945751186936,-0.06465656063954472,1,1,sleeping_dog,0.4405,1,1,244,1,1
KESTREL-003673,26.4,41.84,pro,4,24,3,0,0,0,3.0,230,0.9256511462910976,0.8792917788765251,-0.04635936741457247,1,1,sure_thing,0.3878,1,1,804,1,0
KESTREL-003674,24.2,59.45,pro,5,30,4,1,0,0,8.0,173,0.9052314792953216,0.9175683184093257,0.012336839114004183,1,1,lost_cause,0.0315,0,1,737,1,0
KESTREL-003675,24.0,20.78,basic,5,21,5,3,0,0,,200,0.8373938245802581,0.99,0.15260617541974186,1,1,persuadable,0.7295,1,1,731,1,1
KESTREL-003676,15.1,14.53,basic,6,15,8,0,0,0,8.0,145,0.9379115786230259,0.9305550513744087,-0.0073565272486171285,1,1,sure_thing,0.6285,1,1,460,1,1
KESTREL-003677,14.0,16.69,basic,2,31,1,1,0,0,,32,0.8455690767894151,0.8127240841990645,-0.032844992590350564,1,1,lost_cause,0.5332,1,1,426,1,1
KESTREL-003678,9.5,16.89,basic,13,44,2,2,0,1,5.0,68,0.8464421447102569,0.8170356234023615,-0.02940652130789545,1,1,lost_cause,0.6362,1,1,289,1,1
KESTREL-003679,26.6,16.65,basic,8,50,8,1,0,1,,411,0.9036627018187859,0.8795752299504723,-0.024087471868313615,1,1,lost_cause,0.5708,1,1,810,1,1
KESTREL-003680,16.5,17.0,basic,2,72,0,0,1,0,,78,0.7889798169650267,0.7065495354250653,-0.08243028153996146,0,0,sleeping_dog,0.1975,0,0,502,1,0
KESTREL-003681,36.0,121.62,enterprise,0,0,3,1,1,1,9.0,250,0.8958974304078184,0.99,0.09410256959218155,1,1,persuadable,0.3745,1,1,1096,1,1
KESTREL-003682,16.8,45.71,pro,3,88,4,0,1,0,4.0,70,0.8325655839283826,0.8166865767776428,-0.015879007150739866,1,1,lost_cause,0.9295,1,1,511,1,0
KESTREL-003683,36.0,41.67,pro,15,3,5,1,0,1,10.0,478,0.9766687125310914,0.9690304285966805,-0.0076382839344109055,1,1,sure_thing,0.1042,0,1,1096,1,0
KESTREL-003684,36.0,15.82,basic,4,89,2,0,0,0,5.0,160,0.9283865791607001,0.7182064142130163,-0.21018016494768377,0,0,sleeping_dog,0.9612,1,0,1096,1,1
KESTREL-003685,17.0,26.31,basic,9,27,2,3,0,0,,178,0.8294715495523843,0.99,0.16052845044761566,1,1,persuadable,0.186,0,1,517,1,0
KESTREL-003686,36.0,18.56,basic,10,20,1,0,0,1,8.0,487,0.9660454632071053,0.8256788240954549,-0.14036663911165037,1,1,sleeping_dog,0.1338,0,1,1096,1,0
KESTREL-003687,36.0,16.18,basic,17,32,3,1,1,0,,451,0.9361297894111001,0.99,0.05387021058889985,1,1,persuadable,0.8165,1,1,1096,1,0
KESTREL-003688,36.0,12.19,basic,6,13,9,0,0,0,,382,0.9621937007046748,0.9577797861518981,-0.004413914552776732,1,1,sure_thing,0.2735,0,1,1096,1,0
KESTREL-003689,21.4,19.17,basic,2,22,1,0,1,0,,159,0.8875613077940289,0.9074635670472244,0.019902259253195553,1,1,lost_cause,0.888,1,1,651,1,1
KESTREL-003690,20.3,36.91,pro,1,111,3,2,0,0,,68,0.7298148579130893,0.7129928323413641,-0.016822025571725185,1,1,lost_cause,0.9715,1,1,618,0,1
KESTREL-003691,7.4,45.9,pro,3,364,3,1,1,1,5.0,24,0.32447021322487,0.20788749238505846,-0.11658272083981155,0,0,sleeping_dog,0.9878,1,0,225,1,0
KESTREL-003692,16.1,21.6,basic,13,10,6,0,0,0,,211,0.9546175241171434,0.9410271521220009,-0.013590371995142458,1,1,sure_thing,0.0625,0,1,490,1,0
KESTREL-003693,36.0,18.63,basic,19,20,8,0,0,0,,506,0.9847674339998318,0.9737247904930983,-0.011042643506733452,1,1,sure_thing,0.0275,0,1,1096,1,0
KESTREL-003694,22.1,28.34,basic,16,6,7,1,0,0,,298,0.9465623493100304,0.9508157217866097,0.004253372476579309,1,1,sure_thing,0.139,0,1,673,1,0
KESTREL-003695,32.5,15.03,basic,11,41,4,0,1,1,,353,0.9388486059164279,0.9075372218027717,-0.03131138411365619,1,1,sure_thing,0.6208,1,1,989,1,1
KESTREL-003696,36.0,13.93,basic,7,41,1,0,0,1,,251,0.9468833441489666,0.7557241940287514,-0.19115915012021523,1,0,sleeping_dog,0.1038,0,1,1096,1,0
KESTREL-003697,36.0,134.13,enterprise,20,10,7,1,0,0,,542,0.981953739149964,0.99,0.008046260850036013,1,1,sure_thing,0.3988,1,1,1096,1,1
KESTREL-003698,31.7,37.09,pro,11,37,4,0,0,1,6.0,266,0.9604021089278684,0.8441939114292663,-0.11620819749860212,1,0,sleeping_dog,0.8202,1,0,965,1,1
KESTREL-003699,10.2,65.07,pro,19,2,8,1,1,0,8.0,183,0.9350052495501859,0.99,0.054994750449814056,1,1,persuadable,0.9235,1,1,310,1,0
KESTREL-003700,21.8,19.11,basic,17,5,13,0,0,0,,303,0.9804253239050621,0.9800513460571597,-0.00037397784790238475,1,1,sure_thing,0.3103,0,1,664,1,0
KESTREL-003701,12.5,19.77,basic,6,21,6,1,1,1,6.0,122,0.7527877205623336,0.8717976245548518,0.1190099039925182,1,1,persuadable,0.9498,1,1,380,1,1
KESTREL-003702,24.8,101.72,enterprise,25,18,9,2,0,0,,581,0.9862126810294383,0.99,0.003787318970561726,1,1,sure_thing,0.76,1,1,755,1,1
KESTREL-003703,23.5,22.58,basic,5,23,5,0,0,0,,205,0.9631553902069541,0.9364197669161646,-0.02673562329078949,1,1,sure_thing,0.85,1,1,715,1,1
KESTREL-003704,24.5,15.37,basic,5,13,3,1,0,0,7.0,149,0.8970111308906386,0.8947511786358112,-0.0022599522548273354,1,1,lost_cause,0.6135,1,1,746,1,1
KESTREL-003705,36.0,20.49,basic,12,10,9,1,0,0,,409,0.9693448252240694,0.9769393677943097,0.007594542570240281,1,1,sure_thing,0.3545,1,1,1096,1,1
KESTREL-003706,36.0,19.49,basic,7,59,7,0,0,0,8.0,390,0.9565587816815917,0.9077727795806143,-0.04878600210097739,1,1,sure_thing,0.117,0,1,1096,1,0
KESTREL-003707,6.3,20.14,basic,10,89,9,0,0,0,,72,0.9336943232516289,0.8642516145961119,-0.06944270865551705,1,1,sleeping_dog,0.5868,1,1,192,1,0
KESTREL-003708,18.8,46.47,pro,8,21,5,1,0,0,9.0,175,0.9408944503625414,0.9504168266598855,0.009522376297344093,1,1,sure_thing,0.1222,0,1,572,1,0
KESTREL-003709,14.6,14.61,basic,5,3,9,0,0,0,6.0,126,0.9587765757194233,0.9567945822637939,-0.0019819934556294383,1,1,sure_thing,0.5092,1,1,444,1,1
KESTREL-003710,28.2,15.66,basic,12,6,10,0,0,0,,329,0.9822525208304849,0.9798196350935604,-0.0024328857369244616,1,1,sure_thing,0.9072,1,1,858,1,0
KESTREL-003711,3.8,48.98,pro,14,14,9,0,0,0,10.0,36,0.9300402574787465,0.9256207442084345,-0.004419513270311981,1,1,sure_thing,0.3852,1,1,116,1,1
KESTREL-003712,36.0,13.94,basic,3,47,2,0,0,0,7.0,191,0.9501280487646994,0.8400651303983389,-0.11006291836636051,1,0,sleeping_dog,0.4988,1,0,1096,1,1
KESTREL-003713,36.0,43.25,pro,11,28,3,0,1,0,,377,0.9359445532847211,0.9551495814510721,0.019205028166350946,1,1,sure_thing,0.147,0,1,1096,1,0
KESTREL-003714,24.3,17.35,basic,12,13,8,0,0,0,,438,0.9610100084554268,0.9532519719591971,-0.007758036496229748,1,1,sure_thing,0.078,0,1,740,1,0
KESTREL-003715,32.8,16.41,basic,9,7,3,0,0,0,6.0,354,0.9632378894634842,0.9335603411331025,-0.02967754833038172,1,1,sure_thing,0.3672,1,1,998,1,0
KESTREL-003716,16.9,26.64,basic,8,68,2,0,0,1,9.0,200,0.9376281258053561,0.7098818073007672,-0.22774631850458893,1,1,sleeping_dog,0.387,1,1,514,1,0
KESTREL-003717,36.0,20.98,basic,11,42,11,1,0,0,9.0,498,0.9709787097134185,0.9776901301419157,0.006711420428497261,1,1,sure_thing,0.4278,1,1,1096,1,1
KESTREL-003718,28.7,16.28,basic,9,101,5,1,0,1,,226,0.9183052863044748,0.7341972626186539,-0.1841080236858209,1,0,sleeping_dog,0.801,1,0,874,0,1
KESTREL-003719,36.0,143.28,enterprise,16,43,5,0,0,1,,500,0.9876483951586462,0.8912884309453768,-0.09635996421326942,1,0,sleeping_dog,0.0785,0,1,1096,1,0
KESTREL-003720,6.1,17.84,basic,11,23,9,1,1,0,,59,0.7984267234815281,0.8938547904944424,0.09542806701291429,1,1,persuadable,0.5695,0,1,186,1,0
KESTREL-003721,27.7,59.03,pro,4,167,1,0,0,1,,77,0.9084921845967134,0.6193354458204748,-0.2891567387762386,1,0,sleeping_dog,0.2875,0,1,843,1,0
KESTREL-003722,3.7,60.82,pro,37,5,28,1,1,0,,114,0.9885245178172322,0.99,0.0014754821827678288,1,1,sure_thing,0.6002,1,1,113,1,0
KESTREL-003723,21.2,19.01,basic,9,49,10,0,0,0,9.0,236,0.9734242152252504,0.958558498688727,-0.014865716536523355,1,1,sure_thing,0.8385,1,1,645,0,1
KESTREL-003724,8.9,18.23,basic,6,22,1,0,0,0,6.0,66,0.922577019446451,0.8469180960183232,-0.07565892342812774,1,1,sleeping_dog,0.0217,0,1,271,1,0
KESTREL-003725,29.0,16.11,basic,29,6,8,0,0,1,,563,0.99,0.9731515021996883,-0.016848497800311724,1,1,sure_thing,0.0345,0,1,883,1,0
KESTREL-003726,17.9,34.97,pro,5,216,1,0,0,0,,86,0.8628650134481229,0.5690600981112077,-0.2938049153369152,1,1,sleeping_dog,0.9008,1,1,545,1,0
KESTREL-003727,36.0,14.21,basic,15,13,10,0,0,0,,567,0.9816528960141246,0.9776408474045118,-0.004012048609612795,1,1,sure_thing,0.678,1,1,1096,1,1
KESTREL-003728,30.5,50.39,pro,19,5,8,2,0,0,,386,0.9631509134806386,0.99,0.026849086519361354,1,1,sure_thing,0.2082,0,1,928,0,0
KESTREL-003729,8.0,19.72,basic,6,20,6,1,1,0,,64,0.8073503336627516,0.9317558133985716,0.12440547973582006,1,1,persuadable,0.4128,1,1,244,0,1
KESTREL-003730,5.6,59.95,pro,24,7,14,0,0,0,9.0,118,0.9853518233590217,0.9857056458808934,0.00035382252187166063,1,1,sure_thing,0.67,1,1,170,1,1
KESTREL-003731,15.8,173.96,enterprise,3,0,3,1,1,0,2.0,82,0.8784118214052616,0.99,0.11158817859473835,1,1,persuadable,0.8128,1,1,481,1,1
KESTREL-003732,36.0,11.77,basic,16,1,7,1,0,0,7.0,684,0.9729936159807518,0.9755146993451629,0.0025210833644110364,1,1,sure_thing,0.1032,1,1,1096,1,1
KESTREL-003733,6.5,57.88,pro,4,23,2,2,0,0,,50,0.8443553671417334,0.9572545961268168,0.11289922898508342,1,1,persuadable,0.3785,1,1,198,1,1
KESTREL-003734,36.0,52.19,pro,7,113,3,2,1,0,,213,0.7959368324895403,0.99,0.1940631675104597,0,1,persuadable,0.7575,1,1,1096,1,1
KESTREL-003735,11.1,34.67,pro,5,15,5,1,0,0,,112,0.8998050372781512,0.9119558113302618,0.012150774052110624,1,1,lost_cause,0.6058,1,1,338,1,1
KESTREL-003736,36.0,23.93,basic,5,101,1,1,0,0,,138,0.8731741106440182,0.6842869199704067,-0.18888719067361148,1,1,sleeping_dog,0.7048,1,1,1096,1,1
KESTREL-003737,5.3,160.75,enterprise,14,2,11,0,1,0,,76,0.955920093430609,0.99,0.03407990656939097,1,1,sure_thing,0.1482,0,1,161,1,0
KESTREL-003738,20.7,43.42,pro,5,17,2,1,1,0,5.0,122,0.7834879910619943,0.9426719321158674,0.15918394105387312,1,1,persuadable,0.9638,1,1,630,1,1
KESTREL-003739,19.5,60.69,pro,5,62,1,2,0,0,,130,0.8022811880256476,0.863469641309428,0.06118845328378042,1,1,persuadable,0.5128,1,1,594,1,1
KESTREL-003740,20.1,28.55,basic,2,33,0,0,0,0,7.0,66,0.9013285043169499,0.7841349128010129,-0.117193591515937,1,1,sleeping_dog,0.4048,1,1,612,1,1
KESTREL-003741,20.8,18.83,basic,16,8,9,1,0,0,,351,0.9629515248425288,0.967643006737957,0.004691481895428229,1,1,sure_thing,0.7928,1,1,633,1,1
KESTREL-003742,36.0,39.14,pro,7,16,3,0,0,0,,285,0.9622340933137069,0.9249147143069306,-0.03731937900677629,1,1,sure_thing,0.7268,1,1,1096,1,1
KESTREL-003743,21.3,17.5,basic,14,19,10,0,0,0,,277,0.981147808947617,0.976176347731766,-0.004971461215851014,1,1,sure_thing,0.0068,0,1,648,1,0
KESTREL-003744,36.0,23.71,basic,5,2,8,0,0,0,6.0,339,0.9653534073502664,0.9624655336761407,-0.002887873674125685,1,1,sure_thing,0.2912,0,1,1096,1,0
KESTREL-003745,28.8,14.36,basic,3,22,4,2,1,1,9.0,212,0.7676594321875149,0.99,0.22234056781248512,1,1,persuadable,0.421,1,1,877,1,1
KESTREL-003746,20.8,18.86,basic,7,11,4,3,0,1,6.0,136,0.8320592620928473,0.99,0.15794073790715268,1,1,persuadable,0.5585,1,1,633,1,1
KESTREL-003747,33.9,18.42,basic,27,5,11,0,0,1,10.0,819,0.99,0.9851135325897087,-0.004886467410291306,1,1,sure_thing,0.0758,0,1,1032,1,0
KESTREL-003748,28.2,17.09,basic,9,37,3,0,1,0,,300,0.8709566121376411,0.8731047829162304,0.002148170778589309,1,1,lost_cause,0.8315,1,1,858,1,1
KESTREL-003749,7.0,17.56,basic,10,4,6,0,0,0,,84,0.9434700062055912,0.9329331578015936,-0.0105368484039976,1,1,sure_thing,0.356,1,1,213,1,0
KESTREL-003750,20.2,21.95,basic,11,12,2,1,1,1,7.0,212,0.872954610912387,0.9553150784987253,0.0823604675863383,0,1,persuadable,0.4578,1,1,615,1,1
KESTREL-003751,36.0,18.28,basic,13,3,8,0,1,0,7.0,375,0.9698681467325455,0.9896984459561674,0.019830299223621894,1,1,sure_thing,0.6355,1,1,1096,1,1
KESTREL-003752,12.8,20.26,basic,17,50,7,1,1,0,,151,0.8735084247483504,0.938048861193327,0.06454043644497653,0,0,persuadable,0.551,1,0,390,1,1
KESTREL-003753,32.8,69.18,pro,1,5,4,2,1,0,,151,0.8152905532313653,0.99,0.17470944676863465,1,1,persuadable,0.5828,1,1,998,1,0
KESTREL-003754,36.0,143.04,enterprise,42,3,20,0,0,0,10.0,1015,0.99,0.99,0.0,1,1,sure_thing,0.054,0,1,1096,1,0
KESTREL-003755,7.7,23.74,basic,4,19,1,1,0,0,,64,0.8770011050592011,0.8592729239599988,-0.017728181099202378,1,1,lost_cause,0.8135,1,1,234,1,0
KESTREL-003756,8.0,14.19,basic,5,66,2,1,0,0,7.0,53,0.8508377721933694,0.7635594870455584,-0.087278285147811,1,1,sleeping_dog,0.9218,1,1,244,1,1
KESTREL-003757,15.9,95.4,enterprise,18,23,7,1,0,1,,252,0.9716292407177682,0.9768819727911278,0.005252732073359523,0,1,sure_thing,0.2805,0,0,484,1,0
KESTREL-003758,14.3,19.1,basic,22,0,9,0,0,0,,221,0.9803991998406761,0.9765377808482696,-0.003861418992406551,1,1,sure_thing,0.0225,0,1,435,1,0
KESTREL-003759,28.6,18.11,basic,10,36,4,1,0,0,,353,0.9280419791786165,0.9108374217010508,-0.017204557477565774,1,1,sure_thing,0.3865,1,1,871,1,0
KESTREL-003760,7.5,41.43,pro,20,1,13,0,0,1,,195,0.985215753506636,0.9827505649416568,-0.002465188564979237,1,1,sure_thing,0.2418,0,1,228,1,0
KESTREL-003761,28.5,47.3,pro,12,10,6,0,1,0,,306,0.9693309947754001,0.99,0.020669005224599912,0,1,sure_thing,0.7133,1,1,868,1,0
KESTREL-003762,16.5,69.79,pro,5,42,8,1,0,0,,148,0.9162601612862281,0.9482460850728247,0.03198592378659659,1,1,lost_cause,0.9128,1,1,502,1,1
KESTREL-003763,1.2,24.37,basic,12,65,1,0,0,0,,10,0.9257134794660303,0.7481306602236861,-0.1775828192423442,1,1,sleeping_dog,0.4895,1,1,37,1,1
KESTREL-003764,32.7,19.34,basic,8,14,5,0,0,0,7.0,377,0.9761406759346446,0.9557168624947074,-0.020423813439937155,1,1,sure_thing,0.8212,1,1,995,1,0
KESTREL-003765,36.0,53.51,pro,21,19,9,1,0,0,10.0,534,0.9841499868755683,0.9899356609448859,0.005785674069317626,1,1,sure_thing,0.8448,1,1,1096,1,1
KESTREL-003766,8.9,40.79,pro,6,12,2,1,0,0,,52,0.8996935969095267,0.9001646563140927,0.00047105940456604323,0,0,lost_cause,0.6458,1,0,271,1,1
KESTREL-003767,28.3,22.0,basic,5,47,5,0,0,1,8.0,182,0.9511881542254427,0.8328329609668207,-0.11835519325862198,1,1,sleeping_dog,0.821,1,1,861,1,1
KESTREL-003768,6.2,21.43,basic,0,15,4,0,0,1,,25,0.9291587502447901,0.8624747199565517,-0.06668403028823844,1,1,sleeping_dog,0.4815,1,1,189,1,0
KESTREL-003769,36.0,17.35,basic,3,26,1,2,0,0,,123,0.7900585503948465,0.8475440143907498,0.05748546399590326,1,1,persuadable,0.8652,1,1,1096,1,1
KESTREL-003770,29.6,17.36,basic,10,72,1,0,0,0,6.0,260,0.9349002766332934,0.741016051792567,-0.19388422484072643,1,1,sleeping_dog,0.385,1,1,901,1,1
KESTREL-003771,34.0,27.05,basic,5,29,7,0,0,0,5.0,247,0.9614663333467273,0.944241873289993,-0.01722446005673428,1,1,sure_thing,0.2155,0,1,1035,1,0
KESTREL-003772,30.1,17.96,basic,20,4,11,0,0,0,7.0,613,0.981903144381818,0.9799150227517096,-0.0019881216301084192,1,1,sure_thing,0.1282,0,1,916,1,0
KESTREL-003773,8.2,22.62,basic,13,29,7,1,0,0,,86,0.9045763243602497,0.9046681143587766,9.178999852688108e-05,1,1,lost_cause,0.4328,1,1,250,1,1
KESTREL-003774,36.0,18.11,basic,62,2,29,0,0,0,,1425,0.99,0.99,0.0,1,1,sure_thing,0.1938,0,1,1096,1,0
KESTREL-003775,17.1,17.97,basic,5,13,2,0,0,0,,81,0.9150364598921387,0.8691938660582517,-0.045842593833887,1,1,lost_cause,0.602,1,1,521,1,1
KESTREL-003776,7.3,25.71,basic,12,21,9,0,0,0,,75,0.9640529009017398,0.9569086237360372,-0.0071442771657025395,1,1,sure_thing,0.7455,1,1,222,1,1
KESTREL-003777,13.2,53.85,pro,16,0,10,0,0,1,7.0,287,0.974474157200302,0.967885276542247,-0.006588880658054963,0,0,sure_thing,0.2225,0,0,402,1,0
KESTREL-003778,30.7,13.63,basic,6,37,4,2,0,0,10.0,378,0.899193562457735,0.9485420374116668,0.0493484749539318,1,1,lost_cause,0.9732,1,1,935,1,1
KESTREL-003779,15.7,61.09,pro,24,1,11,0,1,0,10.0,320,0.9748276774249012,0.99,0.015172322575098818,1,1,sure_thing,0.3482,1,1,478,1,1
KESTREL-003780,16.4,74.13,pro,1,103,1,0,1,0,,60,0.8498843785683521,0.7804459555755181,-0.06943842299283398,1,1,sleeping_dog,0.7512,1,1,499,1,0
KESTREL-003781,2.1,20.35,basic,8,96,4,2,1,0,,17,0.5433178697222051,0.7441656673970907,0.2008477976748856,1,1,persuadable,0.9892,1,1,64,1,1
KESTREL-003782,5.6,18.95,basic,12,18,3,1,0,1,6.0,49,0.9323457787437218,0.8895728355276151,-0.042772943216106696,1,1,sure_thing,0.0102,0,1,170,1,0
KESTREL-003783,36.0,39.51,pro,9,5,3,2,0,0,,283,0.9021439279199552,0.9735286391226337,0.07138471120267842,1,1,persuadable,0.711,1,1,1096,1,1
KESTREL-003784,14.9,19.97,basic,4,43,5,0,0,0,6.0,126,0.9093667919461317,0.8589988921508928,-0.050367899795238924,1,1,sleeping_dog,0.4032,1,1,454,1,0
KESTREL-003785,36.0,13.16,basic,18,16,10,0,0,0,,564,0.9874786873558229,0.9825625603831682,-0.004916126972654644,1,1,sure_thing,0.8018,1,1,1096,1,1
KESTREL-003786,16.8,14.45,basic,15,26,7,1,0,0,7.0,197,0.9427693989175051,0.9410500403077322,-0.001719358609772903,1,1,sure_thing,0.1272,0,1,511,1,0
KESTREL-003787,36.0,23.74,basic,1,365,1,1,0,0,,101,0.5938484130881692,0.31991809623116746,-0.2739303168570017,1,0,sleeping_dog,0.9918,1,0,1096,1,0
KESTREL-003788,28.2,18.68,basic,2,105,4,0,1,0,,108,0.8250313022410768,0.7496968679462112,-0.07533443429486564,0,0,sleeping_dog,0.9285,1,0,858,1,1
KESTREL-003789,11.8,13.91,basic,19,3,11,0,1,0,,214,0.9461353484455901,0.9581092845840338,0.011973936138443664,1,1,sure_thing,0.3978,1,1,359,1,1
KESTREL-003790,30.3,13.75,basic,6,26,3,1,0,0,5.0,180,0.897317729171564,0.8841215810277809,-0.013196148143783115,1,1,lost_cause,0.33,0,1,922,1,0
KESTREL-003791,28.4,16.23,basic,2,15,6,1,1,1,8.0,316,0.8168507384545454,0.9561065719095875,0.1392558334550421,1,1,persuadable,0.2815,0,1,864,1,0
KESTREL-003792,14.8,58.16,pro,2,237,2,0,0,1,,52,0.8267666784836717,0.5367473265219946,-0.29001935196167705,0,0,sleeping_dog,0.956,1,0,451,1,0
KESTREL-003793,25.4,53.72,pro,16,6,7,0,0,1,,333,0.9819071468247597,0.9582937681322508,-0.023613378692508902,1,1,sure_thing,0.4545,1,1,773,1,1
KESTREL-003794,27.0,25.96,basic,7,27,4,0,2,0,5.0,189,0.8613460629165004,0.99,0.1286539370834996,0,1,persuadable,0.2632,0,0,822,0,0
KESTREL-003795,8.2,18.61,basic,14,29,7,0,0,0,,121,0.9189154536235156,0.8992315803334063,-0.019683873290109233,1,1,lost_cause,0.8412,1,1,250,1,1
KESTREL-003796,36.0,13.85,basic,6,43,3,0,0,0,7.0,268,0.9491698920799078,0.8666455093484662,-0.08252438273144158,1,1,sleeping_dog,0.4088,1,1,1096,1,1
KESTREL-003797,34.8,29.42,basic,12,21,10,1,1,0,8.0,609,0.9191714175877818,0.99,0.07082858241221823,1,1,persuadable,0.0238,0,1,1059,1,0
KESTREL-003798,23.5,83.86,pro,8,21,5,2,2,0,7.0,211,0.6286806281025293,0.9260199338094504,0.297339305706921,1,1,persuadable,0.977,1,1,715,1,1
KESTREL-003799,36.0,21.53,basic,8,4,6,1,0,0,,304,0.9675878154893025,0.9763576167152732,0.008769801225970708,1,1,sure_thing,0.0262,0,1,1096,1,0
KESTREL-003800,18.0,149.59,enterprise,5,125,3,1,0,0,,155,0.8666292568128959,0.7801238810293629,-0.08650537578353301,1,0,sleeping_dog,0.5945,1,0,548,1,1
KESTREL-003801,36.0,21.17,basic,24,17,5,0,0,0,10.0,574,0.99,0.9657660001303371,-0.024233999869662903,1,1,sure_thing,0.0498,0,1,1096,1,0
KESTREL-003802,36.0,17.0,basic,11,14,6,0,0,0,,488,0.9818185066555264,0.9662801439532238,-0.015538362702302577,1,0,sure_thing,0.0752,0,1,1096,1,0
KESTREL-003803,29.9,23.21,basic,25,28,9,0,0,0,10.0,533,0.9894122944173026,0.9783159379205386,-0.011096356496763993,1,1,sure_thing,0.06,0,1,910,1,0
KESTREL-003804,36.0,53.17,pro,11,18,4,0,2,0,,415,0.9059059715350102,0.99,0.08409402846498981,1,1,persuadable,0.725,1,1,1096,1,1
KESTREL-003805,15.0,20.55,basic,9,48,3,0,1,0,,139,0.8937510156125322,0.8873438995932853,-0.006407116019246928,1,1,lost_cause,0.7272,1,1,457,1,1
KESTREL-003806,17.8,25.04,basic,0,233,4,0,1,1,6.0,66,0.6844059080182302,0.44783771576488385,-0.23656819225334635,0,0,sleeping_dog,0.931,1,0,542,1,0
KESTREL-003807,9.5,31.8,basic,6,7,4,1,0,0,7.0,63,0.8958655442819119,0.9048960552364548,0.00903051095454288,1,1,lost_cause,0.569,1,1,289,1,1
KESTREL-003808,13.1,17.67,basic,2,30,1,1,0,0,,55,0.8599497311885975,0.8289517814390208,-0.030997949749576703,0,0,lost_cause,0.492,1,0,399,1,0
KESTREL-003809,17.8,22.11,basic,2,36,5,0,0,0,,126,0.9125994786423999,0.8727317158331913,-0.03986776280920856,1,1,lost_cause,0.7635,1,1,542,1,1
KESTREL-003810,19.3,101.9,enterprise,9,0,10,0,0,0,10.0,294,0.9797751189847451,0.9890357999116544,0.009260680926909237,1,1,sure_thing,0.3928,1,1,587,1,1
KESTREL-003811,9.5,110.88,enterprise,15,4,15,0,0,0,,159,0.988605547173868,0.99,0.0013944528261320421,1,1,sure_thing,0.0425,0,1,289,1,0
KESTREL-003812,7.4,50.49,pro,9,43,4,1,0,0,,62,0.9387318438276877,0.9262631300509863,-0.012468713776701446,1,1,sure_thing,0.2988,0,1,225,1,0
KESTREL-003813,6.3,16.3,basic,8,3,7,0,0,1,,70,0.9238663898408283,0.9023219661410739,-0.0215444236997544,1,1,sure_thing,0.6912,1,1,192,1,0
KESTREL-003814,36.0,15.22,basic,0,53,2,0,0,0,,209,0.9351908256220447,0.8118413683435213,-0.12334945727852342,1,1,sleeping_dog,0.4635,1,1,1096,1,0
KESTREL-003815,36.0,16.92,basic,4,20,1,0,0,0,,218,0.9620249542973928,0.8906494336131168,-0.071375520684276,1,1,sleeping_dog,0.0738,0,1,1096,1,0
KESTREL-003816,21.9,13.15,basic,12,39,5,0,0,0,,249,0.9580977884014305,0.9112847516617241,-0.04681303673970638,1,1,sure_thing,0.1795,0,1,667,1,0
KESTREL-003817,12.8,36.26,pro,20,1,13,0,0,1,,275,0.9770765120479882,0.9744498006322411,-0.002626711415747107,1,1,sure_thing,0.044,0,1,390,1,0
KESTREL-003818,6.4,45.92,pro,3,119,4,0,0,0,,41,0.8890214703146038,0.659358618376753,-0.22966285193785074,1,0,sleeping_dog,0.4942,1,0,195,1,0
KESTREL-003819,13.6,18.68,basic,5,89,3,0,0,0,,105,0.9237747875233666,0.7326741675092414,-0.1911006200141252,1,1,sleeping_dog,0.4652,1,1,414,1,0
KESTREL-003820,16.8,16.77,basic,1,21,1,1,0,0,,47,0.8238332441204707,0.8059247868118186,-0.017908457308652093,0,0,lost_cause,0.555,1,0,511,1,1
KESTREL-003821,6.9,25.06,basic,8,49,3,0,0,0,,58,0.9581309295228303,0.8630518975622815,-0.09507903196054879,1,1,sleeping_dog,0.611,1,1,210,0,1
KESTREL-003822,36.0,54.54,pro,9,49,8,0,1,0,9.0,344,0.9205137649104309,0.9653176425995694,0.044803877689138516,1,1,sure_thing,0.2295,0,1,1096,1,0
KESTREL-003823,36.0,63.26,pro,15,5,10,0,1,0,,571,0.98035170329732,0.99,0.00964829670267997,1,1,sure_thing,0.107,0,1,1096,1,0
KESTREL-003824,12.9,14.5,basic,8,0,9,0,0,0,,227,0.9619906220486992,0.9597968748755834,-0.002193747173115823,1,1,sure_thing,0.2728,0,1,393,1,0
KESTREL-003825,6.4,13.08,basic,12,9,8,0,1,0,10.0,87,0.9105687364730487,0.9294904436811668,0.018921707208118144,1,1,lost_cause,0.5918,1,1,195,1,1
KESTREL-003826,36.0,17.46,basic,66,1,31,0,0,0,,1466,0.99,0.99,0.0,1,1,sure_thing,0.6545,1,1,1096,1,1
KESTREL-003827,19.3,45.95,pro,3,27,4,0,0,1,7.0,107,0.9149909517406634,0.8256592979374366,-0.08933165380322672,0,0,sleeping_dog,0.2435,0,0,587,1,0
KESTREL-003828,21.4,59.44,pro,38,4,16,0,0,0,,564,0.99,0.99,0.0,1,1,sure_thing,0.457,1,1,651,1,1
KESTREL-003829,36.0,16.89,basic,6,43,4,1,0,0,,281,0.9245197512672418,0.9044847107539237,-0.02003504051331817,1,1,sure_thing,0.7412,1,1,1096,1,1
KESTREL-003830,9.3,23.27,basic,2,10,5,2,1,1,5.0,68,0.622931006318391,0.8741939550957558,0.25126294877736477,0,1,persuadable,0.9095,1,1,283,1,0
KESTREL-003831,24.1,19.9,basic,9,75,2,1,0,0,5.0,193,0.9032875641650967,0.7919131133544317,-0.111374450810665,1,1,sleeping_dog,0.718,1,1,734,1,1
KESTREL-003832,36.0,19.15,basic,17,3,12,0,0,0,,599,0.9859933368746372,0.9851733894280559,-0.000819947446581315,1,1,sure_thing,0.4255,1,1,1096,0,0
KESTREL-003833,5.8,24.04,basic,29,13,6,1,0,1,,94,0.97711567032494,0.9591173183150339,-0.01799835200990607,1,1,sure_thing,0.0685,0,1,177,1,0
KESTREL-003834,36.0,25.56,basic,1,16,2,0,0,0,,145,0.9485326381288677,0.9005019851225343,-0.04803065300633336,1,1,sure_thing,0.6958,1,1,1096,1,1
KESTREL-003835,8.5,55.78,pro,66,1,23,0,0,1,10.0,419,0.99,0.99,0.0,1,1,sure_thing,0.1778,0,1,259,1,0
KESTREL-003836,17.3,17.69,basic,6,26,1,2,0,1,,105,0.838455816894276,0.8499930373349508,0.011537220440674845,1,1,lost_cause,0.827,1,1,527,1,1
KESTREL-003837,28.6,18.68,basic,11,10,2,1,1,0,6.0,236,0.8918296727829286,0.9826250989214096,0.09079542613848102,1,1,persuadable,0.7755,1,1,871,1,1
KESTREL-003838,36.0,11.61,basic,5,170,3,0,0,0,6.0,150,0.8765142931898547,0.5901504226672931,-0.2863638705225616,1,1,sleeping_dog,0.1232,0,1,1096,1,0
KESTREL-003839,11.9,22.55,basic,6,24,0,0,0,0,4.0,67,0.8934042030482539,0.795310175610494,-0.09809402743775986,1,1,sleeping_dog,0.1682,0,1,362,1,0
KESTREL-003840,10.1,16.63,basic,19,5,6,0,0,1,,226,0.9681671181946291,0.9356902097933883,-0.032476908401240734,1,1,sure_thing,0.0675,0,1,307,1,0
KESTREL-003841,36.0,63.32,pro,18,3,13,1,0,0,9.0,691,0.99,0.99,0.0,1,1,sure_thing,0.2622,0,1,1096,1,0
KESTREL-003842,13.2,60.02,pro,5,71,4,2,0,0,,131,0.8476477782284935,0.9331528355976638,0.08550505736917036,0,1,persuadable,0.37,1,1,402,1,1
KESTREL-003843,21.1,169.0,enterprise,3,14,2,3,0,0,,93,0.894724164488631,0.99,0.09527583551136898,1,1,persuadable,0.3775,1,1,642,1,1
KESTREL-003844,29.7,31.36,pro,3,5,4,0,0,0,,318,0.9573498119696773,0.9395365246486335,-0.017813287321043814,1,1,sure_thing,0.3703,1,1,904,1,1
KESTREL-003845,21.7,118.8,enterprise,9,31,3,0,0,1,,153,0.9434075776296074,0.834753016160549,-0.10865456146905839,1,1,sleeping_dog,0.3155,0,1,661,1,0
KESTREL-003846,26.4,117.06,enterprise,15,11,7,1,0,0,,307,0.9790547993919068,0.99,0.01094520060809323,1,1,sure_thing,0.193,0,1,804,1,0
KESTREL-003847,36.0,47.94,pro,4,5,3,0,0,0,4.0,216,0.9605703646876509,0.9370696558417324,-0.023500708845918483,1,1,sure_thing,0.408,1,1,1096,1,1
KESTREL-003848,24.0,14.04,basic,7,9,7,1,0,1,,174,0.9360697524472927,0.9359344775130872,-0.0001352749342055093,1,1,sure_thing,0.0232,0,1,731,1,0
KESTREL-003849,4.1,107.81,enterprise,11,54,4,0,0,0,,49,0.948366103835071,0.8706719463228942,-0.07769415751217679,1,1,sleeping_dog,0.0662,0,1,125,1,0
KESTREL-003850,10.6,15.2,basic,9,19,7,0,0,0,7.0,109,0.9689210632205305,0.9556814765506444,-0.013239586669886116,1,1,sure_thing,0.3458,1,1,323,1,0
KESTREL-003851,14.4,123.65,enterprise,14,7,8,0,2,0,,182,0.9288300275906117,0.99,0.06116997240938826,0,1,persuadable,0.531,1,1,438,1,1
KESTREL-003852,36.0,21.34,basic,22,7,9,0,0,0,9.0,465,0.99,0.9884719357557332,-0.0015280642442667691,1,1,sure_thing,0.1713,0,1,1096,0,0
KESTREL-003853,13.7,18.78,basic,4,64,3,1,1,0,9.0,67,0.7635775740505996,0.8719037772443783,0.10832620319377873,1,1,persuadable,0.6605,1,1,417,1,1
KESTREL-003854,25.8,15.39,basic,10,33,7,0,0,0,,278,0.9686304316715351,0.9466463507496228,-0.021984080921912286,1,1,sure_thing,0.2472,1,1,785,1,1
KESTREL-003855,18.0,39.17,pro,34,1,19,0,1,1,,480,0.99,0.99,0.0,1,1,sure_thing,0.0905,0,1,548,1,0
KESTREL-003856,21.3,18.09,basic,3,89,3,0,0,0,4.0,143,0.8987860094945707,0.7082520073019973,-0.19053400219257333,1,1,sleeping_dog,0.506,1,1,648,1,1
KESTREL-003857,13.0,19.85,basic,10,113,3,2,0,0,3.0,84,0.8232234059815767,0.7390075500583501,-0.08421585592322667,0,0,sleeping_dog,0.6255,1,0,396,1,1
KESTREL-003858,5.5,25.49,basic,2,6,1,0,1,0,6.0,20,0.7886165945967075,0.8250817679174439,0.0364651733207364,1,1,lost_cause,0.6125,1,1,167,1,1
KESTREL-003859,19.1,149.81,enterprise,15,15,6,0,0,0,,305,0.9812756303468346,0.9828334991043197,0.0015578687574850925,1,1,sure_thing,0.455,1,1,581,1,1
KESTREL-003860,11.3,44.49,pro,3,79,1,0,0,1,,66,0.8967796534469537,0.6437121446339371,-0.25306750881301654,1,1,sleeping_dog,0.833,1,1,344,1,0
KESTREL-003861,25.5,16.05,basic,0,36,1,1,0,0,,129,0.8775887271731667,0.8400741635799366,-0.03751456359323013,1,1,lost_cause,0.6295,1,1,776,1,1
KESTREL-003862,32.3,19.65,basic,15,7,9,0,1,0,,542,0.9695416642620649,0.9871153796060519,0.017573715343986995,1,1,sure_thing,0.3765,1,1,983,1,1
KESTREL-003863,13.2,51.86,pro,8,38,2,0,1,0,,94,0.8875914653042857,0.9074828580552066,0.01989139275092089,1,1,lost_cause,0.2888,0,1,402,1,0
KESTREL-003864,4.0,114.0,enterprise,16,2,11,0,1,0,6.0,41,0.9519465422323731,0.99,0.03805345776762692,1,1,sure_thing,0.903,1,1,122,1,0
KESTREL-003865,27.3,19.95,basic,3,80,2,1,0,0,,171,0.881649895399628,0.7656650159594011,-0.11598487944022695,1,1,sleeping_dog,0.2517,0,1,831,0,0
KESTREL-003866,36.0,14.21,basic,2,51,4,2,0,0,,144,0.9094059378151528,0.9690842189720608,0.059678281156907986,1,1,persuadable,0.6882,1,1,1096,1,0
KESTREL-003867,24.6,53.18,pro,13,16,5,0,1,0,10.0,386,0.9540456271385647,0.9868333371227914,0.032787709984226754,1,1,sure_thing,0.7488,1,1,749,1,1
KESTREL-003868,9.8,39.7,pro,3,24,5,0,1,0,,78,0.8404302631628281,0.8937856801660479,0.053355417003219774,1,1,persuadable,0.669,1,1,298,1,0
KESTREL-003869,11.8,53.18,pro,6,23,2,1,0,0,,81,0.8861650308425931,0.8832345163147023,-0.0029305145278908373,1,1,lost_cause,0.31,0,1,359,1,0
KESTREL-003870,33.2,67.41,pro,8,19,3,1,0,0,,369,0.955124803354948,0.9663772848373813,0.011252481482433296,1,1,sure_thing,0.616,1,1,1011,1,1
KESTREL-003871,36.0,14.62,basic,3,30,2,0,0,1,6.0,185,0.9607207436554,0.8189372671960682,-0.14178347645933176,1,0,sleeping_dog,0.2598,0,1,1096,1,0
KESTREL-003872,18.9,35.71,pro,19,5,3,0,0,0,10.0,248,0.978560693146376,0.9498921294878426,-0.02866856365853332,0,0,sure_thing,0.067,0,0,575,1,0
KESTREL-003873,36.0,18.92,basic,9,0,3,0,3,0,5.0,360,0.7610777887208751,0.99,0.22892221127912493,1,1,persuadable,0.7168,1,1,1096,1,1
KESTREL-003874,23.7,58.21,pro,9,0,2,0,0,0,,213,0.9716438899018898,0.9432613239867718,-0.028382565915118008,1,1,sure_thing,0.495,1,1,721,1,0
KESTREL-003875,27.9,63.15,pro,5,100,6,0,1,0,,192,0.9191677827819426,0.9245566025031952,0.005388819721252602,1,1,lost_cause,0.79,1,1,849,1,0
KESTREL-003876,36.0,137.14,enterprise,9,60,3,1,0,1,,333,0.9558936529830506,0.9109335324823653,-0.04496012050068532,0,0,sure_thing,0.2138,0,0,1096,1,0
KESTREL-003877,2.6,37.25,pro,8,53,0,0,0,0,6.0,19,0.8784413972515129,0.7102654891243771,-0.1681759081271358,1,1,sleeping_dog,0.6498,1,1,79,1,1
KESTREL-003878,34.2,15.63,basic,11,14,3,0,1,0,8.0,417,0.9434363738776878,0.9546974804720547,0.011261106594366965,1,1,sure_thing,0.2855,0,1,1041,1,0
KESTREL-003879,6.4,28.83,basic,11,37,2,1,1,0,,50,0.8525457286541018,0.947060325063013,0.09451459640891113,1,1,persuadable,0.6132,1,1,195,1,0
KESTREL-003880,19.9,66.52,pro,2,68,3,0,0,0,,101,0.8652382087973517,0.732990988623776,-0.1322472201735757,0,0,sleeping_dog,0.45,1,0,606,1,0
KESTREL-003881,33.1,15.98,basic,6,38,5,0,0,0,,228,0.9475810016884233,0.9034058733735519,-0.04417512831487136,1,1,sure_thing,0.9102,1,1,1008,1,1
KESTREL-003882,19.5,16.25,basic,15,4,8,0,0,1,10.0,301,0.9731970205938332,0.9557220392833582,-0.01747498131047498,1,1,sure_thing,0.908,1,1,594,1,1
KESTREL-003883,16.3,20.41,basic,13,31,7,0,1,0,10.0,297,0.9303072612951935,0.9459409770179278,0.01563371572273431,1,1,sure_thing,0.7972,1,1,496,1,1
KESTREL-003884,32.7,59.16,pro,4,96,2,1,0,0,,130,0.9070034210237093,0.7694174613992634,-0.13758595962444597,1,1,sleeping_dog,0.5428,1,1,995,1,1
KESTREL-003885,10.1,17.75,basic,25,24,13,0,1,1,,187,0.9773224753239327,0.9833239226564361,0.006001447332503407,1,1,sure_thing,0.0355,0,1,307,1,0
KESTREL-003886,17.1,14.53,basic,1,18,1,0,1,0,6.0,119,0.7797220469935094,0.8024980791220125,0.0227760321285031,1,1,lost_cause,0.3348,0,1,521,1,0
KESTREL-003887,36.0,48.33,pro,24,29,10,0,0,0,,793,0.99,0.9850900143797137,-0.004909985620286328,1,1,sure_thing,0.7542,1,1,1096,1,0
KESTREL-003888,6.3,17.02,basic,4,43,5,1,0,0,,44,0.8591999622914531,0.8501067763699864,-0.009093185921466684,1,1,lost_cause,0.7392,1,1,192,1,1
KESTREL-003889,13.4,17.99,basic,11,21,7,0,1,0,,134,0.8951649372636201,0.9153147344639366,0.02014979720031651,0,0,lost_cause,0.7852,1,0,408,1,0
KESTREL-003890,36.0,14.6,basic,11,7,5,0,0,0,,369,0.9638736554937283,0.9471876938995137,-0.016685961594214538,1,1,sure_thing,0.461,1,1,1096,1,1
KESTREL-003891,21.1,21.85,basic,10,0,3,0,1,0,,218,0.9485357154354446,0.9694433372285515,0.0209076217931069,1,1,sure_thing,0.2695,0,1,642,1,0
KESTREL-003892,10.6,20.47,basic,3,42,1,1,0,0,,56,0.7951893594549406,0.7440209918076868,-0.051168367647253854,0,0,sleeping_dog,0.2202,0,0,323,1,0
KESTREL-003893,2.9,22.35,basic,20,20,6,0,0,0,10.0,46,0.9649114677500285,0.9447504514350034,-0.020161016315025093,1,1,sure_thing,0.0895,0,1,88,1,0
KESTREL-003894,21.0,18.36,basic,18,2,5,1,0,1,,329,0.969808207127329,0.9565867919820509,-0.013221415145278081,1,1,sure_thing,0.6252,1,1,639,1,1
KESTREL-003895,13.6,22.9,basic,16,3,8,0,0,1,7.0,215,0.9674475953213132,0.9506361569093491,-0.016811438411964086,1,1,sure_thing,0.1825,0,1,414,1,0
KESTREL-003896,14.2,13.76,basic,6,9,8,0,0,1,,158,0.9469517658182273,0.9277472147365945,-0.01920455108163277,1,1,sure_thing,0.8348,1,1,432,1,1
KESTREL-003897,18.0,74.35,pro,5,45,3,0,0,0,7.0,98,0.921899067007715,0.8426383005027647,-0.07926076650495029,1,1,sleeping_dog,0.0918,0,1,548,1,0
KESTREL-003898,6.9,161.42,enterprise,14,20,4,0,1,0,,99,0.9445964157651195,0.99,0.045403584234880445,1,1,sure_thing,0.4052,1,1,210,1,1
KESTREL-003899,12.9,48.61,pro,10,67,3,2,0,0,9.0,98,0.9166157039998365,0.9537844140421318,0.03716871004229527,1,1,lost_cause,0.828,1,1,393,1,1
KESTREL-003900,10.6,31.12,pro,50,7,14,0,0,0,,322,0.99,0.99,0.0,1,1,sure_thing,0.228,0,1,323,1,0
KESTREL-003901,31.9,54.68,pro,12,17,10,0,1,0,,369,0.9744811802415757,0.99,0.015518819758424285,1,1,sure_thing,0.2262,0,1,971,1,0
KESTREL-003902,1.4,46.69,pro,4,65,5,2,0,0,6.0,10,0.7695332298244854,0.8565609798651435,0.0870277500406581,1,1,persuadable,0.836,1,1,43,1,1
KESTREL-003903,36.0,25.14,basic,12,13,5,0,0,0,10.0,496,0.9711389689571998,0.9508905345369897,-0.02024843442021007,1,1,sure_thing,0.3542,1,1,1096,1,1
KESTREL-003904,8.5,11.11,basic,12,1,3,0,0,0,10.0,76,0.9393070290860503,0.9142173525127562,-0.025089676573294195,1,0,sure_thing,0.2502,0,1,259,1,0
KESTREL-003905,36.0,31.2,pro,11,14,5,0,0,0,,516,0.980443147580123,0.9599957453083862,-0.020447402271736803,1,1,sure_thing,0.1552,0,1,1096,1,0
KESTREL-003906,6.3,48.7,pro,2,12,0,0,1,0,7.0,17,0.7739555705231881,0.823325835397611,0.049370264874422864,1,1,lost_cause,0.2485,0,1,192,1,0
KESTREL-003907,36.0,26.36,basic,8,26,5,0,0,0,,472,0.9693289644331887,0.93914868092484,-0.03018028350834867,1,1,sure_thing,0.299,0,1,1096,1,0
KESTREL-003908,14.2,16.13,basic,1,70,5,0,1,1,2.0,54,0.8106476829991289,0.7682867055319139,-0.04236097746721501,1,1,lost_cause,0.7442,1,1,432,1,0
KESTREL-003909,11.0,50.27,pro,11,26,8,1,0,0,8.0,99,0.9387795021844465,0.9518974854166344,0.013117983232187935,1,1,sure_thing,0.537,1,1,335,1,0
KESTREL-003910,28.5,19.24,basic,25,0,7,1,0,1,,562,0.9844919739103861,0.9777254194469428,-0.0067665544634433195,1,1,sure_thing,0.3565,1,1,868,1,0
KESTREL-003911,33.9,21.65,basic,14,31,3,1,0,0,,319,0.9701454349935494,0.9468283786404706,-0.02331705635307879,1,1,sure_thing,0.1502,0,1,1032,1,0
KESTREL-003912,19.2,24.56,basic,21,1,14,1,1,1,8.0,383,0.9627354142759363,0.99,0.02726458572406365,1,1,sure_thing,0.3232,0,1,584,1,0
KESTREL-003913,36.0,13.97,basic,1,158,2,0,0,0,-0.0,67,0.8427581845698217,0.5588808991963095,-0.2838772853735122,1,1,sleeping_dog,0.5245,1,1,1096,1,0
KESTREL-003914,9.4,9.54,basic,1,41,0,0,0,1,4.0,46,0.8295012210947976,0.6204334648168872,-0.2090677562779104,1,1,sleeping_dog,0.4395,1,1,286,1,1
KESTREL-003915,4.0,25.83,basic,6,23,3,1,0,0,9.0,50,0.8893216996420356,0.8823115126607675,-0.007010186981268096,1,1,lost_cause,0.5865,1,1,122,1,1
KESTREL-003916,9.2,34.2,pro,17,3,17,0,0,1,,173,0.9804330897104474,0.9809141349126528,0.00048104520220537683,1,1,sure_thing,0.0392,0,1,280,1,0
KESTREL-003917,8.9,20.8,basic,7,23,6,2,0,0,,93,0.8676666674502428,0.9293866972856446,0.06172002983540181,1,1,persuadable,0.9308,1,1,271,1,1
KESTREL-003918,18.3,49.69,pro,7,5,5,0,1,0,,145,0.9070148348823401,0.9590096642034363,0.051994829321096114,1,1,persuadable,0.8845,1,1,557,1,0
KESTREL-003919,16.0,19.19,basic,28,9,14,1,0,0,8.0,401,0.9877375685747581,0.99,0.002262431425241851,1,1,sure_thing,0.2652,0,1,487,1,0
KESTREL-003920,26.6,41.49,pro,6,18,2,1,1,0,,143,0.8266543295510989,0.9767553069609958,0.15010097740989692,1,1,persuadable,0.688,1,1,810,1,1
KESTREL-003921,32.9,25.46,basic,16,7,8,0,0,1,,595,0.9721815287749999,0.95300710923297,-0.019174419542029808,1,1,sure_thing,0.8245,1,1,1001,1,0
KESTREL-003922,21.3,113.48,enterprise,5,46,6,1,0,0,,151,0.9533370099679929,0.99,0.036662990032007126,1,1,sure_thing,0.8215,1,1,648,1,1
KESTREL-003923,24.3,125.34,enterprise,17,18,7,0,0,0,,445,0.9863984901849648,0.9819890379039573,-0.004409452281007531,0,0,sure_thing,0.806,1,0,740,1,1
KESTREL-003924,36.0,21.26,basic,5,184,2,1,0,0,5.0,114,0.8850428901706029,0.614276863164294,-0.2707660270063089,1,1,sleeping_dog,0.8468,1,1,1096,1,1
KESTREL-003925,36.0,13.4,basic,18,3,8,1,1,0,,643,0.9620715365205317,0.99,0.027928463479468313,1,1,sure_thing,0.3298,0,1,1096,1,0
KESTREL-003926,27.8,16.7,basic,13,25,5,2,0,1,,336,0.887883017195181,0.9107319304111013,0.022848913215920308,1,1,lost_cause,0.7425,1,1,846,1,1
KESTREL-003927,20.8,49.91,pro,15,25,13,0,0,0,,338,0.9741700735852131,0.9737227584192442,-0.0004473151659689645,1,1,sure_thing,0.012,0,1,633,1,0
KESTREL-003928,17.9,47.88,pro,6,27,2,1,0,1,,192,0.9251262040213801,0.8687417090566868,-0.05638449496469333,1,1,sleeping_dog,0.4975,1,1,545,0,0
KESTREL-003929,8.3,37.87,pro,5,0,1,0,1,0,5.0,60,0.7933239958038698,0.8329236396025843,0.0395996437987145,1,1,lost_cause,0.7282,1,1,253,1,1
KESTREL-003930,16.8,98.04,enterprise,14,1,3,1,0,0,8.0,198,0.9688018442756331,0.99,0.021198155724366896,1,1,sure_thing,0.014,0,1,511,1,0
KESTREL-003931,7.7,12.88,basic,6,3,7,1,0,1,,54,0.913058442760295,0.9161506079370262,0.0030921651767311653,1,1,lost_cause,0.3715,1,1,234,1,1
KESTREL-003932,29.4,14.19,basic,7,13,7,1,1,0,,253,0.9053146597677257,0.99,0.08468534023227425,1,1,persuadable,0.1525,0,1,895,1,0
KESTREL-003933,11.3,60.28,pro,4,166,3,0,1,0,,57,0.6798949179766883,0.4976597333899042,-0.18223518458678412,0,0,sleeping_dog,0.997,1,0,344,1,0
KESTREL-003934,10.7,25.33,basic,47,4,10,0,0,0,8.0,337,0.99,0.99,0.0,1,1,sure_thing,0.8725,1,1,326,1,0
KESTREL-003935,12.0,30.38,basic,10,12,6,0,0,0,,139,0.9565732048533124,0.9429806033817317,-0.0135926014715807,0,0,sure_thing,0.4722,1,0,365,1,1
KESTREL-003936,23.9,51.21,pro,7,1,4,0,1,0,,217,0.8984750619719152,0.9509262611762455,0.05245119920433028,0,1,persuadable,0.7978,1,1,728,1,1
KESTREL-003937,21.2,16.47,basic,1,365,2,2,0,0,6.0,42,0.3817903134809834,0.17163655205912687,-0.21015376142185654,0,0,sleeping_dog,0.9965,1,0,645,1,0
KESTREL-003938,26.2,39.34,pro,18,3,14,0,0,0,,639,0.9850339568505683,0.9857030417886371,0.0006690849380688313,1,1,sure_thing,0.5172,1,1,798,1,1
KESTREL-003939,36.0,18.72,basic,24,9,6,1,0,0,,670,0.9843522137722354,0.9812751111794354,-0.0030771025927999185,1,1,sure_thing,0.8692,1,1,1096,1,0
KESTREL-003940,25.5,15.89,basic,30,15,13,0,0,0,9.0,650,0.99,0.99,0.0,1,1,sure_thing,0.355,1,1,776,1,1
KESTREL-003941,36.0,13.76,basic,6,24,4,0,1,0,,334,0.934931903080953,0.9552020817010185,0.020270178620065527,1,1,sure_thing,0.1718,0,1,1096,1,0
KESTREL-003942,6.7,49.67,pro,16,4,9,1,0,0,,99,0.9426508141735178,0.9537033595293952,0.011052545355877408,1,1,sure_thing,0.587,1,1,204,1,1
KESTREL-003943,9.1,38.69,basic,7,62,0,1,0,0,5.0,34,0.8578731657831681,0.7435953906387035,-0.11427777514446458,1,1,sleeping_dog,0.899,1,1,277,1,1
KESTREL-003944,17.3,145.88,enterprise,26,11,14,1,0,0,8.0,347,0.99,0.99,0.0,1,1,sure_thing,0.4745,1,1,527,1,1
KESTREL-003945,33.5,14.55,basic,5,26,0,1,0,0,,204,0.928648731793507,0.8849235771654267,-0.043725154628080354,1,1,sure_thing,0.8155,1,1,1020,1,1
KESTREL-003946,13.6,17.4,basic,3,31,4,2,0,0,6.0,64,0.7861513268487307,0.8552706207055403,0.0691192938568096,1,1,persuadable,0.9315,1,1,414,1,1
KESTREL-003947,36.0,23.46,basic,7,61,4,1,0,0,,285,0.9434876390796987,0.9005643186727461,-0.04292332040695257,1,1,sure_thing,0.7862,1,1,1096,1,1
KESTREL-003948,3.7,19.63,basic,10,0,8,0,0,0,5.0,39,0.9525868107306162,0.9486364374453845,-0.003950373285231734,1,1,sure_thing,0.668,1,1,113,1,1
KESTREL-003949,11.8,15.29,basic,3,9,5,0,1,0,9.0,111,0.7841585595821627,0.8207121072766921,0.03655354769452934,1,1,lost_cause,0.826,1,1,359,1,1
KESTREL-003950,5.5,15.51,basic,10,36,6,0,0,0,8.0,81,0.9433498501876298,0.9109934532239397,-0.03235639696369019,1,1,sure_thing,0.528,1,1,167,1,1
KESTREL-003951,11.2,60.93,pro,6,9,3,1,0,1,,112,0.908717050391904,0.9024403978158583,-0.006276652576045705,1,1,lost_cause,0.2578,0,1,341,1,0
KESTREL-003952,36.0,19.57,basic,12,28,8,0,0,0,,395,0.97721507285603,0.9635497219147797,-0.01366535094125032,1,1,sure_thing,0.0765,0,1,1096,1,0
KESTREL-003953,13.7,25.03,basic,13,12,6,2,0,0,10.0,182,0.9148983958040151,0.9597306869595347,0.044832291155519566,1,1,lost_cause,0.7702,1,1,417,1,0
KESTREL-003954,8.7,14.66,basic,4,77,1,1,0,1,4.0,24,0.8022278462355098,0.5993660767057644,-0.20286176952974544,0,0,sleeping_dog,0.9542,1,0,265,1,1
KESTREL-003955,36.0,53.71,pro,2,365,2,2,0,0,,104,0.6502651680727569,0.4853372193290989,-0.16492794874365801,1,0,sleeping_dog,0.9712,1,0,1096,1,1
KESTREL-003956,26.6,61.81,pro,17,5,10,0,0,0,9.0,411,0.9860055332727339,0.9849632956394812,-0.0010422376332527294,1,1,sure_thing,0.5442,1,1,810,1,1
KESTREL-003957,36.0,46.3,pro,7,1,3,1,1,0,,242,0.8796871898138622,0.99,0.11031281018613781,1,1,persuadable,0.8105,1,1,1096,1,1
KESTREL-003958,31.0,17.77,basic,8,29,7,0,0,0,10.0,349,0.9642382805487253,0.945577812773518,-0.018660467775207246,1,1,sure_thing,0.1458,0,1,944,1,0
KESTREL-003959,18.8,49.04,pro,8,44,3,0,0,0,10.0,149,0.9447764771300399,0.8622617313693116,-0.08251474576072826,1,1,sleeping_dog,0.0992,0,1,572,1,0
KESTREL-003960,36.0,134.09,enterprise,8,22,9,0,0,1,,357,0.9738876345959334,0.9737133500569536,-0.00017428453897982976,1,1,sure_thing,0.661,1,1,1096,1,1
KESTREL-003961,9.0,14.76,basic,6,0,4,1,0,0,8.0,102,0.8662912160300038,0.8720833480352568,0.00579213200525297,1,1,lost_cause,0.715,1,1,274,1,1
KESTREL-003962,17.3,12.72,basic,6,8,6,1,0,0,5.0,119,0.9010087061712124,0.9087685793578071,0.007759873186594657,1,1,lost_cause,0.545,1,1,527,1,1
KESTREL-003963,11.8,22.79,basic,4,14,4,0,0,0,,103,0.9216219748349159,0.8953662274107039,-0.026255747424211995,1,1,sure_thing,0.6808,1,1,359,1,1
KESTREL-003964,16.7,54.39,pro,10,41,9,1,1,0,8.0,201,0.8607040908298348,0.99,0.1292959091701652,1,1,persuadable,0.6048,1,1,508,1,1
KESTREL-003965,18.7,19.22,basic,14,9,7,0,1,0,,323,0.929828248302122,0.9470715257848356,0.017243277482713593,1,1,sure_thing,0.5302,1,1,569,1,0
KESTREL-003966,23.5,90.29,pro,0,103,1,1,0,0,8.0,118,0.8752274849662587,0.7453698527847413,-0.12985763218151736,1,0,sleeping_dog,0.473,1,0,715,1,1
KESTREL-003967,25.0,14.66,basic,6,13,3,1,0,0,6.0,193,0.8944051528214886,0.8907286584911973,-0.003676494330291269,1,1,lost_cause,0.9818,1,1,761,1,0
KESTREL-003968,23.5,119.3,enterprise,5,70,6,0,0,0,4.0,167,0.9696824828143517,0.9071294479096063,-0.0625530349047454,1,1,sleeping_dog,0.4062,1,1,715,1,1
KESTREL-003969,36.0,16.37,basic,21,44,7,1,0,0,,641,0.9746064283186486,0.9630447777304729,-0.01156165058817571,1,1,sure_thing,0.591,1,1,1096,1,1
KESTREL-003970,30.5,16.1,basic,15,11,6,0,0,0,9.0,368,0.9720612001755676,0.9575019866051125,-0.014559213570455087,1,1,sure_thing,0.0908,0,1,928,1,0
KESTREL-003971,36.0,20.66,basic,5,43,1,0,0,0,7.0,287,0.9463200642009745,0.8245460782819818,-0.12177398591899269,1,1,sleeping_dog,0.237,0,1,1096,1,0
KESTREL-003972,10.2,118.63,enterprise,8,11,9,0,0,0,,155,0.9692280474413144,0.9812793966191606,0.012051349177846227,1,1,sure_thing,0.594,1,1,310,1,1
KESTREL-003973,14.0,48.08,pro,3,36,2,1,0,0,,107,0.8695874552128247,0.8555348002294788,-0.014052654983345847,1,1,lost_cause,0.868,1,1,426,1,1
KESTREL-003974,7.6,25.54,basic,5,61,3,0,0,0,,45,0.8721495291249133,0.7499704564891922,-0.12217907263572103,1,1,sleeping_dog,0.8828,1,1,231,1,1
KESTREL-003975,15.9,12.26,basic,5,64,1,2,0,0,8.0,94,0.838990630184865,0.8359167733403949,-0.0030738568444700354,0,0,lost_cause,0.7748,1,0,484,0,0
KESTREL-003976,17.9,22.15,basic,7,40,4,2,0,0,,159,0.8648648551805043,0.9172400279040412,0.05237517272353698,1,1,persuadable,0.2442,0,1,545,1,0
KESTREL-003977,17.0,24.24,basic,5,27,4,1,0,0,,108,0.9166142492452029,0.9140255108842598,-0.002588738360943088,1,1,lost_cause,0.9898,1,1,517,1,1
KESTREL-003978,14.1,49.98,pro,7,5,2,0,0,0,,123,0.931560733618417,0.8978198425430469,-0.03374089107537004,1,1,sure_thing,0.878,1,1,429,1,1
KESTREL-003979,17.4,123.9,enterprise,9,28,6,0,0,0,6.0,161,0.9705702477537844,0.9626496857474908,-0.007920562006293652,1,1,sure_thing,0.6522,1,1,530,1,0
KESTREL-003980,36.0,14.15,basic,6,18,1,1,0,0,6.0,224,0.9230275630310908,0.9005718323936652,-0.022455730637425564,1,1,sure_thing,0.3242,0,1,1096,1,0
KESTREL-003981,11.5,18.89,basic,14,17,18,0,0,1,,220,0.9767608973922027,0.9768786719380044,0.00011777454580164104,1,1,sure_thing,0.6198,1,1,350,1,1
KESTREL-003982,23.7,165.01,enterprise,9,49,5,0,0,0,,226,0.9789621472321612,0.9552414679824677,-0.023720679249693566,1,1,sure_thing,0.4608,1,1,721,1,1
KESTREL-003983,6.2,51.45,pro,40,2,12,2,0,0,7.0,129,0.9886889269482152,0.99,0.0013110730517847946,1,1,sure_thing,0.2748,0,1,189,1,0
KESTREL-003984,11.3,57.96,pro,6,32,6,0,0,0,6.0,79,0.9331661539670454,0.909472841196676,-0.023693312770369346,1,1,sure_thing,0.3635,1,1,344,1,0
KESTREL-003985,36.0,24.17,basic,3,78,6,0,0,0,6.0,294,0.9387378188398399,0.8395982378484967,-0.09913958099134312,1,1,sleeping_dog,0.1958,0,1,1096,1,0
KESTREL-003986,3.9,24.3,basic,41,14,12,0,0,1,,100,0.99,0.9845574938057788,-0.005442506194221153,1,1,sure_thing,0.0038,0,1,119,0,0
KESTREL-003987,34.5,67.71,pro,8,17,3,0,0,0,6.0,310,0.9731557039764857,0.9373454378130719,-0.03581026616341376,1,1,sure_thing,0.783,1,1,1050,1,1
KESTREL-003988,19.3,20.66,basic,14,10,7,0,0,0,6.0,219,0.9694115605785296,0.9594581182758664,-0.009953442302663262,1,1,sure_thing,0.5728,1,1,587,0,1
KESTREL-003989,36.0,63.58,pro,12,3,2,0,1,0,,346,0.9682447247264748,0.99,0.021755275273525165,1,1,sure_thing,0.0522,0,1,1096,1,0
KESTREL-003990,31.9,24.96,basic,11,13,12,1,1,0,,449,0.9526114455733942,0.99,0.037388554426605825,1,1,sure_thing,0.4345,1,1,971,1,0
KESTREL-003991,36.0,25.0,basic,4,13,4,1,0,0,7.0,277,0.9444650875844753,0.9515464907322926,0.0070814031478172446,0,0,sure_thing,0.26,0,0,1096,1,0
KESTREL-003992,17.9,37.26,pro,24,32,11,1,1,0,9.0,324,0.9733685759610344,0.99,0.01663142403896556,1,1,sure_thing,0.0788,0,1,545,1,0
KESTREL-003993,29.2,142.77,enterprise,12,16,4,0,1,1,8.0,407,0.9695172957736095,0.99,0.020482704226390536,1,1,sure_thing,0.6765,1,1,889,1,1
KESTREL-003994,8.5,54.76,pro,25,26,9,2,0,0,,144,0.9575779332328113,0.99,0.03242206676718873,1,1,sure_thing,0.6068,1,1,259,1,1
KESTREL-003995,18.3,18.31,basic,9,3,4,2,0,0,,189,0.8964079090363786,0.9482466330536831,0.051838724017304494,1,1,persuadable,0.5042,1,1,557,1,1
KESTREL-003996,33.9,80.54,pro,16,42,8,0,0,0,,411,0.9817722166275945,0.9623636673078435,-0.019408549319751,1,1,sure_thing,0.4838,1,1,1032,1,1
KESTREL-003997,25.1,17.36,basic,3,8,1,1,0,0,,143,0.8995721925018233,0.8917376666481761,-0.00783452585364719,1,1,lost_cause,0.378,1,1,764,1,0
KESTREL-003998,36.0,88.3,enterprise,5,40,2,1,0,0,7.0,205,0.9302428558275877,0.9348369567148279,0.004594100887240216,1,1,sure_thing,0.8542,1,1,1096,1,1
KESTREL-003999,18.8,68.95,pro,10,0,1,1,0,0,,134,0.9078644598686268,0.9162863692424271,0.008421909373800274,1,1,lost_cause,0.3922,1,1,572,1,1
